t_sec,phase,F_ext_x,F_ext_y,F_ext_z,correction_x_mm,correction_y_mm,correction_z_mm,tool_rot_x_deg,tool_rot_y_deg,tool_rot_z_deg
0.0011,approaching,0.0000,0.0000,0.0000,0.0000,0.0000,0.0000,179.9993,-0.0000,179.9084
0.0059,approaching,0.0000,0.0000,0.0000,0.0000,0.0000,0.0000,179.9993,-0.0000,179.9088
0.0171,approaching,0.0000,0.0000,0.0000,0.0000,0.0000,0.0000,179.9993,-0.0000,179.9088
0.0258,approaching,0.0000,0.0000,0.0000,0.0000,0.0000,0.0000,179.9993,-0.0000,179.9088
0.0357,approaching,0.0000,0.0000,0.0000,0.0000,0.0000,0.0000,179.9993,-0.0000,179.9088
0.0453,approaching,0.0000,0.0000,0.0000,0.0000,0.0000,0.0000,179.9993,-0.0000,179.9088
0.0553,approaching,0.0000,0.0000,0.0000,0.0000,0.0000,0.0000,179.9993,-0.0000,179.9088
0.0653,approaching,0.0000,0.0000,0.0000,0.0000,0.0000,0.0000,179.9993,-0.0000,179.9088
0.0753,approaching,0.0000,0.0000,0.0000,0.0000,0.0000,0.0000,179.9993,-0.0000,179.9088
0.0859,approaching,0.0000,0.0000,0.0000,0.0000,0.0000,0.0000,179.9993,-0.0000,179.9088
0.0960,approaching,0.0000,0.0000,0.0000,0.0000,0.0000,0.0000,179.9993,-0.0000,179.9088
0.1058,approaching,0.0000,0.0000,0.0000,0.0000,0.0000,0.0000,179.9986,-0.0016,179.9087
0.1163,approaching,0.0000,0.0000,0.0000,0.0000,0.0000,0.0000,179.9986,-0.0016,179.9087
0.1260,approaching,0.0000,0.0000,0.0000,0.0000,0.0000,0.0000,179.9981,-0.0027,179.9083
0.1361,approaching,0.0000,0.0000,0.0000,0.0000,0.0000,0.0000,179.9978,-0.0033,179.9083
0.1459,approaching,0.0000,0.0000,0.0000,0.0000,0.0000,0.0000,179.9978,-0.0033,179.9083
0.1563,approaching,0.0000,0.0000,0.0000,0.0000,0.0000,0.0000,179.9978,-0.0031,179.9082
0.1656,approaching,0.0000,0.0000,0.0000,0.0000,0.0000,0.0000,179.9981,-0.0024,179.9082
0.1762,approaching,0.0000,0.0000,0.0000,0.0000,0.0000,0.0000,179.9981,-0.0024,179.9082
0.1861,approaching,0.0000,0.0000,0.0000,0.0000,0.0000,0.0000,179.9986,-0.0012,179.9082
0.1959,approaching,0.0000,0.0000,0.0000,0.0000,0.0000,0.0000,179.9994,0.0007,179.9085
0.2063,approaching,0.0000,0.0000,0.0000,0.0000,0.0000,0.0000,179.9994,0.0007,179.9085
0.2161,approaching,0.0000,0.0000,0.0000,0.0000,0.0000,0.0000,179.9986,-0.0010,179.9081
0.2257,approaching,0.0000,0.0000,0.0000,0.0000,0.0000,0.0000,179.9991,0.0001,179.9080
0.2361,approaching,0.0000,0.0000,0.0000,0.0000,0.0000,0.0000,179.9991,0.0001,179.9080
0.2461,approaching,0.0000,0.0000,0.0000,0.0000,0.0000,0.0000,179.9981,-0.0021,179.9080
0.2559,approaching,0.0000,0.0000,0.0000,0.0000,0.0000,0.0000,179.9991,-0.0012,179.9079
0.2659,approaching,0.0000,0.0000,0.0000,0.0000,0.0000,0.0000,179.9991,-0.0012,179.9079
0.2758,approaching,0.0000,0.0000,0.0000,0.0000,0.0000,0.0000,179.9995,-0.0001,179.9082
0.2857,approaching,0.0000,0.0000,0.0000,0.0000,0.0000,0.0000,179.9999,0.0008,179.9078
0.2959,approaching,0.0000,0.0000,0.0000,0.0000,0.0000,0.0000,179.9999,0.0008,179.9078
0.3059,approaching,0.0000,0.0000,0.0000,0.0000,0.0000,0.0000,-179.9998,0.0017,179.9078
0.3159,approaching,0.0000,0.0000,0.0000,0.0000,0.0000,0.0000,-179.9998,0.0018,179.9077
0.3259,approaching,0.0000,0.0000,0.0000,0.0000,0.0000,0.0000,-179.9998,0.0018,179.9077
0.3359,approaching,0.0000,0.0000,0.0000,0.0000,0.0000,0.0000,-179.9999,0.0016,179.9077
0.3458,approaching,0.0000,0.0000,0.0000,0.0000,0.0000,0.0000,-179.9999,0.0017,179.9076
0.3562,approaching,0.0000,0.0000,0.0000,0.0000,0.0000,0.0000,-179.9999,0.0017,179.9076
0.3658,approaching,0.0000,0.0000,0.0000,0.0000,0.0000,0.0000,179.9988,-0.0011,179.9076
0.3757,approaching,0.0000,0.0000,0.0000,0.0000,0.0000,0.0000,179.9987,-0.0014,179.9076
0.3859,approaching,0.0000,0.0000,0.0000,0.0000,0.0000,0.0000,179.9987,-0.0014,179.9076
0.3958,approaching,0.0000,0.0000,0.0000,0.0000,0.0000,0.0000,179.9988,-0.0010,179.9079
0.4058,approaching,0.0000,0.0000,0.0000,0.0000,0.0000,0.0000,179.9988,-0.0010,179.9079
0.4163,approaching,0.0000,0.0000,0.0000,0.0000,0.0000,0.0000,179.9988,-0.0010,179.9079
0.4262,approaching,0.0000,0.0000,0.0000,0.0000,0.0000,0.0000,179.9992,-0.0000,179.9075
0.4357,approaching,0.0000,0.0000,0.0000,0.0000,0.0000,0.0000,179.9997,0.0013,179.9074
0.4459,approaching,0.0000,0.0000,0.0000,0.0000,0.0000,0.0000,179.9997,0.0013,179.9074
0.4558,approaching,0.0000,0.0000,0.0000,0.0000,0.0000,0.0000,179.9986,-0.0013,179.9079
0.4656,approaching,0.0000,0.0000,0.0000,0.0000,0.0000,0.0000,179.9986,-0.0013,179.9079
0.4766,approaching,0.0000,0.0000,0.0000,0.0000,0.0000,0.0000,179.9986,-0.0013,179.9079
0.4862,approaching,0.0000,0.0000,0.0000,0.0000,0.0000,0.0000,179.9985,-0.0013,179.9088
0.4960,approaching,0.0000,0.0000,0.0000,0.0000,0.0000,0.0000,179.9996,0.0012,179.9087
0.5062,approaching,0.0000,0.0000,0.0000,0.0000,0.0000,0.0000,179.9996,0.0012,179.9087
0.5165,approaching,0.0000,0.0000,0.0000,0.0000,0.0000,0.0000,179.9994,0.0008,179.9087
0.5266,approaching,0.0000,0.0000,0.0000,0.0000,0.0000,0.0000,180.0000,0.0023,179.9092
0.5362,approaching,0.0000,0.0000,0.0000,0.0000,0.0000,0.0000,180.0000,0.0023,179.9092
0.5461,approaching,0.0000,0.0000,0.0000,0.0000,0.0000,0.0000,-179.9993,0.0039,179.9091
0.5559,approaching,0.0000,0.0000,0.0000,0.0000,0.0000,0.0000,179.9992,0.0007,179.9091
0.5663,approaching,0.0000,0.0000,0.0000,0.0000,0.0000,0.0000,179.9992,0.0007,179.9091
0.5760,approaching,0.0000,0.0000,0.0000,0.0000,0.0000,0.0000,179.9996,0.0017,179.9090
0.5859,approaching,0.0000,0.0000,0.0000,0.0000,0.0000,0.0000,179.9985,-0.0008,179.9090
0.5960,approaching,0.0000,0.0000,0.0000,0.0000,0.0000,0.0000,179.9985,-0.0008,179.9090
0.6059,approaching,0.0000,0.0000,0.0000,0.0000,0.0000,0.0000,179.9991,-0.0006,179.9090
0.6158,approaching,0.0000,0.0000,0.0000,0.0000,0.0000,0.0000,179.9994,0.0001,179.9089
0.6261,approaching,0.0000,0.0000,0.0000,0.0000,0.0000,0.0000,179.9994,0.0001,179.9089
0.6361,approaching,0.0000,0.0000,0.0000,0.0000,0.0000,0.0000,179.9999,0.0013,179.9089
0.6461,approaching,0.0000,0.0000,0.0000,0.0000,0.0000,0.0000,179.9997,0.0009,179.9088
0.6559,approaching,0.0000,0.0000,0.0000,0.0000,0.0000,0.0000,179.9997,0.0009,179.9088
0.6662,approaching,0.0000,0.0000,0.0000,0.0000,0.0000,0.0000,179.9996,0.0008,179.9084
0.6759,approaching,0.0000,0.0000,0.0000,0.0000,0.0000,0.0000,179.9990,-0.0006,179.9087
0.6863,approaching,0.0000,0.0000,0.0000,0.0000,0.0000,0.0000,179.9990,-0.0006,179.9087
0.6960,approaching,0.0000,0.0000,0.0000,0.0000,0.0000,0.0000,179.9984,-0.0020,179.9087
0.7059,approaching,0.0000,0.0000,0.0000,0.0000,0.0000,0.0000,179.9989,-0.0006,179.9086
0.7159,approaching,0.0000,0.0000,0.0000,0.0000,0.0000,0.0000,179.9989,-0.0006,179.9086
0.7259,approaching,0.0000,0.0000,0.0000,0.0000,0.0000,0.0000,179.9993,0.0005,179.9086
0.7357,approaching,0.0000,0.0000,0.0000,0.0000,0.0000,0.0000,179.9999,0.0017,179.9086
0.7459,approaching,0.0000,0.0000,0.0000,0.0000,0.0000,0.0000,179.9999,0.0017,179.9086
0.7559,approaching,0.0000,0.0000,0.0000,0.0000,0.0000,0.0000,-179.9999,0.0023,179.9085
0.7659,approaching,0.0000,0.0000,0.0000,0.0000,0.0000,0.0000,179.9998,0.0017,179.9085
0.7763,approaching,0.0000,0.0000,0.0000,0.0000,0.0000,0.0000,179.9998,0.0017,179.9085
0.7858,approaching,0.0000,0.0000,0.0000,0.0000,0.0000,0.0000,179.9998,0.0017,179.9085
0.7956,approaching,0.0000,0.0000,0.0000,0.0000,0.0000,0.0000,179.9996,0.0013,179.9084
0.8068,approaching,0.0000,0.0000,0.0000,0.0000,0.0000,0.0000,179.9996,0.0013,179.9084
0.8160,approaching,0.0000,0.0000,0.0000,0.0000,0.0000,0.0000,179.9995,0.0010,179.9084
0.8258,approaching,0.0000,0.0000,0.0000,0.0000,0.0000,0.0000,179.9998,0.0005,179.9083
0.8360,approaching,0.0000,0.0000,0.0000,0.0000,0.0000,0.0000,179.9998,0.0005,179.9083
0.8460,approaching,0.0000,0.0000,0.0000,0.0000,0.0000,0.0000,180.0000,0.0010,179.9083
0.8558,approaching,0.0000,0.0000,0.0000,0.0000,0.0000,0.0000,179.9995,0.0001,179.9082
0.8660,approaching,0.0000,0.0000,0.0000,0.0000,0.0000,0.0000,179.9995,0.0001,179.9082
0.8761,approaching,0.0000,0.0000,0.0000,0.0000,0.0000,0.0000,179.9999,0.0010,179.9082
0.8859,approaching,0.0000,0.0000,0.0000,0.0000,0.0000,0.0000,179.9992,-0.0005,179.9081
0.8961,approaching,0.0000,0.0000,0.0000,0.0000,0.0000,0.0000,179.9992,-0.0005,179.9081
0.9064,approaching,0.0000,0.0000,0.0000,0.0000,0.0000,0.0000,179.9992,-0.0004,179.9081
0.9159,approaching,0.0000,0.0000,0.0000,0.0000,0.0000,0.0000,179.9993,-0.0002,179.9081
0.9265,approaching,0.0000,0.0000,0.0000,0.0000,0.0000,0.0000,179.9993,-0.0002,179.9081
0.9359,approaching,0.0000,0.0000,0.0000,0.0000,0.0000,0.0000,179.9990,-0.0007,179.9080
0.9461,approaching,0.0000,0.0000,0.0000,0.0000,0.0000,0.0000,179.9996,0.0007,179.9080
0.9560,approaching,0.0000,0.0000,0.0000,0.0000,0.0000,0.0000,179.9996,0.0007,179.9080
0.9659,approaching,0.0000,0.0000,0.0000,0.0000,0.0000,0.0000,180.0000,0.0016,179.9079
0.9756,approaching,0.0000,0.0000,0.0000,0.0000,0.0000,0.0000,-179.9996,0.0026,179.9079
0.9857,approaching,0.0000,0.0000,0.0000,0.0000,0.0000,0.0000,-179.9996,0.0026,179.9079
0.9956,approaching,0.0000,0.0000,0.0000,0.0000,0.0000,0.0000,-179.9995,0.0029,179.9079
1.0056,approaching,0.0000,0.0000,0.0000,0.0000,0.0000,0.0000,179.9998,0.0013,179.9084
1.0154,approaching,0.0000,0.0000,0.0000,0.0000,0.0000,0.0000,179.9998,0.0013,179.9084
1.0254,approaching,0.0000,0.0000,0.0000,0.0000,0.0000,0.0000,179.9997,0.0013,179.9083
1.0352,approaching,0.0000,0.0000,0.0000,0.0000,0.0000,0.0000,179.9996,0.0011,179.9082
1.0453,approaching,0.0000,0.0000,0.0000,0.0000,0.0000,0.0000,179.9996,0.0011,179.9082
1.0558,approaching,0.0000,0.0000,0.0000,0.0000,0.0000,0.0000,179.9997,0.0016,179.9082
1.0653,approaching,0.0000,0.0000,0.0000,0.0000,0.0000,0.0000,179.9994,0.0009,179.9082
1.0753,approaching,0.0000,0.0000,0.0000,0.0000,0.0000,0.0000,179.9994,0.0009,179.9082
1.0854,approaching,0.0000,0.0000,0.0000,0.0000,0.0000,0.0000,179.9999,0.0021,179.9081
1.0953,approaching,0.0000,0.0000,0.0000,0.0000,0.0000,0.0000,-179.9999,0.0012,179.9081
1.1053,approaching,0.0000,0.0000,0.0000,0.0000,0.0000,0.0000,-179.9999,0.0012,179.9081
1.1155,approaching,0.0000,0.0000,0.0000,0.0000,0.0000,0.0000,179.9994,-0.0003,179.9080
1.1253,approaching,0.0000,0.0000,0.0000,0.0000,0.0000,0.0000,179.9993,-0.0004,179.9080
1.1354,approaching,0.0000,0.0000,0.0000,0.0000,0.0000,0.0000,179.9993,-0.0004,179.9080
1.1452,approaching,0.0000,0.0000,0.0000,0.0000,0.0000,0.0000,179.9993,-0.0004,179.9080
1.1552,approaching,0.0000,0.0000,0.0000,0.0000,0.0000,0.0000,179.9990,-0.0011,179.9085
1.1658,approaching,0.0000,0.0000,0.0000,0.0000,0.0000,0.0000,179.9990,-0.0011,179.9085
1.1754,approaching,0.0000,0.0000,0.0000,0.0000,0.0000,0.0000,179.9990,-0.0011,179.9085
1.1852,approaching,0.0000,0.0000,0.0000,0.0000,0.0000,0.0000,179.9998,0.0009,179.9084
1.1954,approaching,0.0000,0.0000,0.0000,0.0000,0.0000,0.0000,179.9998,0.0009,179.9084
1.2056,approaching,0.0000,0.0000,0.0000,0.0000,0.0000,0.0000,179.9996,0.0004,179.9084
1.2155,approaching,0.0000,0.0000,0.0000,0.0000,0.0000,0.0000,-179.9998,0.0020,179.9080
1.2256,approaching,0.0000,0.0000,0.0000,0.0000,0.0000,0.0000,-179.9998,0.0020,179.9080
1.2357,approaching,0.0000,0.0000,0.0000,0.0000,0.0000,0.0000,-179.9994,0.0029,179.9083
1.2453,approaching,0.0000,0.0000,0.0000,0.0000,0.0000,0.0000,179.9994,0.0003,179.9082
1.2554,approaching,0.0000,0.0000,0.0000,0.0000,0.0000,0.0000,179.9994,0.0003,179.9082
1.2654,approaching,0.0000,0.0000,0.0000,0.0000,0.0000,0.0000,179.9995,0.0006,179.9082
1.2752,approaching,0.0000,0.0000,0.0000,0.0000,0.0000,0.0000,179.9993,0.0003,179.9081
1.2854,approaching,0.0000,0.0000,0.0000,0.0000,0.0000,0.0000,179.9993,0.0003,179.9081
1.2955,approaching,0.0000,0.0000,0.0000,0.0000,0.0000,0.0000,179.9997,0.0011,179.9086
1.3055,approaching,0.0000,0.0000,0.0000,0.0000,0.0000,0.0000,-179.9998,0.0024,179.9086
1.3156,approaching,0.0000,0.0000,0.0000,0.0000,0.0000,0.0000,-179.9998,0.0024,179.9086
1.3257,approaching,0.0000,0.0000,0.0000,0.0000,0.0000,0.0000,179.9994,0.0007,179.9086
1.3353,approaching,0.0000,0.0000,0.0000,0.0000,0.0000,0.0000,179.9993,0.0006,179.9085
1.3454,approaching,0.0000,0.0000,0.0000,0.0000,0.0000,0.0000,179.9993,0.0006,179.9085
1.3554,approaching,0.0000,0.0000,0.0000,0.0000,0.0000,0.0000,179.9994,0.0007,179.9088
1.3655,approaching,0.0000,0.0000,0.0000,0.0000,0.0000,0.0000,179.9994,0.0008,179.9088
1.3753,approaching,0.0000,0.0000,0.0000,0.0000,0.0000,0.0000,179.9994,0.0008,179.9088
1.3852,approaching,0.0000,0.0000,0.0000,0.0000,0.0000,0.0000,179.9997,0.0017,179.9087
1.3953,approaching,0.0000,0.0000,0.0000,0.0000,0.0000,0.0000,179.9993,0.0008,179.9087
1.4053,approaching,0.0000,0.0000,0.0000,0.0000,0.0000,0.0000,179.9993,0.0008,179.9087
1.4155,approaching,0.0000,0.0000,0.0000,0.0000,0.0000,0.0000,179.9999,0.0008,179.9087
1.4252,approaching,0.0000,0.0000,0.0000,0.0000,0.0000,0.0000,179.9996,0.0002,179.9086
1.4354,approaching,0.0000,0.0000,0.0000,0.0000,0.0000,0.0000,179.9996,0.0002,179.9086
1.4453,approaching,0.0000,0.0000,0.0000,0.0000,0.0000,0.0000,180.0000,0.0012,179.9086
1.4553,approaching,0.0000,0.0000,0.0000,0.0000,0.0000,0.0000,180.0000,0.0012,179.9085
1.4654,approaching,0.0000,0.0000,0.0000,0.0000,0.0000,0.0000,180.0000,0.0012,179.9085
1.4753,approaching,0.0000,0.0000,0.0000,0.0000,0.0000,0.0000,179.9993,-0.0001,179.9085
1.4852,approaching,0.0000,0.0000,0.0000,0.0000,0.0000,0.0000,179.9995,0.0002,179.9085
1.4955,approaching,0.0000,0.0000,0.0000,0.0000,0.0000,0.0000,179.9995,0.0002,179.9085
1.5053,approaching,0.0000,0.0000,0.0000,0.0000,0.0000,0.0000,179.9996,0.0006,179.9084
1.5153,approaching,0.0000,0.0000,0.0000,0.0000,0.0000,0.0000,179.9998,0.0010,179.9084
1.5253,approaching,0.0000,0.0000,0.0000,0.0000,0.0000,0.0000,179.9998,0.0010,179.9084
1.5357,approaching,0.0000,0.0000,0.0000,0.0000,0.0000,0.0000,179.9998,0.0010,179.9084
1.5453,approaching,0.0000,0.0000,0.0000,0.0000,0.0000,0.0000,179.9997,0.0009,179.9083
1.5555,approaching,0.0000,0.0000,0.0000,0.0000,0.0000,0.0000,179.9997,0.0009,179.9083
1.5654,approaching,0.0000,0.0000,0.0000,0.0000,0.0000,0.0000,179.9998,0.0013,179.9083
1.5754,approaching,0.0000,0.0000,0.0000,0.0000,0.0000,0.0000,179.9991,-0.0002,179.9082
1.5854,approaching,0.0000,0.0000,0.0000,0.0000,0.0000,0.0000,179.9991,-0.0002,179.9082
1.5953,approaching,0.0000,0.0000,0.0000,0.0000,0.0000,0.0000,179.9996,0.0009,179.9082
1.6052,approaching,0.0000,0.0000,0.0000,0.0000,0.0000,0.0000,179.9996,0.0010,179.9081
1.6157,approaching,0.0000,0.0000,0.0000,0.0000,0.0000,0.0000,179.9996,0.0010,179.9081
1.6254,approaching,0.0000,0.0000,0.0000,0.0000,0.0000,0.0000,179.9999,0.0017,179.9081
1.6352,approaching,0.0000,0.0000,0.0000,0.0000,0.0000,0.0000,179.9997,0.0015,179.9080
1.6454,approaching,0.0000,0.0000,0.0000,0.0000,0.0000,0.0000,179.9997,0.0015,179.9080
1.6560,approaching,0.0000,0.0000,0.0000,0.0000,0.0000,0.0000,179.9994,0.0007,179.9080
1.6653,approaching,0.0000,0.0000,0.0000,0.0000,0.0000,0.0000,179.9997,0.0015,179.9085
1.6755,approaching,0.0000,0.0000,0.0000,0.0000,0.0000,0.0000,179.9997,0.0015,179.9085
1.6854,approaching,0.0000,0.0000,0.0000,0.0000,0.0000,0.0000,179.9992,0.0006,179.9085
1.6953,approaching,0.0000,0.0000,0.0000,0.0000,0.0000,0.0000,179.9993,-0.0005,179.9084
1.7054,approaching,0.0000,0.0000,0.0000,0.0000,0.0000,0.0000,179.9993,-0.0005,179.9084
1.7153,approaching,0.0000,0.0000,0.0000,0.0000,0.0000,0.0000,179.9999,0.0007,179.9084
1.7252,approaching,0.0000,0.0000,0.0000,0.0000,0.0000,0.0000,179.9992,-0.0006,179.9083
1.7353,approaching,0.0000,0.0000,0.0000,0.0000,0.0000,0.0000,179.9992,-0.0006,179.9083
1.7453,approaching,0.0000,0.0000,0.0000,0.0000,0.0000,0.0000,179.9996,0.0002,179.9083
1.7552,approaching,0.0000,0.0000,0.0000,0.0000,0.0000,0.0000,179.9998,0.0007,179.9082
1.7654,approaching,0.0000,0.0000,0.0000,0.0000,0.0000,0.0000,179.9998,0.0007,179.9082
1.7756,approaching,0.0000,0.0000,0.0000,0.0000,0.0000,0.0000,179.9993,-0.0003,179.9082
1.7853,approaching,0.0000,0.0000,0.0000,0.0000,0.0000,0.0000,179.9997,0.0009,179.9081
1.7953,approaching,0.0000,0.0000,0.0000,0.0000,0.0000,0.0000,179.9997,0.0009,179.9081
1.8054,approaching,0.0000,0.0000,0.0000,0.0000,0.0000,0.0000,179.9997,0.0009,179.9081
1.8166,approaching,0.0000,0.0000,0.0000,0.0000,0.0000,0.0000,179.9995,0.0003,179.9081
1.8253,approaching,0.0000,0.0000,0.0000,0.0000,0.0000,0.0000,179.9995,0.0003,179.9081
1.8353,approaching,0.0000,0.0000,0.0000,0.0000,0.0000,0.0000,179.9996,0.0007,179.9081
1.8452,approaching,0.0000,0.0000,0.0000,0.0000,0.0000,0.0000,179.9996,0.0006,179.9086
1.8556,approaching,0.0000,0.0000,0.0000,0.0000,0.0000,0.0000,179.9996,0.0006,179.9086
1.8653,approaching,0.0000,0.0000,0.0000,0.0000,0.0000,0.0000,179.9999,0.0014,179.9085
1.8753,approaching,0.0000,0.0000,0.0000,0.0000,0.0000,0.0000,-179.9998,0.0021,179.9085
1.8856,approaching,0.0000,0.0000,0.0000,0.0000,0.0000,0.0000,-179.9998,0.0021,179.9085
1.8960,approaching,0.0000,0.0000,0.0000,0.0000,0.0000,0.0000,179.9998,0.0014,179.9084
1.9055,approaching,0.0000,0.0000,0.0000,0.0000,0.0000,0.0000,179.9996,0.0009,179.9084
1.9156,approaching,0.0000,0.0000,0.0000,0.0000,0.0000,0.0000,179.9996,0.0009,179.9084
1.9256,approaching,0.0000,0.0000,0.0000,0.0000,0.0000,0.0000,180.0000,0.0019,179.9083
1.9355,approaching,0.0000,0.0000,0.0000,0.0000,0.0000,0.0000,179.9998,0.0016,179.9083
1.9456,approaching,0.0000,0.0000,0.0000,0.0000,0.0000,0.0000,179.9998,0.0016,179.9083
1.9557,approaching,0.0000,0.0000,0.0000,0.0000,0.0000,0.0000,179.9997,0.0014,179.9082
1.9655,approaching,0.0000,0.0000,0.0000,0.0000,0.0000,0.0000,180.0000,0.0022,179.9082
1.9753,approaching,0.0000,0.0000,0.0000,0.0000,0.0000,0.0000,180.0000,0.0022,179.9082
1.9854,approaching,0.0000,0.0000,0.0000,0.0000,0.0000,0.0000,179.9993,0.0006,179.9082
1.9952,approaching,0.0000,0.0000,0.2019,0.0000,0.0000,0.0000,179.9999,0.0021,179.9081
2.0053,approaching,0.0000,0.2015,0.2046,0.0000,0.0000,0.0000,179.9999,0.0021,179.9081
2.0153,approaching,0.0000,0.2027,0.2065,0.0000,0.0000,0.0000,179.9995,0.0012,179.9081
2.0252,approaching,0.0000,0.2048,0.2087,0.0000,0.0000,0.0000,179.9998,0.0007,179.9081
2.0354,approaching,0.0000,0.2072,0.2107,0.0000,0.0000,0.0000,179.9998,0.0007,179.9081
2.0457,approaching,0.0000,0.2085,0.2121,0.0000,0.0000,0.0000,179.9996,0.0003,179.9080
2.0557,approaching,0.0000,0.2096,0.2134,0.0000,0.0000,0.0000,179.9994,-0.0002,179.9080
2.0654,approaching,0.0000,0.2118,0.2150,0.0000,0.0000,0.0000,179.9994,-0.0002,179.9080
2.0753,approaching,0.0000,0.2132,0.2166,0.0000,0.0000,0.0000,179.9999,0.0011,179.9082
2.0853,approaching,0.0000,0.2143,0.2181,0.0000,0.0000,0.0000,179.9996,0.0005,179.9088
2.0954,approaching,0.0000,0.2161,0.2195,0.0000,0.0000,0.0000,179.9996,0.0005,179.9088
2.1054,approaching,0.0000,0.2170,0.2204,0.0000,0.0000,0.0000,179.9994,0.0001,179.9087
2.1153,approaching,0.0000,0.2177,0.2214,0.0000,0.0000,0.0000,179.9995,0.0004,179.9087
2.1256,approaching,0.0000,0.2194,0.2226,0.0000,0.0000,0.0000,179.9995,0.0004,179.9087
2.1357,approaching,0.0000,0.2203,0.2234,0.0000,0.0000,0.0000,179.9992,-0.0002,179.9086
2.1454,approaching,0.0000,0.2204,0.2239,0.0000,0.0000,0.0000,179.9993,0.0001,179.9086
2.1557,approaching,0.0000,0.2216,0.2248,0.0000,0.0000,0.0000,179.9993,0.0001,179.9086
2.1659,approaching,0.0000,0.2224,0.2253,0.0000,0.0000,0.0000,179.9999,0.0015,179.9086
2.1755,approaching,0.0000,0.2225,0.2258,0.0000,0.0000,0.0000,179.9999,0.0015,179.9086
2.1860,approaching,0.0000,0.2232,0.2262,0.0000,0.0000,0.0000,179.9999,0.0015,179.9086
2.1954,approaching,0.0000,0.2241,0.2267,0.0000,0.0000,0.0000,179.9997,0.0012,179.9085
2.2053,approaching,0.0000,0.2239,0.2268,0.0000,0.0000,0.0000,179.9994,0.0006,179.9085
2.2154,approaching,0.0000,0.2239,0.2267,0.0000,0.0000,0.0000,179.9994,0.0006,179.9085
2.2255,approaching,0.0000,0.2241,0.2266,0.0000,0.0000,0.0000,179.9991,-0.0002,179.9084
2.2352,approaching,0.0000,0.2234,0.2260,0.0000,0.0000,0.0000,179.9991,-0.0000,179.9084
2.2454,approaching,0.0000,0.2231,0.2257,0.0000,0.0000,0.0000,179.9991,-0.0000,179.9084
2.2553,approaching,0.0000,0.2232,0.2252,0.0000,0.0000,0.0000,179.9989,-0.0004,179.9089
2.2656,approaching,0.0000,0.2223,0.2244,0.0000,0.0000,0.0000,179.9993,0.0005,179.9088
2.2757,approaching,0.0000,0.2221,0.2241,0.0000,0.0000,0.0000,179.9993,0.0005,179.9088
2.2855,approaching,0.0000,0.2226,0.2240,0.0000,0.0000,0.0000,179.9994,0.0009,179.9088
2.2953,approaching,0.0000,0.2221,0.2236,0.0000,0.0000,0.0000,179.9988,-0.0003,179.9087
2.3054,approaching,0.0000,0.2221,0.2237,0.0000,0.0000,0.0000,179.9988,-0.0003,179.9087
2.3154,approaching,0.0000,0.2232,0.2241,0.0000,0.0000,0.0000,179.9988,-0.0003,179.9087
2.3252,approaching,0.0000,0.2235,0.2241,0.0000,0.0000,0.0000,179.9996,0.0003,179.9087
2.3354,approaching,0.0000,0.2233,0.2242,0.0000,0.0000,0.0000,179.9996,0.0003,179.9087
2.3454,approaching,0.0000,0.2240,0.2243,0.0000,0.0000,0.0000,179.9995,-0.0000,179.9086
2.3552,approaching,0.0000,0.2243,0.2244,0.0000,0.0000,0.0000,179.9997,0.0005,179.9086
2.3655,approaching,0.0000,0.2238,0.2242,0.0000,0.0000,0.0000,179.9997,0.0005,179.9086
2.3753,approaching,0.0000,0.2241,0.2241,0.0000,0.0000,0.0000,-179.9999,0.0016,179.9086
2.3852,approaching,0.0000,0.2245,0.2241,0.0000,0.0000,0.0000,179.9999,0.0011,179.9085
2.3953,approaching,0.0000,0.2241,0.2239,0.0000,0.0000,0.0000,179.9999,0.0011,179.9085
2.4056,approaching,0.0000,0.2244,0.2239,0.0000,0.0000,0.0000,-179.9994,0.0027,179.9085
2.4162,approaching,0.0000,0.2244,0.2237,0.0000,0.0000,0.0000,-179.9993,0.0030,179.9084
2.4254,approaching,0.0000,0.2233,0.2231,0.0000,0.0000,0.0000,-179.9993,0.0030,179.9084
2.4353,approaching,0.0000,0.2233,0.2229,0.0000,0.0000,0.0000,-179.9995,0.0027,179.9084
2.4453,approaching,0.0000,0.2240,0.2232,0.0000,0.0000,0.0000,180.0000,0.0017,179.9083
2.4554,approaching,0.0000,0.2239,0.2234,0.0000,0.0000,0.0000,180.0000,0.0017,179.9083
2.4654,approaching,0.0000,0.2241,0.2233,0.0000,0.0000,0.0000,179.9997,0.0009,179.9083
2.4752,approaching,0.0000,0.2246,0.2232,0.0000,0.0000,0.0000,179.9997,0.0011,179.9082
2.4855,approaching,0.0000,0.2243,0.2231,0.0000,0.0000,0.0000,179.9997,0.0011,179.9082
2.4954,approaching,0.0000,0.2244,0.2232,0.0000,0.0000,0.0000,-179.9999,0.0022,179.9082
2.5055,approaching,0.0000,0.2250,0.2230,0.0000,0.0000,0.0000,-179.9997,0.0026,179.9081
2.5156,approaching,0.0000,0.2248,0.2229,0.0000,0.0000,0.0000,-179.9997,0.0026,179.9081
2.5255,approaching,0.0000,0.2250,0.2229,0.0000,0.0000,0.0000,-179.9999,0.0021,179.9081
2.5357,approaching,0.0000,0.2256,0.2228,0.0000,0.0000,0.0000,179.9999,0.0018,179.9081
2.5457,approaching,0.0000,0.2249,0.2221,0.0000,0.0000,0.0000,179.9999,0.0018,179.9081
2.5553,approaching,0.0000,0.2244,0.2217,0.0000,0.0000,0.0000,179.9997,0.0015,179.9080
2.5653,approaching,0.0000,0.2250,0.2216,0.0000,0.0000,0.0000,179.9997,0.0015,179.9080
2.5754,approaching,0.0000,0.2247,0.2212,0.0000,0.0000,0.0000,179.9997,0.0015,179.9080
2.5854,approaching,0.0000,0.2243,0.2211,0.0000,0.0000,0.0000,179.9991,0.0001,179.9085
2.5952,approaching,0.0000,0.2255,0.2216,0.0000,0.0000,0.0000,179.9990,-0.0000,179.9085
2.6052,approaching,0.0000,0.2255,0.2215,0.0000,0.0000,0.0000,179.9990,-0.0000,179.9085
2.6159,approaching,0.0000,0.2247,0.2212,0.0000,0.0000,0.0000,179.9986,-0.0008,179.9084
2.6253,approaching,0.0000,0.2249,0.2213,0.0000,0.0000,0.0000,179.9988,-0.0003,179.9084
2.6354,approaching,0.0000,0.2252,0.2215,0.0000,0.0000,0.0000,179.9988,-0.0003,179.9084
2.6454,approaching,0.0000,0.2250,0.2220,0.0000,0.0000,0.0000,179.9998,0.0007,179.9083
2.6554,approaching,0.0000,0.2260,0.2229,0.0000,0.0000,0.0000,179.9993,-0.0004,179.9083
2.6654,approaching,0.0000,0.2275,0.2240,0.0000,0.0000,0.0000,179.9993,-0.0004,179.9083
2.6753,approaching,0.0000,0.2281,0.2251,0.0000,0.0000,0.0000,179.9996,0.0004,179.9082
2.6852,approaching,0.0000,0.2291,0.2262,0.0000,0.0000,0.0000,179.9993,-0.0003,179.9087
2.6955,approaching,0.0000,0.2305,0.2271,0.0000,0.0000,0.0000,179.9993,-0.0003,179.9087
2.7052,approaching,0.0000,0.2307,0.2277,0.0000,0.0000,0.0000,179.9993,-0.0003,179.9087
2.7152,approaching,0.0000,0.2313,0.2283,0.0000,0.0000,0.0000,179.9993,-0.0002,179.9087
2.7252,approaching,0.0000,0.2329,0.2294,0.0000,0.0000,0.0000,179.9993,-0.0002,179.9087
2.7355,approaching,0.0000,0.2335,0.2301,0.0000,0.0000,0.0000,179.9996,0.0007,179.9086
2.7453,approaching,0.0000,0.2335,0.2305,0.0000,0.0000,0.0000,179.9998,0.0011,179.9086
2.7552,approaching,0.0000,0.2340,0.2307,0.0000,0.0000,0.0000,179.9998,0.0011,179.9086
2.7653,approaching,0.0000,0.2339,0.2308,0.0000,0.0000,0.0000,-179.9998,0.0021,179.9085
2.7754,approaching,0.0000,0.2336,0.2310,0.0000,0.0000,0.0000,-179.9998,0.0021,179.9085
2.7854,approaching,0.0000,0.2342,0.2315,0.0000,0.0000,0.0000,-179.9998,0.0021,179.9085
2.7954,approaching,0.0000,0.2347,0.2322,0.0000,0.0000,0.0000,179.9994,0.0004,179.9085
2.8052,approaching,0.0000,0.2344,0.2326,0.0000,0.0000,0.0000,179.9994,0.0003,179.9085
2.8155,approaching,0.0000,0.2349,0.2331,0.0000,0.0000,0.0000,179.9994,0.0003,179.9085
2.8253,approaching,0.0000,0.2350,0.2334,0.0000,0.0000,0.0000,179.9988,-0.0009,179.9084
2.8354,approaching,0.0000,0.2344,0.2336,0.0000,0.0000,0.0000,179.9994,0.0006,179.9083
2.8453,approaching,0.0000,0.2348,0.2341,0.0000,0.0000,0.0000,179.9994,0.0006,179.9083
2.8554,approaching,0.0000,0.2350,0.2343,0.0000,0.0000,0.0000,179.9995,0.0010,179.9083
2.8655,approaching,0.0000,0.2344,0.2344,0.0000,0.0000,0.0000,179.9994,0.0008,179.9082
2.8756,approaching,0.0000,0.2350,0.2351,0.0000,0.0000,0.0000,179.9994,0.0008,179.9082
2.8855,approaching,0.0000,0.2359,0.2358,0.0000,0.0000,0.0000,179.9994,0.0009,179.9085
2.8953,approaching,0.0000,0.2353,0.2358,0.0000,0.0000,0.0000,179.9994,0.0009,179.9085
2.9053,approaching,0.0000,0.2354,0.2362,0.0000,0.0000,0.0000,179.9994,0.0009,179.9085
2.9153,approaching,0.0000,0.2361,0.2365,0.0000,0.0000,0.0000,179.9996,0.0014,179.9085
2.9253,approaching,0.0000,0.2360,0.2366,0.0000,0.0000,0.0000,179.9999,0.0022,179.9085
2.9353,approaching,0.0000,0.2362,0.2369,0.0000,0.0000,0.0000,179.9999,0.0022,179.9085
2.9457,approaching,0.0000,0.2371,0.2372,0.0000,0.0000,0.0000,-179.9998,0.0015,179.9084
2.9555,approaching,0.0000,0.2369,0.2370,0.0000,0.0000,0.0000,-179.9996,0.0019,179.9084
2.9659,approaching,0.0000,0.2361,0.2365,0.0000,0.0000,0.0000,-179.9996,0.0019,179.9084
2.9758,approaching,0.0000,0.2361,0.2361,0.0000,0.0000,0.0000,-179.9999,0.0013,179.9083
2.9855,approaching,0.0000,0.2358,0.2356,0.0000,0.0000,0.0000,-179.9998,0.0017,179.9083
2.9956,approaching,0.0000,0.2353,0.2355,0.0000,0.0000,0.0000,-179.9998,0.0017,179.9083
3.0055,approaching,0.0000,0.2362,0.2359,0.0000,0.0000,0.0000,179.9999,0.0011,179.9082
3.0153,approaching,0.0000,0.2368,0.2362,0.0000,0.0000,0.0000,179.9996,0.0004,179.9082
3.0252,approaching,0.0000,0.2362,0.2361,0.0000,0.0000,0.0000,179.9996,0.0004,179.9082
3.0352,approaching,0.0000,0.2364,0.2360,0.0000,0.0000,0.0000,179.9996,0.0004,179.9082
3.0454,approaching,0.0000,0.2368,0.2359,0.0000,0.0000,0.0000,179.9996,0.0004,179.9082
3.0560,approaching,0.0000,0.2364,0.2356,0.0000,0.0000,0.0000,179.9996,0.0004,179.9082
3.0653,approaching,0.0000,0.2365,0.2355,0.0000,0.0000,0.0000,179.9998,0.0010,179.9087
3.0753,approaching,0.0000,0.2374,0.2355,0.0000,0.0000,0.0000,179.9993,-0.0000,179.9086
3.0853,approaching,0.0000,0.2372,0.2352,0.0000,0.0000,0.0000,179.9993,-0.0000,179.9086
3.0955,approaching,0.0000,0.2369,0.2348,0.0000,0.0000,0.0000,179.9996,0.0007,179.9086
3.1052,approaching,0.0000,0.2378,0.2347,0.0000,0.0000,0.0000,179.9996,0.0008,179.9085
3.1153,approaching,0.0000,0.2378,0.2344,0.0000,0.0000,0.0000,179.9996,0.0008,179.9085
3.1254,approaching,0.0000,0.2378,0.2343,0.0000,0.0000,0.0000,179.9998,0.0013,179.9085
3.1353,approaching,0.0000,0.2392,0.2348,0.0000,0.0000,0.0000,179.9996,0.0010,179.9085
3.1453,approaching,0.0000,0.2400,0.2352,0.0000,0.0000,0.0000,179.9996,0.0010,179.9085
3.1553,approaching,0.0000,0.2404,0.2358,0.0000,0.0000,0.0000,-179.9999,0.0021,179.9090
3.1655,approaching,0.0000,0.2418,0.2365,0.0000,0.0000,0.0000,-179.9998,0.0023,179.9089
3.1753,approaching,0.0000,0.2429,0.2371,0.0000,0.0000,0.0000,-179.9998,0.0023,179.9089
3.1853,approaching,0.0000,0.2431,0.2375,0.0000,0.0000,0.0000,179.9997,0.0014,179.9089
3.1952,approaching,0.0000,0.2445,0.2382,0.0000,0.0000,0.0000,179.9993,0.0006,179.9088
3.2056,approaching,0.0000,0.2455,0.2386,0.0000,0.0000,0.0000,179.9993,0.0006,179.9088
3.2156,approaching,0.0000,0.2460,0.2393,0.0000,0.0000,0.0000,179.9995,0.0009,179.9088
3.2252,approaching,0.0000,0.2475,0.2402,0.0000,0.0000,0.0000,179.9995,0.0012,179.9087
3.2354,approaching,0.0000,0.2489,0.2411,0.0000,0.0000,0.0000,179.9995,0.0012,179.9087
3.2455,approaching,0.0000,0.2494,0.2419,0.0000,0.0000,0.0000,179.9999,0.0021,179.9087
3.2553,approaching,0.0000,0.2512,0.2433,0.0000,0.0000,0.0000,180.0000,0.0023,179.9086
3.2654,approaching,0.0000,0.2534,0.2449,0.0000,0.0000,0.0000,180.0000,0.0023,179.9086
3.2754,approaching,0.0000,0.2543,0.2461,0.0000,0.0000,0.0000,179.9990,-0.0011,179.9086
3.2855,approaching,0.0000,0.2558,0.2477,0.0000,0.0000,0.0000,179.9990,-0.0011,179.9086
3.2953,approaching,0.0000,0.2580,0.2494,0.0000,0.0000,0.0000,179.9990,-0.0011,179.9086
3.3053,approaching,0.0000,0.2591,0.2507,0.0000,0.0000,0.0000,179.9991,-0.0009,179.9085
3.3157,approaching,0.0000,0.2603,0.2521,0.0000,0.0000,0.0000,179.9992,-0.0006,179.9085
3.3258,approaching,0.0000,0.2625,0.2538,0.0000,0.0000,0.0000,179.9992,-0.0006,179.9085
3.3355,approaching,0.0000,0.2639,0.2554,0.0000,0.0000,0.0000,179.9996,0.0005,179.9084
3.3455,approaching,0.0000,0.2653,0.2573,0.0000,0.0000,0.0000,180.0000,0.0013,179.9084
3.3556,approaching,0.0000,0.2676,0.2595,0.0000,0.0000,0.0000,180.0000,0.0013,179.9084
3.3660,approaching,0.0000,0.2693,0.2615,0.0000,0.0000,0.0000,179.9996,0.0005,179.9083
3.3753,approaching,0.0000,0.2703,0.2632,0.0000,0.0000,0.0000,180.0000,0.0014,179.9083
3.3852,approaching,0.0000,0.2721,0.2647,0.0000,0.0000,0.0000,180.0000,0.0014,179.9083
3.3953,approaching,0.0000,0.2734,0.2661,0.0000,0.0000,0.0000,-179.9999,0.0019,179.9083
3.4055,approaching,0.0000,0.2738,0.2673,0.0000,0.0000,0.0000,180.0000,0.0016,179.9082
3.4153,approaching,0.0000,0.2752,0.2687,0.0000,0.0000,0.0000,180.0000,0.0016,179.9082
3.4254,approaching,0.0000,0.2767,0.2701,0.0000,0.0000,0.0000,180.0000,0.0016,179.9082
3.4352,approaching,0.0000,0.2773,0.2714,0.0000,0.0000,0.0000,179.9997,0.0010,179.9082
3.4455,approaching,0.0000,0.2788,0.2729,0.0000,0.0000,0.0000,179.9997,0.0010,179.9082
3.4553,approaching,0.0000,0.2808,0.2746,0.0000,0.0000,0.0000,179.9995,0.0006,179.9081
3.4653,approaching,0.0000,0.2816,0.2759,0.0000,0.0000,0.0000,179.9992,0.0001,179.9081
3.4754,approaching,0.0000,0.2825,0.2769,0.0000,0.0000,0.0000,179.9992,0.0001,179.9081
3.4855,approaching,0.0000,0.2839,0.2782,0.0000,0.0000,0.0000,179.9991,-0.0002,179.9081
3.4953,approaching,0.0000,0.2844,0.2793,0.0000,0.0000,0.0000,179.9994,0.0007,179.9080
3.5053,approaching,0.0000,0.2854,0.2805,0.0000,0.0000,0.0000,179.9994,0.0007,179.9080
3.5154,approaching,0.0000,0.2869,0.2814,0.0000,0.0000,0.0000,179.9993,0.0006,179.9085
3.5252,approaching,0.0000,0.2869,0.2816,0.0000,0.0000,0.0000,179.9993,0.0005,179.9085
3.5353,approaching,0.0000,0.2869,0.2818,0.0000,0.0000,0.0000,179.9993,0.0005,179.9085
3.5454,approaching,0.0000,0.2877,0.2821,0.0000,0.0000,0.0000,179.9992,0.0004,179.9084
3.5555,approaching,0.0000,0.2877,0.2824,0.0000,0.0000,0.0000,179.9993,0.0008,179.9084
3.5654,approaching,0.0000,0.2879,0.2828,0.0000,0.0000,0.0000,179.9993,0.0008,179.9084
3.5754,approaching,0.0000,0.2892,0.2835,0.0000,0.0000,0.0000,179.9997,0.0003,179.9083
3.5853,approaching,0.0000,0.2897,0.2838,0.0000,0.0000,0.0000,179.9998,0.0006,179.9088
3.5954,approaching,0.0000,0.2896,0.2839,0.0000,0.0000,0.0000,179.9998,0.0006,179.9088
3.6055,approaching,0.0000,0.2902,0.2840,0.0000,0.0000,0.0000,180.0000,0.0011,179.9088
3.6156,approaching,0.0000,0.2902,0.2836,0.0000,0.0000,0.0000,-179.9999,0.0013,179.9088
3.6257,approaching,0.0000,0.2893,0.2828,0.0000,0.0000,0.0000,-179.9999,0.0013,179.9088
3.6356,approaching,0.0000,0.2892,0.2820,0.0000,0.0000,0.0000,180.0000,0.0012,179.9087
3.6453,approaching,0.0000,0.2887,0.2808,0.0000,0.0000,0.0000,-179.9997,0.0020,179.9087
3.6562,approaching,0.0000,0.2871,0.2792,0.0000,0.0000,0.0000,-179.9997,0.0020,179.9087
3.6664,approaching,0.0000,0.2859,0.2775,0.0000,0.0000,0.0000,-179.9999,0.0015,179.9087
3.6754,approaching,0.0000,0.2849,0.2759,0.0000,0.0000,0.0000,-179.9996,0.0022,179.9086
3.6873,approaching,0.0000,0.2832,0.2744,0.0000,0.0000,0.0000,-179.9996,0.0022,179.9086
3.6957,approaching,0.0000,0.2821,0.2730,0.0000,0.0000,0.0000,179.9997,0.0009,179.9086
3.7057,approaching,0.0000,0.2813,0.2717,0.0000,0.0000,0.0000,179.9997,0.0009,179.9085
3.7155,approaching,0.0000,0.2799,0.2704,0.0000,0.0000,0.0000,179.9997,0.0009,179.9085
3.7256,approaching,0.0000,0.2786,0.2690,0.0000,0.0000,0.0000,179.9999,0.0015,179.9085
3.7353,approaching,0.0000,0.2774,0.2673,0.0000,0.0000,0.0000,179.9996,0.0008,179.9084
3.7455,approaching,0.0000,0.2750,0.2652,0.0000,0.0000,0.0000,179.9996,0.0008,179.9084
3.7558,approaching,0.0000,0.2728,0.2630,0.0000,0.0000,0.0000,179.9999,0.0015,179.9084
3.7655,approaching,0.0000,0.2711,0.2608,0.0000,0.0000,0.0000,179.9995,0.0006,179.9083
3.7756,approaching,0.0000,0.2684,0.2583,0.0000,0.0000,0.0000,179.9995,0.0006,179.9083
3.7854,approaching,0.0000,0.2659,0.2559,0.0000,0.0000,0.0000,179.9994,0.0005,179.9086
3.7953,approaching,0.0000,0.2643,0.2537,0.0000,0.0000,0.0000,179.9994,0.0005,179.9086
3.8054,approaching,0.0000,0.2616,0.2514,0.0000,0.0000,0.0000,179.9994,0.0005,179.9086
3.8156,approaching,0.0000,0.2591,0.2495,0.0000,0.0000,0.0000,179.9992,0.0002,179.9086
3.8253,approaching,0.0000,0.2577,0.2477,0.0000,0.0000,0.0000,179.9989,-0.0004,179.9086
3.8357,approaching,0.0000,0.2552,0.2454,0.0000,0.0000,0.0000,179.9989,-0.0004,179.9086
3.8456,approaching,0.0000,0.2522,0.2429,0.0000,0.0000,0.0000,179.9993,0.0005,179.9085
3.8554,approaching,0.0000,0.2496,0.2400,0.0000,0.0000,0.0000,179.9995,0.0009,179.9085
3.8660,approaching,0.0000,0.2463,0.2369,0.0000,0.0000,0.0000,179.9995,0.0009,179.9085
3.8753,approaching,0.0000,0.2426,0.2338,0.0000,0.0000,0.0000,179.9994,0.0008,179.9084
3.8857,approaching,0.0000,0.2396,0.2305,0.0000,0.0000,0.0000,179.9993,0.0007,179.9084
3.8955,approaching,0.0000,0.2364,0.2272,0.0000,0.0000,0.0000,179.9993,0.0007,179.9084
3.9060,approaching,0.0000,0.2326,0.2240,0.0000,0.0000,0.0000,179.9994,0.0009,179.9084
3.9154,approaching,0.0000,0.2299,0.2212,0.0000,0.0000,0.0000,-179.9999,0.0012,179.9083
3.9254,approaching,0.0000,0.2275,0.2186,0.0000,0.0000,0.0000,-179.9999,0.0012,179.9083
3.9353,approaching,0.0000,0.2243,0.2162,0.0000,0.0000,0.0000,179.9998,0.0006,179.9083
3.9453,approaching,0.0000,0.2222,0.2141,0.0000,0.0000,0.0000,-179.9997,0.0018,179.9082
3.9561,approaching,0.0000,0.2205,0.2121,0.0000,0.0000,0.0000,-179.9997,0.0018,179.9082
3.9654,approaching,0.0000,0.2182,0.2101,0.0000,0.0000,0.0000,-179.9999,0.0015,179.9082
3.9753,approaching,0.0000,0.2162,0.2081,0.0000,0.0000,0.0000,-179.9999,0.0015,179.9081
3.9856,approaching,0.0000,0.2146,0.2060,0.0000,0.0000,0.0000,-179.9999,0.0015,179.9081
3.9955,approaching,0.0000,0.2121,0.2037,0.0000,0.0000,0.0000,-179.9999,0.0017,179.9081
4.0058,approaching,0.0000,0.2101,0.2017,0.0000,0.0000,0.0000,179.9999,0.0011,179.9086
4.0154,approaching,0.0000,0.2086,0.0000,0.0000,0.0000,0.0000,179.9999,0.0011,179.9086
4.0254,approaching,0.0000,0.2062,0.0000,0.0000,0.0000,0.0000,179.9992,-0.0003,179.9085
4.0356,approaching,0.0000,0.2039,0.0000,0.0000,0.0000,0.0000,179.9991,-0.0006,179.9085
4.0463,approaching,0.0000,0.2024,0.0000,0.0000,0.0000,0.0000,179.9991,-0.0006,179.9085
4.0559,approaching,0.0000,0.2001,0.0000,0.0000,0.0000,0.0000,179.9997,0.0009,179.9085
4.0666,approaching,0.0000,0.0000,0.0000,0.0000,0.0000,0.0000,179.9996,0.0007,179.9090
4.0753,approaching,0.0000,0.0000,0.0000,0.0000,0.0000,0.0000,179.9996,0.0007,179.9090
4.0853,approaching,0.0000,0.0000,0.0000,0.0000,0.0000,0.0000,179.9998,-0.0000,179.9090
4.0954,approaching,0.0000,0.0000,0.0000,0.0000,0.0000,0.0000,179.9999,0.0002,179.9089
4.1053,approaching,0.0000,0.0000,0.0000,0.0000,0.0000,0.0000,179.9999,0.0002,179.9089
4.1154,approaching,0.0000,0.0000,0.0000,0.0000,0.0000,0.0000,179.9997,-0.0001,179.9089
4.1252,approaching,0.0000,0.0000,0.0000,0.0000,0.0000,0.0000,179.9998,0.0001,179.9088
4.1358,approaching,0.0000,0.0000,0.0000,0.0000,0.0000,0.0000,179.9998,0.0001,179.9088
4.1453,approaching,0.0000,0.0000,0.0000,0.0000,0.0000,0.0000,-179.9999,0.0008,179.9088
4.1552,approaching,0.0000,0.0000,0.0000,0.0000,0.0000,0.0000,-179.9997,0.0012,179.9087
4.1654,approaching,0.0000,0.0000,0.0000,0.0000,0.0000,0.0000,-179.9997,0.0012,179.9087
4.1757,approaching,0.0000,0.0000,0.0000,0.0000,0.0000,0.0000,-179.9996,0.0016,179.9087
4.1852,approaching,0.0000,0.0000,0.0000,0.0000,0.0000,0.0000,-179.9996,0.0016,179.9087
4.1952,approaching,0.0000,0.0000,0.0000,0.0000,0.0000,0.0000,-179.9996,0.0016,179.9087
4.2064,approaching,0.0000,0.0000,0.0000,0.0000,0.0000,0.0000,-179.9998,0.0012,179.9086
4.2156,approaching,0.0000,0.0000,0.0000,0.0000,0.0000,0.0000,-179.9997,0.0016,179.9086
4.2272,approaching,0.0000,0.0000,0.0000,0.0000,0.0000,0.0000,-179.9997,0.0016,179.9086
4.2362,approaching,0.0000,0.0000,0.0000,0.0000,0.0000,0.0000,-179.9995,0.0021,179.9086
4.2453,approaching,0.0000,0.0000,0.0000,0.0000,0.0000,0.0000,-179.9998,0.0015,179.9085
4.2555,approaching,0.0000,0.0000,0.0000,0.0000,0.0000,0.0000,-179.9998,0.0015,179.9085
4.2653,approaching,0.0000,0.0000,0.0000,0.0000,0.0000,0.0000,-179.9993,0.0028,179.9085
4.2753,approaching,0.0000,0.0000,0.0000,0.0000,0.0000,0.0000,179.9999,0.0010,179.9084
4.2856,approaching,0.0000,0.0000,0.0000,0.0000,0.0000,0.0000,179.9999,0.0010,179.9084
4.2953,approaching,0.0000,0.0000,0.0000,0.0000,0.0000,0.0000,179.9996,0.0003,179.9084
4.3055,approaching,0.0000,0.0000,0.0000,0.0000,0.0000,0.0000,180.0000,-0.0000,179.9087
4.3154,approaching,0.0000,0.0000,0.0000,0.0000,0.0000,0.0000,180.0000,-0.0000,179.9087
4.3254,approaching,0.0000,0.0000,0.0000,0.0000,0.0000,0.0000,-179.9998,0.0004,179.9087
4.3352,approaching,0.0000,0.0000,0.0000,0.0000,0.0000,0.0000,179.9999,-0.0002,179.9086
4.3452,approaching,0.0000,0.0000,0.0000,0.0000,0.0000,0.0000,179.9999,-0.0002,179.9086
4.3564,approaching,0.0000,0.0000,0.0000,0.0000,0.0000,0.0000,-179.9998,0.0005,179.9086
4.3653,approaching,0.0000,0.0000,0.0000,0.0000,0.0000,0.0000,-179.9998,0.0006,179.9085
4.3757,approaching,0.0000,0.0000,0.0000,0.0000,0.0000,0.0000,-179.9998,0.0006,179.9085
4.3853,approaching,0.0000,0.0000,0.0000,0.0000,0.0000,0.0000,-179.9995,0.0014,179.9085
4.3957,approaching,0.0000,0.0000,0.0000,0.0000,0.0000,0.0000,-179.9996,0.0011,179.9084
4.4057,approaching,0.0000,0.0000,0.0000,0.0000,0.0000,0.0000,-179.9996,0.0011,179.9084
4.4156,approaching,0.0000,0.0000,0.0000,0.0000,0.0000,0.0000,-179.9994,0.0017,179.9084
4.4255,approaching,0.0000,0.0000,0.0000,0.0000,0.0000,0.0000,-179.9996,0.0013,179.9084
4.4358,approaching,0.0000,0.0000,0.0000,0.0000,0.0000,0.0000,-179.9996,0.0013,179.9084
4.4453,approaching,0.0000,0.0000,0.0000,0.0000,0.0000,0.0000,179.9999,0.0002,179.9085
4.4558,approaching,0.0000,0.0000,0.0000,0.0000,0.0000,0.0000,179.9999,0.0002,179.9085
4.4653,approaching,0.0000,0.0000,0.0000,0.0000,0.0000,0.0000,179.9999,0.0002,179.9085
4.4756,approaching,0.0000,0.0000,0.0000,0.0000,0.0000,0.0000,179.9999,0.0002,179.9085
4.4853,approaching,0.0000,0.0000,0.0000,0.0000,0.0000,0.0000,-179.9998,0.0011,179.9088
4.4952,approaching,0.0000,0.0000,0.0000,0.0000,0.0000,0.0000,-179.9998,0.0011,179.9088
4.5054,approaching,0.0000,0.0000,0.0000,0.0000,0.0000,0.0000,179.9999,0.0004,179.9087
4.5156,approaching,0.0000,0.0000,0.0000,0.0000,0.0000,0.0000,179.9998,0.0002,179.9087
4.5252,approaching,0.0000,0.0000,0.0000,0.0000,0.0000,0.0000,179.9998,0.0002,179.9087
4.5354,approaching,0.0000,0.0000,0.0000,0.0000,0.0000,0.0000,179.9999,0.0004,179.9086
4.5452,approaching,0.0000,0.0000,0.0000,0.0000,0.0000,0.0000,179.9993,-0.0008,179.9091
4.5554,approaching,0.0000,0.0000,0.0000,0.0000,0.0000,0.0000,179.9993,-0.0008,179.9091
4.5656,approaching,0.0000,0.0000,0.0000,0.0000,0.0000,0.0000,179.9996,-0.0001,179.9091
4.5752,approaching,0.0000,0.0000,0.0000,0.0000,0.0000,0.0000,179.9996,0.0002,179.9091
4.5852,approaching,0.0000,0.0000,0.0000,0.0000,0.0000,0.0000,179.9996,0.0002,179.9091
4.5953,approaching,0.0000,0.0000,0.0000,0.0000,0.0000,0.0000,179.9993,-0.0007,179.9087
4.6053,approaching,0.0000,0.0000,0.0000,0.0000,0.0000,0.0000,-179.9999,0.0012,179.9090
4.6152,approaching,0.0000,0.0000,0.0000,0.0000,0.0000,0.0000,-179.9999,0.0012,179.9090
4.6252,approaching,0.0000,0.0000,0.0000,0.0000,0.0000,0.0000,179.9997,0.0004,179.9090
4.6352,approaching,0.0000,0.0000,0.0000,0.0000,0.0000,0.0000,179.9998,0.0007,179.9089
4.6453,approaching,0.0000,0.0000,0.0000,0.0000,0.0000,0.0000,179.9998,0.0007,179.9089
4.6553,approaching,0.0000,0.0000,0.0000,0.0000,0.0000,0.0000,179.9996,0.0005,179.9088
4.6652,approaching,0.0000,0.0000,0.0000,0.0000,0.0000,0.0000,179.9993,-0.0001,179.9088
4.6755,approaching,0.0000,0.0000,0.0000,0.0000,0.0000,0.0000,179.9993,-0.0001,179.9088
4.6856,approaching,0.0000,0.0000,0.0000,0.0000,0.0000,0.0000,179.9998,0.0009,179.9088
4.6955,approaching,0.0000,0.0000,0.0000,0.0000,0.0000,0.0000,179.9991,-0.0005,179.9087
4.7052,approaching,0.0000,0.0000,0.0000,0.0000,0.0000,0.0000,179.9991,-0.0005,179.9087
4.7157,approaching,0.0000,0.0000,0.0000,0.0000,0.0000,0.0000,179.9992,-0.0003,179.9087
4.7253,approaching,0.0000,0.0000,0.0000,0.0000,0.0000,0.0000,179.9991,-0.0005,179.9087
4.7353,approaching,0.0000,0.0000,0.0000,0.0000,0.0000,0.0000,179.9991,-0.0005,179.9087
4.7454,approaching,0.0000,0.0000,0.0000,0.0000,0.0000,0.0000,179.9993,0.0001,179.9086
4.7553,approaching,0.0000,0.0000,0.0000,0.0000,0.0000,0.0000,179.9994,0.0003,179.9086
4.7653,approaching,0.0000,0.0000,0.0000,0.0000,0.0000,0.0000,179.9994,0.0003,179.9086
4.7753,approaching,0.0000,0.0000,0.0000,0.0000,0.0000,0.0000,179.9989,-0.0006,179.9089
4.7852,approaching,0.0000,0.0000,0.0000,0.0000,0.0000,0.0000,179.9995,0.0007,179.9088
4.7958,approaching,0.0000,0.0000,0.0000,0.0000,0.0000,0.0000,179.9995,0.0007,179.9088
4.8060,approaching,0.0000,0.0000,0.0000,0.0000,0.0000,0.0000,179.9995,0.0006,179.9088
4.8153,approaching,0.0000,0.0000,0.0000,0.0000,0.0000,0.0000,179.9991,-0.0000,179.9088
4.8263,approaching,0.0000,0.0000,0.0000,0.0000,0.0000,0.0000,179.9991,-0.0000,179.9088
4.8363,approaching,0.0000,0.0000,0.0000,0.0000,0.0000,0.0000,179.9991,-0.0000,179.9088
4.8456,approaching,0.0000,0.0000,0.0000,0.0000,0.0000,0.0000,179.9999,0.0018,179.9087
4.8557,approaching,0.0000,0.0000,0.0000,0.0000,0.0000,0.0000,179.9999,0.0018,179.9087
4.8652,approaching,0.0000,0.0000,0.0000,0.0000,0.0000,0.0000,179.9997,0.0014,179.9087
4.8752,approaching,0.0000,0.0000,0.0000,0.0000,0.0000,0.0000,179.9998,0.0017,179.9086
4.8853,approaching,0.0000,0.0000,0.0000,0.0000,0.0000,0.0000,179.9998,0.0017,179.9086
4.8957,approaching,0.0000,0.0000,0.0000,0.0000,0.0000,0.0000,179.9999,0.0021,179.9086
4.9052,approaching,0.0000,0.0000,0.0000,0.0000,0.0000,0.0000,-179.9998,0.0028,179.9085
4.9154,approaching,0.0000,0.0000,0.0000,0.0000,0.0000,0.0000,-179.9998,0.0028,179.9085
4.9256,approaching,0.0000,0.0000,0.0000,0.0000,0.0000,0.0000,-179.9999,0.0025,179.9085
4.9357,approaching,0.0000,0.0000,0.0000,0.0000,0.0000,0.0000,-179.9998,0.0029,179.9084
4.9453,approaching,0.0000,0.0000,0.0000,0.0000,0.0000,0.0000,-179.9998,0.0029,179.9084
4.9554,approaching,0.0000,0.0000,0.0000,0.0000,0.0000,0.0000,180.0000,0.0026,179.9090
4.9652,approaching,0.0000,0.0000,0.0000,0.0000,0.0000,0.0000,179.9994,0.0011,179.9089
4.9758,approaching,0.0000,0.0000,0.0000,0.0000,0.0000,0.0000,179.9994,0.0011,179.9089
4.9853,approaching,0.0000,0.0000,0.0000,0.0000,0.0000,0.0000,179.9993,0.0010,179.9089
4.9952,approaching,0.0000,0.0000,0.0000,0.0000,0.0000,0.0000,179.9990,0.0004,179.9088
5.0053,approaching,0.0000,0.0000,0.0000,0.0000,0.0000,0.0000,179.9990,0.0004,179.9088
5.0156,approaching,0.0000,0.0000,0.0000,0.0000,0.0000,0.0000,179.9991,0.0006,179.9088
5.0257,approaching,0.0000,0.0000,0.0000,0.0000,0.0000,0.0000,179.9991,0.0006,179.9088
5.0356,approaching,0.0000,0.0000,0.0000,0.0000,0.0000,0.0000,179.9991,0.0006,179.9088
5.0472,approaching,0.0000,0.0000,0.0000,0.0000,0.0000,0.0000,180.0000,0.0013,179.9093
5.0563,approaching,0.0000,0.0000,0.0000,0.0000,0.0000,0.0000,179.9999,0.0011,179.9093
5.0658,approaching,0.0000,0.0000,0.0000,0.0000,0.0000,0.0000,179.9999,0.0011,179.9093
5.0765,approaching,0.0000,0.0000,0.0000,0.0000,0.0000,0.0000,180.0000,0.0015,179.9092
5.0868,approaching,0.0000,0.0000,0.0000,0.0000,0.0000,0.0000,-179.9997,0.0008,179.9092
5.0963,approaching,0.0000,0.0000,0.0000,0.0000,0.0000,0.0000,-179.9997,0.0008,179.9092
5.1072,approaching,0.0000,0.0000,0.0000,0.0000,0.0000,0.0000,-179.9997,0.0009,179.9091
5.1156,approaching,0.0000,0.0000,0.0000,0.0000,0.0000,0.0000,-179.9992,0.0007,179.9091
5.1260,approaching,0.0000,0.0000,0.0000,0.0000,0.0000,0.0000,-179.9992,0.0007,179.9091
5.1370,approaching,0.0000,0.0000,0.0000,0.0000,0.0000,0.0000,-179.9991,-0.0003,179.9090
5.1463,approaching,0.0000,0.0000,0.0000,0.0000,0.0000,0.0000,-179.9991,-0.0003,179.9090
5.1575,approaching,0.0000,0.0000,0.0000,0.0000,0.0000,0.0000,-179.9991,-0.0003,179.9090
5.1662,approaching,0.0000,0.0000,0.0000,0.0000,0.0000,0.0000,-179.9990,-0.0000,179.9090
5.1756,approaching,0.0000,0.0000,0.0000,0.0000,0.0000,0.0000,-179.9979,-0.0001,179.9089
5.1862,approaching,0.0000,0.0000,0.0000,0.0000,0.0000,0.0000,-179.9979,-0.0001,179.9089
5.1961,approaching,0.0000,0.0000,0.0000,0.0000,0.0000,0.0000,-179.9955,-0.0001,179.9089
5.2059,approaching,0.0000,0.0000,0.0000,0.0000,0.0000,0.0000,-179.9910,-0.0023,179.9088
5.2159,approaching,0.0000,0.0000,0.0000,0.0000,0.0000,0.0000,-179.9910,-0.0023,179.9088
5.2259,approaching,0.0000,0.0000,0.0000,0.0000,0.0000,0.0000,-179.9916,-0.0036,179.9088
5.2353,approaching,0.0000,0.0000,0.0000,0.0000,0.0000,0.0000,-179.9915,-0.0033,179.9087
5.2454,approaching,0.0000,0.0000,0.0000,0.0000,0.0000,0.0000,-179.9915,-0.0033,179.9087
5.2555,approaching,0.0000,0.0000,0.0000,0.0000,0.0000,0.0000,-179.9921,-0.0033,179.9087
5.2657,approaching,0.0000,0.0000,0.0000,0.0000,0.0000,0.0000,-179.9923,-0.0023,179.9087
5.2760,approaching,0.0000,0.0000,0.0000,0.0000,0.0000,0.0000,-179.9923,-0.0023,179.9087
5.2862,approaching,0.0000,0.0000,0.0000,0.0000,0.0000,0.0000,-179.9958,-0.0005,179.9086
5.2955,approaching,0.0000,0.0000,0.0000,0.0000,0.0000,0.0000,179.9984,0.0015,179.9086
5.3057,approaching,0.0000,0.0000,0.0000,0.0000,0.0000,0.0000,179.9984,0.0015,179.9086
5.3155,approaching,0.0000,0.0000,0.0000,0.0000,0.0000,0.0000,179.9973,0.0006,179.9085
5.3257,approaching,0.0000,0.0000,0.0000,0.0000,0.0000,0.0000,179.9975,0.0011,179.9085
5.3357,approaching,0.0000,0.0000,0.0000,0.0000,0.0000,0.0000,179.9975,0.0011,179.9085
5.3457,approaching,0.0000,0.0000,0.0000,0.0000,0.0000,0.0000,179.9979,0.0021,179.9084
5.3554,approaching,0.0000,0.0000,0.0000,0.0000,0.0000,0.0000,179.9976,0.0014,179.9084
5.3656,approaching,0.0000,0.0000,0.0000,0.0000,0.0000,0.0000,179.9976,0.0014,179.9084
5.3753,approaching,0.0000,0.0000,0.0000,0.0000,0.0000,0.0000,179.9973,0.0008,179.9084
5.3853,approaching,0.0000,0.0000,0.0000,0.0000,0.0000,0.0000,179.9980,0.0010,179.9089
5.3953,approaching,0.0000,0.0000,0.0000,0.0000,0.0000,0.0000,179.9980,0.0010,179.9089
5.4056,approaching,0.0000,0.0000,0.0000,0.0000,0.0000,0.0000,179.9986,0.0023,179.9088
5.4154,approaching,0.0000,0.0000,0.0000,0.0000,0.0000,0.0000,179.9986,0.0023,179.9088
5.4254,approaching,0.0000,0.0000,0.0000,0.0000,0.0000,0.0000,179.9986,0.0023,179.9088
5.4354,approaching,0.0000,0.0000,0.0000,0.0000,0.0000,0.0000,179.9988,0.0030,179.9088
5.4453,approaching,0.0000,0.0000,0.0000,0.0000,0.0000,0.0000,179.9995,0.0033,179.9088
5.4558,approaching,0.0000,0.0000,0.0000,0.0000,0.0000,0.0000,179.9995,0.0033,179.9088
5.4654,approaching,0.0000,0.0000,0.0000,0.0000,0.0000,0.0000,179.9996,0.0035,179.9087
5.4756,approaching,0.0000,0.0000,0.0000,0.0000,0.0000,0.0000,179.9994,0.0018,179.9086
5.4855,approaching,0.0000,0.0000,0.0000,0.0000,0.0000,0.0000,179.9994,0.0018,179.9086
5.4953,approaching,0.0000,0.0000,0.0000,0.0000,0.0000,0.0000,179.9992,0.0014,179.9086
5.5053,approaching,0.0000,0.0000,0.0000,0.0000,0.0000,0.0000,179.9999,0.0016,179.9086
5.5154,approaching,0.0000,0.0000,0.0000,0.0000,0.0000,0.0000,179.9999,0.0016,179.9086
5.5265,approaching,0.0000,0.0000,0.0000,0.0000,0.0000,0.0000,179.9997,0.0013,179.9085
5.5352,approaching,0.0000,0.0000,0.0000,0.0000,0.0000,0.0000,179.9999,0.0017,179.9090
5.5454,approaching,0.0000,0.0000,0.0000,0.0000,0.0000,0.0000,179.9999,0.0017,179.9090
5.5554,approaching,0.0000,0.0000,0.0000,0.0000,0.0000,0.0000,179.9997,0.0014,179.9090
5.5661,approaching,0.0000,0.0000,0.0000,0.0000,0.0000,0.0000,-179.9999,0.0024,179.9089
5.5754,approaching,0.0000,0.0000,0.0000,0.0000,0.0000,0.0000,-179.9999,0.0024,179.9089
5.5859,approaching,0.0000,0.0000,0.0000,0.0000,0.0000,0.0000,179.9999,0.0019,179.9089
5.5954,approaching,0.0000,0.0000,0.0000,0.0000,0.0000,0.0000,-179.9999,0.0011,179.9088
5.6063,approaching,0.0000,0.0000,0.0000,0.0000,0.0000,0.0000,-179.9999,0.0011,179.9088
5.6162,approaching,0.0000,0.0000,0.0000,0.0000,0.0000,0.0000,179.9994,-0.0004,179.9088
5.6257,approaching,0.0000,0.0000,0.0000,0.0000,0.0000,0.0000,179.9996,-0.0000,179.9088
5.6356,approaching,0.0000,0.0000,0.0000,0.0000,0.0000,0.0000,179.9996,-0.0000,179.9088
5.6455,approaching,0.0000,0.0000,0.0000,0.0000,0.0000,0.0000,179.9996,-0.0000,179.9088
5.6554,approaching,0.0000,0.0000,0.0000,0.0000,0.0000,0.0000,179.9996,0.0002,179.9087
5.6654,approaching,0.0000,0.0000,0.0000,0.0000,0.0000,0.0000,179.9996,0.0002,179.9087
5.6752,approaching,0.0000,0.0000,0.0000,0.0000,0.0000,0.0000,179.9993,-0.0006,179.9087
5.6853,approaching,0.0000,0.0000,0.0000,0.0000,0.0000,0.0000,179.9996,0.0003,179.9087
5.6956,approaching,0.0000,0.0000,0.0000,0.0000,0.0000,0.0000,179.9996,0.0003,179.9087
5.7064,approaching,0.0000,0.0000,0.0000,0.0000,0.0000,0.0000,179.9998,0.0009,179.9086
5.7154,approaching,0.0000,0.0000,0.0000,0.0000,0.0000,0.0000,179.9999,0.0010,179.9086
5.7253,approaching,0.0000,0.0000,0.0000,0.0000,0.0000,0.0000,179.9999,0.0010,179.9086
5.7352,approaching,0.0000,0.0000,0.0000,0.0000,0.0000,0.0000,180.0000,0.0014,179.9085
5.7455,approaching,0.0000,0.0000,0.0000,0.0000,0.0000,0.0000,-179.9998,0.0019,179.9085
5.7559,approaching,0.0000,0.0000,0.0000,0.0000,0.0000,0.0000,-179.9998,0.0019,179.9085
5.7656,approaching,0.0000,0.0000,0.0000,0.0000,0.0000,0.0000,179.9999,0.0013,179.9088
5.7755,approaching,0.0000,0.0000,0.0000,0.0000,0.0000,0.0000,179.9996,0.0007,179.9088
5.7858,approaching,0.0000,0.0000,0.0000,0.0000,0.0000,0.0000,179.9996,0.0007,179.9088
5.7954,approaching,0.0000,0.0000,0.0000,0.0000,0.0000,0.0000,179.9996,0.0008,179.9087
5.8053,approaching,0.0000,0.0000,0.0000,0.0000,0.0000,0.0000,179.9997,0.0009,179.9087
5.8153,approaching,0.0000,0.0000,0.0000,0.0000,0.0000,0.0000,179.9997,0.0009,179.9087
5.8254,approaching,0.0000,0.0000,0.0000,0.0000,0.0000,0.0000,179.9994,0.0003,179.9086
5.8352,approaching,0.0000,0.0000,0.0000,0.0000,0.0000,0.0000,179.9996,0.0009,179.9086
5.8452,approaching,0.0000,0.0000,0.0000,0.0000,0.0000,0.0000,179.9996,0.0009,179.9086
5.8555,approaching,0.0000,0.0000,0.0000,0.0000,0.0000,0.0000,179.9993,0.0002,179.9085
5.8653,approaching,0.0000,0.0000,0.0000,0.0000,0.0000,0.0000,179.9991,-0.0001,179.9085
5.8753,approaching,0.0000,0.0000,0.0000,0.0000,0.0000,0.0000,179.9991,-0.0001,179.9085
5.8854,approaching,0.0000,0.0000,0.0000,0.0000,0.0000,0.0000,179.9995,0.0009,179.9090
5.8952,approaching,0.0000,0.0000,0.0000,0.0000,0.0000,0.0000,179.9991,-0.0000,179.9090
5.9057,approaching,0.0000,0.0000,0.0000,0.0000,0.0000,0.0000,179.9991,-0.0000,179.9090
5.9153,approaching,0.0000,0.0000,0.0000,0.0000,0.0000,0.0000,179.9991,-0.0000,179.9090
5.9252,approaching,0.0000,0.0000,0.0000,0.0000,0.0000,0.0000,179.9988,-0.0006,179.9089
5.9353,approaching,0.0000,0.0000,0.0000,0.0000,0.0000,0.0000,179.9988,-0.0006,179.9089
5.9453,approaching,0.0000,0.0000,0.0000,0.0000,0.0000,0.0000,179.9992,0.0003,179.9089
5.9554,approaching,0.0000,0.0000,0.0000,0.0000,0.0000,0.0000,-179.9998,0.0013,179.9088
5.9656,approaching,0.0000,0.0000,0.0000,0.0000,0.0000,0.0000,-179.9998,0.0013,179.9088
5.9753,approaching,0.0000,0.0000,0.0000,0.0000,0.0000,0.0000,-179.9997,0.0015,179.9094
5.9855,approaching,0.0000,0.0000,0.0000,0.0000,0.0000,0.0000,-179.9996,0.0018,179.9093
5.9956,approaching,0.0000,0.0000,0.0000,0.0000,0.0000,0.0000,-179.9996,0.0018,179.9093
6.0056,approaching,0.0000,0.0000,0.0000,0.0000,0.0000,0.0000,-179.9998,0.0013,179.9093
6.0155,approaching,0.0000,0.0000,0.0000,0.0000,0.0000,0.0000,-179.9999,0.0012,179.9092
6.0254,approaching,0.0000,0.0000,0.0000,0.0000,0.0000,0.0000,-179.9999,0.0012,179.9092
6.0353,approaching,0.0000,0.0000,0.0000,0.0000,0.0000,0.0000,179.9997,0.0004,179.9092
6.0452,approaching,0.0000,0.0000,0.0000,0.0000,0.0000,0.0000,179.9998,0.0008,179.9091
6.0557,approaching,0.0000,0.0000,0.0000,0.0000,0.0000,0.0000,179.9998,0.0008,179.9091
6.0654,approaching,0.0000,0.0000,0.0000,0.0000,0.0000,0.0000,-179.9998,0.0017,179.9091
6.0753,approaching,0.0000,0.0000,0.0000,0.0000,0.0000,0.0000,-179.9999,0.0016,179.9091
6.0855,approaching,0.0000,0.0000,0.0000,0.0000,0.0000,0.0000,-179.9999,0.0016,179.9091
6.0956,approaching,0.0000,0.0000,0.0000,0.0000,0.0000,0.0000,-179.9995,0.0025,179.9090
6.1054,approaching,0.0000,0.0000,0.0000,0.0000,0.0000,0.0000,180.0000,0.0015,179.9090
6.1154,approaching,0.0000,0.0000,0.0000,0.0000,0.0000,0.0000,180.0000,0.0015,179.9090
6.1254,approaching,0.0000,0.0000,0.0000,0.0000,0.0000,0.0000,179.9998,0.0010,179.9089
6.1353,approaching,0.0000,0.0000,0.0000,0.0000,0.0000,0.0000,179.9998,0.0010,179.9089
6.1460,approaching,0.0000,0.0000,0.0000,0.0000,0.0000,0.0000,179.9998,0.0010,179.9089
6.1556,approaching,0.0000,0.0000,0.0000,0.0000,0.0000,0.0000,179.9993,-0.0000,179.9088
6.1652,approaching,0.0000,0.0000,0.0000,0.0000,0.0000,0.0000,179.9995,0.0005,179.9088
6.1754,approaching,0.0000,0.0000,0.0000,0.0000,0.0000,0.0000,179.9995,0.0005,179.9088
6.1855,approaching,0.0000,0.0000,0.0000,0.0000,0.0000,0.0000,179.9991,-0.0003,179.9088
6.1952,approaching,0.0000,0.0000,0.0000,0.0000,0.0000,0.0000,179.9996,0.0007,179.9087
6.2056,approaching,0.0000,0.0000,0.0000,0.0000,0.0000,0.0000,179.9996,0.0007,179.9087
6.2153,approaching,0.0000,0.0000,0.0000,0.0000,0.0000,0.0000,-179.9998,0.0022,179.9087
6.2258,approaching,0.0000,0.0000,0.0000,0.0000,0.0000,0.0000,-179.9999,0.0022,179.9086
6.2353,approaching,0.0000,0.0000,0.0000,0.0000,0.0000,0.0000,-179.9999,0.0022,179.9086
6.2454,approaching,0.0000,0.0000,0.0000,0.0000,0.0000,0.0000,-179.9998,0.0024,179.9086
6.2555,approaching,0.0000,0.0000,0.0000,0.0000,0.0000,0.0000,-179.9999,0.0022,179.9086
6.2656,approaching,0.0000,0.0000,0.0000,0.0000,0.0000,0.0000,-179.9999,0.0022,179.9086
6.2752,approaching,0.0000,0.0000,0.0000,0.0000,0.0000,0.0000,180.0000,0.0019,179.9085
6.2852,approaching,0.0000,0.0000,0.0000,0.0000,0.0000,0.0000,180.0000,0.0019,179.9085
6.2953,approaching,0.0000,0.0000,0.0000,0.0000,0.0000,0.0000,180.0000,0.0019,179.9085
6.3061,approaching,0.0000,0.0000,0.0000,0.0000,0.0000,0.0000,-179.9998,0.0024,179.9085
6.3154,approaching,0.0000,0.0000,0.0000,0.0000,0.0000,0.0000,179.9999,0.0018,179.9084
6.3255,approaching,0.0000,0.0000,0.0000,0.0000,0.0000,0.0000,179.9999,0.0018,179.9084
6.3352,approaching,0.0000,0.0000,0.0000,0.0000,0.0000,0.0000,-179.9997,0.0029,179.9084
6.3455,approaching,0.0000,0.0000,0.0000,0.0000,0.0000,0.0000,179.9996,0.0013,179.9083
6.3555,approaching,0.0000,0.0000,0.0000,0.0000,0.0000,0.0000,179.9996,0.0013,179.9083
6.3654,approaching,0.0000,0.0000,0.0000,0.0000,0.0000,0.0000,179.9990,-0.0000,179.9083
6.3753,approaching,0.0000,0.0000,0.0000,0.0000,0.0000,0.0000,180.0000,0.0011,179.9082
6.3855,approaching,0.0000,0.0000,0.0000,0.0000,0.0000,0.0000,180.0000,0.0011,179.9082
6.3953,approaching,0.0000,0.0000,0.0000,0.0000,0.0000,0.0000,-179.9998,0.0016,179.9088
6.4053,approaching,0.0000,0.0000,0.0000,0.0000,0.0000,0.0000,-179.9997,0.0018,179.9087
6.4154,approaching,0.0000,0.0000,0.0000,0.0000,0.0000,0.0000,-179.9997,0.0018,179.9087
6.4255,approaching,0.0000,0.0000,0.0000,0.0000,0.0000,0.0000,179.9998,0.0007,179.9087
6.4352,approaching,0.0000,0.0000,0.0000,0.0000,0.0000,0.0000,179.9995,0.0001,179.9086
6.4453,approaching,0.0000,0.0000,0.0000,0.0000,0.0000,0.0000,179.9995,0.0001,179.9086
6.4554,approaching,0.0000,0.0000,0.0000,0.0000,0.0000,0.0000,179.9990,-0.0009,179.9086
6.4653,approaching,0.0000,0.0000,0.0000,0.0000,0.0000,0.0000,179.9990,-0.0009,179.9086
6.4755,approaching,0.0000,0.0000,0.0000,0.0000,0.0000,0.0000,179.9990,-0.0009,179.9086
6.4854,approaching,0.0000,0.0000,0.0000,0.0000,0.0000,0.0000,179.9991,-0.0007,179.9091
6.4952,approaching,0.0000,0.0000,0.0000,0.0000,0.0000,0.0000,179.9996,0.0005,179.9091
6.5057,approaching,0.0000,0.0000,0.0000,0.0000,0.0000,0.0000,179.9996,0.0005,179.9091
6.5154,approaching,0.0000,0.0000,0.0000,0.0000,0.0000,0.0000,-179.9997,0.0022,179.9090
6.5252,approaching,0.0000,0.0000,0.0000,0.0000,0.0000,0.0000,-179.9997,0.0022,179.9090
6.5353,approaching,0.0000,0.0000,0.0000,0.0000,0.0000,0.0000,-179.9997,0.0022,179.9090
6.5454,approaching,0.0000,0.0000,0.0000,0.0000,0.0000,0.0000,-179.9996,0.0026,179.9090
6.5555,approaching,0.0000,0.2011,0.0000,0.0000,0.0000,0.0000,179.9999,0.0015,179.9089
6.5653,approaching,0.0000,0.2031,0.0000,0.0000,0.0000,0.0000,179.9999,0.0015,179.9089
6.5752,approaching,0.0000,0.2052,0.0000,0.0000,0.0000,0.0000,179.9999,0.0014,179.9089
6.5854,approaching,0.0000,0.2079,0.0000,0.0000,0.0000,0.0000,179.9994,0.0004,179.9088
6.5953,approaching,0.0000,0.2107,0.0000,0.0000,0.0000,0.0000,179.9994,0.0004,179.9088
6.6055,approaching,0.0000,0.2131,0.0000,0.0000,0.0000,0.0000,179.9997,0.0012,179.9088
6.6152,approaching,0.0000,0.2155,0.0000,0.0000,0.0000,0.0000,179.9998,0.0014,179.9087
6.6256,approaching,0.0000,0.2173,0.0000,0.0000,0.0000,0.0000,179.9998,0.0014,179.9087
6.6354,approaching,0.0000,0.2190,0.2010,0.0000,0.0000,0.0000,179.9995,0.0009,179.9087
6.6453,approaching,0.0000,0.2205,0.2023,0.0000,0.0000,0.0000,-179.9998,0.0025,179.9086
6.6554,approaching,0.0000,0.2212,0.2029,0.0000,0.0000,0.0000,-179.9998,0.0025,179.9086
6.6656,approaching,0.0000,0.2218,0.2036,0.0000,0.0000,0.0000,179.9997,0.0013,179.9086
6.6756,approaching,0.0000,0.2230,0.2049,0.0000,0.0000,0.0000,179.9997,0.0015,179.9086
6.6854,approaching,0.0000,0.2238,0.2058,0.0000,0.0000,0.0000,179.9997,0.0015,179.9086
6.6954,approaching,0.0000,0.2241,0.2064,0.0000,0.0000,0.0000,179.9996,0.0012,179.9085
6.7053,approaching,0.0000,0.2241,0.2063,0.0000,0.0000,0.0000,179.9993,0.0007,179.9085
6.7162,approaching,0.0000,0.2239,0.2059,0.0000,0.0000,0.0000,179.9993,0.0007,179.9085
6.7256,approaching,0.0000,0.2237,0.2055,0.0000,0.0000,0.0000,179.9995,0.0011,179.9088
6.7355,approaching,0.0000,0.2234,0.2052,0.0000,0.0000,0.0000,179.9995,0.0011,179.9084
6.7453,approaching,0.0000,0.2233,0.2052,0.0000,0.0000,0.0000,179.9995,0.0011,179.9084
6.7561,approaching,0.0000,0.2234,0.2053,0.0000,0.0000,0.0000,180.0000,0.0011,179.9084
6.7652,approaching,0.0000,0.2234,0.2052,0.0000,0.0000,0.0000,179.9999,0.0010,179.9087
6.7754,approaching,0.0000,0.2235,0.2052,0.0000,0.0000,0.0000,179.9999,0.0010,179.9087
6.7853,approaching,0.0000,0.2236,0.2051,0.0000,0.0000,0.0000,179.9999,0.0010,179.9086
6.7953,approaching,0.0000,0.2240,0.2054,0.0000,0.0000,0.0000,179.9998,0.0007,179.9086
6.8054,approaching,0.0000,0.2243,0.2056,0.0000,0.0000,0.0000,179.9998,0.0007,179.9086
6.8153,approaching,0.0000,0.2247,0.2058,0.0000,0.0000,0.0000,180.0000,0.0012,179.9086
6.8253,approaching,0.0000,0.2250,0.2060,0.0000,0.0000,0.0000,-179.9996,0.0022,179.9091
6.8354,approaching,0.0000,0.2250,0.2059,0.0000,0.0000,0.0000,-179.9996,0.0022,179.9091
6.8454,approaching,0.0000,0.2252,0.2057,0.0000,0.0000,0.0000,-179.9996,0.0022,179.9091
6.8554,approaching,0.0000,0.2252,0.2052,0.0000,0.0000,0.0000,179.9998,0.0009,179.9090
6.8653,approaching,0.0000,0.2244,0.2043,0.0000,0.0000,0.0000,179.9998,0.0009,179.9090
6.8755,approaching,0.0000,0.2237,0.2034,0.0000,0.0000,0.0000,-179.9999,0.0016,179.9090
6.8852,approaching,0.0000,0.2232,0.2025,0.0000,0.0000,0.0000,-179.9998,0.0020,179.9090
6.8954,approaching,0.0000,0.2221,0.2016,0.0000,0.0000,0.0000,-179.9998,0.0020,179.9090
6.9054,approaching,0.0000,0.2214,0.2009,0.0000,0.0000,0.0000,180.0000,0.0016,179.9089
6.9153,approaching,0.0000,0.2210,0.2001,0.0000,0.0000,0.0000,179.9999,0.0014,179.9089
6.9252,approaching,0.0000,0.2202,0.0000,0.0000,0.0000,0.0000,179.9999,0.0014,179.9089
6.9353,approaching,0.0000,0.2188,0.0000,0.0000,0.0000,0.0000,-179.9997,0.0023,179.9094
6.9453,approaching,0.0000,0.2181,0.0000,0.0000,0.0000,0.0000,-179.9999,0.0021,179.9093
6.9560,approaching,0.0000,0.2176,0.0000,0.0000,0.0000,0.0000,-179.9999,0.0021,179.9093
6.9655,approaching,0.0000,0.2163,0.0000,0.0000,0.0000,0.0000,179.9999,0.0016,179.9093
6.9752,approaching,0.0000,0.2156,0.0000,0.0000,0.0000,0.0000,179.9993,0.0004,179.9092
6.9854,approaching,0.0000,0.2152,0.0000,0.0000,0.0000,0.0000,179.9993,0.0004,179.9092
6.9955,approaching,0.0000,0.2141,0.0000,0.0000,0.0000,0.0000,179.9992,0.0001,179.9092
7.0055,approaching,0.0000,0.2138,0.0000,0.0000,0.0000,0.0000,179.9993,0.0005,179.9091
7.0153,approaching,0.0000,0.2138,0.0000,0.0000,0.0000,0.0000,179.9993,0.0005,179.9091
7.0253,approaching,0.0000,0.2129,0.0000,0.0000,0.0000,0.0000,179.9995,0.0009,179.9091
7.0353,approaching,0.0000,0.2123,0.0000,0.0000,0.0000,0.0000,179.9998,0.0015,179.9091
7.0454,approaching,0.0000,0.2123,0.0000,0.0000,0.0000,0.0000,179.9998,0.0015,179.9091
7.0555,approaching,0.0000,0.2112,0.0000,0.0000,0.0000,0.0000,180.0000,0.0020,179.9090
7.0653,approaching,0.0000,0.2104,0.0000,0.0000,0.0000,0.0000,179.9998,0.0017,179.9090
7.0757,approaching,0.0000,0.2104,0.0000,0.0000,0.0000,0.0000,179.9998,0.0017,179.9090
7.0853,approaching,0.0000,0.2095,0.0000,0.0000,0.0000,0.0000,179.9995,0.0011,179.9090
7.0953,approaching,0.0000,0.2078,0.0000,0.0000,0.0000,0.0000,179.9999,0.0020,179.9089
7.1055,approaching,0.0000,0.2071,0.0000,0.0000,0.0000,0.0000,179.9999,0.0020,179.9089
7.1156,approaching,0.0000,0.2063,0.0000,0.0000,0.0000,0.0000,179.9999,0.0020,179.9089
7.1266,approaching,0.0000,0.2052,0.0000,0.0000,0.0000,0.0000,179.9996,0.0002,179.9089
7.1354,approaching,0.0000,0.2046,0.0000,0.0000,0.0000,0.0000,179.9996,0.0002,179.9089
7.1454,approaching,0.0000,0.2044,0.0000,0.0000,0.0000,0.0000,179.9997,0.0004,179.9088
7.1560,approaching,0.0000,0.2038,0.0000,0.0000,0.0000,0.0000,179.9995,-0.0000,179.9088
7.1654,approaching,0.0000,0.2032,0.0000,0.0000,0.0000,0.0000,179.9995,-0.0000,179.9088
7.1754,approaching,0.0000,0.2027,0.0000,0.0000,0.0000,0.0000,-179.9997,0.0019,179.9087
7.1853,approaching,0.0000,0.2022,0.0000,0.0000,0.0000,0.0000,-179.9999,0.0015,179.9087
7.1959,approaching,0.0000,0.2020,0.0000,0.0000,0.0000,0.0000,-179.9999,0.0015,179.9087
7.2054,approaching,0.0000,0.2019,0.0000,0.0000,0.0000,0.0000,180.0000,0.0012,179.9087
7.2153,approaching,0.0000,0.2022,0.0000,0.0000,0.0000,0.0000,179.9996,0.0004,179.9086
7.2252,approaching,0.0000,0.2025,0.0000,0.0000,0.0000,0.0000,179.9996,0.0004,179.9086
7.2356,approaching,0.0000,0.2028,0.0000,0.0000,0.0000,0.0000,179.9998,0.0009,179.9086
7.2453,approaching,0.0000,0.2033,0.0000,0.0000,0.0000,0.0000,179.9993,-0.0002,179.9086
7.2555,approaching,0.0000,0.2044,0.0000,0.0000,0.0000,0.0000,179.9993,-0.0002,179.9086
7.2653,approaching,0.0000,0.2061,0.0000,0.0000,0.0000,0.0000,179.9990,-0.0008,179.9085
7.2755,approaching,0.0000,0.2077,0.0000,0.0000,0.0000,0.0000,179.9993,0.0001,179.9084
7.2854,approaching,0.0000,0.2096,0.0000,0.0000,0.0000,0.0000,179.9993,0.0001,179.9084
7.2954,approaching,0.0000,0.2118,0.0000,0.0000,0.0000,0.0000,179.9991,-0.0004,179.9084
7.3053,approaching,0.0000,0.2135,0.0000,0.0000,0.0000,0.0000,179.9991,-0.0004,179.9084
7.3159,approaching,0.0000,0.2154,0.0000,0.0000,0.0000,0.0000,179.9991,-0.0004,179.9084
7.3254,approaching,0.0000,0.2183,0.0000,0.0000,0.0000,0.0000,179.9990,-0.0006,179.9083
7.3352,approaching,0.0000,0.2206,0.0000,0.0000,0.0000,0.0000,179.9993,0.0002,179.9088
7.3454,approaching,0.0000,0.2221,0.2005,0.0000,0.0000,0.0000,179.9993,0.0002,179.9088
7.3558,approaching,0.0000,0.2240,0.2023,0.0000,0.0000,0.0000,179.9994,0.0004,179.9088
7.3653,approaching,0.0000,0.2250,0.2032,0.0000,0.0000,0.0000,179.9998,0.0013,179.9088
7.3754,approaching,0.0000,0.2252,0.2039,0.0000,0.0000,0.0000,179.9998,0.0013,179.9088
7.3854,approaching,0.0000,0.2263,0.2049,0.0000,0.0000,0.0000,179.9998,0.0013,179.9088
7.3955,approaching,0.0000,0.2279,0.2061,0.0000,0.0000,0.0000,179.9998,0.0015,179.9087
7.4054,approaching,0.0000,0.2289,0.2075,0.0000,0.0000,0.0000,179.9998,0.0015,179.9087
7.4154,approaching,0.0000,0.2300,0.2087,0.0000,0.0000,0.0000,179.9997,0.0014,179.9087
7.4252,approaching,0.0000,0.2315,0.2100,0.0000,0.0000,0.0000,179.9992,0.0001,179.9086
7.4357,approaching,0.0000,0.2328,0.2114,0.0000,0.0000,0.0000,179.9992,0.0001,179.9086
7.4453,approaching,0.0000,0.2341,0.2126,0.0000,0.0000,0.0000,179.9987,-0.0008,179.9086
7.4555,approaching,0.0000,0.2361,0.2142,0.0000,0.0000,0.0000,179.9997,0.0016,179.9091
7.4654,approaching,0.0000,0.2383,0.2160,0.0000,0.0000,0.0000,179.9997,0.0016,179.9091
7.4755,approaching,0.0000,0.2400,0.2175,0.0000,0.0000,0.0000,179.9995,0.0011,179.9090
7.4853,approaching,0.0000,0.2417,0.2189,0.0000,0.0000,0.0000,-179.9999,0.0025,179.9090
7.4954,approaching,0.0000,0.2427,0.2195,0.0000,0.0000,0.0000,-179.9999,0.0025,179.9090
7.5054,approaching,0.0000,0.2435,0.2200,0.0000,0.0000,0.0000,-179.9999,0.0025,179.9090
7.5155,approaching,0.0000,0.2441,0.2204,0.0000,0.0000,0.0000,-179.9999,0.0011,179.9089
7.5257,approaching,0.0000,0.2445,0.2204,0.0000,0.0000,0.0000,-179.9999,0.0011,179.9089
7.5353,approaching,0.0000,0.2448,0.2205,0.0000,0.0000,0.0000,179.9999,0.0009,179.9089
7.5452,approaching,0.0000,0.2450,0.2207,0.0000,0.0000,0.0000,-179.9995,0.0023,179.9088
7.5553,approaching,0.0000,0.2449,0.2206,0.0000,0.0000,0.0000,-179.9995,0.0023,179.9088
7.5656,approaching,0.0000,0.2443,0.2199,0.0000,0.0000,0.0000,-179.9996,0.0020,179.9088
7.5755,approaching,0.0000,0.2436,0.2188,0.0000,0.0000,0.0000,-179.9999,0.0016,179.9087
7.5856,approaching,0.0000,0.2425,0.2173,0.0000,0.0000,0.0000,-179.9999,0.0016,179.9087
7.5962,approaching,0.0000,0.2409,0.2155,0.0000,0.0000,0.0000,-179.9997,0.0019,179.9087
7.6057,approaching,0.0000,0.2399,0.2141,0.0000,0.0000,0.0000,179.9998,0.0009,179.9087
7.6155,approaching,0.0000,0.2385,0.2123,0.0000,0.0000,0.0000,179.9998,0.0009,179.9087
7.6252,approaching,0.0000,0.2364,0.2104,0.0000,0.0000,0.0000,180.0000,0.0015,179.9086
7.6352,approaching,0.0000,0.2349,0.2087,0.0000,0.0000,0.0000,179.9998,0.0010,179.9086
7.6460,approaching,0.0000,0.2338,0.2071,0.0000,0.0000,0.0000,179.9998,0.0010,179.9086
7.6559,approaching,0.0000,0.2320,0.2054,0.0000,0.0000,0.0000,179.9996,0.0006,179.9086
7.6654,approaching,0.0000,0.2307,0.2040,0.0000,0.0000,0.0000,-179.9999,0.0017,179.9085
7.6756,approaching,0.0000,0.2296,0.2022,0.0000,0.0000,0.0000,-179.9999,0.0017,179.9085
7.6874,approaching,0.0000,0.2277,0.2002,0.0000,0.0000,0.0000,179.9999,0.0015,179.9088
7.6952,approaching,0.0000,0.2257,0.0000,0.0000,0.0000,0.0000,179.9998,0.0013,179.9088
7.7053,approaching,0.0000,0.2242,0.0000,0.0000,0.0000,0.0000,179.9998,0.0013,179.9088
7.7153,approaching,0.0000,0.2220,0.0000,0.0000,0.0000,0.0000,179.9999,0.0015,179.9087
7.7255,approaching,0.0000,0.2194,0.0000,0.0000,0.0000,0.0000,179.9996,0.0008,179.9087
7.7354,approaching,0.0000,0.2173,0.0000,0.0000,0.0000,0.0000,179.9996,0.0008,179.9087
7.7454,approaching,0.0000,0.2149,0.0000,0.0000,0.0000,0.0000,179.9997,0.0011,179.9087
7.7553,approaching,0.0000,0.2120,0.0000,0.0000,0.0000,0.0000,179.9997,0.0011,179.9087
7.7656,approaching,0.0000,0.2097,0.0000,0.0000,0.0000,0.0000,179.9997,0.0011,179.9087
7.7757,approaching,0.0000,0.2074,0.0000,0.0000,0.0000,0.0000,179.9994,0.0006,179.9086
7.7853,approaching,0.0000,0.2044,0.0000,0.0000,0.0000,0.0000,179.9994,0.0005,179.9086
7.7953,approaching,0.0000,0.2021,0.0000,0.0000,0.0000,0.0000,179.9994,0.0005,179.9086
7.8057,approaching,0.0000,0.0000,0.0000,0.0000,0.0000,0.0000,179.9998,0.0016,179.9091
7.8152,approaching,0.0000,0.0000,0.0000,0.0000,0.0000,0.0000,179.9996,0.0012,179.9090
7.8254,approaching,0.0000,0.0000,0.0000,0.0000,0.0000,0.0000,179.9996,0.0012,179.9090
7.8353,approaching,0.0000,0.0000,0.0000,0.0000,0.0000,0.0000,179.9991,0.0001,179.9090
7.8456,approaching,0.0000,0.0000,0.0000,0.0000,0.0000,0.0000,179.9993,0.0006,179.9090
7.8556,approaching,0.0000,0.0000,0.0000,0.0000,0.0000,0.0000,179.9993,0.0006,179.9090
7.8654,approaching,0.0000,0.0000,0.0000,0.0000,0.0000,0.0000,179.9991,0.0001,179.9089
7.8753,approaching,0.0000,0.0000,0.0000,0.0000,0.0000,0.0000,179.9995,0.0011,179.9094
7.8856,approaching,0.0000,0.0000,0.0000,0.0000,0.0000,0.0000,179.9995,0.0011,179.9094
7.8954,approaching,0.0000,0.0000,0.0000,0.0000,0.0000,0.0000,179.9995,0.0011,179.9094
7.9053,approaching,0.0000,0.0000,0.0000,0.0000,0.0000,0.0000,179.9996,0.0002,179.9093
7.9157,approaching,0.0000,0.0000,0.0000,0.0000,0.0000,0.0000,179.9996,0.0002,179.9093
7.9256,approaching,0.0000,0.0000,0.0000,0.0000,0.0000,0.0000,179.9997,0.0004,179.9093
7.9355,approaching,0.0000,0.0000,0.0000,0.0000,0.0000,0.0000,179.9997,0.0004,179.9093
7.9454,approaching,0.0000,0.0000,0.0000,0.0000,0.0000,0.0000,179.9997,0.0004,179.9093
7.9553,approaching,0.0000,0.0000,0.0000,0.0000,0.0000,0.0000,179.9997,0.0005,179.9092
7.9655,approaching,0.0000,0.0000,0.0000,0.0000,0.0000,0.0000,180.0000,0.0011,179.9092
7.9756,approaching,0.0000,0.0000,0.0000,0.0000,0.0000,0.0000,180.0000,0.0011,179.9092
7.9855,approaching,0.0000,0.0000,0.0000,0.0000,0.0000,0.0000,180.0000,0.0011,179.9092
7.9953,approaching,0.0000,0.0000,0.0000,0.0000,0.0000,0.0000,179.9996,0.0003,179.9091
8.0055,approaching,0.0000,0.0000,0.0000,0.0000,0.0000,0.0000,179.9996,0.0003,179.9091
8.0154,approaching,0.0000,0.0000,0.0000,0.0000,0.0000,0.0000,-179.9999,0.0016,179.9090
8.0252,approaching,0.0000,0.0000,0.0000,0.0000,0.0000,0.0000,-179.9999,0.0016,179.9090
8.0353,approaching,0.0000,0.0000,0.0000,0.0000,0.0000,0.0000,-179.9999,0.0016,179.9090
8.0453,approaching,0.0000,0.0000,0.0000,0.0000,0.0000,0.0000,179.9993,-0.0000,179.9086
8.0555,approaching,0.0000,0.0000,0.0000,0.0000,0.0000,0.0000,179.9995,0.0005,179.9086
8.0655,approaching,0.0000,0.0000,0.0000,0.0000,0.0000,0.0000,179.9995,0.0005,179.9086
8.0756,approaching,0.0000,0.0000,0.0000,0.0000,0.0000,0.0000,179.9998,0.0012,179.9086
8.0856,approaching,0.0000,0.0000,0.0000,0.0000,0.0000,0.0000,179.9999,0.0014,179.9085
8.0958,approaching,0.0000,0.0000,0.0000,0.0000,0.0000,0.0000,179.9999,0.0014,179.9085
8.1059,approaching,0.0000,0.0000,0.0000,0.0000,0.0000,0.0000,179.9999,0.0014,179.9085
8.1155,approaching,0.0000,0.0000,0.0000,0.0000,0.0000,0.0000,-179.9999,0.0019,179.9088
8.1261,approaching,0.0000,0.0000,0.0000,0.0000,0.0000,0.0000,-179.9999,0.0019,179.9088
8.1352,approaching,0.0000,0.0000,0.0000,0.0000,0.0000,0.0000,180.0000,0.0019,179.9088
8.1455,approaching,0.0000,0.0000,0.0000,0.0000,0.0000,0.0000,179.9996,0.0010,179.9084
8.1554,approaching,0.0000,0.0000,0.0000,0.0000,0.0000,0.0000,179.9996,0.0010,179.9084
8.1662,approaching,0.0000,0.0000,0.0000,0.0000,0.0000,0.0000,179.9999,0.0016,179.9083
8.1753,approaching,0.0000,0.0000,0.0000,0.0000,0.0000,0.0000,180.0000,0.0019,179.9083
8.1854,approaching,0.0000,0.0000,0.0000,0.0000,0.0000,0.0000,180.0000,0.0019,179.9083
8.1952,approaching,0.0000,0.0000,0.0000,0.0000,0.0000,0.0000,-179.9996,0.0029,179.9082
8.2054,approaching,0.0000,0.0000,0.0000,0.0000,0.0000,0.0000,180.0000,0.0019,179.9082
8.2156,approaching,0.0000,0.0000,0.0000,0.0000,0.0000,0.0000,180.0000,0.0019,179.9082
8.2255,approaching,0.0000,0.0000,0.0000,0.0000,0.0000,0.0000,-179.9998,0.0025,179.9082
8.2352,approaching,0.0000,0.0000,0.0000,0.0000,0.0000,0.0000,-179.9996,0.0030,179.9081
8.2458,approaching,0.0000,0.0000,0.0000,0.0000,0.0000,0.0000,-179.9996,0.0030,179.9081
8.2559,approaching,0.0000,0.0000,0.0000,0.0000,0.0000,0.0000,-179.9991,0.0042,179.9081
8.2655,approaching,0.0000,0.0000,0.0000,0.0000,0.0000,0.0000,-179.9997,0.0029,179.9081
8.2753,approaching,0.0000,0.0000,0.0000,0.0000,0.0000,0.0000,-179.9997,0.0029,179.9081
8.2855,approaching,0.0000,0.0000,0.0000,0.0000,0.0000,0.0000,-179.9997,0.0017,179.9080
8.2955,approaching,0.0000,0.0000,0.0000,0.0000,0.0000,0.0000,-179.9997,0.0015,179.9080
8.3059,approaching,0.0000,0.0000,0.0000,0.0000,0.0000,0.0000,-179.9997,0.0015,179.9080
8.3153,approaching,0.0000,0.0000,0.0000,0.0000,0.0000,0.0000,179.9996,0.0002,179.9079
8.3254,approaching,0.0000,0.0000,0.0000,0.0000,0.0000,0.0000,179.9997,0.0004,179.9084
8.3357,approaching,0.0000,0.0000,0.0000,0.0000,0.0000,0.0000,179.9997,0.0004,179.9084
8.3453,approaching,0.0000,0.0000,0.0000,0.0000,0.0000,0.0000,179.9997,0.0005,179.9088
8.3555,approaching,0.0000,0.0000,0.0000,0.0000,0.0000,0.0000,179.9997,0.0005,179.9088
8.3652,approaching,0.0000,0.0000,0.0000,0.0000,0.0000,0.0000,179.9997,0.0005,179.9088
8.3753,approaching,0.0000,0.0000,0.0000,0.0000,0.0000,0.0000,179.9998,0.0008,179.9087
8.3853,approaching,0.0000,0.0000,0.0000,0.0000,0.0000,0.0000,179.9999,0.0009,179.9086
8.3954,approaching,0.0000,0.0000,0.0000,0.0000,0.0000,0.0000,179.9999,0.0009,179.9086
8.4055,approaching,0.0000,0.0000,0.0000,0.0000,0.0000,0.0000,179.9996,0.0005,179.9086
8.4153,approaching,0.0000,0.0000,0.0000,0.0000,0.0000,0.0000,179.9995,0.0002,179.9086
8.4255,approaching,0.0000,0.0000,0.0000,0.0000,0.0000,0.0000,179.9995,0.0002,179.9086
8.4354,approaching,0.0000,0.0000,0.0000,0.0000,0.0000,0.0000,179.9998,0.0010,179.9085
8.4454,approaching,0.0000,0.0000,0.0000,0.0000,0.0000,0.0000,179.9999,0.0013,179.9090
8.4556,approaching,0.0000,0.0000,0.0000,0.0000,0.0000,0.0000,179.9999,0.0013,179.9090
8.4656,approaching,0.0000,0.0000,0.0000,0.0000,0.0000,0.0000,-179.9997,0.0021,179.9090
8.4753,approaching,0.0000,0.0000,0.0000,0.0000,0.0000,0.0000,179.9999,0.0013,179.9090
8.4859,approaching,0.0000,0.0000,0.0000,0.0000,0.0000,0.0000,179.9999,0.0013,179.9090
8.4954,approaching,0.0000,0.0000,0.0000,0.0000,0.0000,0.0000,179.9998,0.0011,179.9089
8.5056,approaching,0.0000,0.0000,0.0000,0.0000,0.0000,0.0000,179.9992,-0.0002,179.9089
8.5156,approaching,0.0000,0.0000,0.0000,0.0000,0.0000,0.0000,179.9992,-0.0002,179.9089
8.5258,approaching,0.0000,0.0000,0.0000,0.0000,0.0000,0.0000,179.9993,0.0002,179.9088
8.5353,approaching,0.0000,0.0000,0.0000,0.0000,0.0000,0.0000,179.9999,0.0015,179.9088
8.5454,approaching,0.0000,0.0000,0.0000,0.0000,0.0000,0.0000,179.9999,0.0015,179.9088
8.5554,approaching,0.0000,0.0000,0.0000,0.0000,0.0000,0.0000,179.9998,0.0014,179.9088
8.5658,approaching,0.0000,0.0000,0.0000,0.0000,0.0000,0.0000,179.9996,0.0011,179.9087
8.5754,approaching,0.0000,0.0000,0.0000,0.0000,0.0000,0.0000,179.9996,0.0011,179.9087
8.5853,approaching,0.0000,0.0000,0.0000,0.0000,0.0000,0.0000,179.9996,0.0011,179.9087
8.5952,approaching,0.0000,0.0000,0.0000,0.0000,0.0000,0.0000,179.9996,0.0012,179.9086
8.6057,approaching,0.0000,0.0000,0.0000,0.0000,0.0000,0.0000,179.9996,0.0012,179.9086
8.6154,approaching,0.0000,0.0000,0.0000,0.0000,0.0000,0.0000,179.9995,0.0009,179.9083
8.6253,approaching,0.0000,0.0000,0.0000,0.0000,0.0000,0.0000,179.9996,0.0011,179.9082
8.6355,approaching,0.0000,0.0000,0.0000,0.0000,0.0000,0.0000,179.9996,0.0011,179.9082
8.6457,approaching,0.0000,0.0000,0.0000,0.0000,0.0000,0.0000,179.9994,0.0008,179.9082
8.6555,approaching,0.0000,0.0000,0.0000,0.0000,0.0000,0.0000,179.9997,0.0001,179.9085
8.6653,approaching,0.0000,0.0000,0.0000,0.0000,0.0000,0.0000,179.9997,0.0001,179.9085
8.6753,approaching,0.0000,0.0000,0.0000,0.0000,0.0000,0.0000,179.9998,0.0003,179.9081
8.6860,approaching,0.0000,0.0000,0.0000,0.0000,0.0000,0.0000,179.9999,0.0007,179.9080
8.6955,approaching,0.0000,0.0000,0.0000,0.0000,0.0000,0.0000,179.9999,0.0007,179.9080
8.7055,approaching,0.0000,0.0000,0.0000,0.0000,0.0000,0.0000,179.9999,0.0007,179.9080
8.7151,approaching,0.0000,0.0000,0.0000,0.0000,0.0000,0.0000,179.9996,0.0001,179.9083
8.7254,approaching,0.0000,0.0000,0.0000,0.0000,0.0000,0.0000,179.9996,0.0001,179.9083
8.7352,approaching,0.0000,0.0000,0.0000,0.0000,0.0000,0.0000,179.9996,0.0001,179.9083
8.7456,approaching,0.0000,0.0000,0.0000,0.0000,0.0000,0.0000,179.9994,-0.0002,179.9083
8.7565,approaching,0.0000,0.0000,0.0000,0.0000,0.0000,0.0000,179.9994,-0.0002,179.9083
8.7656,approaching,0.0000,0.0000,0.0000,0.0000,0.0000,0.0000,179.9996,0.0003,179.9088
8.7752,approaching,0.0000,0.0000,0.0000,0.0000,0.0000,0.0000,179.9998,0.0008,179.9088
8.7853,approaching,0.0000,0.0000,0.0000,0.0000,0.0000,0.0000,179.9998,0.0008,179.9088
8.7957,approaching,0.0000,0.0000,0.0000,0.0000,0.0000,0.0000,-179.9999,0.0015,179.9087
8.8053,approaching,0.0000,0.0000,0.0000,0.0000,0.0000,0.0000,-179.9998,0.0018,179.9087
8.8153,approaching,0.0000,0.0000,0.0000,0.0000,0.0000,0.0000,-179.9998,0.0018,179.9087
8.8252,approaching,0.0000,0.0000,0.0000,0.0000,0.0000,0.0000,-179.9998,0.0017,179.9086
8.8357,approaching,0.0000,0.0000,0.0000,0.0000,0.0000,0.0000,-179.9997,0.0020,179.9086
8.8452,approaching,0.0000,0.0000,0.0000,0.0000,0.0000,0.0000,-179.9997,0.0020,179.9086
8.8559,approaching,0.0000,0.0000,0.0000,0.0000,0.0000,0.0000,179.9998,0.0011,179.9085
8.8652,approaching,0.0000,0.0000,0.0000,0.0000,0.0000,0.0000,-179.9996,0.0023,179.9085
8.8765,approaching,0.0000,0.0000,0.0000,0.0000,0.0000,0.0000,-179.9996,0.0023,179.9085
8.8854,approaching,0.0000,0.0000,0.0000,0.0000,0.0000,0.0000,-179.9996,0.0024,179.9085
8.8953,approaching,0.0000,0.0000,0.0000,0.0000,0.0000,0.0000,-179.9994,0.0029,179.9084
8.9054,approaching,0.0000,0.0000,0.0000,0.0000,0.0000,0.0000,-179.9994,0.0029,179.9084
8.9158,approaching,0.0000,0.0000,0.0000,0.0000,0.0000,0.0000,-179.9996,0.0026,179.9084
8.9252,approaching,0.0000,0.0000,0.0000,0.0000,0.0000,0.0000,-179.9998,0.0022,179.9089
8.9352,approaching,0.0000,0.0000,0.0000,0.0000,0.0000,0.0000,-179.9998,0.0022,179.9089
8.9453,approaching,0.0000,0.0000,0.0000,0.0000,0.0000,0.0000,-179.9999,0.0019,179.9088
8.9560,approaching,0.0000,0.0000,0.0000,0.0000,0.0000,0.0000,179.9996,0.0010,179.9088
8.9653,approaching,0.0000,0.0000,0.0000,0.0000,0.0000,0.0000,179.9996,0.0010,179.9088
8.9753,approaching,0.0000,0.0000,0.0000,0.0000,0.0000,0.0000,179.9997,0.0011,179.9088
8.9852,approaching,0.0000,0.0000,0.0000,0.0000,0.0000,0.0000,179.9998,0.0015,179.9087
8.9957,approaching,0.0000,0.0000,0.0000,0.0000,0.0000,0.0000,179.9998,0.0015,179.9087
9.0053,approaching,0.0000,0.0000,0.0000,0.0000,0.0000,0.0000,179.9994,0.0007,179.9087
9.0152,approaching,0.0000,0.0000,0.0000,0.0000,0.0000,0.0000,180.0000,0.0019,179.9086
9.0252,approaching,0.0000,0.0000,0.0000,0.0000,0.0000,0.0000,180.0000,0.0019,179.9086
9.0355,approaching,0.0000,0.0000,0.0000,0.0000,0.0000,0.0000,179.9995,0.0010,179.9086
9.0453,approaching,0.0000,0.0000,0.0000,0.0000,0.0000,0.0000,179.9994,0.0008,179.9086
9.0556,approaching,0.0000,0.0000,0.0000,0.0000,0.0000,0.0000,179.9994,0.0008,179.9086
9.0652,approaching,0.0000,0.0000,0.0000,0.0000,0.0000,0.0000,179.9994,0.0009,179.9085
9.0754,approaching,0.0000,0.0000,0.0000,0.0000,0.0000,0.0000,179.9993,0.0006,179.9085
9.0853,approaching,0.0000,0.0000,0.0000,0.0000,0.0000,0.0000,179.9993,0.0006,179.9085
9.0954,approaching,0.0000,0.0000,0.0000,0.0000,0.0000,0.0000,-179.9998,0.0027,179.9084
9.1052,approaching,0.0000,0.0000,0.0000,0.0000,0.0000,0.0000,-179.9998,0.0027,179.9084
9.1158,approaching,0.0000,0.0000,0.0000,0.0000,0.0000,0.0000,-179.9998,0.0027,179.9084
9.1254,approaching,0.0000,0.0000,0.0000,0.0000,0.0000,0.0000,179.9998,0.0019,179.9084
9.1353,approaching,0.0000,0.0000,0.0000,0.0000,0.0000,0.0000,179.9995,0.0011,179.9083
9.1452,approaching,0.0000,0.0000,0.0000,0.0000,0.0000,0.0000,179.9995,0.0011,179.9083
9.1559,approaching,0.0000,0.0000,0.0000,0.0000,0.0000,0.0000,179.9997,0.0018,179.9083
9.1653,approaching,0.0000,0.0000,0.0000,0.0000,0.0000,0.0000,179.9990,0.0003,179.9083
9.1753,approaching,0.0000,0.0000,0.0000,0.0000,0.0000,0.0000,179.9990,0.0003,179.9083
9.1853,approaching,0.0000,0.0000,0.0000,0.0000,0.0000,0.0000,180.0000,0.0011,179.9082
9.1958,approaching,0.0000,0.0000,0.0000,0.0000,0.0000,0.0000,180.0000,0.0012,179.9082
9.2062,approaching,0.0000,0.0000,0.0000,0.0000,0.0000,0.0000,180.0000,0.0012,179.9082
9.2153,approaching,0.0000,0.0000,0.0000,0.0000,0.0000,0.0000,179.9997,0.0005,179.9082
9.2253,approaching,0.0000,0.0000,0.0000,0.0000,0.0000,0.0000,-179.9999,0.0015,179.9081
9.2352,approaching,0.0000,0.0000,0.0000,0.0000,0.0000,0.0000,-179.9999,0.0015,179.9081
9.2457,approaching,0.0000,0.0000,0.0000,0.0000,0.0000,0.0000,-179.9996,0.0023,179.9081
9.2555,approaching,0.0000,0.0000,0.0000,0.0000,0.0000,0.0000,-179.9996,0.0023,179.9086
9.2654,approaching,0.0000,0.0000,0.0000,0.0000,0.0000,0.0000,-179.9996,0.0023,179.9086
9.2753,approaching,0.0000,0.0000,0.0000,0.0000,0.0000,0.0000,-179.9993,0.0030,179.9086
9.2856,approaching,0.0000,0.0000,0.0000,0.0000,0.0000,0.0000,179.9999,0.0012,179.9085
9.2954,approaching,0.0000,0.0000,0.0000,0.0000,0.0000,0.0000,179.9999,0.0012,179.9085
9.3054,approaching,0.0000,0.0000,0.0000,0.0000,0.0000,0.0000,180.0000,0.0015,179.9085
9.3152,approaching,0.0000,0.0000,0.0000,0.0000,0.0000,0.0000,179.9997,0.0009,179.9084
9.3264,approaching,0.0000,0.0000,0.0000,0.0000,0.0000,0.0000,179.9997,0.0009,179.9084
9.3352,approaching,0.0000,0.0000,0.0000,0.0000,0.0000,0.0000,179.9998,0.0011,179.9084
9.3452,approaching,0.0000,0.0000,0.0000,0.0000,0.0000,0.0000,-179.9999,0.0019,179.9084
9.3554,approaching,0.0000,0.0000,0.0000,0.0000,0.0000,0.0000,-179.9999,0.0019,179.9084
9.3663,approaching,0.0000,0.0000,0.0000,0.0000,0.0000,0.0000,180.0000,0.0018,179.9083
9.3752,approaching,0.0000,0.0000,0.0000,0.0000,0.0000,0.0000,179.9997,0.0011,179.9083
9.3853,approaching,0.0000,0.0000,0.0000,0.0000,0.0000,0.0000,179.9997,0.0011,179.9083
9.3953,approaching,0.0000,0.0000,0.0000,0.0000,0.0000,0.0000,180.0000,0.0006,179.9082
9.4065,approaching,0.0000,0.0000,0.0000,0.0000,0.0000,0.0000,179.9998,-0.0000,179.9082
9.4153,approaching,0.0000,0.0000,0.0000,0.0000,0.0000,0.0000,179.9998,-0.0000,179.9082
9.4253,approaching,0.0000,0.0000,0.0000,0.0000,0.0000,0.0000,180.0000,0.0007,179.9087
9.4353,approaching,0.0000,0.0000,0.0000,0.0000,0.0000,0.0000,-179.9996,0.0016,179.9087
9.4455,approaching,0.0000,0.0000,0.0000,0.0000,0.0000,0.0000,-179.9996,0.0016,179.9087
9.4557,approaching,0.0000,0.0000,0.0000,0.0000,0.0000,0.0000,-179.9997,0.0012,179.9086
9.4652,approaching,0.0000,0.0000,0.0000,0.0000,0.0000,0.0000,-179.9999,0.0010,179.9086
9.4752,approaching,0.0000,0.0000,0.0000,0.0000,0.0000,0.0000,-179.9999,0.0010,179.9086
9.4857,approaching,0.0000,0.0000,0.0000,0.0000,0.0000,0.0000,-179.9999,0.0010,179.9086
9.4953,approaching,0.0000,0.0000,0.0000,0.0000,0.0000,0.0000,180.0000,0.0008,179.9086
9.5055,approaching,0.0000,0.0000,0.0000,0.0000,0.0000,0.0000,180.0000,0.0008,179.9086
9.5153,approaching,0.0000,0.0000,0.0000,0.0000,0.0000,0.0000,-179.9997,0.0015,179.9085
9.5253,approaching,0.0000,0.0000,0.0000,0.0000,0.0000,0.0000,180.0000,0.0008,179.9085
9.5353,approaching,0.0000,0.0000,0.0000,0.0000,0.0000,0.0000,180.0000,0.0008,179.9085
9.5452,approaching,0.0000,0.0000,0.0000,0.0000,0.0000,0.0000,180.0000,0.0010,179.9084
9.5553,approaching,0.0000,0.0000,0.0000,0.0000,0.0000,0.0000,-179.9995,0.0022,179.9084
9.5653,approaching,0.0000,0.0000,0.0000,0.0000,0.0000,0.0000,-179.9995,0.0022,179.9084
9.5753,approaching,0.0000,0.0000,0.0000,0.0000,0.0000,0.0000,-179.9998,0.0016,179.9083
9.5852,approaching,0.0000,0.0000,0.0000,0.0000,0.0000,0.0000,180.0000,0.0011,179.9083
9.5952,approaching,0.0000,0.0000,0.0000,0.0000,0.0000,0.0000,180.0000,0.0011,179.9083
9.6058,approaching,0.0000,0.0000,0.0000,0.0000,0.0000,0.0000,179.9997,0.0005,179.9083
9.6152,approaching,0.0000,0.0000,0.0000,0.0000,0.0000,0.0000,179.9999,0.0009,179.9082
9.6252,approaching,0.0000,0.0000,0.0000,0.0000,0.0000,0.0000,179.9999,0.0009,179.9082
9.6353,approaching,0.0000,0.0000,0.0000,0.0000,0.0000,0.0000,-179.9997,0.0020,179.9087
9.6471,approaching,0.0000,0.0000,0.0000,0.0000,0.0000,0.0000,-179.9995,0.0023,179.9087
9.6557,approaching,0.0000,0.0000,0.0000,0.0000,0.0000,0.0000,-179.9995,0.0023,179.9087
9.6653,approaching,0.0000,0.0000,0.0000,0.0000,0.0000,0.0000,-179.9994,0.0013,179.9086
9.6752,approaching,0.0000,0.0000,0.0000,0.0000,0.0000,0.0000,-179.9993,0.0017,179.9086
9.6861,approaching,0.0000,0.0000,0.0000,0.0000,0.0000,0.0000,-179.9993,0.0017,179.9086
9.6954,approaching,0.0000,0.0000,0.0000,0.0000,0.0000,0.0000,-179.9990,0.0023,179.9086
9.7056,approaching,0.0000,0.0000,0.0000,0.0000,0.0000,0.0000,-179.9990,0.0023,179.9086
9.7152,approaching,0.0000,0.0000,0.0000,0.0000,0.0000,0.0000,-179.9990,0.0023,179.9086
9.7257,approaching,0.0000,0.0000,0.0000,0.0000,0.0000,0.0000,-179.9991,0.0022,179.9085
9.7352,approaching,0.0000,0.0000,0.0000,0.0000,0.0000,0.0000,-179.9991,0.0022,179.9085
9.7453,approaching,0.0000,0.0000,0.0000,0.0000,0.0000,0.0000,-179.9991,0.0022,179.9085
9.7553,approaching,0.0000,0.0000,0.0000,0.0000,0.0000,0.0000,-179.9992,0.0020,179.9084
9.7653,approaching,0.0000,0.0000,0.0000,0.0000,0.0000,0.0000,-179.9994,0.0017,179.9084
9.7756,approaching,0.0000,0.0000,0.0000,0.0000,0.0000,0.0000,-179.9994,0.0017,179.9084
9.7855,approaching,0.0000,0.0000,0.0000,0.0000,0.0000,0.0000,180.0000,0.0003,179.9084
9.7953,approaching,0.0000,0.0000,0.0000,0.0000,0.0000,0.0000,-179.9998,0.0008,179.9083
9.8058,approaching,0.0000,0.0000,0.0000,0.0000,0.0000,0.0000,-179.9998,0.0008,179.9083
9.8156,approaching,0.0000,0.0000,0.0000,0.0000,0.0000,0.0000,179.9999,0.0003,179.9083
9.8255,approaching,0.0000,0.0000,0.0000,0.0000,0.0000,0.0000,179.9998,-0.0000,179.9082
9.8353,approaching,0.0000,0.0000,0.0000,0.0000,0.0000,0.0000,179.9998,-0.0000,179.9082
9.8454,approaching,0.0000,0.0000,0.0000,0.0000,0.0000,0.0000,-179.9996,0.0013,179.9082
9.8558,approaching,0.0000,0.0000,0.0000,0.0000,0.0000,0.0000,179.9999,0.0003,179.9089
9.8653,approaching,0.0000,0.0000,0.0000,0.0000,0.0000,0.0000,179.9999,0.0003,179.9089
9.8754,approaching,0.0000,0.0000,0.0000,0.0000,0.0000,0.0000,179.9998,0.0002,179.9088
9.8852,approaching,0.0000,0.0000,0.0000,0.0000,0.0000,0.0000,179.9997,0.0001,179.9088
9.8954,approaching,0.0000,0.0000,0.0000,0.0000,0.0000,0.0000,179.9997,0.0001,179.9088
9.9056,approaching,0.0000,0.0000,0.0000,0.0000,0.0000,0.0000,179.9995,-0.0004,179.9088
9.9156,approaching,0.0000,0.0000,0.0000,0.0000,0.0000,0.0000,179.9996,-0.0002,179.9087
9.9258,approaching,0.0000,0.0000,0.0000,0.0000,0.0000,0.0000,179.9996,-0.0002,179.9087
9.9353,approaching,0.0000,0.0000,0.0000,0.0000,0.0000,0.0000,179.9998,0.0002,179.9087
9.9453,approaching,0.0000,0.0000,0.0000,0.0000,0.0000,0.0000,180.0000,0.0009,179.9086
9.9553,approaching,0.0000,0.0000,0.0000,0.0000,0.0000,0.0000,180.0000,0.0009,179.9086
9.9658,approaching,0.0000,0.0000,0.0000,0.0000,0.0000,0.0000,-179.9999,0.0011,179.9086
9.9754,approaching,0.0000,0.0000,0.0000,0.0000,0.0000,0.0000,-179.9999,0.0012,179.9085
9.9855,approaching,0.0000,0.0000,0.0000,0.0000,0.0000,0.0000,-179.9999,0.0012,179.9085
9.9953,approaching,0.0000,0.0000,0.0000,0.0000,0.0000,0.0000,-179.9997,0.0018,179.9085
10.0052,approaching,0.0000,0.0000,0.0000,0.0000,0.0000,0.0000,179.9997,0.0005,179.9090
10.0159,approaching,0.0000,0.0000,0.0000,0.0000,0.0000,0.0000,179.9997,0.0005,179.9090
10.0253,approaching,0.0000,0.0000,0.0000,0.0000,0.0000,0.0000,179.9994,-0.0002,179.9090
10.0353,approaching,0.0000,0.0000,0.0000,0.0000,0.0000,0.0000,179.9995,-0.0001,179.9089
10.0455,approaching,0.0000,0.0000,0.0000,0.0000,0.0000,0.0000,179.9995,-0.0001,179.9089
10.0563,approaching,0.0000,0.0000,0.0000,0.0000,0.0000,0.0000,179.9991,-0.0009,179.9089
10.0653,approaching,0.0000,0.0000,0.0000,0.0000,0.0000,0.0000,179.9991,-0.0009,179.9089
10.0752,approaching,0.0000,0.0000,0.0000,0.0000,0.0000,0.0000,179.9991,-0.0009,179.9089
10.0853,approaching,0.0000,0.0000,0.0000,0.0000,0.0000,0.0000,179.9997,0.0006,179.9088
10.0960,approaching,0.0000,0.0000,0.0000,0.0000,0.0000,0.0000,179.9997,0.0007,179.9088
10.1055,approaching,0.0000,0.0000,0.0000,0.0000,0.0000,0.0000,179.9997,0.0007,179.9088
10.1153,approaching,0.0000,0.0000,0.0000,0.0000,0.0000,0.0000,179.9992,-0.0005,179.9088
10.1253,approaching,0.0000,0.0000,0.0000,0.0000,0.0000,0.0000,179.9996,0.0006,179.9093
10.1361,approaching,0.0000,0.0000,0.0000,0.0000,0.0000,0.0000,179.9996,0.0006,179.9093
10.1456,approaching,0.0000,0.0000,0.0000,0.0000,0.0000,0.0000,179.9994,0.0001,179.9092
10.1554,approaching,0.0000,0.0000,0.0000,0.0000,0.0000,0.0000,179.9998,0.0011,179.9092
10.1653,approaching,0.0000,0.0000,0.0000,0.0000,0.0000,0.0000,179.9998,0.0011,179.9092
10.1753,approaching,0.0000,0.0000,0.0000,0.0000,0.0000,0.0000,179.9999,0.0013,179.9091
10.1853,approaching,0.0000,0.0000,0.0000,0.0000,0.0000,0.0000,179.9999,0.0014,179.9091
10.1953,approaching,0.0000,0.0000,0.0000,0.0000,0.0000,0.0000,179.9999,0.0014,179.9091
10.2056,approaching,0.0000,0.0000,0.0000,0.0000,0.0000,0.0000,180.0000,0.0017,179.9091
10.2156,approaching,0.0000,0.0000,0.0000,0.0000,0.0000,0.0000,179.9996,0.0008,179.9090
10.2254,approaching,0.0000,0.0000,0.0000,0.0000,0.0000,0.0000,179.9996,0.0008,179.9090
10.2353,approaching,0.0000,0.0000,0.0000,0.0000,0.0000,0.0000,179.9995,0.0006,179.9090
10.2452,approaching,0.0000,0.0000,0.0000,0.0000,0.0000,0.0000,179.9998,0.0013,179.9089
10.2555,approaching,0.0000,0.0000,0.0000,0.0000,0.0000,0.0000,179.9998,0.0013,179.9089
10.2655,approaching,0.0000,0.0000,0.0000,0.0000,0.0000,0.0000,-179.9999,0.0022,179.9089
10.2752,approaching,0.0000,0.0000,0.0000,0.0000,0.0000,0.0000,-179.9999,0.0022,179.9088
10.2853,approaching,0.0000,0.0000,0.0000,0.0000,0.0000,0.0000,-179.9999,0.0022,179.9088
10.2954,approaching,0.0000,0.0000,0.0000,0.0000,0.0000,0.0000,-179.9999,0.0022,179.9088
10.3057,approaching,0.0000,0.0000,0.0000,0.0000,0.0000,0.0000,-179.9997,0.0025,179.9088
10.3153,approaching,0.0000,0.0000,0.0000,0.0000,0.0000,0.0000,-179.9997,0.0025,179.9088
10.3254,approaching,0.0000,0.0000,0.0000,0.0000,0.0000,0.0000,180.0000,0.0020,179.9088
10.3354,approaching,0.0000,0.0000,0.0000,0.0000,0.0000,0.0000,179.9995,0.0009,179.9088
10.3454,approaching,0.0000,0.0000,0.0000,0.0000,0.0000,0.0000,179.9995,0.0009,179.9088
10.3555,approaching,0.0000,0.0000,0.0000,0.0000,0.0000,0.0000,179.9991,0.0001,179.9087
10.3653,approaching,0.0000,0.0000,0.0000,0.0000,0.0000,0.0000,179.9999,0.0019,179.9087
10.3752,approaching,0.0000,0.0000,0.0000,0.0000,0.0000,0.0000,179.9999,0.0019,179.9087
10.3854,approaching,0.0000,0.0000,0.0000,0.0000,0.0000,0.0000,179.9999,0.0019,179.9086
10.3952,approaching,0.0000,0.0000,0.0000,0.0000,0.0000,0.0000,-179.9998,0.0027,179.9086
10.4056,approaching,0.0000,0.0000,0.0000,0.0000,0.0000,0.0000,-179.9998,0.0027,179.9086
10.4153,approaching,0.0000,0.0000,0.0000,0.0000,0.0000,0.0000,-179.9999,0.0025,179.9086
10.4253,approaching,0.0000,0.0000,0.0000,0.0000,0.0000,0.0000,179.9996,0.0015,179.9085
10.4352,approaching,0.0000,0.0000,0.0000,0.0000,0.0000,0.0000,179.9996,0.0015,179.9085
10.4452,approaching,0.0000,0.0000,0.0000,0.0000,0.0000,0.0000,179.9996,0.0015,179.9085
10.4553,approaching,0.0000,0.0000,0.0000,0.0000,0.0000,0.0000,-179.9999,0.0012,179.9084
10.4654,approaching,0.0000,0.0000,0.0000,0.0000,0.0000,0.0000,-179.9999,0.0012,179.9084
10.4753,approaching,0.0000,0.0000,0.0000,0.0000,0.0000,0.0000,180.0000,0.0011,179.9089
10.4853,approaching,0.0000,0.0000,0.0000,0.0000,0.0000,0.0000,179.9997,0.0004,179.9089
10.4953,approaching,0.0000,0.0000,0.0000,0.0000,0.0000,0.0000,179.9997,0.0004,179.9089
10.5059,approaching,0.0000,0.0000,0.0000,0.0000,0.0000,0.0000,179.9996,0.0004,179.9088
10.5152,approaching,0.0000,0.0000,0.0000,0.0000,0.0000,0.0000,179.9994,-0.0001,179.9088
10.5253,approaching,0.0000,0.0000,0.0000,0.0000,0.0000,0.0000,179.9994,-0.0001,179.9088
10.5354,approaching,0.0000,0.0000,0.0000,0.0000,0.0000,0.0000,179.9998,0.0008,179.9088
10.5457,approaching,0.0000,0.0000,0.0000,0.0000,0.0000,0.0000,179.9995,0.0003,179.9087
10.5559,approaching,0.0000,0.0000,0.0000,0.0000,0.0000,0.0000,179.9995,0.0003,179.9087
10.5654,approaching,0.0000,0.0000,0.0000,0.0000,0.0000,0.0000,179.9997,0.0008,179.9087
10.5752,approaching,0.0000,0.0000,0.0000,0.0000,0.0000,0.0000,179.9997,0.0008,179.9087
10.5856,approaching,0.0000,0.0000,0.0000,0.0000,0.0000,0.0000,179.9997,0.0008,179.9087
10.5953,approaching,0.0000,0.0000,0.0000,0.0000,0.0000,0.0000,179.9998,0.0010,179.9086
10.6057,approaching,0.0000,0.0000,0.0000,0.0000,0.0000,0.0000,-179.9997,0.0007,179.9091
10.6154,approaching,0.0000,0.0000,0.0000,0.0000,0.0000,0.0000,-179.9997,0.0007,179.9091
10.6259,approaching,0.0000,0.0000,0.0000,0.0000,0.0000,0.0000,-179.9996,0.0011,179.9091
10.6362,approaching,0.0000,0.0000,0.0000,0.0000,0.0000,0.0000,-179.9995,0.0014,179.9091
10.6456,approaching,0.0000,0.0000,0.0000,0.0000,0.0000,0.0000,-179.9995,0.0014,179.9091
10.6554,approaching,0.0000,0.0000,0.0000,0.0000,0.0000,0.0000,-179.9997,0.0008,179.9090
10.6657,approaching,0.0000,0.0000,0.0000,0.0000,0.0000,0.0000,-179.9996,0.0013,179.9090
10.6754,approaching,0.0000,0.0000,0.0000,0.0000,0.0000,0.0000,-179.9996,0.0013,179.9090
10.6853,approaching,0.0000,0.0000,0.0000,0.0000,0.0000,0.0000,-179.9995,0.0016,179.9090
10.6952,approaching,0.0000,0.0000,0.0000,0.0000,0.0000,0.0000,-179.9998,0.0009,179.9089
10.7062,approaching,0.0000,0.0000,0.0000,0.0000,0.0000,0.0000,-179.9998,0.0009,179.9089
10.7154,approaching,0.0000,0.0000,0.0000,0.0000,0.0000,0.0000,180.0000,0.0004,179.9089
10.7252,approaching,0.0000,0.0000,0.0000,0.0000,0.0000,0.0000,-179.9998,0.0009,179.9088
10.7352,approaching,0.0000,0.0000,0.0000,0.0000,0.0000,0.0000,-179.9998,0.0009,179.9088
10.7460,approaching,0.0000,0.0000,0.0000,0.0000,0.0000,0.0000,-179.9993,0.0007,179.9088
10.7558,approaching,0.0000,0.0000,0.0000,0.0000,0.0000,0.0000,-179.9995,0.0003,179.9088
10.7655,approaching,0.0000,0.0000,0.0000,0.0000,0.0000,0.0000,-179.9995,0.0003,179.9088
10.7755,approaching,0.0000,0.0000,0.0000,0.0000,0.0000,0.0000,179.9999,-0.0008,179.9087
10.7854,approaching,0.0000,0.0000,0.0000,0.0000,0.0000,0.0000,179.9999,-0.0010,179.9087
10.7955,approaching,0.0000,0.0000,0.0000,0.0000,0.0000,0.0000,179.9999,-0.0010,179.9087
10.8053,approaching,0.0000,0.0000,0.0000,0.0000,0.0000,0.0000,179.9996,-0.0015,179.9086
10.8153,approaching,0.0000,0.0000,0.0000,0.0000,0.0000,0.0000,179.9998,-0.0011,179.9086
10.8261,approaching,0.0000,0.0000,0.0000,0.0000,0.0000,0.0000,179.9998,-0.0011,179.9086
10.8354,approaching,0.0000,0.0000,0.0000,0.0000,0.0000,0.0000,-179.9998,-0.0001,179.9086
10.8455,approaching,0.0000,0.0000,0.0000,0.0000,0.0000,0.0000,-179.9997,0.0001,179.9085
10.8560,approaching,0.0000,0.0000,0.0000,0.0000,0.0000,0.0000,-179.9997,0.0001,179.9085
10.8659,approaching,0.0000,0.0000,0.0000,0.0000,0.0000,0.0000,-179.9996,0.0004,179.9085
10.8756,approaching,0.0000,0.0000,0.0000,0.0000,0.0000,0.0000,-179.9993,0.0011,179.9084
10.8852,approaching,0.0000,0.0000,0.0000,0.0000,0.0000,0.0000,-179.9993,0.0011,179.9084
10.8952,approaching,0.0000,0.0000,0.0000,0.0000,0.0000,0.0000,-179.9996,0.0006,179.9084
10.9061,approaching,0.0000,0.0000,0.0000,0.0000,0.0000,0.0000,-179.9990,0.0019,179.9084
10.9152,approaching,0.0000,0.0000,0.0000,0.0000,0.0000,0.0000,-179.9990,0.0019,179.9084
10.9254,approaching,0.0000,0.0000,0.0000,0.0000,0.0000,0.0000,-179.9987,0.0028,179.9083
10.9353,approaching,0.0000,0.0000,0.0000,0.0000,0.0000,0.0000,-179.9987,0.0028,179.9083
10.9457,approaching,0.0000,0.0000,0.0000,0.0000,0.0000,0.0000,-179.9987,0.0028,179.9083
10.9558,approaching,0.0000,0.0000,0.0000,0.0000,0.0000,0.0000,-179.9991,0.0019,179.9083
10.9654,approaching,0.0000,0.0000,0.0000,0.0000,0.0000,0.0000,-179.9989,0.0023,179.9088
10.9755,approaching,0.0000,0.0000,0.0000,0.0000,0.0000,0.0000,-179.9989,0.0023,179.9088
10.9857,approaching,0.0000,0.0000,0.0000,0.0000,0.0000,0.0000,-179.9995,0.0010,179.9088
10.9955,approaching,0.0000,0.0000,0.0000,0.0000,0.0000,0.0000,-179.9997,0.0007,179.9087
11.0058,approaching,0.0000,0.0000,0.0000,0.0000,0.0000,0.0000,-179.9997,0.0007,179.9087
11.0155,approaching,0.0000,0.0000,0.0000,0.0000,0.0000,0.0000,-179.9996,0.0009,179.9087
11.0256,approaching,0.0000,0.0000,0.0000,0.0000,0.0000,0.0000,180.0000,0.0001,179.9086
11.0357,approaching,0.0000,0.0000,0.0000,0.0000,0.0000,0.0000,180.0000,0.0001,179.9086
11.0455,approaching,0.0000,0.0000,0.0000,0.0000,0.0000,0.0000,-179.9995,0.0013,179.9086
11.0555,approaching,0.0000,0.0000,0.0000,0.0000,0.0000,0.0000,-179.9993,0.0018,179.9085
11.0654,approaching,0.0000,0.0000,0.0000,0.0000,0.0000,0.0000,-179.9993,0.0018,179.9085
11.0758,approaching,0.0000,0.0000,0.0000,0.0000,0.0000,0.0000,-179.9998,0.0008,179.9091
11.0855,approaching,0.0000,0.0000,0.0000,0.0000,0.0000,0.0000,-179.9997,0.0010,179.9090
11.0954,approaching,0.0000,0.0000,0.0000,0.0000,0.0000,0.0000,-179.9997,0.0010,179.9090
11.1060,approaching,0.0000,0.0000,0.0000,0.0000,0.0000,0.0000,180.0000,0.0004,179.9093
11.1153,approaching,0.0000,0.0000,0.0000,0.0000,0.0000,0.0000,179.9996,-0.0006,179.9093
11.1252,approaching,0.0000,0.0000,0.0000,0.0000,0.0000,0.0000,179.9996,-0.0006,179.9093
11.1352,approaching,0.0000,0.0000,0.0000,0.0000,0.0000,0.0000,-179.9999,0.0006,179.9092
11.1457,approaching,0.0000,0.0000,0.0000,0.0000,0.0000,0.0000,179.9996,-0.0005,179.9092
11.1561,approaching,0.0000,0.0000,0.0000,0.0000,0.0000,0.0000,179.9996,-0.0005,179.9092
11.1657,approaching,0.0000,0.0000,0.0000,0.0000,0.0000,0.0000,179.9995,-0.0006,179.9091
11.1752,approaching,0.0000,0.0000,0.0000,0.0000,0.0000,0.0000,179.9998,-0.0000,179.9091
11.1853,approaching,0.0000,0.0000,0.0000,0.0000,0.0000,0.0000,179.9998,-0.0000,179.9091
11.1967,approaching,0.0000,0.0000,0.0000,0.0000,0.0000,0.0000,180.0000,0.0006,179.9091
11.2054,approaching,0.0000,0.0000,0.0000,0.0000,0.0000,0.0000,180.0000,0.0006,179.9091
11.2152,approaching,0.0000,0.0000,0.0000,0.0000,0.0000,0.0000,180.0000,0.0006,179.9091
11.2257,approaching,0.0000,0.0000,0.0000,0.0000,0.0000,0.0000,179.9997,-0.0000,179.9090
11.2355,approaching,0.0000,0.0000,0.0000,0.0000,0.0000,0.0000,179.9998,0.0003,179.9090
11.2462,approaching,0.0000,0.0000,0.0000,0.0000,0.0000,0.0000,179.9998,0.0003,179.9090
11.2556,approaching,0.0000,0.0000,0.0000,0.0000,0.0000,0.0000,179.9999,0.0004,179.9090
11.2653,approaching,0.0000,0.0000,0.0000,0.0000,0.0000,0.0000,179.9997,0.0001,179.9089
11.2753,approaching,0.0000,0.0000,0.0000,0.0000,0.0000,0.0000,179.9997,0.0001,179.9089
11.2856,approaching,0.0000,0.0000,0.0000,0.0000,0.0000,0.0000,180.0000,0.0008,179.9089
11.2952,approaching,0.0000,0.0000,0.0000,0.0000,0.0000,0.0000,179.9995,-0.0002,179.9088
11.3055,approaching,0.0000,0.0000,0.0000,0.0000,0.0000,0.0000,179.9995,-0.0002,179.9088
11.3153,approaching,0.0000,0.0000,0.0000,0.0000,0.0000,0.0000,179.9998,0.0004,179.9088
11.3258,approaching,0.0000,0.0000,0.0000,0.0000,0.0000,0.0000,-179.9998,0.0013,179.9088
11.3353,approaching,0.0000,0.0000,0.0000,0.0000,0.0000,0.0000,-179.9998,0.0013,179.9088
11.3454,approaching,0.0000,0.0000,0.0000,0.0000,0.0000,0.0000,179.9999,0.0008,179.9087
11.3553,approaching,0.0000,0.0000,0.0000,0.0000,0.0000,0.0000,180.0000,0.0012,179.9087
11.3661,approaching,0.0000,0.0000,0.0000,0.0000,0.0000,0.0000,180.0000,0.0012,179.9087
11.3752,approaching,0.0000,0.0000,0.0000,0.0000,0.0000,0.0000,-179.9998,0.0015,179.9086
11.3853,approaching,0.0000,0.0000,0.0000,0.0000,0.0000,0.0000,179.9997,0.0006,179.9086
11.3953,approaching,0.0000,0.0000,0.0000,0.0000,0.0000,0.0000,179.9997,0.0006,179.9086
11.4062,approaching,0.0000,0.0000,0.0000,0.0000,0.0000,0.0000,179.9999,0.0010,179.9086
11.4152,approaching,0.0000,0.0000,0.0000,0.0000,0.0000,0.0000,179.9997,0.0005,179.9085
11.4253,approaching,0.0000,0.0000,0.0000,0.0000,0.0000,0.0000,179.9997,0.0005,179.9085
11.4353,approaching,0.0000,0.0000,0.0000,0.0000,0.0000,0.0000,-179.9999,0.0014,179.9085
11.4455,approaching,0.0000,0.0000,0.0000,0.0000,0.0000,0.0000,179.9999,0.0012,179.9084
11.4559,approaching,0.0000,0.0000,0.0000,0.0000,0.0000,0.0000,179.9999,0.0012,179.9084
11.4653,approaching,0.0000,0.0000,0.0000,0.0000,0.0000,0.0000,179.9996,0.0004,179.9084
11.4753,approaching,0.0000,0.0000,0.0000,0.0000,0.0000,0.0000,179.9994,-0.0000,179.9089
11.4858,approaching,0.0000,0.0000,0.0000,0.0000,0.0000,0.0000,179.9994,-0.0000,179.9089
11.4953,approaching,0.0000,0.0000,0.0000,0.0000,0.0000,0.0000,179.9993,-0.0000,179.9089
11.5054,approaching,0.0000,0.0000,0.0000,0.0000,0.0000,0.0000,179.9995,0.0005,179.9088
11.5153,approaching,0.0000,0.0000,0.0000,0.0000,0.0000,0.0000,179.9995,0.0005,179.9088
11.5259,approaching,0.0000,0.0000,0.0000,0.0000,0.0000,0.0000,179.9995,0.0005,179.9088
11.5356,approaching,0.0000,0.0000,0.0000,0.0000,0.0000,0.0000,179.9996,0.0006,179.9087
11.5455,approaching,0.0000,0.0000,0.0000,0.0000,0.0000,0.0000,179.9996,0.0006,179.9087
11.5555,approaching,0.0000,0.0000,0.0000,0.0000,0.0000,0.0000,180.0000,0.0016,179.9087
11.5658,approaching,0.0000,0.0000,0.0000,0.0000,0.0000,0.0000,180.0000,0.0016,179.9087
11.5757,approaching,0.0000,0.0000,0.0000,0.0000,0.0000,0.0000,180.0000,0.0016,179.9087
11.5855,approaching,0.0000,0.0000,0.0000,0.0000,0.0000,0.0000,-179.9999,0.0018,179.9092
11.5953,approaching,0.0000,0.0000,0.0000,0.0000,0.0000,0.0000,179.9995,0.0006,179.9092
11.6057,approaching,0.0000,0.0000,0.0000,0.0000,0.0000,0.0000,179.9995,0.0006,179.9092
11.6154,approaching,0.0000,0.0000,0.0000,0.0000,0.0000,0.0000,179.9995,0.0006,179.9091
11.6252,approaching,0.0000,0.0000,0.0000,0.0000,0.0000,0.0000,179.9994,0.0004,179.9091
11.6355,approaching,0.0000,0.0000,0.0000,0.0000,0.0000,0.0000,179.9994,0.0004,179.9091
11.6455,approaching,0.0000,0.0000,0.0000,0.0000,0.0000,0.0000,179.9994,0.0006,179.9091
11.6564,approaching,0.0000,0.0000,0.0000,0.0000,0.0000,0.0000,179.9994,0.0005,179.9090
11.6657,approaching,0.0000,0.0000,0.0000,0.0000,0.0000,0.0000,179.9994,0.0005,179.9090
11.6754,approaching,0.0000,0.0000,0.0000,0.0000,0.0000,0.0000,179.9996,0.0011,179.9090
11.6855,approaching,0.0000,0.0000,0.0000,0.0000,0.0000,0.0000,179.9998,0.0016,179.9089
11.6960,approaching,0.0000,0.0000,0.0000,0.0000,0.0000,0.0000,179.9998,0.0016,179.9089
11.7058,approaching,0.0000,0.0000,0.0000,0.0000,0.0000,0.0000,179.9993,0.0005,179.9089
11.7156,approaching,0.0000,0.0000,0.0000,0.0000,0.0000,0.0000,179.9993,0.0006,179.9089
11.7254,approaching,0.0000,0.0000,0.0000,0.0000,0.0000,0.0000,179.9993,0.0006,179.9089
11.7359,approaching,0.0000,0.0000,0.0000,0.0000,0.0000,0.0000,179.9993,0.0005,179.9088
11.7457,approaching,0.0000,0.0000,0.0000,0.0000,0.0000,0.0000,179.9990,-0.0000,179.9088
11.7560,approaching,0.0000,0.0000,0.0000,0.0000,0.0000,0.0000,179.9990,-0.0000,179.9088
11.7654,approaching,0.0000,0.0000,0.0000,0.0000,0.0000,0.0000,179.9990,-0.0000,179.9087
11.7759,approaching,0.0000,0.0000,0.0000,0.0000,0.0000,0.0000,179.9995,0.0011,179.9087
11.7856,approaching,0.0000,0.0000,0.0000,0.0000,0.0000,0.0000,179.9995,0.0011,179.9087
11.7955,approaching,0.0000,0.0000,0.0000,0.0000,0.0000,0.0000,179.9996,0.0014,179.9087
11.8056,approaching,0.0000,0.0000,0.0000,0.0000,0.0000,0.0000,179.9994,0.0010,179.9086
11.8159,approaching,0.0000,0.0000,0.0000,0.0000,0.0000,0.0000,179.9994,0.0010,179.9086
11.8254,approaching,0.0000,0.0000,0.0000,0.0000,0.0000,0.0000,179.9993,0.0007,179.9086
11.8352,approaching,0.0000,0.0000,0.0000,0.0000,0.0000,0.0000,179.9994,0.0010,179.9085
11.8455,approaching,0.0000,0.0000,0.0000,0.0000,0.0000,0.0000,179.9994,0.0010,179.9085
11.8560,approaching,0.0000,0.0000,0.0000,0.0000,0.0000,0.0000,179.9994,0.0010,179.9085
11.8653,approaching,0.0000,0.0000,0.0000,0.0000,0.0000,0.0000,179.9996,0.0016,179.9085
11.8752,approaching,0.0000,0.0000,0.0000,0.0000,0.0000,0.0000,179.9996,0.0016,179.9085
11.8853,approaching,0.0000,0.0000,0.0000,0.0000,0.0000,0.0000,179.9996,0.0018,179.9085
11.8955,approaching,0.0000,0.0000,0.0000,0.0000,0.0000,0.0000,179.9993,0.0010,179.9084
11.9057,approaching,0.0000,0.0000,0.0000,0.0000,0.0000,0.0000,179.9993,0.0010,179.9084
11.9153,approaching,0.0000,0.0000,0.0000,0.0000,0.0000,0.0000,179.9992,0.0009,179.9084
11.9254,approaching,0.0000,0.0000,0.0000,0.0000,0.0000,0.0000,179.9990,0.0005,179.9083
11.9359,approaching,0.0000,0.0000,0.0000,0.0000,0.0000,0.0000,179.9990,0.0005,179.9083
11.9452,approaching,0.0000,0.0000,0.0000,0.0000,0.0000,0.0000,179.9990,0.0005,179.9088
11.9557,approaching,0.0000,0.0000,0.0000,0.0000,0.0000,0.0000,179.9991,0.0006,179.9088
11.9656,approaching,0.0000,0.0000,0.0000,0.0000,0.0000,0.0000,179.9991,0.0006,179.9088
11.9763,approaching,0.0000,0.0000,0.0000,0.0000,0.0000,0.0000,179.9997,0.0008,179.9088
11.9852,approaching,0.0000,0.0000,0.0000,0.0000,0.0000,0.0000,179.9990,-0.0008,179.9087
11.9954,approaching,0.0000,0.0000,0.0000,0.0000,0.0000,0.0000,179.9990,-0.0008,179.9087
12.0053,approaching,0.0000,0.0000,0.0000,0.0000,0.0000,0.0000,179.9989,-0.0009,179.9087
12.0156,approaching,0.0000,0.0000,0.0000,0.0000,0.0000,0.0000,179.9991,-0.0005,179.9087
12.0253,approaching,0.0000,0.0000,0.0000,0.0000,0.0000,0.0000,179.9991,-0.0005,179.9087
12.0353,approaching,0.0000,0.0000,0.0000,0.0000,0.0000,0.0000,179.9992,-0.0002,179.9086
12.0452,approaching,0.0000,0.0000,0.0000,0.0000,0.0000,0.0000,180.0000,0.0002,179.9091
12.0559,approaching,0.0000,0.0000,0.0000,0.0000,0.0000,0.0000,180.0000,0.0002,179.9091
12.0653,approaching,0.0000,0.0000,0.0000,0.0000,0.0000,0.0000,180.0000,0.0004,179.9091
12.0752,approaching,0.0000,0.0000,0.0000,0.0000,0.0000,0.0000,-179.9996,-0.0001,179.9091
12.0853,approaching,0.0000,0.0000,0.0000,0.0000,0.0000,0.0000,-179.9996,-0.0001,179.9091
12.0964,approaching,0.0000,0.0000,0.0000,0.0000,0.0000,0.0000,-179.9994,0.0004,179.9090
12.1055,approaching,0.0000,0.0000,0.0000,0.0000,0.0000,0.0000,-179.9991,-0.0004,179.9090
12.1153,approaching,0.0000,0.0000,0.0000,0.0000,0.0000,0.0000,-179.9991,-0.0004,179.9090
12.1252,approaching,0.0000,0.0000,0.0000,0.0000,0.0000,0.0000,-179.9989,0.0002,179.9089
12.1361,approaching,0.0000,0.0000,0.0000,0.0000,0.0000,0.0000,-179.9989,0.0002,179.9089
12.1462,approaching,0.0000,0.0000,0.0000,0.0000,0.0000,0.0000,-179.9989,0.0002,179.9089
12.1557,approaching,0.0000,0.0000,0.0000,0.0000,0.0000,0.0000,-179.9983,0.0004,179.9089
12.1652,approaching,0.0000,0.0000,0.0000,0.0000,0.0000,0.0000,-179.9976,0.0005,179.9088
12.1755,approaching,0.0000,0.0000,0.0000,0.0000,0.0000,0.0000,-179.9976,0.0005,179.9088
12.1856,approaching,0.0000,0.0000,0.0000,0.0000,0.0000,0.0000,-179.9963,-0.0005,179.9088
12.1952,approaching,0.0000,0.0000,0.0000,0.0000,0.0000,0.0000,-179.9932,-0.0018,179.9088
12.2054,approaching,0.0000,0.0000,0.0000,0.0000,0.0000,0.0000,-179.9932,-0.0018,179.9088
12.2153,approaching,0.0000,0.0000,0.0000,0.0000,0.0000,0.0000,-179.9918,-0.0027,179.9087
12.2272,approaching,0.0000,0.0000,0.0000,0.0000,0.0000,0.0000,-179.9920,-0.0030,179.9087
12.2353,approaching,0.0000,0.0000,0.0000,0.0000,0.0000,0.0000,-179.9920,-0.0030,179.9087
12.2453,approaching,0.0000,0.0000,0.0000,0.0000,0.0000,0.0000,-179.9917,-0.0023,179.9086
12.2554,approaching,0.0000,0.0000,0.0000,0.0000,0.0000,0.0000,-179.9924,-0.0038,179.9086
12.2658,approaching,0.0000,0.0000,0.0000,0.0000,0.0000,0.0000,-179.9924,-0.0038,179.9086
12.2753,approaching,0.0000,0.0000,0.0000,0.0000,0.0000,0.0000,-179.9927,-0.0031,179.9085
12.2853,approaching,0.0000,0.0000,0.0000,0.0000,0.0000,0.0000,-179.9938,-0.0029,179.9085
12.2952,approaching,0.0000,0.0000,0.0000,0.0000,0.0000,0.0000,-179.9938,-0.0029,179.9085
12.3066,approaching,0.0000,0.0000,0.0000,0.0000,0.0000,0.0000,179.9994,-0.0017,179.9085
12.3153,approaching,0.0000,0.0000,0.0000,0.0000,0.0000,0.0000,179.9975,0.0010,179.9084
12.3252,approaching,0.0000,0.0000,0.0000,0.0000,0.0000,0.0000,179.9975,0.0010,179.9084
12.3352,approaching,0.0000,0.0000,0.0000,0.0000,0.0000,0.0000,179.9969,0.0010,179.9087
12.3454,approaching,0.0000,0.0000,0.0000,0.0000,0.0000,0.0000,179.9969,0.0010,179.9087
12.3559,approaching,0.0000,0.0000,0.0000,0.0000,0.0000,0.0000,179.9969,0.0010,179.9087
12.3655,approaching,0.0000,0.0000,0.0000,0.0000,0.0000,0.0000,179.9975,0.0009,179.9087
12.3754,approaching,0.0000,0.0000,0.0000,0.0000,0.0000,0.0000,179.9974,0.0010,179.9086
12.3857,approaching,0.0000,0.0000,0.0000,0.0000,0.0000,0.0000,179.9974,0.0010,179.9086
12.3954,approaching,0.0000,0.0000,0.0000,0.0000,0.0000,0.0000,179.9975,0.0011,179.9086
12.4054,approaching,0.0000,0.0000,0.0000,0.0000,0.0000,0.0000,179.9973,0.0008,179.9086
12.4153,approaching,0.0000,0.0000,0.0000,0.0000,0.0000,0.0000,179.9973,0.0008,179.9086
12.4258,approaching,0.0000,0.0000,0.0000,0.0000,0.0000,0.0000,179.9976,-0.0000,179.9085
12.4353,approaching,0.0000,0.0000,0.0000,0.0000,0.0000,0.0000,179.9990,0.0019,179.9090
12.4453,approaching,0.0000,0.0000,0.0000,0.0000,0.0000,0.0000,179.9990,0.0019,179.9090
12.4555,approaching,0.0000,0.0000,0.0000,0.0000,0.0000,0.0000,179.9990,0.0019,179.9090
12.4656,approaching,0.0000,0.0000,0.0000,0.0000,0.0000,0.0000,179.9990,0.0019,179.9090
12.4753,approaching,0.0000,0.0000,0.0000,0.0000,0.0000,0.0000,179.9990,0.0019,179.9090
12.4853,approaching,0.0000,0.0000,0.0000,0.0000,0.0000,0.0000,179.9996,0.0020,179.9090
12.4952,approaching,0.0000,0.0000,0.0000,0.0000,0.0000,0.0000,179.9993,0.0015,179.9089
12.5054,approaching,0.0000,0.0000,0.0000,0.0000,0.0000,0.0000,179.9993,0.0015,179.9089
12.5154,approaching,0.0000,0.0000,0.0000,0.0000,0.0000,0.0000,179.9993,0.0013,179.9089
12.5253,approaching,0.0000,0.0000,0.0000,0.0000,0.0000,0.0000,179.9998,0.0011,179.9088
12.5352,approaching,0.0000,0.0000,0.0000,0.0000,0.0000,0.0000,179.9998,0.0011,179.9088
12.5455,approaching,0.0000,0.0000,0.0000,0.0000,0.0000,0.0000,-179.9997,0.0025,179.9093
12.5556,approaching,0.0000,0.0000,0.0000,0.0000,0.0000,0.0000,-179.9999,0.0019,179.9093
12.5653,approaching,0.0000,0.0000,0.0000,0.0000,0.0000,0.0000,-179.9999,0.0019,179.9093
12.5752,approaching,0.0000,0.0000,0.0000,0.0000,0.0000,0.0000,-179.9994,0.0017,179.9093
12.5855,approaching,0.0000,0.0000,0.0000,0.0000,0.0000,0.0000,-179.9995,0.0015,179.9092
12.5955,approaching,0.0000,0.0000,0.0000,0.0000,0.0000,0.0000,-179.9995,0.0015,179.9092
12.6054,approaching,0.0000,0.0000,0.0000,0.0000,0.0000,0.0000,-179.9998,0.0009,179.9092
12.6152,approaching,0.0000,0.0000,0.0000,0.0000,0.0000,0.0000,-179.9993,0.0021,179.9091
12.6256,approaching,0.0000,0.0000,0.0000,0.0000,0.0000,0.0000,-179.9993,0.0021,179.9091
12.6354,approaching,0.0000,0.0000,0.0000,0.0000,0.0000,0.0000,-179.9996,0.0015,179.9091
12.6453,approaching,0.0000,0.0000,0.0000,0.0000,0.0000,0.0000,-179.9993,0.0023,179.9091
12.6555,approaching,0.0000,0.0000,0.0000,0.0000,0.0000,0.0000,-179.9993,0.0023,179.9091
12.6654,approaching,0.0000,0.0000,0.0000,0.0000,0.0000,0.0000,-179.9996,0.0017,179.9090
12.6755,approaching,0.0000,0.2021,0.0000,0.0000,0.0000,0.0000,179.9997,-0.0000,179.9090
12.6854,approaching,0.0000,0.2051,0.0000,0.0000,0.0000,0.0000,179.9997,-0.0000,179.9090
12.6954,approaching,0.0000,0.2081,0.0000,0.0000,0.0000,0.0000,179.9999,0.0005,179.9090
12.7054,approaching,0.0000,0.2110,0.0000,0.0000,0.0000,0.0000,180.0000,0.0009,179.9089
12.7160,approaching,0.0000,0.2138,0.0000,0.0000,0.0000,0.0000,180.0000,0.0009,179.9089
12.7255,approaching,0.0000,0.2164,0.0000,0.0000,0.0000,0.0000,179.9997,0.0002,179.9089
12.7353,approaching,0.0000,0.2192,0.0000,0.0000,0.0000,0.0000,179.9999,0.0007,179.9088
12.7452,approaching,0.0000,0.2218,0.0000,0.0000,0.0000,0.0000,179.9999,0.0007,179.9088
12.7555,approaching,0.0000,0.2243,0.0000,0.0000,0.0000,0.0000,179.9998,0.0004,179.9088
12.7654,approaching,0.0000,0.2262,0.0000,0.0000,0.0000,0.0000,179.9999,0.0008,179.9088
12.7752,approaching,0.0000,0.2280,0.0000,0.0000,0.0000,0.0000,179.9999,0.0008,179.9088
12.7854,approaching,0.0000,0.2307,0.0000,0.0000,0.0000,0.0000,179.9998,0.0005,179.9087
12.7960,approaching,0.0000,0.2329,0.0000,0.0000,0.0000,0.0000,180.0000,0.0010,179.9087
12.8060,approaching,0.0000,0.2349,0.0000,0.0000,0.0000,0.0000,180.0000,0.0010,179.9087
12.8152,approaching,0.0000,0.2372,0.0000,0.0000,0.0000,0.0000,180.0000,0.0010,179.9087
12.8252,approaching,0.0000,0.2384,0.0000,0.0000,0.0000,0.0000,-179.9994,0.0011,179.9086
12.8356,approaching,0.0000,0.2395,0.0000,0.0000,0.0000,0.0000,-179.9994,0.0011,179.9086
12.8457,approaching,0.0000,0.2411,0.0000,0.0000,0.0000,0.0000,-179.9994,0.0011,179.9086
12.8555,approaching,0.0000,0.2426,0.0000,0.0000,0.0000,0.0000,-179.9998,0.0004,179.9085
12.8657,approaching,0.0000,0.2446,0.0000,0.0000,0.0000,0.0000,-179.9998,0.0004,179.9085
12.8760,approaching,0.0000,0.2465,0.0000,0.0000,0.0000,0.0000,-179.9997,0.0005,179.9085
12.8853,approaching,0.0000,0.2479,0.2012,0.0000,0.0000,0.0000,-179.9999,0.0002,179.9085
12.8952,approaching,0.0000,0.2492,0.2028,0.0000,0.0000,0.0000,-179.9999,0.0002,179.9085
12.9056,approaching,0.0000,0.2509,0.2042,0.0000,0.0000,0.0000,180.0000,-0.0001,179.9084
12.9156,approaching,0.0000,0.2525,0.2056,0.0000,0.0000,0.0000,-179.9997,0.0006,179.9089
12.9253,approaching,0.0000,0.2533,0.2067,0.0000,0.0000,0.0000,-179.9997,0.0006,179.9089
12.9353,approaching,0.0000,0.2545,0.2076,0.0000,0.0000,0.0000,-179.9995,0.0010,179.9089
12.9452,approaching,0.0000,0.2547,0.2081,0.0000,0.0000,0.0000,-179.9997,0.0007,179.9089
12.9560,approaching,0.0000,0.2549,0.2085,0.0000,0.0000,0.0000,-179.9997,0.0007,179.9089
12.9653,approaching,0.0000,0.2558,0.2090,0.0000,0.0000,0.0000,-179.9998,0.0005,179.9088
12.9752,approaching,0.0000,0.2560,0.2093,0.0000,0.0000,0.0000,179.9996,-0.0008,179.9088
12.9853,approaching,0.0000,0.2562,0.2096,0.0000,0.0000,0.0000,179.9996,-0.0008,179.9088
12.9959,approaching,0.0000,0.2566,0.2101,0.0000,0.0000,0.0000,179.9999,-0.0001,179.9088
13.0054,approaching,0.0000,0.2569,0.2104,0.0000,0.0000,0.0000,179.9999,-0.0001,179.9093
13.0155,approaching,0.0000,0.2574,0.2107,0.0000,0.0000,0.0000,179.9999,-0.0001,179.9093
13.0252,approaching,0.0000,0.2579,0.2111,0.0000,0.0000,0.0000,179.9998,-0.0001,179.9092
13.0356,approaching,0.0000,0.2588,0.2114,0.0000,0.0000,0.0000,179.9993,-0.0012,179.9092
13.0455,approaching,0.0000,0.2592,0.2117,0.0000,0.0000,0.0000,179.9993,-0.0012,179.9092
13.0556,approaching,0.0000,0.2595,0.2121,0.0000,0.0000,0.0000,179.9994,-0.0010,179.9092
13.0651,approaching,0.0000,0.2606,0.2126,0.0000,0.0000,0.0000,179.9995,-0.0008,179.9091
13.0761,approaching,0.0000,0.2609,0.2130,0.0000,0.0000,0.0000,179.9995,-0.0008,179.9091
13.0854,approaching,0.0000,0.2612,0.2130,0.0000,0.0000,0.0000,179.9992,-0.0000,179.9091
13.0953,approaching,0.0000,0.2614,0.2129,0.0000,0.0000,0.0000,179.9994,0.0006,179.9090
13.1053,approaching,0.0000,0.2613,0.2127,0.0000,0.0000,0.0000,179.9994,0.0006,179.9090
13.1156,approaching,0.0000,0.2611,0.2128,0.0000,0.0000,0.0000,179.9995,0.0008,179.9090
13.1253,approaching,0.0000,0.2613,0.2128,0.0000,0.0000,0.0000,179.9996,0.0010,179.9090
13.1352,approaching,0.0000,0.2611,0.2126,0.0000,0.0000,0.0000,179.9996,0.0010,179.9090
13.1452,approaching,0.0000,0.2606,0.2125,0.0000,0.0000,0.0000,179.9994,0.0007,179.9089
13.1557,approaching,0.0000,0.2608,0.2125,0.0000,0.0000,0.0000,179.9990,-0.0002,179.9089
13.1655,approaching,0.0000,0.2604,0.2120,0.0000,0.0000,0.0000,179.9990,-0.0002,179.9089
13.1753,approaching,0.0000,0.2599,0.2110,0.0000,0.0000,0.0000,179.9995,0.0009,179.9088
13.1852,approaching,0.0000,0.2589,0.2096,0.0000,0.0000,0.0000,179.9996,0.0014,179.9088
13.1967,approaching,0.0000,0.2580,0.2083,0.0000,0.0000,0.0000,179.9996,0.0014,179.9088
13.2056,approaching,0.0000,0.2564,0.2068,0.0000,0.0000,0.0000,179.9993,0.0007,179.9088
13.2156,approaching,0.0000,0.2559,0.2059,0.0000,0.0000,0.0000,179.9993,0.0007,179.9088
13.2253,approaching,0.0000,0.2546,0.2045,0.0000,0.0000,0.0000,179.9993,0.0007,179.9088
13.2360,approaching,0.0000,0.2533,0.2032,0.0000,0.0000,0.0000,179.9997,0.0015,179.9087
13.2456,approaching,0.0000,0.2524,0.2021,0.0000,0.0000,0.0000,179.9997,0.0015,179.9087
13.2559,approaching,0.0000,0.2519,0.2011,0.0000,0.0000,0.0000,179.9997,0.0015,179.9087
13.2653,approaching,0.0000,0.2504,0.0000,0.0000,0.0000,0.0000,179.9995,0.0012,179.9086
13.2752,approaching,0.0000,0.2499,0.0000,0.0000,0.0000,0.0000,179.9996,0.0015,179.9086
13.2855,approaching,0.0000,0.2495,0.0000,0.0000,0.0000,0.0000,179.9996,0.0015,179.9086
13.2953,approaching,0.0000,0.2487,0.0000,0.0000,0.0000,0.0000,179.9998,0.0019,179.9086
13.3054,approaching,0.0000,0.2484,0.0000,0.0000,0.0000,0.0000,179.9994,0.0010,179.9085
13.3154,approaching,0.0000,0.2471,0.0000,0.0000,0.0000,0.0000,179.9994,0.0010,179.9085
13.3257,approaching,0.0000,0.2460,0.0000,0.0000,0.0000,0.0000,179.9995,0.0013,179.9085
13.3354,approaching,0.0000,0.2446,0.0000,0.0000,0.0000,0.0000,179.9997,0.0018,179.9085
13.3455,approaching,0.0000,0.2441,0.0000,0.0000,0.0000,0.0000,179.9997,0.0018,179.9085
13.3558,approaching,0.0000,0.2431,0.0000,0.0000,0.0000,0.0000,179.9998,0.0008,179.9084
13.3654,approaching,0.0000,0.2428,0.0000,0.0000,0.0000,0.0000,179.9999,0.0009,179.9084
13.3753,approaching,0.0000,0.2423,0.0000,0.0000,0.0000,0.0000,179.9999,0.0009,179.9084
13.3853,approaching,0.0000,0.2417,0.0000,0.0000,0.0000,0.0000,179.9997,0.0007,179.9083
13.3952,approaching,0.0000,0.2416,0.0000,0.0000,0.0000,0.0000,179.9997,0.0007,179.9083
13.4058,approaching,0.0000,0.2416,0.0000,0.0000,0.0000,0.0000,179.9997,0.0007,179.9083
13.4152,approaching,0.0000,0.2410,0.0000,0.0000,0.0000,0.0000,179.9998,0.0008,179.9082
13.4252,approaching,0.0000,0.2408,0.0000,0.0000,0.0000,0.0000,179.9999,0.0011,179.9082
13.4352,approaching,0.0000,0.2404,0.0000,0.0000,0.0000,0.0000,179.9999,0.0011,179.9082
13.4456,approaching,0.0000,0.2400,0.0000,0.0000,0.0000,0.0000,179.9996,0.0006,179.9087
13.4554,approaching,0.0000,0.2388,0.0000,0.0000,0.0000,0.0000,179.9996,0.0005,179.9087
13.4654,approaching,0.0000,0.2385,0.0000,0.0000,0.0000,0.0000,179.9996,0.0005,179.9087
13.4753,approaching,0.0000,0.2379,0.0000,0.0000,0.0000,0.0000,-179.9999,0.0017,179.9086
13.4856,approaching,0.0000,0.2373,0.0000,0.0000,0.0000,0.0000,179.9996,0.0005,179.9086
13.4953,approaching,0.0000,0.2373,0.0000,0.0000,0.0000,0.0000,179.9996,0.0005,179.9086
13.5054,approaching,0.0000,0.2376,0.0000,0.0000,0.0000,0.0000,179.9993,-0.0000,179.9086
13.5152,approaching,0.0000,0.2374,0.0000,0.0000,0.0000,0.0000,179.9995,0.0005,179.9085
13.5254,approaching,0.0000,0.2372,0.0000,0.0000,0.0000,0.0000,179.9995,0.0005,179.9085
13.5353,approaching,0.0000,0.2372,0.0000,0.0000,0.0000,0.0000,179.9992,-0.0001,179.9085
13.5453,approaching,0.0000,0.2364,0.0000,0.0000,0.0000,0.0000,179.9995,0.0005,179.9090
13.5553,approaching,0.0000,0.2362,0.0000,0.0000,0.0000,0.0000,179.9995,0.0005,179.9090
13.5660,approaching,0.0000,0.2361,0.0000,0.0000,0.0000,0.0000,179.9992,-0.0000,179.9090
13.5754,approaching,0.0000,0.2355,0.0000,0.0000,0.0000,0.0000,179.9992,-0.0000,179.9090
13.5853,approaching,0.0000,0.2353,0.0000,0.0000,0.0000,0.0000,179.9992,-0.0000,179.9090
13.5953,approaching,0.0000,0.2347,0.0000,0.0000,0.0000,0.0000,179.9994,0.0005,179.9089
13.6059,approaching,0.0000,0.2341,0.0000,0.0000,0.0000,0.0000,179.9999,0.0015,179.9089
13.6152,approaching,0.0000,0.2332,0.0000,0.0000,0.0000,0.0000,179.9999,0.0015,179.9089
13.6253,approaching,0.0000,0.2333,0.0000,0.0000,0.0000,0.0000,179.9994,0.0006,179.9088
13.6352,approaching,0.0000,0.2334,0.0000,0.0000,0.0000,0.0000,179.9993,0.0004,179.9088
13.6464,approaching,0.0000,0.2334,0.0000,0.0000,0.0000,0.0000,179.9993,0.0004,179.9088
13.6556,approaching,0.0000,0.2339,0.0000,0.0000,0.0000,0.0000,179.9995,0.0008,179.9088
13.6652,approaching,0.0000,0.2334,0.0000,0.0000,0.0000,0.0000,179.9992,0.0002,179.9087
13.6755,approaching,0.0000,0.2334,0.0000,0.0000,0.0000,0.0000,179.9992,0.0002,179.9087
13.6858,approaching,0.0000,0.2334,0.0000,0.0000,0.0000,0.0000,179.9993,0.0006,179.9087
13.6961,approaching,0.0000,0.2332,0.0000,0.0000,0.0000,0.0000,179.9994,0.0007,179.9086
13.7056,approaching,0.0000,0.2327,0.0000,0.0000,0.0000,0.0000,179.9994,0.0007,179.9086
13.7153,approaching,0.0000,0.2331,0.0000,0.0000,0.0000,0.0000,179.9994,0.0008,179.9086
13.7255,approaching,0.0000,0.2336,0.0000,0.0000,0.0000,0.0000,179.9994,0.0008,179.9086
13.7354,approaching,0.0000,0.2335,0.0000,0.0000,0.0000,0.0000,179.9994,0.0008,179.9086
13.7452,approaching,0.0000,0.2339,0.0000,0.0000,0.0000,0.0000,179.9994,0.0009,179.9085
13.7554,approaching,0.0000,0.2338,0.0000,0.0000,0.0000,0.0000,179.9997,0.0015,179.9085
13.7653,approaching,0.0000,0.2337,0.0000,0.0000,0.0000,0.0000,179.9997,0.0015,179.9085
13.7755,approaching,0.0000,0.2338,0.0000,0.0000,0.0000,0.0000,179.9997,0.0017,179.9085
13.7852,approaching,0.0000,0.2334,0.0000,0.0000,0.0000,0.0000,179.9995,0.0012,179.9088
13.7953,approaching,0.0000,0.2330,0.0000,0.0000,0.0000,0.0000,179.9995,0.0012,179.9088
13.8058,approaching,0.0000,0.2329,0.0000,0.0000,0.0000,0.0000,179.9994,0.0010,179.9087
13.8152,approaching,0.0000,0.2333,0.0000,0.0000,0.0000,0.0000,179.9986,-0.0008,179.9083
13.8253,approaching,0.0000,0.2334,0.0000,0.0000,0.0000,0.0000,179.9986,-0.0008,179.9083
13.8354,approaching,0.0000,0.2339,0.0000,0.0000,0.0000,0.0000,179.9986,-0.0006,179.9087
13.8456,approaching,0.0000,0.2353,0.0000,0.0000,0.0000,0.0000,179.9990,0.0002,179.9086
13.8558,approaching,0.0000,0.2365,0.0000,0.0000,0.0000,0.0000,179.9990,0.0002,179.9086
13.8653,approaching,0.0000,0.2376,0.0000,0.0000,0.0000,0.0000,179.9990,0.0002,179.9086
13.8754,approaching,0.0000,0.2392,0.0000,0.0000,0.0000,0.0000,179.9994,-0.0003,179.9086
13.8859,approaching,0.0000,0.2406,0.0000,0.0000,0.0000,0.0000,179.9994,-0.0003,179.9086
13.8953,approaching,0.0000,0.2421,0.0000,0.0000,0.0000,0.0000,179.9996,0.0003,179.9091
13.9053,approaching,0.0000,0.2435,0.0000,0.0000,0.0000,0.0000,179.9991,-0.0007,179.9090
13.9154,approaching,0.0000,0.2446,0.2001,0.0000,0.0000,0.0000,179.9991,-0.0007,179.9090
13.9259,approaching,0.0000,0.2455,0.2013,0.0000,0.0000,0.0000,179.9988,-0.0014,179.9090
13.9352,approaching,0.0000,0.2470,0.2029,0.0000,0.0000,0.0000,179.9987,-0.0016,179.9090
13.9455,approaching,0.0000,0.2484,0.2046,0.0000,0.0000,0.0000,179.9987,-0.0016,179.9090
13.9554,approaching,0.0000,0.2497,0.2063,0.0000,0.0000,0.0000,179.9990,-0.0008,179.9089
13.9656,approaching,0.0000,0.2515,0.2083,0.0000,0.0000,0.0000,179.9995,0.0002,179.9089
13.9753,approaching,0.0000,0.2528,0.2101,0.0000,0.0000,0.0000,179.9995,0.0002,179.9089
13.9852,approaching,0.0000,0.2544,0.2120,0.0000,0.0000,0.0000,179.9994,-0.0000,179.9088
13.9953,approaching,0.0000,0.2559,0.2135,0.0000,0.0000,0.0000,179.9999,0.0012,179.9093
14.0054,approaching,0.0000,0.2574,0.2148,0.0000,0.0000,0.0000,179.9999,0.0012,179.9093
14.0154,approaching,0.0000,0.2580,0.2160,0.0000,0.0000,0.0000,179.9991,-0.0006,179.9093
14.0252,approaching,0.0000,0.2586,0.2171,0.0000,0.0000,0.0000,179.9991,-0.0005,179.9093
14.0352,approaching,0.0000,0.2593,0.2182,0.0000,0.0000,0.0000,179.9991,-0.0005,179.9093
14.0453,approaching,0.0000,0.2598,0.2191,0.0000,0.0000,0.0000,179.9996,-0.0007,179.9092
14.0558,approaching,0.0000,0.2603,0.2200,0.0000,0.0000,0.0000,179.9998,-0.0001,179.9092
14.0654,approaching,0.0000,0.2612,0.2206,0.0000,0.0000,0.0000,179.9998,-0.0001,179.9092
14.0753,approaching,0.0000,0.2615,0.2211,0.0000,0.0000,0.0000,-179.9995,0.0014,179.9091
14.0852,approaching,0.0000,0.2624,0.2216,0.0000,0.0000,0.0000,-179.9994,0.0017,179.9091
14.0957,approaching,0.0000,0.2633,0.2220,0.0000,0.0000,0.0000,-179.9994,0.0017,179.9091
14.1055,approaching,0.0000,0.2639,0.2223,0.0000,0.0000,0.0000,-179.9996,0.0012,179.9091
14.1153,approaching,0.0000,0.2646,0.2224,0.0000,0.0000,0.0000,179.9998,-0.0000,179.9090
14.1254,approaching,0.0000,0.2650,0.2222,0.0000,0.0000,0.0000,179.9998,-0.0000,179.9090
14.1357,approaching,0.0000,0.2654,0.2221,0.0000,0.0000,0.0000,179.9996,-0.0005,179.9090
14.1453,approaching,0.0000,0.2657,0.2218,0.0000,0.0000,0.0000,179.9999,0.0003,179.9090
14.1554,approaching,0.0000,0.2660,0.2213,0.0000,0.0000,0.0000,179.9999,0.0003,179.9090
14.1653,approaching,0.0000,0.2656,0.2207,0.0000,0.0000,0.0000,179.9997,-0.0002,179.9089
14.1759,approaching,0.0000,0.2652,0.2201,0.0000,0.0000,0.0000,-179.9998,0.0010,179.9089
14.1853,approaching,0.0000,0.2653,0.2200,0.0000,0.0000,0.0000,-179.9998,0.0010,179.9089
14.1953,approaching,0.0000,0.2661,0.2201,0.0000,0.0000,0.0000,-179.9995,0.0018,179.9088
14.2053,approaching,0.0000,0.2665,0.2202,0.0000,0.0000,0.0000,-179.9993,0.0023,179.9088
14.2153,approaching,0.0000,0.2668,0.2204,0.0000,0.0000,0.0000,-179.9993,0.0023,179.9088
14.2260,approaching,0.0000,0.2677,0.2208,0.0000,0.0000,0.0000,-179.9998,0.0013,179.9088
14.2352,approaching,0.0000,0.2679,0.2207,0.0000,0.0000,0.0000,-179.9998,0.0013,179.9088
14.2453,approaching,0.0000,0.2682,0.2204,0.0000,0.0000,0.0000,-179.9998,0.0013,179.9088
14.2553,approaching,0.0000,0.2685,0.2202,0.0000,0.0000,0.0000,-179.9999,0.0010,179.9087
14.2656,approaching,0.0000,0.2687,0.2201,0.0000,0.0000,0.0000,179.9999,0.0007,179.9087
14.2754,approaching,0.0000,0.2690,0.2202,0.0000,0.0000,0.0000,179.9999,0.0007,179.9087
14.2852,approaching,0.0000,0.2696,0.2202,0.0000,0.0000,0.0000,179.9997,0.0003,179.9086
14.2952,approaching,0.0000,0.2701,0.2206,0.0000,0.0000,0.0000,179.9996,-0.0000,179.9086
14.3063,approaching,0.0000,0.2706,0.2210,0.0000,0.0000,0.0000,179.9996,-0.0000,179.9086
14.3153,approaching,0.0000,0.2720,0.2217,0.0000,0.0000,0.0000,179.9994,-0.0004,179.9086
14.3253,approaching,0.0000,0.2730,0.2226,0.0000,0.0000,0.0000,179.9991,-0.0011,179.9085
14.3353,approaching,0.0000,0.2745,0.2235,0.0000,0.0000,0.0000,179.9991,-0.0011,179.9085
14.3463,approaching,0.0000,0.2759,0.2244,0.0000,0.0000,0.0000,179.9991,-0.0009,179.9085
14.3554,approaching,0.0000,0.2772,0.2258,0.0000,0.0000,0.0000,179.9993,-0.0006,179.9084
14.3653,approaching,0.0000,0.2785,0.2271,0.0000,0.0000,0.0000,179.9993,-0.0006,179.9084
14.3754,approaching,0.0000,0.2808,0.2286,0.0000,0.0000,0.0000,179.9990,-0.0011,179.9084
14.3857,approaching,0.0000,0.2830,0.2301,0.0000,0.0000,0.0000,179.9994,-0.0001,179.9084
14.3952,approaching,0.0000,0.2845,0.2316,0.0000,0.0000,0.0000,179.9994,-0.0001,179.9084
14.4054,approaching,0.0000,0.2863,0.2330,0.0000,0.0000,0.0000,179.9992,-0.0007,179.9083
14.4153,approaching,0.0000,0.2878,0.2346,0.0000,0.0000,0.0000,179.9992,-0.0007,179.9083
14.4258,approaching,0.0000,0.2892,0.2361,0.0000,0.0000,0.0000,179.9992,-0.0007,179.9083
14.4352,approaching,0.0000,0.2913,0.2379,0.0000,0.0000,0.0000,179.9995,0.0003,179.9088
14.4454,approaching,0.0000,0.2931,0.2398,0.0000,0.0000,0.0000,179.9995,0.0003,179.9088
14.4554,approaching,0.0000,0.2949,0.2420,0.0000,0.0000,0.0000,179.9995,0.0003,179.9088
14.4661,approaching,0.0000,0.2966,0.2440,0.0000,0.0000,0.0000,-179.9998,0.0004,179.9088
14.4753,approaching,0.0000,0.2982,0.2460,0.0000,0.0000,0.0000,-179.9999,0.0002,179.9087
14.4854,approaching,0.0000,0.2997,0.2479,0.0000,0.0000,0.0000,-179.9999,0.0002,179.9087
14.4953,approaching,0.0000,0.3010,0.2493,0.0000,0.0000,0.0000,179.9999,-0.0003,179.9087
14.5061,approaching,0.0000,0.3022,0.2507,0.0000,0.0000,0.0000,179.9999,-0.0001,179.9086
14.5152,approaching,0.0000,0.3031,0.2517,0.0000,0.0000,0.0000,179.9999,-0.0001,179.9086
14.5254,approaching,0.0000,0.3037,0.2523,0.0000,0.0000,0.0000,179.9999,-0.0001,179.9091
14.5352,approaching,0.0000,0.3040,0.2527,0.0000,0.0000,0.0000,-179.9992,0.0021,179.9091
14.5457,approaching,0.0000,0.3043,0.2530,0.0000,0.0000,0.0000,-179.9992,0.0021,179.9091
14.5558,approaching,0.0000,0.3045,0.2533,0.0000,0.0000,0.0000,-179.9994,0.0016,179.9091
14.5652,approaching,0.0000,0.3044,0.2533,0.0000,0.0000,0.0000,-179.9999,0.0005,179.9090
14.5753,approaching,0.0000,0.3045,0.2533,0.0000,0.0000,0.0000,-179.9999,0.0005,179.9090
14.5855,approaching,0.0000,0.3045,0.2532,0.0000,0.0000,0.0000,179.9997,-0.0003,179.9090
14.5953,approaching,0.0000,0.3040,0.2526,0.0000,0.0000,0.0000,179.9990,-0.0020,179.9090
14.6055,approaching,0.0000,0.3032,0.2517,0.0000,0.0000,0.0000,179.9990,-0.0020,179.9090
14.6153,approaching,0.0000,0.3021,0.2502,0.0000,0.0000,0.0000,179.9992,-0.0014,179.9089
14.6262,approaching,0.0000,0.3009,0.2488,0.0000,0.0000,0.0000,179.9993,-0.0013,179.9089
14.6353,approaching,0.0000,0.2996,0.2472,0.0000,0.0000,0.0000,179.9993,-0.0013,179.9089
14.6452,approaching,0.0000,0.2980,0.2454,0.0000,0.0000,0.0000,179.9996,-0.0005,179.9088
14.6554,approaching,0.0000,0.2965,0.2437,0.0000,0.0000,0.0000,179.9994,-0.0008,179.9088
14.6660,approaching,0.0000,0.2951,0.2421,0.0000,0.0000,0.0000,179.9994,-0.0008,179.9088
14.6758,approaching,0.0000,0.2936,0.2407,0.0000,0.0000,0.0000,179.9996,-0.0003,179.9088
14.6852,approaching,0.0000,0.2921,0.2394,0.0000,0.0000,0.0000,179.9997,-0.0002,179.9087
14.6952,approaching,0.0000,0.2908,0.2381,0.0000,0.0000,0.0000,179.9997,-0.0002,179.9087
14.7056,approaching,0.0000,0.2895,0.2368,0.0000,0.0000,0.0000,179.9992,-0.0012,179.9087
14.7167,approaching,0.0000,0.2883,0.2356,0.0000,0.0000,0.0000,179.9989,-0.0018,179.9086
14.7252,approaching,0.0000,0.2866,0.2339,0.0000,0.0000,0.0000,179.9989,-0.0018,179.9086
14.7353,approaching,0.0000,0.2848,0.2319,0.0000,0.0000,0.0000,179.9997,-0.0000,179.9086
14.7452,approaching,0.0000,0.2831,0.2301,0.0000,0.0000,0.0000,-179.9997,0.0014,179.9085
14.7578,approaching,0.0000,0.2811,0.2280,0.0000,0.0000,0.0000,-179.9997,0.0014,179.9085
14.7652,approaching,0.0000,0.2788,0.2257,0.0000,0.0000,0.0000,-179.9999,0.0010,179.9085
14.7752,approaching,0.0000,0.2770,0.2235,0.0000,0.0000,0.0000,179.9998,0.0003,179.9085
14.7853,approaching,0.0000,0.2750,0.2211,0.0000,0.0000,0.0000,179.9998,0.0003,179.9085
14.7956,approaching,0.0000,0.2725,0.2186,0.0000,0.0000,0.0000,179.9996,-0.0000,179.9084
14.8053,approaching,0.0000,0.2708,0.2167,0.0000,0.0000,0.0000,179.9996,-0.0000,179.9084
14.8153,approaching,0.0000,0.2693,0.2151,0.0000,0.0000,0.0000,179.9996,-0.0000,179.9084
14.8253,approaching,0.0000,0.2673,0.2133,0.0000,0.0000,0.0000,179.9999,0.0006,179.9084
14.8355,approaching,0.0000,0.2661,0.2119,0.0000,0.0000,0.0000,-179.9999,0.0011,179.9084
14.8454,approaching,0.0000,0.2646,0.2106,0.0000,0.0000,0.0000,-179.9999,0.0011,179.9084
14.8554,approaching,0.0000,0.2632,0.2092,0.0000,0.0000,0.0000,179.9998,0.0004,179.9087
14.8652,approaching,0.0000,0.2618,0.2078,0.0000,0.0000,0.0000,179.9997,0.0004,179.9092
14.8757,approaching,0.0000,0.2605,0.2063,0.0000,0.0000,0.0000,179.9997,0.0004,179.9092
14.8853,approaching,0.0000,0.2585,0.2044,0.0000,0.0000,0.0000,179.9998,0.0006,179.9091
14.8952,approaching,0.0000,0.2579,0.2035,0.0000,0.0000,0.0000,179.9998,0.0006,179.9091
14.9056,approaching,0.0000,0.2574,0.2028,0.0000,0.0000,0.0000,179.9998,0.0006,179.9091
14.9161,approaching,0.0000,0.2569,0.2025,0.0000,0.0000,0.0000,179.9996,0.0002,179.9091
14.9252,approaching,0.0000,0.2573,0.2031,0.0000,0.0000,0.0000,179.9996,0.0002,179.9090
14.9353,approaching,0.0000,0.2576,0.2037,0.0000,0.0000,0.0000,179.9996,0.0002,179.9090
14.9452,approaching,0.0000,0.2579,0.2044,0.0000,0.0000,0.0000,179.9999,0.0010,179.9090
14.9560,approaching,0.0000,0.2582,0.2052,0.0000,0.0000,0.0000,179.9998,0.0007,179.9086
14.9653,approaching,0.0000,0.2588,0.2059,0.0000,0.0000,0.0000,179.9998,0.0007,179.9086
14.9755,approaching,0.0000,0.2592,0.2063,0.0000,0.0000,0.0000,179.9997,0.0006,179.9089
14.9852,approaching,0.0000,0.2590,0.2065,0.0000,0.0000,0.0000,179.9999,0.0010,179.9089
14.9958,approaching,0.0000,0.2592,0.2069,0.0000,0.0000,0.0000,179.9999,0.0010,179.9089
15.0053,approaching,0.0000,0.2590,0.2067,0.0000,0.0000,0.0000,179.9997,0.0007,179.9085
15.0153,approaching,0.0000,0.2584,0.2062,0.0000,0.0000,0.0000,180.0000,0.0015,179.9084
15.0253,approaching,0.0000,0.2580,0.2057,0.0000,0.0000,0.0000,180.0000,0.0015,179.9084
15.0355,approaching,0.0000,0.2576,0.2052,0.0000,0.0000,0.0000,179.9997,0.0009,179.9084
15.0452,approaching,0.0000,0.2569,0.2049,0.0000,0.0000,0.0000,179.9999,0.0013,179.9087
15.0558,approaching,0.0000,0.2574,0.2053,0.0000,0.0000,0.0000,179.9999,0.0013,179.9087
15.0653,approaching,0.0000,0.2576,0.2059,0.0000,0.0000,0.0000,179.9996,0.0006,179.9087
15.0752,approaching,0.0000,0.2577,0.2064,0.0000,0.0000,0.0000,179.9996,0.0006,179.9087
15.0855,approaching,0.0000,0.2582,0.2070,0.0000,0.0000,0.0000,179.9996,0.0006,179.9087
15.0952,approaching,0.0000,0.2590,0.2076,0.0000,0.0000,0.0000,179.9992,-0.0002,179.9083
15.1054,approaching,0.0000,0.2595,0.2081,0.0000,0.0000,0.0000,179.9993,-0.0000,179.9082
15.1155,approaching,0.0000,0.2600,0.2086,0.0000,0.0000,0.0000,179.9993,-0.0000,179.9082
15.1252,approaching,0.0000,0.2609,0.2093,0.0000,0.0000,0.0000,179.9992,-0.0001,179.9082
15.1353,approaching,0.0000,0.2614,0.2102,0.0000,0.0000,0.0000,179.9993,-0.0000,179.9087
15.1453,approaching,0.0000,0.2619,0.2110,0.0000,0.0000,0.0000,179.9993,-0.0000,179.9087
15.1562,approaching,0.0000,0.2628,0.2115,0.0000,0.0000,0.0000,179.9993,0.0001,179.9087
15.1654,approaching,0.0000,0.2634,0.2121,0.0000,0.0000,0.0000,179.9990,-0.0005,179.9090
15.1754,approaching,0.0000,0.2649,0.2130,0.0000,0.0000,0.0000,179.9990,-0.0005,179.9090
15.1853,approaching,0.0000,0.2662,0.2140,0.0000,0.0000,0.0000,179.9993,0.0001,179.9090
15.1958,approaching,0.0000,0.2673,0.2147,0.0000,0.0000,0.0000,179.9992,0.0001,179.9089
15.2056,approaching,0.0000,0.2673,0.2149,0.0000,0.0000,0.0000,179.9992,0.0001,179.9089
15.2152,approaching,0.0000,0.2675,0.2150,0.0000,0.0000,0.0000,179.9997,0.0011,179.9089
15.2252,approaching,0.0000,0.2672,0.2150,0.0000,0.0000,0.0000,179.9993,0.0004,179.9094
15.2358,approaching,0.0000,0.2670,0.2149,0.0000,0.0000,0.0000,179.9993,0.0004,179.9094
15.2454,approaching,0.0000,0.2670,0.2144,0.0000,0.0000,0.0000,179.9996,0.0010,179.9094
15.2554,approaching,0.0000,0.2670,0.2139,0.0000,0.0000,0.0000,179.9992,0.0001,179.9093
15.2654,approaching,0.0000,0.2668,0.2138,0.0000,0.0000,0.0000,179.9992,0.0001,179.9093
15.2756,approaching,0.0000,0.2676,0.2142,0.0000,0.0000,0.0000,179.9992,0.0003,179.9093
15.2854,approaching,0.0000,0.2678,0.2144,0.0000,0.0000,0.0000,179.9989,-0.0004,179.9092
15.2954,approaching,0.0000,0.2683,0.2147,0.0000,0.0000,0.0000,179.9989,-0.0004,179.9092
15.3053,approaching,0.0000,0.2690,0.2149,0.0000,0.0000,0.0000,179.9990,-0.0001,179.9092
15.3156,approaching,0.0000,0.2694,0.2154,0.0000,0.0000,0.0000,179.9990,-0.0001,179.9092
15.3255,approaching,0.0000,0.2698,0.2159,0.0000,0.0000,0.0000,179.9990,-0.0001,179.9092
15.3353,approaching,0.0000,0.2703,0.2166,0.0000,0.0000,0.0000,179.9990,-0.0001,179.9091
15.3452,approaching,0.0000,0.2707,0.2170,0.0000,0.0000,0.0000,179.9988,-0.0004,179.9091
15.3555,approaching,0.0000,0.2710,0.2175,0.0000,0.0000,0.0000,179.9988,-0.0004,179.9091
15.3653,approaching,0.0000,0.2714,0.2181,0.0000,0.0000,0.0000,179.9986,-0.0009,179.9090
15.3752,approaching,0.0000,0.2718,0.2183,0.0000,0.0000,0.0000,179.9984,-0.0014,179.9090
15.3853,approaching,0.0000,0.2717,0.2184,0.0000,0.0000,0.0000,179.9984,-0.0014,179.9090
15.3960,approaching,0.0000,0.2717,0.2188,0.0000,0.0000,0.0000,179.9991,0.0003,179.9090
15.4055,approaching,0.0000,0.2720,0.2191,0.0000,0.0000,0.0000,179.9997,0.0004,179.9089
15.4153,approaching,0.0000,0.2722,0.2194,0.0000,0.0000,0.0000,179.9997,0.0004,179.9089
15.4253,approaching,0.0000,0.2722,0.2197,0.0000,0.0000,0.0000,179.9996,0.0002,179.9089
15.4355,approaching,0.0000,0.2724,0.2199,0.0000,0.0000,0.0000,179.9995,-0.0000,179.9088
15.4455,approaching,0.0000,0.2727,0.2202,0.0000,0.0000,0.0000,179.9995,-0.0000,179.9088
15.4558,approaching,0.0000,0.2728,0.2205,0.0000,0.0000,0.0000,179.9990,-0.0011,179.9088
15.4652,approaching,0.0000,0.2732,0.2210,0.0000,0.0000,0.0000,179.9990,-0.0011,179.9088
15.4754,approaching,0.0000,0.2736,0.2215,0.0000,0.0000,0.0000,179.9990,-0.0011,179.9088
15.4854,approaching,0.0000,0.2739,0.2221,0.0000,0.0000,0.0000,179.9991,-0.0010,179.9088
15.4953,approaching,0.0000,0.2741,0.2225,0.0000,0.0000,0.0000,179.9994,-0.0002,179.9087
15.5053,approaching,0.0000,0.2743,0.2226,0.0000,0.0000,0.0000,179.9994,-0.0002,179.9087
15.5158,approaching,0.0000,0.2745,0.2226,0.0000,0.0000,0.0000,179.9993,-0.0004,179.9087
15.5252,approaching,0.0000,0.2743,0.2223,0.0000,0.0000,0.0000,179.9999,0.0010,179.9086
15.5353,approaching,0.0000,0.2742,0.2220,0.0000,0.0000,0.0000,179.9999,0.0010,179.9086
15.5453,approaching,0.0000,0.2738,0.2215,0.0000,0.0000,0.0000,179.9996,0.0005,179.9086
15.5554,approaching,0.0000,0.2733,0.2211,0.0000,0.0000,0.0000,179.9996,0.0004,179.9086
15.5654,approaching,0.0000,0.2729,0.2207,0.0000,0.0000,0.0000,179.9996,0.0004,179.9086
15.5753,approaching,0.0000,0.2723,0.2200,0.0000,0.0000,0.0000,179.9995,0.0003,179.9085
15.5852,approaching,0.0000,0.2720,0.2195,0.0000,0.0000,0.0000,179.9988,-0.0012,179.9085
15.5959,approaching,0.0000,0.2717,0.2191,0.0000,0.0000,0.0000,179.9988,-0.0012,179.9085
15.6055,approaching,0.0000,0.2718,0.2190,0.0000,0.0000,0.0000,179.9990,-0.0009,179.9085
15.6153,approaching,0.0000,0.2714,0.2187,0.0000,0.0000,0.0000,179.9992,-0.0004,179.9084
15.6253,approaching,0.0000,0.2710,0.2179,0.0000,0.0000,0.0000,179.9992,-0.0004,179.9084
15.6356,approaching,0.0000,0.2706,0.2172,0.0000,0.0000,0.0000,179.9994,0.0002,179.9084
15.6453,approaching,0.0000,0.2694,0.2157,0.0000,0.0000,0.0000,179.9995,0.0003,179.9083
15.6554,approaching,0.0000,0.2678,0.2137,0.0000,0.0000,0.0000,179.9995,0.0003,179.9083
15.6654,approaching,0.0000,0.2661,0.2118,0.0000,0.0000,0.0000,179.9993,-0.0000,179.9083
15.6755,approaching,0.0000,0.2646,0.2100,0.0000,0.0000,0.0000,179.9993,0.0002,179.9088
15.6859,approaching,0.0000,0.2632,0.2082,0.0000,0.0000,0.0000,179.9993,0.0002,179.9088
15.6953,approaching,0.0000,0.2615,0.2063,0.0000,0.0000,0.0000,179.9997,-0.0004,179.9088
15.7053,approaching,0.0000,0.2599,0.2044,0.0000,0.0000,0.0000,179.9995,-0.0008,179.9087
15.7154,approaching,0.0000,0.2583,0.2024,0.0000,0.0000,0.0000,179.9995,-0.0008,179.9087
15.7255,approaching,0.0000,0.2567,0.2004,0.0000,0.0000,0.0000,-179.9999,0.0005,179.9087
15.7352,approaching,0.0000,0.2544,0.0000,0.0000,0.0000,0.0000,180.0000,0.0003,179.9087
15.7453,approaching,0.0000,0.2526,0.0000,0.0000,0.0000,0.0000,180.0000,0.0003,179.9087
15.7553,approaching,0.0000,0.2512,0.0000,0.0000,0.0000,0.0000,-179.9999,0.0006,179.9092
15.7671,approaching,0.0000,0.2499,0.0000,0.0000,0.0000,0.0000,179.9997,-0.0002,179.9091
15.7754,approaching,0.0000,0.2480,0.0000,0.0000,0.0000,0.0000,179.9997,-0.0002,179.9091
15.7853,approaching,0.0000,0.2464,0.0000,0.0000,0.0000,0.0000,179.9992,-0.0012,179.9091
15.7953,approaching,0.0000,0.2447,0.0000,0.0000,0.0000,0.0000,-179.9999,0.0008,179.9091
15.8064,approaching,0.0000,0.2430,0.0000,0.0000,0.0000,0.0000,-179.9999,0.0008,179.9091
15.8152,approaching,0.0000,0.2416,0.0000,0.0000,0.0000,0.0000,179.9999,0.0005,179.9090
15.8258,approaching,0.0000,0.2405,0.0000,0.0000,0.0000,0.0000,-179.9999,0.0009,179.9090
15.8353,approaching,0.0000,0.2394,0.0000,0.0000,0.0000,0.0000,-179.9999,0.0009,179.9090
15.8466,approaching,0.0000,0.2383,0.0000,0.0000,0.0000,0.0000,-179.9999,0.0009,179.9090
15.8558,approaching,0.0000,0.2374,0.0000,0.0000,0.0000,0.0000,-179.9995,0.0018,179.9090
15.8655,approaching,0.0000,0.2364,0.0000,0.0000,0.0000,0.0000,-179.9995,0.0018,179.9090
15.8757,approaching,0.0000,0.2353,0.0000,0.0000,0.0000,0.0000,179.9999,0.0006,179.9086
15.8859,approaching,0.0000,0.2342,0.0000,0.0000,0.0000,0.0000,-179.9998,0.0012,179.9085
15.8962,approaching,0.0000,0.2331,0.0000,0.0000,0.0000,0.0000,-179.9998,0.0012,179.9085
15.9059,approaching,0.0000,0.2315,0.0000,0.0000,0.0000,0.0000,179.9995,-0.0004,179.9088
15.9152,approaching,0.0000,0.2300,0.0000,0.0000,0.0000,0.0000,179.9993,-0.0008,179.9088
15.9252,approaching,0.0000,0.2289,0.0000,0.0000,0.0000,0.0000,179.9993,-0.0008,179.9088
15.9359,approaching,0.0000,0.2286,0.0000,0.0000,0.0000,0.0000,179.9997,0.0002,179.9088
15.9468,approaching,0.0000,0.2283,0.0000,0.0000,0.0000,0.0000,179.9995,-0.0001,179.9087
15.9559,approaching,0.0000,0.2289,0.0000,0.0000,0.0000,0.0000,179.9995,-0.0001,179.9087
15.9655,approaching,0.0000,0.2297,0.0000,0.0000,0.0000,0.0000,179.9993,-0.0005,179.9087
15.9753,approaching,0.0000,0.2305,0.0000,0.0000,0.0000,0.0000,179.9997,0.0003,179.9086
15.9853,approaching,0.0000,0.2312,0.0000,0.0000,0.0000,0.0000,179.9997,0.0003,179.9086
15.9961,approaching,0.0000,0.2319,0.0000,0.0000,0.0000,0.0000,179.9997,0.0003,179.9086
16.0055,approaching,0.0000,0.2331,0.0000,0.0000,0.0000,0.0000,-179.9996,0.0005,179.9086
16.0152,approaching,0.0000,0.2346,0.0000,0.0000,0.0000,0.0000,-179.9996,0.0005,179.9086
16.0253,approaching,0.0000,0.2365,0.0000,0.0000,0.0000,0.0000,180.0000,-0.0003,179.9085
16.0352,approaching,0.0000,0.2388,0.0000,0.0000,0.0000,0.0000,179.9997,-0.0009,179.9085
16.0475,approaching,0.0000,0.2410,0.0000,0.0000,0.0000,0.0000,179.9997,-0.0009,179.9085
16.0556,approaching,0.0000,0.2428,0.0000,0.0000,0.0000,0.0000,179.9996,-0.0010,179.9084
16.0652,approaching,0.0000,0.2442,0.0000,0.0000,0.0000,0.0000,179.9992,-0.0019,179.9084
16.0753,approaching,0.0000,0.2458,0.0000,0.0000,0.0000,0.0000,179.9992,-0.0019,179.9084
16.0859,approaching,0.0000,0.2474,0.0000,0.0000,0.0000,0.0000,179.9998,-0.0005,179.9084
16.0953,approaching,0.0000,0.2482,0.0000,0.0000,0.0000,0.0000,179.9999,-0.0004,179.9083
16.1055,approaching,0.0000,0.2494,0.0000,0.0000,0.0000,0.0000,179.9999,-0.0004,179.9083
16.1153,approaching,0.0000,0.2503,0.0000,0.0000,0.0000,0.0000,-179.9998,0.0004,179.9079
16.1253,approaching,0.0000,0.2516,0.0000,0.0000,0.0000,0.0000,-179.9999,0.0002,179.9085
16.1365,approaching,0.0000,0.2529,0.0000,0.0000,0.0000,0.0000,-179.9999,0.0002,179.9085
16.1454,approaching,0.0000,0.2540,0.2011,0.0000,0.0000,0.0000,-179.9998,0.0004,179.9088
16.1553,approaching,0.0000,0.2550,0.2022,0.0000,0.0000,0.0000,-179.9999,0.0002,179.9087
16.1653,approaching,0.0000,0.2563,0.2035,0.0000,0.0000,0.0000,-179.9999,0.0002,179.9087
16.1752,approaching,0.0000,0.2577,0.2047,0.0000,0.0000,0.0000,-179.9998,0.0005,179.9087
16.1858,approaching,0.0000,0.2584,0.2057,0.0000,0.0000,0.0000,-179.9992,0.0020,179.9087
16.1956,approaching,0.0000,0.2598,0.2072,0.0000,0.0000,0.0000,-179.9992,0.0020,179.9087
16.2055,approaching,0.0000,0.2614,0.2089,0.0000,0.0000,0.0000,-179.9994,0.0015,179.9086
16.2155,approaching,0.0000,0.2628,0.2105,0.0000,0.0000,0.0000,-179.9994,0.0015,179.9086
16.2257,approaching,0.0000,0.2644,0.2120,0.0000,0.0000,0.0000,-179.9994,0.0015,179.9086
16.2365,approaching,0.0000,0.2658,0.2135,0.0000,0.0000,0.0000,-179.9999,0.0005,179.9086
16.2457,approaching,0.0000,0.2665,0.2144,0.0000,0.0000,0.0000,-179.9997,0.0009,179.9091
16.2556,approaching,0.0000,0.2674,0.2154,0.0000,0.0000,0.0000,-179.9997,0.0009,179.9091
16.2654,approaching,0.0000,0.2682,0.2161,0.0000,0.0000,0.0000,179.9998,-0.0002,179.9091
16.2752,approaching,0.0000,0.2691,0.2170,0.0000,0.0000,0.0000,179.9992,-0.0015,179.9090
16.2855,approaching,0.0000,0.2702,0.2179,0.0000,0.0000,0.0000,179.9992,-0.0015,179.9090
16.2958,approaching,0.0000,0.2703,0.2179,0.0000,0.0000,0.0000,179.9993,-0.0013,179.9090
16.3055,approaching,0.0000,0.2704,0.2180,0.0000,0.0000,0.0000,179.9995,-0.0008,179.9089
16.3158,approaching,0.0000,0.2706,0.2178,0.0000,0.0000,0.0000,179.9995,-0.0008,179.9089
16.3256,approaching,0.0000,0.2707,0.2174,0.0000,0.0000,0.0000,179.9999,0.0002,179.9089
16.3357,approaching,0.0000,0.2707,0.2171,0.0000,0.0000,0.0000,179.9997,-0.0001,179.9088
16.3457,approaching,0.0000,0.2701,0.2165,0.0000,0.0000,0.0000,179.9997,-0.0001,179.9088
16.3561,approaching,0.0000,0.2700,0.2162,0.0000,0.0000,0.0000,179.9996,-0.0005,179.9088
16.3655,approaching,0.0000,0.2694,0.2157,0.0000,0.0000,0.0000,179.9993,-0.0011,179.9088
16.3755,approaching,0.0000,0.2689,0.2153,0.0000,0.0000,0.0000,179.9993,-0.0011,179.9088
16.3872,approaching,0.0000,0.2691,0.2153,0.0000,0.0000,0.0000,179.9993,-0.0009,179.9087
16.3956,approaching,0.0000,0.2694,0.2157,0.0000,0.0000,0.0000,179.9994,-0.0007,179.9087
16.4057,approaching,0.0000,0.2705,0.2166,0.0000,0.0000,0.0000,179.9994,-0.0007,179.9087
16.4156,approaching,0.0000,0.2714,0.2171,0.0000,0.0000,0.0000,179.9994,-0.0008,179.9087
16.4256,approaching,0.0000,0.2713,0.2172,0.0000,0.0000,0.0000,179.9998,0.0002,179.9086
16.4357,approaching,0.0000,0.2713,0.2173,0.0000,0.0000,0.0000,179.9998,0.0002,179.9086
16.4453,approaching,0.0000,0.2717,0.2175,0.0000,0.0000,0.0000,179.9998,0.0002,179.9086
16.4557,approaching,0.0000,0.2724,0.2177,0.0000,0.0000,0.0000,179.9996,-0.0001,179.9086
16.4656,approaching,0.0000,0.2727,0.2179,0.0000,0.0000,0.0000,179.9996,-0.0001,179.9086
16.4757,approaching,0.0000,0.2736,0.2183,0.0000,0.0000,0.0000,179.9991,-0.0013,179.9085
16.4856,approaching,0.0000,0.2744,0.2187,0.0000,0.0000,0.0000,179.9993,-0.0007,179.9085
16.4955,approaching,0.0000,0.2745,0.2186,0.0000,0.0000,0.0000,179.9993,-0.0007,179.9085
16.5056,approaching,0.0000,0.2743,0.2185,0.0000,0.0000,0.0000,179.9998,0.0004,179.9084
16.5157,approaching,0.0000,0.2745,0.2184,0.0000,0.0000,0.0000,179.9998,0.0004,179.9084
16.5260,approaching,0.0000,0.2747,0.2183,0.0000,0.0000,0.0000,179.9998,0.0004,179.9084
16.5355,approaching,0.0000,0.2750,0.2184,0.0000,0.0000,0.0000,180.0000,0.0008,179.9083
16.5456,approaching,0.0000,0.2751,0.2183,0.0000,0.0000,0.0000,179.9997,0.0003,179.9083
16.5556,approaching,0.0000,0.2752,0.2182,0.0000,0.0000,0.0000,179.9997,0.0003,179.9083
16.5652,approaching,0.0000,0.2751,0.2182,0.0000,0.0000,0.0000,179.9999,0.0008,179.9083
16.5762,approaching,0.0000,0.2754,0.2183,0.0000,0.0000,0.0000,179.9997,0.0004,179.9082
16.5857,approaching,0.0000,0.2747,0.2176,0.0000,0.0000,0.0000,179.9997,0.0004,179.9082
16.5956,approaching,0.0000,0.2746,0.2171,0.0000,0.0000,0.0000,179.9997,0.0004,179.9082
16.6058,approaching,0.0000,0.2746,0.2167,0.0000,0.0000,0.0000,179.9996,0.0001,179.9082
16.6158,approaching,0.0000,0.2746,0.2163,0.0000,0.0000,0.0000,179.9996,0.0001,179.9082
16.6257,approaching,0.0000,0.2739,0.2157,0.0000,0.0000,0.0000,180.0000,0.0013,179.9082
16.6355,approaching,0.0000,0.2740,0.2153,0.0000,0.0000,0.0000,180.0000,0.0011,179.9081
16.6460,approaching,0.0000,0.2734,0.2148,0.0000,0.0000,0.0000,180.0000,0.0011,179.9081
16.6557,approaching,0.0000,0.2732,0.2144,0.0000,0.0000,0.0000,179.9998,0.0008,179.9086
16.6658,approaching,0.0000,0.2731,0.2140,0.0000,0.0000,0.0000,179.9999,0.0009,179.9086
16.6758,approaching,0.0000,0.2720,0.2130,0.0000,0.0000,0.0000,179.9999,0.0009,179.9086
16.6856,approaching,0.0000,0.2712,0.2123,0.0000,0.0000,0.0000,179.9998,0.0008,179.9086
16.6955,approaching,0.0000,0.2709,0.2114,0.0000,0.0000,0.0000,179.9999,0.0011,179.9085
16.7060,approaching,0.0000,0.2705,0.2106,0.0000,0.0000,0.0000,179.9999,0.0011,179.9085
16.7159,approaching,0.0000,0.2697,0.2097,0.0000,0.0000,0.0000,-179.9999,0.0015,179.9085
16.7264,approaching,0.0000,0.2691,0.2091,0.0000,0.0000,0.0000,179.9999,0.0012,179.9090
16.7357,approaching,0.0000,0.2689,0.2089,0.0000,0.0000,0.0000,179.9999,0.0012,179.9090
16.7457,approaching,0.0000,0.2683,0.2088,0.0000,0.0000,0.0000,179.9994,0.0001,179.9090
16.7556,approaching,0.0000,0.2684,0.2088,0.0000,0.0000,0.0000,179.9993,-0.0001,179.9089
16.7665,approaching,0.0000,0.2684,0.2089,0.0000,0.0000,0.0000,179.9993,-0.0001,179.9089
16.7756,approaching,0.0000,0.2677,0.2085,0.0000,0.0000,0.0000,179.9990,-0.0008,179.9089
16.7857,approaching,0.0000,0.2675,0.2082,0.0000,0.0000,0.0000,179.9993,-0.0000,179.9088
16.7957,approaching,0.0000,0.2669,0.2075,0.0000,0.0000,0.0000,179.9993,-0.0000,179.9088
16.8056,approaching,0.0000,0.2663,0.2067,0.0000,0.0000,0.0000,179.9993,-0.0000,179.9088
16.8156,approaching,0.0000,0.2657,0.2064,0.0000,0.0000,0.0000,179.9990,-0.0007,179.9088
16.8257,approaching,0.0000,0.2654,0.2060,0.0000,0.0000,0.0000,179.9990,-0.0007,179.9088
16.8355,approaching,0.0000,0.2652,0.2056,0.0000,0.0000,0.0000,179.9995,0.0004,179.9087
16.8457,approaching,0.0000,0.2644,0.2049,0.0000,0.0000,0.0000,179.9995,0.0004,179.9087
16.8560,approaching,0.0000,0.2637,0.2043,0.0000,0.0000,0.0000,179.9995,0.0004,179.9087
16.8655,approaching,0.0000,0.2631,0.2034,0.0000,0.0000,0.0000,179.9993,0.0001,179.9087
16.8758,approaching,0.0000,0.2630,0.2033,0.0000,0.0000,0.0000,179.9991,-0.0004,179.9086
16.8855,approaching,0.0000,0.2630,0.2033,0.0000,0.0000,0.0000,179.9991,-0.0004,179.9086
16.8957,approaching,0.0000,0.2629,0.2034,0.0000,0.0000,0.0000,179.9995,0.0006,179.9086
16.9060,approaching,0.0000,0.2628,0.2036,0.0000,0.0000,0.0000,179.9995,0.0006,179.9086
16.9156,approaching,0.0000,0.2629,0.2039,0.0000,0.0000,0.0000,179.9995,0.0006,179.9086
16.9258,approaching,0.0000,0.2626,0.2037,0.0000,0.0000,0.0000,179.9994,0.0005,179.9085
16.9355,approaching,0.0000,0.2625,0.2038,0.0000,0.0000,0.0000,179.9995,0.0008,179.9085
16.9461,approaching,0.0000,0.2623,0.2038,0.0000,0.0000,0.0000,179.9995,0.0008,179.9085
16.9559,approaching,0.0000,0.2629,0.2041,0.0000,0.0000,0.0000,179.9994,0.0005,179.9084
16.9655,approaching,0.0000,0.2623,0.2039,0.0000,0.0000,0.0000,179.9992,0.0001,179.9084
16.9756,approaching,0.0000,0.2627,0.2041,0.0000,0.0000,0.0000,179.9992,0.0001,179.9084
16.9858,approaching,0.0000,0.2628,0.2041,0.0000,0.0000,0.0000,179.9989,-0.0006,179.9084
16.9960,approaching,0.0000,0.2630,0.2041,0.0000,0.0000,0.0000,179.9991,-0.0001,179.9083
17.0056,approaching,0.0000,0.2628,0.2042,0.0000,0.0000,0.0000,179.9991,-0.0001,179.9083
17.0155,approaching,0.0000,0.2631,0.2044,0.0000,0.0000,0.0000,179.9991,0.0001,179.9083
17.0254,approaching,0.0000,0.2632,0.2043,0.0000,0.0000,0.0000,179.9996,0.0012,179.9082
17.0360,approaching,0.0000,0.2628,0.2039,0.0000,0.0000,0.0000,179.9996,0.0012,179.9082
17.0457,approaching,0.0000,0.2625,0.2035,0.0000,0.0000,0.0000,179.9994,0.0008,179.9082
17.0557,approaching,0.0000,0.2611,0.2021,0.0000,0.0000,0.0000,179.9989,-0.0003,179.9081
17.0657,approaching,0.0000,0.2597,0.2006,0.0000,0.0000,0.0000,179.9989,-0.0003,179.9081
17.0755,approaching,0.0000,0.2584,0.0000,0.0000,0.0000,0.0000,179.9989,-0.0003,179.9081
17.0857,approaching,0.0000,0.2575,0.0000,0.0000,0.0000,0.0000,179.9983,-0.0016,179.9081
17.0956,approaching,0.0000,0.2562,0.0000,0.0000,0.0000,0.0000,179.9983,-0.0016,179.9081
17.1060,approaching,0.0000,0.2552,0.0000,0.0000,0.0000,0.0000,179.9983,-0.0017,179.9081
17.1156,approaching,0.0000,0.2541,0.0000,0.0000,0.0000,0.0000,179.9991,0.0002,179.9086
17.1255,approaching,0.0000,0.2530,0.0000,0.0000,0.0000,0.0000,179.9991,0.0002,179.9086
17.1357,approaching,0.0000,0.2515,0.0000,0.0000,0.0000,0.0000,179.9991,0.0002,179.9086
17.1455,approaching,0.0000,0.2498,0.0000,0.0000,0.0000,0.0000,179.9988,-0.0003,179.9085
17.1559,approaching,0.0000,0.2482,0.0000,0.0000,0.0000,0.0000,179.9988,-0.0003,179.9085
17.1657,approaching,0.0000,0.2464,0.0000,0.0000,0.0000,0.0000,179.9989,-0.0002,179.9085
17.1757,approaching,0.0000,0.2446,0.0000,0.0000,0.0000,0.0000,179.9986,-0.0007,179.9084
17.1856,approaching,0.0000,0.2429,0.0000,0.0000,0.0000,0.0000,179.9986,-0.0007,179.9084
17.1956,approaching,0.0000,0.2415,0.0000,0.0000,0.0000,0.0000,179.9988,-0.0002,179.9084
17.2057,approaching,0.0000,0.2398,0.0000,0.0000,0.0000,0.0000,179.9988,-0.0002,179.9084
17.2162,approaching,0.0000,0.2382,0.0000,0.0000,0.0000,0.0000,179.9988,-0.0002,179.9084
17.2257,approaching,0.0000,0.2372,0.0000,0.0000,0.0000,0.0000,179.9985,-0.0008,179.9083
17.2352,approaching,0.0000,0.2362,0.0000,0.0000,0.0000,0.0000,179.9989,0.0001,179.9088
17.2452,approaching,0.0000,0.2351,0.0000,0.0000,0.0000,0.0000,179.9989,0.0001,179.9088
17.2552,approaching,0.0000,0.2341,0.0000,0.0000,0.0000,0.0000,179.9996,0.0016,179.9088
17.2671,approaching,0.0000,0.2331,0.0000,0.0000,0.0000,0.0000,179.9989,-0.0000,179.9088
17.2755,approaching,0.0000,0.2328,0.0000,0.0000,0.0000,0.0000,179.9989,-0.0000,179.9088
17.2856,approaching,0.0000,0.2319,0.0000,0.0000,0.0000,0.0000,179.9994,-0.0000,179.9087
17.2955,approaching,0.0000,0.2315,0.0000,0.0000,0.0000,0.0000,179.9992,-0.0006,179.9087
17.3059,approaching,0.0000,0.2306,0.0000,0.0000,0.0000,0.0000,179.9992,-0.0006,179.9087
17.3157,approaching,0.0000,0.2299,0.0000,0.0000,0.0000,0.0000,179.9993,-0.0002,179.9086
17.3255,approaching,0.0000,0.2297,0.0000,0.0000,0.0000,0.0000,179.9996,0.0004,179.9086
17.3356,approaching,0.0000,0.2292,0.0000,0.0000,0.0000,0.0000,179.9996,0.0004,179.9086
17.3459,approaching,0.0000,0.2292,0.0000,0.0000,0.0000,0.0000,179.9998,-0.0004,179.9086
17.3556,approaching,0.0000,0.2292,0.0000,0.0000,0.0000,0.0000,-179.9997,0.0007,179.9085
17.3653,approaching,0.0000,0.2297,0.0000,0.0000,0.0000,0.0000,-179.9997,0.0007,179.9085
17.3756,approaching,0.0000,0.2299,0.0000,0.0000,0.0000,0.0000,-179.9998,0.0005,179.9085
17.3855,approaching,0.0000,0.2301,0.0000,0.0000,0.0000,0.0000,-179.9996,0.0010,179.9085
17.3955,approaching,0.0000,0.2308,0.0000,0.0000,0.0000,0.0000,-179.9996,0.0010,179.9085
17.4056,approaching,0.0000,0.2320,0.0000,0.0000,0.0000,0.0000,-179.9997,0.0008,179.9084
17.4152,approaching,0.0000,0.2334,0.0000,0.0000,0.0000,0.0000,-179.9992,0.0007,179.9084
17.4259,approaching,0.0000,0.2348,0.0000,0.0000,0.0000,0.0000,-179.9992,0.0007,179.9084
17.4353,approaching,0.0000,0.2362,0.0000,0.0000,0.0000,0.0000,-179.9995,-0.0000,179.9083
17.4452,approaching,0.0000,0.2377,0.0000,0.0000,0.0000,0.0000,-179.9995,-0.0000,179.9083
17.4555,approaching,0.0000,0.2394,0.0000,0.0000,0.0000,0.0000,-179.9995,-0.0000,179.9083
17.4658,approaching,0.0000,0.2411,0.0000,0.0000,0.0000,0.0000,-179.9998,-0.0005,179.9083
17.4752,approaching,0.0000,0.2429,0.0000,0.0000,0.0000,0.0000,-179.9995,0.0002,179.9082
17.4856,approaching,0.0000,0.2450,0.0000,0.0000,0.0000,0.0000,-179.9995,0.0002,179.9082
17.4953,approaching,0.0000,0.2465,0.0000,0.0000,0.0000,0.0000,-179.9988,0.0002,179.9082
17.5057,approaching,0.0000,0.2477,0.0000,0.0000,0.0000,0.0000,-179.9988,0.0002,179.9082
17.5153,approaching,0.0000,0.2492,0.0000,0.0000,0.0000,0.0000,-179.9988,0.0002,179.9082
17.5254,approaching,0.0000,0.2508,0.0000,0.0000,0.0000,0.0000,-179.9986,0.0009,179.9082
17.5352,approaching,0.0000,0.2523,0.0000,0.0000,0.0000,0.0000,-179.9987,0.0006,179.9081
17.5460,approaching,0.0000,0.2542,0.0000,0.0000,0.0000,0.0000,-179.9987,0.0006,179.9081
17.5556,approaching,0.0000,0.2566,0.2001,0.0000,0.0000,0.0000,-179.9989,0.0002,179.9081
17.5653,approaching,0.0000,0.2586,0.2021,0.0000,0.0000,0.0000,-179.9991,-0.0001,179.9080
17.5752,approaching,0.0000,0.2605,0.2038,0.0000,0.0000,0.0000,-179.9991,-0.0001,179.9080
17.5862,approaching,0.0000,0.2622,0.2054,0.0000,0.0000,0.0000,-179.9992,-0.0005,179.9080
17.5953,approaching,0.0000,0.2637,0.2068,0.0000,0.0000,0.0000,-179.9993,-0.0006,179.9079
17.6056,approaching,0.0000,0.2652,0.2083,0.0000,0.0000,0.0000,-179.9993,-0.0006,179.9079
17.6153,approaching,0.0000,0.2671,0.2099,0.0000,0.0000,0.0000,-179.9990,0.0002,179.9079
17.6255,approaching,0.0000,0.2687,0.2112,0.0000,0.0000,0.0000,-179.9987,0.0009,179.9079
17.6357,approaching,0.0000,0.2704,0.2127,0.0000,0.0000,0.0000,-179.9987,0.0009,179.9079
17.6452,approaching,0.0000,0.2721,0.2142,0.0000,0.0000,0.0000,-179.9991,-0.0000,179.9084
17.6555,approaching,0.0000,0.2734,0.2157,0.0000,0.0000,0.0000,-179.9995,-0.0009,179.9084
17.6668,approaching,0.0000,0.2747,0.2172,0.0000,0.0000,0.0000,-179.9995,-0.0009,179.9084
17.6757,approaching,0.0000,0.2764,0.2188,0.0000,0.0000,0.0000,-179.9996,-0.0012,179.9083
17.6854,approaching,0.0000,0.2776,0.2201,0.0000,0.0000,0.0000,-179.9996,-0.0009,179.9082
17.6954,approaching,0.0000,0.2783,0.2210,0.0000,0.0000,0.0000,-179.9996,-0.0009,179.9082
17.7067,approaching,0.0000,0.2789,0.2219,0.0000,0.0000,0.0000,-179.9996,-0.0009,179.9082
17.7155,approaching,0.0000,0.2796,0.2223,0.0000,0.0000,0.0000,-179.9996,-0.0009,179.9082
17.7255,approaching,0.0000,0.2798,0.2226,0.0000,0.0000,0.0000,-179.9996,-0.0009,179.9082
17.7356,approaching,0.0000,0.2801,0.2231,0.0000,0.0000,0.0000,-179.9994,-0.0006,179.9091
17.7452,approaching,0.0000,0.2810,0.2238,0.0000,0.0000,0.0000,-179.9993,-0.0002,179.9091
17.7583,approaching,0.0000,0.2818,0.2245,0.0000,0.0000,0.0000,-179.9993,-0.0002,179.9091
17.7654,approaching,0.0000,0.2825,0.2255,0.0000,0.0000,0.0000,-179.9997,-0.0012,179.9090
17.7754,approaching,0.0000,0.2833,0.2261,0.0000,0.0000,0.0000,-179.9994,-0.0004,179.9090
17.7854,approaching,0.0000,0.2838,0.2267,0.0000,0.0000,0.0000,-179.9994,-0.0004,179.9090
17.7953,approaching,0.0000,0.2844,0.2271,0.0000,0.0000,0.0000,-179.9998,-0.0012,179.9090
17.8057,approaching,0.0000,0.2852,0.2276,0.0000,0.0000,0.0000,-179.9994,-0.0003,179.9089
17.8157,approaching,0.0000,0.2859,0.2280,0.0000,0.0000,0.0000,-179.9994,-0.0003,179.9089
17.8254,approaching,0.0000,0.2864,0.2284,0.0000,0.0000,0.0000,-179.9995,-0.0004,179.9089
17.8354,approaching,0.0000,0.2869,0.2284,0.0000,0.0000,0.0000,-179.9997,-0.0010,179.9088
17.8455,approaching,0.0000,0.2868,0.2283,0.0000,0.0000,0.0000,-179.9997,-0.0010,179.9088
17.8556,approaching,0.0000,0.2867,0.2282,0.0000,0.0000,0.0000,179.9996,-0.0010,179.9088
17.8658,approaching,0.0000,0.2869,0.2282,0.0000,0.0000,0.0000,179.9997,-0.0009,179.9088
17.8754,approaching,0.0000,0.2867,0.2282,0.0000,0.0000,0.0000,179.9997,-0.0009,179.9088
17.8853,approaching,0.0000,0.2865,0.2282,0.0000,0.0000,0.0000,179.9996,-0.0010,179.9087
17.8952,approaching,0.0000,0.2866,0.2283,0.0000,0.0000,0.0000,179.9999,-0.0004,179.9087
17.9071,approaching,0.0000,0.2868,0.2281,0.0000,0.0000,0.0000,179.9999,-0.0004,179.9087
17.9153,approaching,0.0000,0.2865,0.2278,0.0000,0.0000,0.0000,-179.9999,0.0002,179.9086
17.9252,approaching,0.0000,0.2860,0.2275,0.0000,0.0000,0.0000,179.9993,-0.0002,179.9086
17.9353,approaching,0.0000,0.2856,0.2272,0.0000,0.0000,0.0000,179.9993,-0.0002,179.9086
17.9461,approaching,0.0000,0.2853,0.2270,0.0000,0.0000,0.0000,179.9996,0.0006,179.9086
17.9556,approaching,0.0000,0.2848,0.2267,0.0000,0.0000,0.0000,179.9990,-0.0009,179.9085
17.9653,approaching,0.0000,0.2851,0.2269,0.0000,0.0000,0.0000,179.9990,-0.0009,179.9085
17.9751,approaching,0.0000,0.2853,0.2272,0.0000,0.0000,0.0000,179.9989,-0.0011,179.9085
17.9854,approaching,0.0000,0.2854,0.2275,0.0000,0.0000,0.0000,179.9989,-0.0010,179.9085
17.9953,approaching,0.0000,0.2859,0.2279,0.0000,0.0000,0.0000,179.9989,-0.0010,179.9085
18.0055,approaching,0.0000,0.2860,0.2281,0.0000,0.0000,0.0000,179.9987,-0.0015,179.9084
18.0153,approaching,0.0000,0.2866,0.2284,0.0000,0.0000,0.0000,179.9993,-0.0000,179.9084
18.0259,approaching,0.0000,0.2873,0.2287,0.0000,0.0000,0.0000,179.9993,-0.0000,179.9084
18.0358,approaching,0.0000,0.2875,0.2289,0.0000,0.0000,0.0000,179.9988,0.0003,179.9083
18.0455,approaching,0.0000,0.2876,0.2290,0.0000,0.0000,0.0000,179.9983,-0.0009,179.9083
18.0556,approaching,0.0000,0.2876,0.2287,0.0000,0.0000,0.0000,179.9983,-0.0009,179.9083
18.0652,approaching,0.0000,0.2877,0.2285,0.0000,0.0000,0.0000,179.9982,-0.0011,179.9083
18.0759,approaching,0.0000,0.2876,0.2283,0.0000,0.0000,0.0000,179.9982,-0.0011,179.9083
18.0852,approaching,0.0000,0.2879,0.2288,0.0000,0.0000,0.0000,179.9982,-0.0011,179.9083
18.0953,approaching,0.0000,0.2888,0.2294,0.0000,0.0000,0.0000,179.9982,-0.0011,179.9082
18.1053,approaching,0.0000,0.2888,0.2295,0.0000,0.0000,0.0000,179.9984,-0.0005,179.9082
18.1156,approaching,0.0000,0.2888,0.2295,0.0000,0.0000,0.0000,179.9984,-0.0005,179.9082
18.1256,approaching,0.0000,0.2880,0.2288,0.0000,0.0000,0.0000,179.9988,0.0005,179.9082
18.1353,approaching,0.0000,0.2872,0.2281,0.0000,0.0000,0.0000,179.9989,0.0006,179.9087
18.1456,approaching,0.0000,0.2870,0.2276,0.0000,0.0000,0.0000,179.9989,0.0006,179.9087
18.1566,approaching,0.0000,0.2868,0.2272,0.0000,0.0000,0.0000,179.9989,0.0008,179.9086
18.1656,approaching,0.0000,0.2864,0.2269,0.0000,0.0000,0.0000,179.9982,-0.0009,179.9086
18.1755,approaching,0.0000,0.2861,0.2265,0.0000,0.0000,0.0000,179.9982,-0.0009,179.9086
18.1854,approaching,0.0000,0.2856,0.2259,0.0000,0.0000,0.0000,179.9979,-0.0015,179.9086
18.1955,approaching,0.0000,0.2851,0.2253,0.0000,0.0000,0.0000,179.9984,-0.0002,179.9085
18.2056,approaching,0.0000,0.2846,0.2248,0.0000,0.0000,0.0000,179.9984,-0.0002,179.9085
18.2152,approaching,0.0000,0.2841,0.2242,0.0000,0.0000,0.0000,179.9983,-0.0004,179.9085
18.2254,approaching,0.0000,0.2839,0.2240,0.0000,0.0000,0.0000,179.9986,0.0002,179.9090
18.2358,approaching,0.0000,0.2837,0.2238,0.0000,0.0000,0.0000,179.9986,0.0002,179.9090
18.2456,approaching,0.0000,0.2836,0.2236,0.0000,0.0000,0.0000,179.9987,0.0005,179.9089
18.2555,approaching,0.0000,0.2832,0.2232,0.0000,0.0000,0.0000,179.9987,0.0005,179.9089
18.2652,approaching,0.0000,0.2826,0.2224,0.0000,0.0000,0.0000,179.9987,0.0005,179.9089
18.2756,approaching,0.0000,0.2821,0.2216,0.0000,0.0000,0.0000,179.9992,0.0016,179.9089
18.2855,approaching,0.0000,0.2816,0.2208,0.0000,0.0000,0.0000,179.9982,-0.0005,179.9088
18.2956,approaching,0.0000,0.2812,0.2205,0.0000,0.0000,0.0000,179.9982,-0.0005,179.9088
18.3057,approaching,0.0000,0.2809,0.2202,0.0000,0.0000,0.0000,179.9982,-0.0006,179.9088
18.3154,approaching,0.0000,0.2807,0.2199,0.0000,0.0000,0.0000,179.9993,0.0020,179.9088
18.3263,approaching,0.0000,0.2801,0.2193,0.0000,0.0000,0.0000,179.9993,0.0020,179.9088
18.3353,approaching,0.0000,0.2793,0.2184,0.0000,0.0000,0.0000,179.9991,0.0016,179.9087
18.3452,approaching,0.0000,0.2784,0.2172,0.0000,0.0000,0.0000,179.9993,0.0020,179.9087
18.3553,approaching,0.0000,0.2776,0.2161,0.0000,0.0000,0.0000,179.9993,0.0020,179.9087
18.3664,approaching,0.0000,0.2768,0.2150,0.0000,0.0000,0.0000,179.9993,0.0020,179.9087
18.3753,approaching,0.0000,0.2753,0.2135,0.0000,0.0000,0.0000,179.9991,0.0015,179.9086
18.3853,approaching,0.0000,0.2740,0.2121,0.0000,0.0000,0.0000,179.9991,0.0015,179.9086
18.3953,approaching,0.0000,0.2724,0.2105,0.0000,0.0000,0.0000,179.9990,0.0014,179.9086
18.4066,approaching,0.0000,0.2713,0.2091,0.0000,0.0000,0.0000,179.9987,0.0009,179.9085
18.4156,approaching,0.0000,0.2706,0.2081,0.0000,0.0000,0.0000,179.9987,0.0009,179.9085
18.4253,approaching,0.0000,0.2700,0.2072,0.0000,0.0000,0.0000,179.9987,0.0009,179.9085
18.4352,approaching,0.0000,0.2693,0.2063,0.0000,0.0000,0.0000,179.9987,0.0008,179.9085
18.4458,approaching,0.0000,0.2686,0.2055,0.0000,0.0000,0.0000,179.9987,0.0008,179.9085
18.4556,approaching,0.0000,0.2677,0.2044,0.0000,0.0000,0.0000,179.9990,0.0015,179.9084
18.4655,approaching,0.0000,0.2664,0.2028,0.0000,0.0000,0.0000,179.9988,0.0011,179.9084
18.4757,approaching,0.0000,0.2653,0.2012,0.0000,0.0000,0.0000,179.9988,0.0011,179.9084
18.4863,approaching,0.0000,0.2643,0.0000,0.0000,0.0000,0.0000,179.9988,0.0013,179.9084
18.4952,approaching,0.0000,0.2631,0.0000,0.0000,0.0000,0.0000,179.9989,0.0001,179.9083
18.5057,approaching,0.0000,0.2618,0.0000,0.0000,0.0000,0.0000,179.9989,0.0001,179.9083
18.5153,approaching,0.0000,0.2610,0.0000,0.0000,0.0000,0.0000,179.9991,0.0006,179.9083
18.5259,approaching,0.0000,0.2602,0.0000,0.0000,0.0000,0.0000,179.9987,-0.0004,179.9082
18.5353,approaching,0.0000,0.2589,0.0000,0.0000,0.0000,0.0000,179.9987,-0.0004,179.9082
18.5454,approaching,0.0000,0.2577,0.0000,0.0000,0.0000,0.0000,179.9990,-0.0010,179.9082
18.5554,approaching,0.0000,0.2563,0.0000,0.0000,0.0000,0.0000,179.9993,-0.0002,179.9082
18.5663,approaching,0.0000,0.2551,0.0000,0.0000,0.0000,0.0000,179.9993,-0.0002,179.9082
18.5753,approaching,0.0000,0.2539,0.0000,0.0000,0.0000,0.0000,179.9996,-0.0009,179.9081
18.5856,approaching,0.0000,0.2528,0.0000,0.0000,0.0000,0.0000,-179.9998,-0.0009,179.9081
18.5952,approaching,0.0000,0.2517,0.0000,0.0000,0.0000,0.0000,-179.9998,-0.0009,179.9081
18.6065,approaching,0.0000,0.2508,0.0000,0.0000,0.0000,0.0000,-179.9992,-0.0009,179.9081
18.6152,approaching,0.0000,0.2498,0.0000,0.0000,0.0000,0.0000,-179.9992,-0.0009,179.9080
18.6254,approaching,0.0000,0.2489,0.0000,0.0000,0.0000,0.0000,-179.9992,-0.0009,179.9080
18.6352,approaching,0.0000,0.2481,0.0000,0.0000,0.0000,0.0000,-179.9992,-0.0009,179.9080
18.6457,approaching,0.0000,0.2480,0.0000,0.0000,0.0000,0.0000,-179.9982,-0.0000,179.9085
18.6558,approaching,0.0000,0.2477,0.0000,0.0000,0.0000,0.0000,-179.9982,-0.0000,179.9085
18.6653,approaching,0.0000,0.2480,0.0000,0.0000,0.0000,0.0000,-179.9985,-0.0005,179.9085
18.6752,approaching,0.0000,0.2484,0.0000,0.0000,0.0000,0.0000,-179.9986,-0.0008,179.9085
18.6857,approaching,0.0000,0.2485,0.0000,0.0000,0.0000,0.0000,-179.9986,-0.0008,179.9085
18.6953,approaching,0.0000,0.2483,0.0000,0.0000,0.0000,0.0000,-179.9982,0.0002,179.9084
18.7054,approaching,0.0000,0.2485,0.0000,0.0000,0.0000,0.0000,-179.9987,-0.0010,179.9089
18.7153,approaching,0.0000,0.2491,0.0000,0.0000,0.0000,0.0000,-179.9987,-0.0010,179.9089
18.7261,approaching,0.0000,0.2493,0.0000,0.0000,0.0000,0.0000,-179.9986,-0.0006,179.9089
18.7354,approaching,0.0000,0.2499,0.0000,0.0000,0.0000,0.0000,-179.9988,-0.0010,179.9089
18.7455,approaching,0.0000,0.2503,0.0000,0.0000,0.0000,0.0000,-179.9988,-0.0010,179.9089
18.7556,approaching,0.0000,0.2505,0.0000,0.0000,0.0000,0.0000,-179.9987,-0.0008,179.9088
18.7653,approaching,0.0000,0.2513,0.0000,0.0000,0.0000,0.0000,-179.9984,-0.0002,179.9088
18.7777,approaching,0.0000,0.2523,0.0000,0.0000,0.0000,0.0000,-179.9984,-0.0002,179.9088
18.7852,approaching,0.0000,0.2532,0.0000,0.0000,0.0000,0.0000,-179.9986,-0.0006,179.9087
18.7952,approaching,0.0000,0.2551,0.0000,0.0000,0.0000,0.0000,-179.9984,0.0001,179.9087
18.8053,approaching,0.0000,0.2569,0.0000,0.0000,0.0000,0.0000,-179.9984,0.0001,179.9087
18.8161,approaching,0.0000,0.2581,0.0000,0.0000,0.0000,0.0000,-179.9990,-0.0014,179.9086
18.8253,approaching,0.0000,0.2593,0.0000,0.0000,0.0000,0.0000,-179.9988,-0.0009,179.9086
18.8357,approaching,0.0000,0.2608,0.0000,0.0000,0.0000,0.0000,-179.9988,-0.0009,179.9086
18.8455,approaching,0.0000,0.2622,0.0000,0.0000,0.0000,0.0000,-179.9988,-0.0009,179.9086
18.8555,approaching,0.0000,0.2636,0.0000,0.0000,0.0000,0.0000,-179.9988,-0.0009,179.9085
18.8653,approaching,0.0000,0.2655,0.0000,0.0000,0.0000,0.0000,-179.9988,-0.0009,179.9085
18.8753,approaching,0.0000,0.2670,0.2002,0.0000,0.0000,0.0000,-179.9990,-0.0013,179.9085
18.8852,approaching,0.0000,0.2686,0.2019,0.0000,0.0000,0.0000,-179.9991,-0.0015,179.9085
18.8959,approaching,0.0000,0.2700,0.2033,0.0000,0.0000,0.0000,-179.9991,-0.0015,179.9085
18.9058,approaching,0.0000,0.2713,0.2045,0.0000,0.0000,0.0000,-179.9991,-0.0015,179.9084
18.9153,approaching,0.0000,0.2733,0.2066,0.0000,0.0000,0.0000,-179.9992,-0.0015,179.9084
18.9254,approaching,0.0000,0.2749,0.2084,0.0000,0.0000,0.0000,-179.9992,-0.0015,179.9084
18.9355,approaching,0.0000,0.2762,0.2102,0.0000,0.0000,0.0000,-179.9993,-0.0019,179.9084
18.9454,approaching,0.0000,0.2778,0.2119,0.0000,0.0000,0.0000,-179.9994,-0.0021,179.9083
18.9556,approaching,0.0000,0.2794,0.2136,0.0000,0.0000,0.0000,-179.9994,-0.0021,179.9083
18.9654,approaching,0.0000,0.2806,0.2150,0.0000,0.0000,0.0000,-179.9993,-0.0018,179.9083
18.9752,approaching,0.0000,0.2820,0.2165,0.0000,0.0000,0.0000,-179.9989,-0.0008,179.9082
18.9853,approaching,0.0000,0.2834,0.2179,0.0000,0.0000,0.0000,-179.9989,-0.0008,179.9082
18.9955,approaching,0.0000,0.2841,0.2188,0.0000,0.0000,0.0000,-179.9985,0.0001,179.9082
19.0056,approaching,0.0000,0.2847,0.2196,0.0000,0.0000,0.0000,-179.9986,-0.0000,179.9082
19.0153,approaching,0.0000,0.2856,0.2203,0.0000,0.0000,0.0000,-179.9986,-0.0000,179.9082
19.0255,approaching,0.0000,0.2865,0.2210,0.0000,0.0000,0.0000,-179.9986,-0.0000,179.9082
19.0352,approaching,0.0000,0.2871,0.2217,0.0000,0.0000,0.0000,-179.9983,0.0006,179.9081
19.0459,approaching,0.0000,0.2879,0.2222,0.0000,0.0000,0.0000,-179.9983,0.0006,179.9081
19.0553,approaching,0.0000,0.2883,0.2226,0.0000,0.0000,0.0000,-179.9985,0.0003,179.9081
19.0655,approaching,0.0000,0.2886,0.2229,0.0000,0.0000,0.0000,-179.9993,-0.0001,179.9080
19.0753,approaching,0.0000,0.2891,0.2235,0.0000,0.0000,0.0000,-179.9993,-0.0001,179.9080
19.0853,approaching,0.0000,0.2889,0.2232,0.0000,0.0000,0.0000,-179.9992,0.0001,179.9080
19.0952,approaching,0.0000,0.2885,0.2229,0.0000,0.0000,0.0000,-179.9998,0.0002,179.9080
19.1059,approaching,0.0000,0.2882,0.2226,0.0000,0.0000,0.0000,-179.9998,0.0002,179.9080
19.1155,approaching,0.0000,0.2877,0.2218,0.0000,0.0000,0.0000,179.9996,0.0015,179.9079
19.1254,approaching,0.0000,0.2867,0.2207,0.0000,0.0000,0.0000,179.9987,0.0010,179.9079
19.1353,approaching,0.0000,0.2858,0.2196,0.0000,0.0000,0.0000,179.9987,0.0010,179.9079
19.1454,approaching,0.0000,0.2849,0.2186,0.0000,0.0000,0.0000,179.9989,0.0013,179.9084
19.1558,approaching,0.0000,0.2837,0.2171,0.0000,0.0000,0.0000,179.9987,0.0011,179.9084
19.1654,approaching,0.0000,0.2826,0.2159,0.0000,0.0000,0.0000,179.9987,0.0011,179.9084
19.1753,approaching,0.0000,0.2817,0.2148,0.0000,0.0000,0.0000,179.9980,0.0010,179.9083
19.1855,approaching,0.0000,0.2808,0.2138,0.0000,0.0000,0.0000,179.9980,0.0010,179.9083
19.1954,approaching,0.0000,0.2799,0.2128,0.0000,0.0000,0.0000,179.9980,0.0010,179.9083
19.2056,approaching,0.0000,0.2784,0.2114,0.0000,0.0000,0.0000,179.9978,0.0004,179.9082
19.2153,approaching,0.0000,0.2770,0.2100,0.0000,0.0000,0.0000,179.9973,-0.0007,179.9082
19.2254,approaching,0.0000,0.2757,0.2087,0.0000,0.0000,0.0000,179.9973,-0.0007,179.9082
19.2381,approaching,0.0000,0.2745,0.2074,0.0000,0.0000,0.0000,179.9978,0.0005,179.9087
19.2453,approaching,0.0000,0.2726,0.2056,0.0000,0.0000,0.0000,179.9976,0.0001,179.9087
19.2555,approaching,0.0000,0.2709,0.2040,0.0000,0.0000,0.0000,179.9976,0.0001,179.9087
19.2653,approaching,0.0000,0.2693,0.2024,0.0000,0.0000,0.0000,179.9982,0.0001,179.9090
19.2756,approaching,0.0000,0.2671,0.2003,0.0000,0.0000,0.0000,179.9982,0.0001,179.9090
19.2856,approaching,0.0000,0.2651,0.0000,0.0000,0.0000,0.0000,179.9982,0.0001,179.9090
19.2957,approaching,0.0000,0.2637,0.0000,0.0000,0.0000,0.0000,179.9982,0.0001,179.9090
19.3055,approaching,0.0000,0.2625,0.0000,0.0000,0.0000,0.0000,179.9983,0.0003,179.9089
19.3153,approaching,0.0000,0.2613,0.0000,0.0000,0.0000,0.0000,179.9983,0.0003,179.9089
19.3277,approaching,0.0000,0.2601,0.0000,0.0000,0.0000,0.0000,179.9981,-0.0000,179.9089
19.3352,approaching,0.0000,0.2587,0.0000,0.0000,0.0000,0.0000,179.9978,-0.0007,179.9088
19.3453,approaching,0.0000,0.2577,0.0000,0.0000,0.0000,0.0000,179.9978,-0.0007,179.9088
19.3554,approaching,0.0000,0.2567,0.0000,0.0000,0.0000,0.0000,179.9981,0.0001,179.9088
19.3655,approaching,0.0000,0.2557,0.0000,0.0000,0.0000,0.0000,179.9982,0.0004,179.9088
19.3755,approaching,0.0000,0.2550,0.0000,0.0000,0.0000,0.0000,179.9982,0.0004,179.9088
19.3856,approaching,0.0000,0.2548,0.0000,0.0000,0.0000,0.0000,179.9981,-0.0000,179.9087
19.3955,approaching,0.0000,0.2542,0.0000,0.0000,0.0000,0.0000,179.9982,0.0002,179.9087
19.4061,approaching,0.0000,0.2536,0.0000,0.0000,0.0000,0.0000,179.9982,0.0002,179.9087
19.4153,approaching,0.0000,0.2533,0.0000,0.0000,0.0000,0.0000,179.9989,0.0019,179.9087
19.4253,approaching,0.0000,0.2531,0.0000,0.0000,0.0000,0.0000,179.9984,0.0010,179.9086
19.4353,approaching,0.0000,0.2537,0.0000,0.0000,0.0000,0.0000,179.9984,0.0010,179.9086
19.4459,approaching,0.0000,0.2543,0.0000,0.0000,0.0000,0.0000,179.9984,0.0008,179.9086
19.4557,approaching,0.0000,0.2548,0.0000,0.0000,0.0000,0.0000,179.9983,0.0008,179.9086
19.4653,approaching,0.0000,0.2554,0.0000,0.0000,0.0000,0.0000,179.9983,0.0008,179.9086
19.4754,approaching,0.0000,0.2557,0.0000,0.0000,0.0000,0.0000,179.9992,0.0014,179.9085
19.4855,approaching,0.0000,0.2560,0.0000,0.0000,0.0000,0.0000,179.9990,0.0010,179.9085
19.4953,approaching,0.0000,0.2558,0.0000,0.0000,0.0000,0.0000,179.9990,0.0010,179.9085
19.5054,approaching,0.0000,0.2566,0.0000,0.0000,0.0000,0.0000,179.9991,0.0013,179.9084
19.5152,approaching,0.0000,0.2573,0.0000,0.0000,0.0000,0.0000,179.9987,0.0005,179.9084
19.5258,approaching,0.0000,0.2577,0.0000,0.0000,0.0000,0.0000,179.9987,0.0005,179.9084
19.5352,approaching,0.0000,0.2583,0.0000,0.0000,0.0000,0.0000,179.9990,0.0011,179.9084
19.5455,approaching,0.0000,0.2591,0.0000,0.0000,0.0000,0.0000,179.9990,0.0011,179.9083
19.5556,approaching,0.0000,0.2600,0.0000,0.0000,0.0000,0.0000,179.9990,0.0011,179.9083
19.5660,approaching,0.0000,0.2609,0.0000,0.0000,0.0000,0.0000,179.9989,0.0010,179.9083
19.5753,approaching,0.0000,0.2622,0.0000,0.0000,0.0000,0.0000,179.9992,0.0003,179.9082
19.5855,approaching,0.0000,0.2632,0.0000,0.0000,0.0000,0.0000,179.9992,0.0003,179.9082
19.5956,approaching,0.0000,0.2639,0.0000,0.0000,0.0000,0.0000,179.9994,0.0008,179.9082
19.6059,approaching,0.0000,0.2647,0.0000,0.0000,0.0000,0.0000,179.9988,-0.0005,179.9082
19.6154,approaching,0.0000,0.2659,0.0000,0.0000,0.0000,0.0000,179.9988,-0.0005,179.9082
19.6255,approaching,0.0000,0.2679,0.2009,0.0000,0.0000,0.0000,179.9992,0.0003,179.9087
19.6352,approaching,0.0000,0.2697,0.2026,0.0000,0.0000,0.0000,179.9997,-0.0000,179.9086
19.6460,approaching,0.0000,0.2711,0.2039,0.0000,0.0000,0.0000,179.9997,-0.0000,179.9086
19.6557,approaching,0.0000,0.2722,0.2052,0.0000,0.0000,0.0000,180.0000,0.0009,179.9086
19.6654,approaching,0.0000,0.2738,0.2066,0.0000,0.0000,0.0000,180.0000,0.0009,179.9086
19.6754,approaching,0.0000,0.2742,0.2072,0.0000,0.0000,0.0000,180.0000,0.0009,179.9086
19.6858,approaching,0.0000,0.2746,0.2078,0.0000,0.0000,0.0000,179.9996,-0.0000,179.9086
19.6955,approaching,0.0000,0.2756,0.2085,0.0000,0.0000,0.0000,-179.9996,0.0004,179.9085
19.7055,approaching,0.0000,0.2766,0.2092,0.0000,0.0000,0.0000,-179.9996,0.0004,179.9085
19.7157,approaching,0.0000,0.2773,0.2098,0.0000,0.0000,0.0000,-179.9999,-0.0001,179.9090
19.7258,approaching,0.0000,0.2780,0.2104,0.0000,0.0000,0.0000,-179.9997,0.0003,179.9090
19.7355,approaching,0.0000,0.2785,0.2107,0.0000,0.0000,0.0000,-179.9997,0.0003,179.9090
19.7454,approaching,0.0000,0.2785,0.2107,0.0000,0.0000,0.0000,-179.9998,-0.0000,179.9090
19.7555,approaching,0.0000,0.2790,0.2110,0.0000,0.0000,0.0000,-179.9992,-0.0000,179.9089
19.7652,approaching,0.0000,0.2793,0.2113,0.0000,0.0000,0.0000,-179.9992,-0.0000,179.9089
19.7773,approaching,0.0000,0.2794,0.2114,0.0000,0.0000,0.0000,-179.9995,-0.0006,179.9089
19.7853,approaching,0.0000,0.2792,0.2115,0.0000,0.0000,0.0000,-179.9996,-0.0007,179.9088
19.7955,approaching,0.0000,0.2791,0.2116,0.0000,0.0000,0.0000,-179.9996,-0.0007,179.9088
19.8054,approaching,0.0000,0.2788,0.2119,0.0000,0.0000,0.0000,-179.9994,-0.0003,179.9088
19.8157,approaching,0.0000,0.2785,0.2121,0.0000,0.0000,0.0000,-179.9993,-0.0000,179.9088
19.8254,approaching,0.0000,0.2778,0.2117,0.0000,0.0000,0.0000,-179.9993,-0.0000,179.9088
19.8354,approaching,0.0000,0.2767,0.2111,0.0000,0.0000,0.0000,-179.9999,-0.0014,179.9088
19.8453,approaching,0.0000,0.2756,0.2106,0.0000,0.0000,0.0000,-179.9996,-0.0007,179.9087
19.8560,approaching,0.0000,0.2746,0.2100,0.0000,0.0000,0.0000,-179.9996,-0.0007,179.9087
19.8656,approaching,0.0000,0.2735,0.2092,0.0000,0.0000,0.0000,179.9999,-0.0004,179.9087
19.8753,approaching,0.0000,0.2722,0.2084,0.0000,0.0000,0.0000,179.9994,-0.0014,179.9086
19.8852,approaching,0.0000,0.2711,0.2077,0.0000,0.0000,0.0000,179.9994,-0.0014,179.9086
19.8958,approaching,0.0000,0.2701,0.2070,0.0000,0.0000,0.0000,179.9996,-0.0011,179.9086
19.9057,approaching,0.0000,0.2687,0.2061,0.0000,0.0000,0.0000,179.9995,-0.0011,179.9086
19.9156,approaching,0.0000,0.2670,0.2046,0.0000,0.0000,0.0000,179.9995,-0.0011,179.9086
19.9252,approaching,0.0000,0.2651,0.2029,0.0000,0.0000,0.0000,179.9996,-0.0010,179.9085
19.9356,approaching,0.0000,0.2631,0.2008,0.0000,0.0000,0.0000,179.9998,-0.0005,179.9084
19.9455,approaching,0.0000,0.2610,0.0000,0.0000,0.0000,0.0000,179.9998,-0.0005,179.9084
19.9555,approaching,0.0000,0.2589,0.0000,0.0000,0.0000,0.0000,179.9997,-0.0005,179.9084
19.9653,approaching,0.0000,0.2564,0.0000,0.0000,0.0000,0.0000,179.9997,-0.0005,179.9084
19.9762,approaching,0.0000,0.2540,0.0000,0.0000,0.0000,0.0000,179.9997,-0.0005,179.9084
19.9854,approaching,0.0000,0.2518,0.0000,0.0000,0.0000,0.0000,179.9998,-0.0003,179.9084
19.9952,approaching,0.0000,0.2491,0.0000,0.0000,0.0000,0.0000,179.9997,-0.0005,179.9083
20.0055,approaching,0.0000,0.2466,0.0000,0.0000,0.0000,0.0000,179.9997,-0.0005,179.9083
20.0161,approaching,0.0000,0.2445,0.0000,0.0000,0.0000,0.0000,179.9998,-0.0004,179.9083
20.0253,approaching,0.0000,0.2424,0.0000,0.0000,0.0000,0.0000,180.0000,0.0001,179.9082
20.0356,approaching,0.0000,0.2404,0.0000,0.0000,0.0000,0.0000,180.0000,0.0001,179.9082
20.0452,approaching,0.0000,0.2388,0.0000,0.0000,0.0000,0.0000,180.0000,0.0001,179.9082
20.0558,approaching,0.0000,0.2369,0.0000,0.0000,0.0000,0.0000,-179.9998,0.0006,179.9082
20.0653,approaching,0.0000,0.2352,0.0000,0.0000,0.0000,0.0000,-179.9998,0.0006,179.9082
20.0753,approaching,0.0000,0.2332,0.0000,0.0000,0.0000,0.0000,179.9997,-0.0003,179.9082
20.0853,approaching,0.0000,0.2322,0.0000,0.0000,0.0000,0.0000,179.9992,-0.0016,179.9081
20.0959,approaching,0.0000,0.2312,0.0000,0.0000,0.0000,0.0000,179.9992,-0.0016,179.9081
20.1055,approaching,0.0000,0.2297,0.0000,0.0000,0.0000,0.0000,179.9992,-0.0016,179.9081
20.1154,approaching,0.0000,0.2286,0.0000,0.0000,0.0000,0.0000,179.9992,-0.0014,179.9081
20.1255,approaching,0.0000,0.2274,0.0000,0.0000,0.0000,0.0000,179.9992,-0.0014,179.9081
20.1355,approaching,0.0000,0.2262,0.0000,0.0000,0.0000,0.0000,179.9999,-0.0000,179.9080
20.1454,approaching,0.0000,0.2256,0.0000,0.0000,0.0000,0.0000,180.0000,0.0004,179.9080
20.1556,approaching,0.0000,0.2253,0.0000,0.0000,0.0000,0.0000,180.0000,0.0004,179.9080
20.1655,approaching,0.0000,0.2254,0.0000,0.0000,0.0000,0.0000,180.0000,0.0005,179.9085
20.1755,approaching,0.0000,0.2254,0.0000,0.0000,0.0000,0.0000,-179.9998,0.0010,179.9085
20.1853,approaching,0.0000,0.2257,0.0000,0.0000,0.0000,0.0000,-179.9998,0.0010,179.9085
20.1953,approaching,0.0000,0.2258,0.0000,0.0000,0.0000,0.0000,-179.9998,0.0011,179.9084
20.2053,approaching,0.0000,0.2264,0.0000,0.0000,0.0000,0.0000,-179.9998,0.0010,179.9084
20.2155,approaching,0.0000,0.2269,0.0000,0.0000,0.0000,0.0000,-179.9998,0.0010,179.9084
20.2254,approaching,0.0000,0.2274,0.0000,0.0000,0.0000,0.0000,-179.9998,0.0010,179.9083
20.2352,approaching,0.0000,0.2278,0.0000,0.0000,0.0000,0.0000,179.9999,0.0004,179.9083
20.2468,approaching,0.0000,0.2289,0.0000,0.0000,0.0000,0.0000,179.9999,0.0004,179.9083
20.2560,approaching,0.0000,0.2300,0.0000,0.0000,0.0000,0.0000,179.9998,0.0001,179.9083
20.2653,approaching,0.0000,0.2315,0.0000,0.0000,0.0000,0.0000,179.9997,0.0001,179.9088
20.2753,approaching,0.0000,0.2330,0.0000,0.0000,0.0000,0.0000,179.9997,0.0001,179.9088
20.2853,approaching,0.0000,0.2345,0.0000,0.0000,0.0000,0.0000,179.9997,-0.0000,179.9088
20.2952,approaching,0.0000,0.2361,0.0000,0.0000,0.0000,0.0000,179.9992,-0.0010,179.9087
20.3059,approaching,0.0000,0.2377,0.0000,0.0000,0.0000,0.0000,179.9992,-0.0010,179.9087
20.3153,approaching,0.0000,0.2390,0.0000,0.0000,0.0000,0.0000,179.9992,-0.0010,179.9087
20.3252,approaching,0.0000,0.2406,0.0000,0.0000,0.0000,0.0000,179.9994,-0.0005,179.9086
20.3351,approaching,0.0000,0.2420,0.0000,0.0000,0.0000,0.0000,179.9994,-0.0005,179.9086
20.3460,approaching,0.0000,0.2433,0.0000,0.0000,0.0000,0.0000,179.9994,-0.0005,179.9086
20.3555,approaching,0.0000,0.2448,0.0000,0.0000,0.0000,0.0000,179.9990,-0.0015,179.9086
20.3653,approaching,0.0000,0.2467,0.0000,0.0000,0.0000,0.0000,179.9990,-0.0015,179.9086
20.3753,approaching,0.0000,0.2486,0.0000,0.0000,0.0000,0.0000,179.9993,-0.0007,179.9086
20.3860,approaching,0.0000,0.2498,0.0000,0.0000,0.0000,0.0000,179.9988,-0.0017,179.9085
20.3952,approaching,0.0000,0.2506,0.0000,0.0000,0.0000,0.0000,179.9988,-0.0017,179.9085
20.4055,approaching,0.0000,0.2513,0.0000,0.0000,0.0000,0.0000,179.9993,-0.0007,179.9090
20.4153,approaching,0.0000,0.2519,0.0000,0.0000,0.0000,0.0000,179.9997,0.0002,179.9090
20.4261,approaching,0.0000,0.2523,0.0000,0.0000,0.0000,0.0000,179.9997,0.0002,179.9090
20.4353,approaching,0.0000,0.2531,0.0000,0.0000,0.0000,0.0000,179.9994,-0.0005,179.9090
20.4453,approaching,0.0000,0.2537,0.0000,0.0000,0.0000,0.0000,179.9990,-0.0013,179.9089
20.4555,approaching,0.0000,0.2543,0.0000,0.0000,0.0000,0.0000,179.9990,-0.0013,179.9089
20.4658,approaching,0.0000,0.2548,0.0000,0.0000,0.0000,0.0000,179.9993,-0.0005,179.9089
20.4752,approaching,0.0000,0.2544,0.0000,0.0000,0.0000,0.0000,179.9992,-0.0007,179.9088
20.4853,approaching,0.0000,0.2540,0.0000,0.0000,0.0000,0.0000,179.9992,-0.0007,179.9088
20.4953,approaching,0.0000,0.2541,0.0000,0.0000,0.0000,0.0000,179.9996,0.0001,179.9088
20.5062,approaching,0.0000,0.2538,0.0000,0.0000,0.0000,0.0000,179.9997,0.0004,179.9088
20.5153,approaching,0.0000,0.2533,0.0000,0.0000,0.0000,0.0000,179.9997,0.0004,179.9088
20.5254,approaching,0.0000,0.2528,0.0000,0.0000,0.0000,0.0000,179.9997,0.0005,179.9087
20.5352,approaching,0.0000,0.2524,0.0000,0.0000,0.0000,0.0000,179.9998,0.0006,179.9087
20.5458,approaching,0.0000,0.2515,0.0000,0.0000,0.0000,0.0000,179.9998,0.0006,179.9087
20.5555,approaching,0.0000,0.2506,0.0000,0.0000,0.0000,0.0000,179.9997,0.0006,179.9087
20.5655,approaching,0.0000,0.2500,0.0000,0.0000,0.0000,0.0000,179.9994,-0.0001,179.9086
20.5754,approaching,0.0000,0.2493,0.0000,0.0000,0.0000,0.0000,179.9994,-0.0001,179.9086
20.5856,approaching,0.0000,0.2488,0.0000,0.0000,0.0000,0.0000,179.9994,-0.0001,179.9086
20.5954,approaching,0.0000,0.2482,0.0000,0.0000,0.0000,0.0000,179.9989,-0.0012,179.9085
20.6055,approaching,0.0000,0.2478,0.0000,0.0000,0.0000,0.0000,179.9989,-0.0012,179.9085
20.6154,approaching,0.0000,0.2475,0.0000,0.0000,0.0000,0.0000,179.9991,-0.0006,179.9085
20.6257,approaching,0.0000,0.2473,0.0000,0.0000,0.0000,0.0000,179.9994,-0.0000,179.9085
20.6353,approaching,0.0000,0.2467,0.0000,0.0000,0.0000,0.0000,179.9994,-0.0000,179.9085
20.6452,approaching,0.0000,0.2463,0.0000,0.0000,0.0000,0.0000,179.9991,-0.0007,179.9084
20.6553,approaching,0.0000,0.2462,0.0000,0.0000,0.0000,0.0000,179.9991,-0.0007,179.9084
20.6660,approaching,0.0000,0.2461,0.0000,0.0000,0.0000,0.0000,179.9991,-0.0007,179.9084
20.6753,approaching,0.0000,0.2458,0.0000,0.0000,0.0000,0.0000,179.9991,-0.0007,179.9084
20.6852,approaching,0.0000,0.2457,0.0000,0.0000,0.0000,0.0000,179.9991,-0.0007,179.9084
20.6953,approaching,0.0000,0.2456,0.0000,0.0000,0.0000,0.0000,179.9991,-0.0007,179.9084
20.7059,approaching,0.0000,0.2455,0.0000,0.0000,0.0000,0.0000,179.9989,-0.0009,179.9083
20.7153,approaching,0.0000,0.2463,0.0000,0.0000,0.0000,0.0000,179.9993,-0.0001,179.9083
20.7252,approaching,0.0000,0.2471,0.0000,0.0000,0.0000,0.0000,179.9993,-0.0001,179.9083
20.7357,approaching,0.0000,0.2476,0.0000,0.0000,0.0000,0.0000,179.9990,-0.0008,179.9082
20.7466,approaching,0.0000,0.2479,0.0000,0.0000,0.0000,0.0000,179.9990,-0.0006,179.9082
20.7568,approaching,0.0000,0.2480,0.0000,0.0000,0.0000,0.0000,179.9990,-0.0006,179.9082
20.7658,approaching,0.0000,0.2484,0.0000,0.0000,0.0000,0.0000,179.9994,0.0003,179.9081
20.7754,approaching,0.0000,0.2493,0.0000,0.0000,0.0000,0.0000,179.9994,0.0003,179.9081
20.7855,approaching,0.0000,0.2502,0.0000,0.0000,0.0000,0.0000,179.9994,0.0003,179.9081
20.7958,approaching,0.0000,0.2505,0.0000,0.0000,0.0000,0.0000,179.9992,-0.0001,179.9081
20.8058,approaching,0.0000,0.2511,0.0000,0.0000,0.0000,0.0000,179.9993,0.0002,179.9081
20.8153,approaching,0.0000,0.2514,0.0000,0.0000,0.0000,0.0000,179.9993,0.0002,179.9081
20.8252,approaching,0.0000,0.2518,0.0000,0.0000,0.0000,0.0000,179.9992,-0.0002,179.9080
20.8352,approaching,0.0000,0.2530,0.0000,0.0000,0.0000,0.0000,179.9991,-0.0002,179.9080
20.8469,approaching,0.0000,0.2541,0.0000,0.0000,0.0000,0.0000,179.9991,-0.0002,179.9080
20.8561,approaching,0.0000,0.2551,0.0000,0.0000,0.0000,0.0000,179.9991,-0.0004,179.9079
20.8654,approaching,0.0000,0.2566,0.0000,0.0000,0.0000,0.0000,179.9992,0.0001,179.9079
20.8755,approaching,0.0000,0.2576,0.0000,0.0000,0.0000,0.0000,179.9992,0.0001,179.9079
20.8858,approaching,0.0000,0.2586,0.0000,0.0000,0.0000,0.0000,179.9995,0.0006,179.9079
20.8953,approaching,0.0000,0.2595,0.0000,0.0000,0.0000,0.0000,179.9994,0.0004,179.9078
20.9061,approaching,0.0000,0.2604,0.0000,0.0000,0.0000,0.0000,179.9994,0.0004,179.9078
20.9157,approaching,0.0000,0.2606,0.0000,0.0000,0.0000,0.0000,179.9994,0.0005,179.9078
20.9254,approaching,0.0000,0.2607,0.0000,0.0000,0.0000,0.0000,179.9995,0.0009,179.9077
20.9356,approaching,0.0000,0.2614,0.0000,0.0000,0.0000,0.0000,179.9995,0.0009,179.9077
20.9458,approaching,0.0000,0.2612,0.0000,0.0000,0.0000,0.0000,179.9997,0.0012,179.9081
20.9559,approaching,0.0000,0.2614,0.0000,0.0000,0.0000,0.0000,179.9994,0.0006,179.9080
20.9657,approaching,0.0000,0.2615,0.0000,0.0000,0.0000,0.0000,179.9994,0.0006,179.9080
20.9756,approaching,0.0000,0.2616,0.0000,0.0000,0.0000,0.0000,179.9994,0.0006,179.9080
20.9856,approaching,0.0000,0.2624,0.0000,0.0000,0.0000,0.0000,179.9996,0.0011,179.9080
20.9956,approaching,0.0000,0.2631,0.0000,0.0000,0.0000,0.0000,179.9996,0.0011,179.9080
21.0059,approaching,0.0000,0.2637,0.0000,0.0000,0.0000,0.0000,179.9990,-0.0003,179.9085
21.0155,approaching,0.0000,0.2639,0.0000,0.0000,0.0000,0.0000,179.9995,0.0008,179.9084
21.0256,approaching,0.0000,0.2638,0.0000,0.0000,0.0000,0.0000,179.9995,0.0008,179.9084
21.0352,approaching,0.0000,0.2631,0.0000,0.0000,0.0000,0.0000,179.9996,0.0012,179.9084
21.0452,approaching,0.0000,0.2625,0.0000,0.0000,0.0000,0.0000,179.9996,0.0013,179.9084
21.0556,approaching,0.0000,0.2623,0.0000,0.0000,0.0000,0.0000,179.9996,0.0013,179.9084
21.0653,approaching,0.0000,0.2623,0.0000,0.0000,0.0000,0.0000,179.9996,0.0013,179.9084
21.0752,approaching,0.0000,0.2619,0.0000,0.0000,0.0000,0.0000,179.9996,0.0013,179.9087
21.0856,approaching,0.0000,0.2617,0.0000,0.0000,0.0000,0.0000,179.9996,0.0013,179.9087
21.0953,approaching,0.0000,0.2617,0.0000,0.0000,0.0000,0.0000,179.9993,0.0006,179.9092
21.1054,approaching,0.0000,0.2613,0.0000,0.0000,0.0000,0.0000,179.9988,-0.0004,179.9091
21.1153,approaching,0.0000,0.2610,0.0000,0.0000,0.0000,0.0000,179.9988,-0.0004,179.9091
21.1260,approaching,0.0000,0.2607,0.0000,0.0000,0.0000,0.0000,179.9985,-0.0011,179.9091
21.1353,approaching,0.0000,0.2597,0.0000,0.0000,0.0000,0.0000,179.9988,-0.0005,179.9091
21.1454,approaching,0.0000,0.2593,0.0000,0.0000,0.0000,0.0000,179.9988,-0.0005,179.9091
21.1553,approaching,0.0000,0.2589,0.0000,0.0000,0.0000,0.0000,179.9992,0.0005,179.9090
21.1654,approaching,0.0000,0.2576,0.0000,0.0000,0.0000,0.0000,179.9993,0.0008,179.9090
21.1754,approaching,0.0000,0.2563,0.0000,0.0000,0.0000,0.0000,179.9993,0.0008,179.9090
21.1853,approaching,0.0000,0.2555,0.0000,0.0000,0.0000,0.0000,179.9992,0.0006,179.9090
21.1952,approaching,0.0000,0.2545,0.0000,0.0000,0.0000,0.0000,179.9985,-0.0009,179.9089
21.2063,approaching,0.0000,0.2533,0.0000,0.0000,0.0000,0.0000,179.9985,-0.0009,179.9089
21.2153,approaching,0.0000,0.2529,0.0000,0.0000,0.0000,0.0000,179.9985,-0.0009,179.9089
21.2253,approaching,0.0000,0.2526,0.0000,0.0000,0.0000,0.0000,179.9986,-0.0006,179.9094
21.2357,approaching,0.0000,0.2525,0.0000,0.0000,0.0000,0.0000,179.9986,-0.0006,179.9094
21.2455,approaching,0.0000,0.2524,0.0000,0.0000,0.0000,0.0000,179.9985,-0.0010,179.9094
21.2566,approaching,0.0000,0.2524,0.0000,0.0000,0.0000,0.0000,179.9985,-0.0010,179.9094
21.2655,approaching,0.0000,0.2524,0.0000,0.0000,0.0000,0.0000,179.9989,-0.0000,179.9093
21.2754,approaching,0.0000,0.2522,0.0000,0.0000,0.0000,0.0000,179.9990,0.0003,179.9093
21.2852,approaching,0.0000,0.2515,0.0000,0.0000,0.0000,0.0000,179.9991,0.0006,179.9092
21.2958,approaching,0.0000,0.2508,0.0000,0.0000,0.0000,0.0000,179.9991,0.0006,179.9092
21.3057,approaching,0.0000,0.2503,0.0000,0.0000,0.0000,0.0000,179.9989,0.0002,179.9092
21.3153,approaching,0.0000,0.2500,0.0000,0.0000,0.0000,0.0000,179.9987,-0.0004,179.9092
21.3255,approaching,0.0000,0.2497,0.0000,0.0000,0.0000,0.0000,179.9987,-0.0004,179.9092
21.3353,approaching,0.0000,0.2499,0.0000,0.0000,0.0000,0.0000,179.9990,-0.0010,179.9091
21.3453,approaching,0.0000,0.2499,0.0000,0.0000,0.0000,0.0000,179.9995,0.0002,179.9091
21.3556,approaching,0.0000,0.2500,0.0000,0.0000,0.0000,0.0000,179.9995,0.0002,179.9091
21.3656,approaching,0.0000,0.2502,0.0000,0.0000,0.0000,0.0000,179.9996,0.0006,179.9091
21.3754,approaching,0.0000,0.2498,0.0000,0.0000,0.0000,0.0000,179.9992,-0.0004,179.9090
21.3855,approaching,0.0000,0.2494,0.0000,0.0000,0.0000,0.0000,179.9992,-0.0004,179.9090
21.3954,approaching,0.0000,0.2495,0.0000,0.0000,0.0000,0.0000,179.9995,0.0004,179.9090
21.4053,approaching,0.0000,0.2490,0.0000,0.0000,0.0000,0.0000,179.9992,-0.0003,179.9090
21.4154,approaching,0.0000,0.2485,0.0000,0.0000,0.0000,0.0000,179.9992,-0.0003,179.9090
21.4254,approaching,0.0000,0.2479,0.0000,0.0000,0.0000,0.0000,179.9993,-0.0002,179.9089
21.4352,approaching,0.0000,0.2476,0.0000,0.0000,0.0000,0.0000,179.9993,-0.0001,179.9089
21.4454,approaching,0.0000,0.2469,0.0000,0.0000,0.0000,0.0000,179.9993,-0.0001,179.9089
21.4553,approaching,0.0000,0.2461,0.0000,0.0000,0.0000,0.0000,179.9993,-0.0001,179.9089
21.4654,approaching,0.0000,0.2455,0.0000,0.0000,0.0000,0.0000,179.9996,0.0007,179.9088
21.4754,approaching,0.0000,0.2445,0.0000,0.0000,0.0000,0.0000,179.9996,0.0007,179.9088
21.4853,approaching,0.0000,0.2435,0.0000,0.0000,0.0000,0.0000,179.9995,0.0004,179.9088
21.4953,approaching,0.0000,0.2432,0.0000,0.0000,0.0000,0.0000,179.9994,0.0002,179.9087
21.5061,approaching,0.0000,0.2429,0.0000,0.0000,0.0000,0.0000,179.9994,0.0002,179.9087
21.5152,approaching,0.0000,0.2424,0.0000,0.0000,0.0000,0.0000,179.9991,-0.0005,179.9087
21.5253,approaching,0.0000,0.2413,0.0000,0.0000,0.0000,0.0000,179.9993,-0.0000,179.9087
21.5353,approaching,0.0000,0.2402,0.0000,0.0000,0.0000,0.0000,179.9993,-0.0000,179.9087
21.5459,approaching,0.0000,0.2389,0.0000,0.0000,0.0000,0.0000,179.9991,-0.0003,179.9086
21.5556,approaching,0.0000,0.2376,0.0000,0.0000,0.0000,0.0000,179.9995,0.0005,179.9086
21.5654,approaching,0.0000,0.2361,0.0000,0.0000,0.0000,0.0000,179.9995,0.0005,179.9086
21.5753,approaching,0.0000,0.2347,0.0000,0.0000,0.0000,0.0000,180.0000,0.0004,179.9086
21.5856,approaching,0.0000,0.2333,0.0000,0.0000,0.0000,0.0000,179.9994,-0.0010,179.9085
21.5955,approaching,0.0000,0.2321,0.0000,0.0000,0.0000,0.0000,179.9994,-0.0010,179.9085
21.6056,approaching,0.0000,0.2312,0.0000,0.0000,0.0000,0.0000,179.9993,-0.0011,179.9085
21.6153,approaching,0.0000,0.2304,0.0000,0.0000,0.0000,0.0000,179.9988,-0.0024,179.9084
21.6259,approaching,0.0000,0.2297,0.0000,0.0000,0.0000,0.0000,179.9988,-0.0024,179.9084
21.6353,approaching,0.0000,0.2293,0.0000,0.0000,0.0000,0.0000,179.9989,-0.0020,179.9084
21.6453,approaching,0.0000,0.2292,0.0000,0.0000,0.0000,0.0000,179.9995,-0.0006,179.9084
21.6553,approaching,0.0000,0.2291,0.0000,0.0000,0.0000,0.0000,179.9995,-0.0006,179.9084
21.6654,approaching,0.0000,0.2290,0.0000,0.0000,0.0000,0.0000,179.9996,-0.0003,179.9089
21.6753,approaching,0.0000,0.2296,0.0000,0.0000,0.0000,0.0000,179.9996,-0.0003,179.9088
21.6854,approaching,0.0000,0.2300,0.0000,0.0000,0.0000,0.0000,179.9996,-0.0003,179.9088
21.6952,approaching,0.0000,0.2304,0.0000,0.0000,0.0000,0.0000,179.9997,-0.0002,179.9088
21.7052,approaching,0.0000,0.2307,0.0000,0.0000,0.0000,0.0000,179.9995,-0.0005,179.9088
21.7156,approaching,0.0000,0.2310,0.0000,0.0000,0.0000,0.0000,179.9995,-0.0005,179.9088
21.7252,approaching,0.0000,0.2320,0.0000,0.0000,0.0000,0.0000,179.9995,-0.0005,179.9088
21.7352,approaching,0.0000,0.2328,0.0000,0.0000,0.0000,0.0000,179.9998,0.0002,179.9087
21.7460,approaching,0.0000,0.2336,0.0000,0.0000,0.0000,0.0000,179.9998,0.0002,179.9087
21.7559,approaching,0.0000,0.2342,0.0000,0.0000,0.0000,0.0000,179.9996,-0.0003,179.9092
21.7653,approaching,0.0000,0.2351,0.0000,0.0000,0.0000,0.0000,179.9997,-0.0000,179.9092
21.7752,approaching,0.0000,0.2360,0.0000,0.0000,0.0000,0.0000,179.9997,-0.0000,179.9092
21.7853,approaching,0.0000,0.2368,0.0000,0.0000,0.0000,0.0000,179.9996,-0.0002,179.9092
21.7972,approaching,0.0000,0.2381,0.0000,0.0000,0.0000,0.0000,179.9996,-0.0001,179.9091
21.8055,approaching,0.0000,0.2388,0.0000,0.0000,0.0000,0.0000,179.9996,-0.0001,179.9091
21.8155,approaching,0.0000,0.2399,0.0000,0.0000,0.0000,0.0000,179.9996,-0.0001,179.9091
21.8254,approaching,0.0000,0.2408,0.0000,0.0000,0.0000,0.0000,179.9993,-0.0009,179.9091
21.8359,approaching,0.0000,0.2417,0.0000,0.0000,0.0000,0.0000,179.9993,-0.0009,179.9091
21.8455,approaching,0.0000,0.2423,0.0000,0.0000,0.0000,0.0000,179.9989,-0.0017,179.9090
21.8558,approaching,0.0000,0.2434,0.0000,0.0000,0.0000,0.0000,179.9989,-0.0016,179.9090
21.8656,approaching,0.0000,0.2442,0.0000,0.0000,0.0000,0.0000,179.9989,-0.0016,179.9090
21.8755,approaching,0.0000,0.2449,0.0000,0.0000,0.0000,0.0000,179.9990,-0.0013,179.9090
21.8855,approaching,0.0000,0.2458,0.0000,0.0000,0.0000,0.0000,179.9994,-0.0004,179.9089
21.8952,approaching,0.0000,0.2466,0.0000,0.0000,0.0000,0.0000,179.9994,-0.0004,179.9089
21.9053,approaching,0.0000,0.2465,0.0000,0.0000,0.0000,0.0000,179.9995,-0.0002,179.9089
21.9153,approaching,0.0000,0.2465,0.0000,0.0000,0.0000,0.0000,179.9995,-0.0001,179.9088
21.9254,approaching,0.0000,0.2467,0.0000,0.0000,0.0000,0.0000,179.9995,-0.0001,179.9088
21.9354,approaching,0.0000,0.2461,0.0000,0.0000,0.0000,0.0000,179.9991,-0.0010,179.9088
21.9455,approaching,0.0000,0.2458,0.0000,0.0000,0.0000,0.0000,179.9993,-0.0005,179.9088
21.9554,approaching,0.0000,0.2456,0.0000,0.0000,0.0000,0.0000,179.9993,-0.0005,179.9088
21.9662,approaching,0.0000,0.2448,0.0000,0.0000,0.0000,0.0000,179.9992,-0.0007,179.9087
21.9753,approaching,0.0000,0.2436,0.0000,0.0000,0.0000,0.0000,179.9994,-0.0003,179.9087
21.9855,approaching,0.0000,0.2425,0.0000,0.0000,0.0000,0.0000,179.9994,-0.0003,179.9087
21.9954,approaching,0.0000,0.2411,0.0000,0.0000,0.0000,0.0000,179.9994,-0.0003,179.9087
22.0061,approaching,0.0000,0.2398,0.0000,0.0000,0.0000,0.0000,179.9998,0.0008,179.9086
22.0152,approaching,0.0000,0.2392,0.0000,0.0000,0.0000,0.0000,179.9998,0.0008,179.9086
22.0253,approaching,0.0000,0.2387,0.0000,0.0000,0.0000,0.0000,179.9999,0.0009,179.9086
22.0353,approaching,0.0000,0.2381,0.0000,0.0000,0.0000,0.0000,179.9998,0.0007,179.9086
22.0465,approaching,0.0000,0.2375,0.0000,0.0000,0.0000,0.0000,179.9998,0.0007,179.9086
22.0556,approaching,0.0000,0.2365,0.0000,0.0000,0.0000,0.0000,179.9998,0.0007,179.9085
22.0654,approaching,0.0000,0.2362,0.0000,0.0000,0.0000,0.0000,179.9995,-0.0000,179.9085
22.0753,approaching,0.0000,0.2359,0.0000,0.0000,0.0000,0.0000,179.9995,-0.0000,179.9085
22.0857,approaching,0.0000,0.2356,0.0000,0.0000,0.0000,0.0000,-179.9997,0.0005,179.9084
22.0955,approaching,0.0000,0.2346,0.0000,0.0000,0.0000,0.0000,-179.9999,0.0001,179.9084
22.1057,approaching,0.0000,0.2337,0.0000,0.0000,0.0000,0.0000,-179.9999,0.0001,179.9084
22.1153,approaching,0.0000,0.2330,0.0000,0.0000,0.0000,0.0000,-179.9997,0.0007,179.9084
22.1255,approaching,0.0000,0.2323,0.0000,0.0000,0.0000,0.0000,-179.9995,0.0012,179.9089
22.1353,approaching,0.0000,0.2321,0.0000,0.0000,0.0000,0.0000,-179.9995,0.0012,179.9089
22.1454,approaching,0.0000,0.2319,0.0000,0.0000,0.0000,0.0000,179.9998,-0.0005,179.9089
22.1553,approaching,0.0000,0.2318,0.0000,0.0000,0.0000,0.0000,179.9993,-0.0016,179.9088
22.1659,approaching,0.0000,0.2316,0.0000,0.0000,0.0000,0.0000,179.9993,-0.0016,179.9088
22.1754,approaching,0.0000,0.2320,0.0000,0.0000,0.0000,0.0000,179.9994,-0.0012,179.9088
22.1853,approaching,0.0000,0.2322,0.0000,0.0000,0.0000,0.0000,179.9995,-0.0010,179.9088
22.1953,approaching,0.0000,0.2331,0.0000,0.0000,0.0000,0.0000,179.9995,-0.0010,179.9088
22.2056,approaching,0.0000,0.2340,0.0000,0.0000,0.0000,0.0000,-179.9999,0.0003,179.9087
22.2153,approaching,0.0000,0.2347,0.0000,0.0000,0.0000,0.0000,179.9998,-0.0004,179.9087
22.2253,approaching,0.0000,0.2353,0.0000,0.0000,0.0000,0.0000,179.9998,-0.0004,179.9087
22.2356,approaching,0.0000,0.2366,0.0000,0.0000,0.0000,0.0000,-179.9997,0.0008,179.9092
22.2456,approaching,0.0000,0.2377,0.0000,0.0000,0.0000,0.0000,179.9999,-0.0001,179.9092
22.2559,approaching,0.0000,0.2386,0.0000,0.0000,0.0000,0.0000,179.9999,-0.0001,179.9092
22.2654,approaching,0.0000,0.2400,0.0000,0.0000,0.0000,0.0000,-179.9999,0.0004,179.9091
22.2752,approaching,0.0000,0.2414,0.0000,0.0000,0.0000,0.0000,180.0000,0.0004,179.9091
22.2855,approaching,0.0000,0.2430,0.0000,0.0000,0.0000,0.0000,180.0000,0.0004,179.9091
22.2955,approaching,0.0000,0.2445,0.0000,0.0000,0.0000,0.0000,179.9998,-0.0003,179.9090
22.3056,approaching,0.0000,0.2456,0.0000,0.0000,0.0000,0.0000,179.9994,-0.0010,179.9090
22.3152,approaching,0.0000,0.2470,0.0000,0.0000,0.0000,0.0000,179.9994,-0.0010,179.9090
22.3253,approaching,0.0000,0.2482,0.0000,0.0000,0.0000,0.0000,179.9997,-0.0003,179.9090
22.3372,approaching,0.0000,0.2494,0.0000,0.0000,0.0000,0.0000,179.9995,-0.0009,179.9089
22.3453,approaching,0.0000,0.2503,0.0000,0.0000,0.0000,0.0000,179.9995,-0.0009,179.9089
22.3554,approaching,0.0000,0.2519,0.0000,0.0000,0.0000,0.0000,179.9993,-0.0013,179.9089
22.3653,approaching,0.0000,0.2540,0.0000,0.0000,0.0000,0.0000,179.9993,-0.0013,179.9089
22.3760,approaching,0.0000,0.2556,0.0000,0.0000,0.0000,0.0000,179.9993,-0.0013,179.9089
22.3855,approaching,0.0000,0.2577,0.0000,0.0000,0.0000,0.0000,179.9990,-0.0018,179.9088
22.3954,approaching,0.0000,0.2597,0.0000,0.0000,0.0000,0.0000,179.9992,-0.0015,179.9088
22.4057,approaching,0.0000,0.2613,0.0000,0.0000,0.0000,0.0000,179.9992,-0.0015,179.9088
22.4159,approaching,0.0000,0.2629,0.0000,0.0000,0.0000,0.0000,179.9992,-0.0013,179.9088
22.4253,approaching,0.0000,0.2643,0.0000,0.0000,0.0000,0.0000,179.9997,-0.0002,179.9087
22.4352,approaching,0.0000,0.2657,0.0000,0.0000,0.0000,0.0000,179.9997,-0.0002,179.9087
22.4454,approaching,0.0000,0.2671,0.0000,0.0000,0.0000,0.0000,-179.9999,0.0008,179.9087
22.4556,approaching,0.0000,0.2684,0.0000,0.0000,0.0000,0.0000,179.9998,-0.0000,179.9087
22.4653,approaching,0.0000,0.2695,0.0000,0.0000,0.0000,0.0000,179.9998,-0.0000,179.9087
22.4753,approaching,0.0000,0.2703,0.0000,0.0000,0.0000,0.0000,179.9998,-0.0000,179.9086
22.4853,approaching,0.0000,0.2711,0.0000,0.0000,0.0000,0.0000,179.9996,-0.0003,179.9086
22.4959,approaching,0.0000,0.2720,0.0000,0.0000,0.0000,0.0000,179.9996,-0.0003,179.9086
22.5055,approaching,0.0000,0.2721,0.0000,0.0000,0.0000,0.0000,179.9996,-0.0002,179.9085
22.5152,approaching,0.0000,0.2724,0.0000,0.0000,0.0000,0.0000,-179.9998,0.0011,179.9085
22.5254,approaching,0.0000,0.2721,0.0000,0.0000,0.0000,0.0000,-179.9998,0.0011,179.9085
22.5359,approaching,0.0000,0.2718,0.0000,0.0000,0.0000,0.0000,180.0000,0.0006,179.9085
22.5453,approaching,0.0000,0.2712,0.0000,0.0000,0.0000,0.0000,179.9999,0.0005,179.9084
22.5555,approaching,0.0000,0.2709,0.0000,0.0000,0.0000,0.0000,179.9999,0.0005,179.9084
22.5653,approaching,0.0000,0.2706,0.0000,0.0000,0.0000,0.0000,179.9992,-0.0010,179.9084
22.5756,approaching,0.0000,0.2703,0.0000,0.0000,0.0000,0.0000,179.9994,-0.0007,179.9084
22.5855,approaching,0.0000,0.2703,0.0000,0.0000,0.0000,0.0000,179.9994,-0.0007,179.9084
22.5953,approaching,0.0000,0.2699,0.0000,0.0000,0.0000,0.0000,179.9992,-0.0010,179.9083
22.6052,approaching,0.0000,0.2692,0.0000,0.0000,0.0000,0.0000,179.9991,-0.0012,179.9083
22.6155,approaching,0.0000,0.2688,0.0000,0.0000,0.0000,0.0000,179.9991,-0.0012,179.9083
22.6253,approaching,0.0000,0.2676,0.0000,0.0000,0.0000,0.0000,179.9992,-0.0009,179.9082
22.6353,approaching,0.0000,0.2665,0.0000,0.0000,0.0000,0.0000,179.9992,-0.0009,179.9082
22.6453,approaching,0.0000,0.2655,0.0000,0.0000,0.0000,0.0000,179.9992,-0.0009,179.9082
22.6552,approaching,0.0000,0.2645,0.0000,0.0000,0.0000,0.0000,179.9994,-0.0005,179.9082
22.6656,approaching,0.0000,0.2634,0.0000,0.0000,0.0000,0.0000,179.9993,-0.0007,179.9082
22.6752,approaching,0.0000,0.2623,0.0000,0.0000,0.0000,0.0000,179.9993,-0.0007,179.9082
22.6854,approaching,0.0000,0.2606,0.0000,0.0000,0.0000,0.0000,179.9993,-0.0007,179.9087
22.6952,approaching,0.0000,0.2589,0.0000,0.0000,0.0000,0.0000,179.9987,-0.0019,179.9086
22.7060,approaching,0.0000,0.2578,0.0000,0.0000,0.0000,0.0000,179.9987,-0.0019,179.9086
22.7156,approaching,0.0000,0.2568,0.0000,0.0000,0.0000,0.0000,179.9994,-0.0004,179.9086
22.7253,approaching,0.0000,0.2558,0.0000,0.0000,0.0000,0.0000,179.9993,-0.0006,179.9089
22.7352,approaching,0.0000,0.2547,0.0000,0.0000,0.0000,0.0000,179.9993,-0.0006,179.9089
22.7457,approaching,0.0000,0.2540,0.0000,0.0000,0.0000,0.0000,179.9995,-0.0001,179.9089
22.7554,approaching,0.0000,0.2527,0.0000,0.0000,0.0000,0.0000,179.9997,0.0003,179.9094
22.7653,approaching,0.0000,0.2519,0.0000,0.0000,0.0000,0.0000,179.9997,0.0003,179.9094
22.7754,approaching,0.0000,0.2512,0.0000,0.0000,0.0000,0.0000,179.9996,0.0001,179.9090
22.7871,approaching,0.0000,0.2503,0.0000,0.0000,0.0000,0.0000,179.9991,-0.0009,179.9093
22.7953,approaching,0.0000,0.2492,0.0000,0.0000,0.0000,0.0000,179.9991,-0.0009,179.9093
22.8053,approaching,0.0000,0.2486,0.0000,0.0000,0.0000,0.0000,179.9995,-0.0001,179.9093
22.8152,approaching,0.0000,0.2476,0.0000,0.0000,0.0000,0.0000,179.9996,0.0003,179.9093
22.8259,approaching,0.0000,0.2464,0.0000,0.0000,0.0000,0.0000,179.9996,0.0003,179.9093
22.8354,approaching,0.0000,0.2456,0.0000,0.0000,0.0000,0.0000,179.9995,-0.0000,179.9092
22.8452,approaching,0.0000,0.2451,0.0000,0.0000,0.0000,0.0000,179.9996,0.0004,179.9092
22.8554,approaching,0.0000,0.2441,0.0000,0.0000,0.0000,0.0000,179.9996,0.0004,179.9092
22.8659,approaching,0.0000,0.2436,0.0000,0.0000,0.0000,0.0000,179.9995,0.0002,179.9091
22.8753,approaching,0.0000,0.2429,0.0000,0.0000,0.0000,0.0000,179.9993,-0.0004,179.9091
22.8853,approaching,0.0000,0.2420,0.0000,0.0000,0.0000,0.0000,179.9993,-0.0004,179.9091
22.8953,approaching,0.0000,0.2420,0.0000,0.0000,0.0000,0.0000,179.9995,-0.0000,179.9091
22.9057,approaching,0.0000,0.2420,0.0000,0.0000,0.0000,0.0000,179.9991,-0.0008,179.9090
22.9156,approaching,0.0000,0.2417,0.0000,0.0000,0.0000,0.0000,179.9991,-0.0008,179.9090
22.9252,approaching,0.0000,0.2418,0.0000,0.0000,0.0000,0.0000,179.9993,-0.0004,179.9090
22.9352,approaching,0.0000,0.2424,0.0000,0.0000,0.0000,0.0000,179.9996,0.0004,179.9090
22.9458,approaching,0.0000,0.2425,0.0000,0.0000,0.0000,0.0000,179.9996,0.0004,179.9090
22.9558,approaching,0.0000,0.2430,0.0000,0.0000,0.0000,0.0000,179.9995,0.0002,179.9089
22.9652,approaching,0.0000,0.2441,0.0000,0.0000,0.0000,0.0000,179.9999,0.0013,179.9089
22.9754,approaching,0.0000,0.2447,0.0000,0.0000,0.0000,0.0000,179.9999,0.0013,179.9089
22.9859,approaching,0.0000,0.2454,0.0000,0.0000,0.0000,0.0000,179.9998,0.0010,179.9088
22.9953,approaching,0.0000,0.2467,0.0000,0.0000,0.0000,0.0000,179.9997,0.0008,179.9088
23.0053,approaching,0.0000,0.2475,0.0000,0.0000,0.0000,0.0000,179.9997,0.0008,179.9088
23.0154,approaching,0.0000,0.2483,0.0000,0.0000,0.0000,0.0000,179.9997,0.0008,179.9088
23.0254,approaching,0.0000,0.2496,0.0000,0.0000,0.0000,0.0000,179.9997,0.0007,179.9088
23.0354,approaching,0.0000,0.2509,0.0000,0.0000,0.0000,0.0000,179.9997,0.0007,179.9088
23.0453,approaching,0.0000,0.2520,0.0000,0.0000,0.0000,0.0000,179.9992,-0.0003,179.9087
23.0554,approaching,0.0000,0.2542,0.0000,0.0000,0.0000,0.0000,179.9996,0.0007,179.9087
23.0659,approaching,0.0000,0.2563,0.0000,0.0000,0.0000,0.0000,179.9996,0.0007,179.9087
23.0753,approaching,0.0000,0.2579,0.0000,0.0000,0.0000,0.0000,179.9994,0.0003,179.9087
23.0854,approaching,0.0000,0.2600,0.0000,0.0000,0.0000,0.0000,179.9989,-0.0009,179.9086
23.0954,approaching,0.0000,0.2621,0.0000,0.0000,0.0000,0.0000,179.9989,-0.0009,179.9086
23.1059,approaching,0.0000,0.2638,0.0000,0.0000,0.0000,0.0000,179.9989,-0.0009,179.9086
23.1152,approaching,0.0000,0.2660,0.0000,0.0000,0.0000,0.0000,179.9992,-0.0002,179.9086
23.1253,approaching,0.0000,0.2683,0.0000,0.0000,0.0000,0.0000,179.9992,-0.0002,179.9086
23.1352,approaching,0.0000,0.2706,0.0000,0.0000,0.0000,0.0000,179.9990,-0.0006,179.9085
23.1453,approaching,0.0000,0.2730,0.0000,0.0000,0.0000,0.0000,179.9993,0.0002,179.9090
23.1556,approaching,0.0000,0.2755,0.0000,0.0000,0.0000,0.0000,179.9993,0.0002,179.9090
23.1654,approaching,0.0000,0.2773,0.0000,0.0000,0.0000,0.0000,179.9989,-0.0007,179.9090
23.1753,approaching,0.0000,0.2796,0.0000,0.0000,0.0000,0.0000,179.9986,-0.0015,179.9090
23.1859,approaching,0.0000,0.2820,0.0000,0.0000,0.0000,0.0000,179.9986,-0.0015,179.9090
23.1955,approaching,0.0000,0.2838,0.2018,0.0000,0.0000,0.0000,179.9983,-0.0020,179.9089
23.2053,approaching,0.0000,0.2858,0.2040,0.0000,0.0000,0.0000,179.9985,-0.0016,179.9089
23.2155,approaching,0.0000,0.2882,0.2063,0.0000,0.0000,0.0000,179.9985,-0.0016,179.9089
23.2258,approaching,0.0000,0.2897,0.2080,0.0000,0.0000,0.0000,179.9987,-0.0012,179.9088
23.2353,approaching,0.0000,0.2910,0.2097,0.0000,0.0000,0.0000,179.9993,0.0002,179.9088
23.2454,approaching,0.0000,0.2925,0.2111,0.0000,0.0000,0.0000,179.9993,0.0002,179.9088
23.2554,approaching,0.0000,0.2930,0.2117,0.0000,0.0000,0.0000,179.9995,0.0008,179.9093
23.2657,approaching,0.0000,0.2930,0.2120,0.0000,0.0000,0.0000,179.9996,0.0009,179.9093
23.2770,approaching,0.0000,0.2936,0.2124,0.0000,0.0000,0.0000,179.9996,0.0009,179.9093
23.2856,approaching,0.0000,0.2938,0.2126,0.0000,0.0000,0.0000,179.9991,-0.0001,179.9092
23.2955,approaching,0.0000,0.2938,0.2129,0.0000,0.0000,0.0000,179.9993,0.0004,179.9092
23.3055,approaching,0.0000,0.2942,0.2134,0.0000,0.0000,0.0000,179.9993,0.0004,179.9092
23.3174,approaching,0.0000,0.2941,0.2133,0.0000,0.0000,0.0000,179.9991,-0.0000,179.9092
23.3255,approaching,0.0000,0.2934,0.2130,0.0000,0.0000,0.0000,179.9995,0.0009,179.9091
23.3353,approaching,0.0000,0.2933,0.2128,0.0000,0.0000,0.0000,179.9995,0.0009,179.9091
23.3452,approaching,0.0000,0.2931,0.2124,0.0000,0.0000,0.0000,179.9990,-0.0001,179.9091
23.3557,approaching,0.0000,0.2920,0.2116,0.0000,0.0000,0.0000,179.9991,-0.0000,179.9091
23.3655,approaching,0.0000,0.2913,0.2109,0.0000,0.0000,0.0000,179.9991,-0.0000,179.9091
23.3756,approaching,0.0000,0.2904,0.2097,0.0000,0.0000,0.0000,179.9991,-0.0000,179.9091
23.3855,approaching,0.0000,0.2890,0.2084,0.0000,0.0000,0.0000,179.9990,-0.0002,179.9090
23.3954,approaching,0.0000,0.2879,0.2073,0.0000,0.0000,0.0000,179.9990,-0.0002,179.9090
23.4058,approaching,0.0000,0.2871,0.2063,0.0000,0.0000,0.0000,179.9990,-0.0002,179.9090
23.4152,approaching,0.0000,0.2858,0.2053,0.0000,0.0000,0.0000,179.9991,0.0001,179.9089
23.4253,approaching,0.0000,0.2845,0.2042,0.0000,0.0000,0.0000,179.9991,0.0001,179.9089
23.4353,approaching,0.0000,0.2832,0.2029,0.0000,0.0000,0.0000,179.9993,0.0007,179.9089
23.4453,approaching,0.0000,0.2814,0.2011,0.0000,0.0000,0.0000,179.9989,-0.0002,179.9088
23.4557,approaching,0.0000,0.2792,0.0000,0.0000,0.0000,0.0000,179.9989,-0.0002,179.9088
23.4656,approaching,0.0000,0.2773,0.0000,0.0000,0.0000,0.0000,179.9987,-0.0008,179.9088
23.4753,approaching,0.0000,0.2749,0.0000,0.0000,0.0000,0.0000,179.9989,-0.0001,179.9088
23.4855,approaching,0.0000,0.2728,0.0000,0.0000,0.0000,0.0000,179.9989,-0.0001,179.9088
23.4953,approaching,0.0000,0.2708,0.0000,0.0000,0.0000,0.0000,179.9987,-0.0007,179.9087
23.5053,approaching,0.0000,0.2688,0.0000,0.0000,0.0000,0.0000,179.9989,-0.0002,179.9087
23.5152,approaching,0.0000,0.2668,0.0000,0.0000,0.0000,0.0000,179.9989,-0.0002,179.9087
23.5257,approaching,0.0000,0.2653,0.0000,0.0000,0.0000,0.0000,179.9987,-0.0006,179.9087
23.5354,approaching,0.0000,0.2635,0.0000,0.0000,0.0000,0.0000,179.9993,-0.0005,179.9086
23.5456,approaching,0.0000,0.2620,0.0000,0.0000,0.0000,0.0000,179.9993,-0.0005,179.9086
23.5553,approaching,0.0000,0.2607,0.0000,0.0000,0.0000,0.0000,179.9994,-0.0003,179.9086
23.5658,approaching,0.0000,0.2593,0.0000,0.0000,0.0000,0.0000,179.9993,-0.0006,179.9086
23.5755,approaching,0.0000,0.2580,0.0000,0.0000,0.0000,0.0000,179.9993,-0.0006,179.9086
23.5855,approaching,0.0000,0.2569,0.0000,0.0000,0.0000,0.0000,179.9989,-0.0014,179.9085
23.5954,approaching,0.0000,0.2556,0.0000,0.0000,0.0000,0.0000,179.9993,-0.0005,179.9085
23.6060,approaching,0.0000,0.2541,0.0000,0.0000,0.0000,0.0000,179.9993,-0.0005,179.9085
23.6154,approaching,0.0000,0.2529,0.0000,0.0000,0.0000,0.0000,179.9987,-0.0019,179.9085
23.6255,approaching,0.0000,0.2522,0.0000,0.0000,0.0000,0.0000,179.9993,-0.0004,179.9084
23.6353,approaching,0.0000,0.2511,0.0000,0.0000,0.0000,0.0000,179.9993,-0.0004,179.9084
23.6461,approaching,0.0000,0.2500,0.0000,0.0000,0.0000,0.0000,179.9993,-0.0004,179.9084
23.6558,approaching,0.0000,0.2492,0.0000,0.0000,0.0000,0.0000,179.9997,0.0006,179.9084
23.6656,approaching,0.0000,0.2483,0.0000,0.0000,0.0000,0.0000,179.9997,0.0006,179.9084
23.6752,approaching,0.0000,0.2478,0.0000,0.0000,0.0000,0.0000,179.9999,0.0009,179.9089
23.6862,approaching,0.0000,0.2472,0.0000,0.0000,0.0000,0.0000,179.9997,0.0005,179.9088
23.6954,approaching,0.0000,0.2467,0.0000,0.0000,0.0000,0.0000,179.9997,0.0005,179.9088
23.7053,approaching,0.0000,0.2464,0.0000,0.0000,0.0000,0.0000,179.9995,0.0001,179.9088
23.7152,approaching,0.0000,0.2462,0.0000,0.0000,0.0000,0.0000,179.9991,-0.0009,179.9088
23.7264,approaching,0.0000,0.2463,0.0000,0.0000,0.0000,0.0000,179.9991,-0.0009,179.9088
23.7352,approaching,0.0000,0.2468,0.0000,0.0000,0.0000,0.0000,179.9995,0.0001,179.9087
23.7453,approaching,0.0000,0.2471,0.0000,0.0000,0.0000,0.0000,179.9991,-0.0008,179.9087
23.7553,approaching,0.0000,0.2480,0.0000,0.0000,0.0000,0.0000,179.9991,-0.0008,179.9087
23.7665,approaching,0.0000,0.2489,0.0000,0.0000,0.0000,0.0000,179.9993,-0.0003,179.9092
23.7756,approaching,0.0000,0.2497,0.0000,0.0000,0.0000,0.0000,-179.9997,0.0006,179.9092
23.7853,approaching,0.0000,0.2506,0.0000,0.0000,0.0000,0.0000,-179.9997,0.0006,179.9092
23.7954,approaching,0.0000,0.2521,0.0000,0.0000,0.0000,0.0000,180.0000,-0.0001,179.9091
23.8056,approaching,0.0000,0.2533,0.0000,0.0000,0.0000,0.0000,179.9998,-0.0004,179.9091
23.8153,approaching,0.0000,0.2542,0.0000,0.0000,0.0000,0.0000,179.9998,-0.0004,179.9091
23.8252,approaching,0.0000,0.2553,0.0000,0.0000,0.0000,0.0000,179.9993,-0.0015,179.9091
23.8356,approaching,0.0000,0.2565,0.0000,0.0000,0.0000,0.0000,179.9996,-0.0008,179.9090
23.8456,approaching,0.0000,0.2572,0.0000,0.0000,0.0000,0.0000,179.9996,-0.0008,179.9090
23.8561,approaching,0.0000,0.2581,0.0000,0.0000,0.0000,0.0000,180.0000,0.0002,179.9090
23.8652,approaching,0.0000,0.2592,0.0000,0.0000,0.0000,0.0000,179.9999,-0.0000,179.9090
23.8754,approaching,0.0000,0.2598,0.0000,0.0000,0.0000,0.0000,179.9999,-0.0000,179.9090
23.8852,approaching,0.0000,0.2605,0.0000,0.0000,0.0000,0.0000,179.9999,-0.0001,179.9089
23.8959,approaching,0.0000,0.2615,0.0000,0.0000,0.0000,0.0000,179.9998,-0.0003,179.9089
23.9057,approaching,0.0000,0.2622,0.0000,0.0000,0.0000,0.0000,179.9998,-0.0003,179.9089
23.9156,approaching,0.0000,0.2631,0.0000,0.0000,0.0000,0.0000,179.9996,-0.0007,179.9088
23.9253,approaching,0.0000,0.2641,0.0000,0.0000,0.0000,0.0000,179.9994,-0.0011,179.9088
23.9360,approaching,0.0000,0.2649,0.0000,0.0000,0.0000,0.0000,179.9994,-0.0011,179.9088
23.9452,approaching,0.0000,0.2659,0.0000,0.0000,0.0000,0.0000,179.9994,-0.0011,179.9088
23.9554,approaching,0.0000,0.2670,0.0000,0.0000,0.0000,0.0000,179.9996,-0.0006,179.9088
23.9655,approaching,0.0000,0.2675,0.0000,0.0000,0.0000,0.0000,179.9996,-0.0006,179.9088
23.9757,approaching,0.0000,0.2675,0.0000,0.0000,0.0000,0.0000,179.9999,0.0001,179.9087
23.9852,approaching,0.0000,0.2678,0.0000,0.0000,0.0000,0.0000,179.9999,-0.0000,179.9087
23.9953,approaching,0.0000,0.2680,0.0000,0.0000,0.0000,0.0000,179.9999,-0.0000,179.9087
24.0057,approaching,0.0000,0.2680,0.0000,0.0000,0.0000,0.0000,179.9999,0.0002,179.9086
24.0153,approaching,0.0000,0.2687,0.0000,0.0000,0.0000,0.0000,179.9996,-0.0006,179.9086
24.0255,approaching,0.0000,0.2694,0.0000,0.0000,0.0000,0.0000,179.9996,-0.0006,179.9086
24.0353,approaching,0.0000,0.2699,0.0000,0.0000,0.0000,0.0000,179.9996,-0.0006,179.9086
24.0452,approaching,0.0000,0.2709,0.0000,0.0000,0.0000,0.0000,179.9995,-0.0006,179.9085
24.0558,approaching,0.0000,0.2721,0.0000,0.0000,0.0000,0.0000,179.9995,-0.0006,179.9085
24.0652,approaching,0.0000,0.2729,0.0000,0.0000,0.0000,0.0000,179.9996,-0.0004,179.9085
24.0755,approaching,0.0000,0.2741,0.0000,0.0000,0.0000,0.0000,179.9997,-0.0002,179.9085
24.0853,approaching,0.0000,0.2748,0.0000,0.0000,0.0000,0.0000,179.9997,-0.0002,179.9085
24.0956,approaching,0.0000,0.2749,0.0000,0.0000,0.0000,0.0000,179.9997,-0.0002,179.9084
24.1054,approaching,0.0000,0.2751,0.0000,0.0000,0.0000,0.0000,180.0000,0.0006,179.9084
24.1152,approaching,0.0000,0.2754,0.0000,0.0000,0.0000,0.0000,180.0000,0.0006,179.9084
24.1253,approaching,0.0000,0.2755,0.0000,0.0000,0.0000,0.0000,179.9997,-0.0001,179.9083
24.1353,approaching,0.0000,0.2757,0.0000,0.0000,0.0000,0.0000,179.9995,-0.0005,179.9083
24.1453,approaching,0.0000,0.2764,0.0000,0.0000,0.0000,0.0000,179.9995,-0.0005,179.9083
24.1556,approaching,0.0000,0.2771,0.0000,0.0000,0.0000,0.0000,179.9996,-0.0003,179.9088
24.1666,approaching,0.0000,0.2778,0.0000,0.0000,0.0000,0.0000,179.9993,-0.0008,179.9088
24.1757,approaching,0.0000,0.2789,0.2007,0.0000,0.0000,0.0000,179.9993,-0.0008,179.9088
24.1860,approaching,0.0000,0.2800,0.2020,0.0000,0.0000,0.0000,179.9995,-0.0004,179.9087
24.1970,approaching,0.0000,0.2809,0.2031,0.0000,0.0000,0.0000,179.9999,0.0005,179.9087
24.2064,approaching,0.0000,0.2817,0.2042,0.0000,0.0000,0.0000,179.9999,0.0005,179.9087
24.2153,approaching,0.0000,0.2822,0.2050,0.0000,0.0000,0.0000,179.9993,-0.0010,179.9087
24.2257,approaching,0.0000,0.2825,0.2054,0.0000,0.0000,0.0000,179.9993,-0.0008,179.9086
24.2358,approaching,0.0000,0.2824,0.2056,0.0000,0.0000,0.0000,179.9993,-0.0008,179.9086
24.2463,approaching,0.0000,0.2820,0.2055,0.0000,0.0000,0.0000,179.9993,-0.0008,179.9086
24.2563,approaching,0.0000,0.2820,0.2056,0.0000,0.0000,0.0000,179.9993,-0.0009,179.9086
24.2667,approaching,0.0000,0.2826,0.2063,0.0000,0.0000,0.0000,179.9993,-0.0009,179.9086
24.2756,approaching,0.0000,0.2834,0.2072,0.0000,0.0000,0.0000,179.9995,-0.0004,179.9091
24.2860,approaching,0.0000,0.2843,0.2081,0.0000,0.0000,0.0000,179.9994,-0.0006,179.9091
24.2954,approaching,0.0000,0.2850,0.2089,0.0000,0.0000,0.0000,179.9994,-0.0006,179.9091
24.3060,approaching,0.0000,0.2857,0.2097,0.0000,0.0000,0.0000,-179.9999,-0.0004,179.9091
24.3163,approaching,0.0000,0.2862,0.2102,0.0000,0.0000,0.0000,-179.9997,-0.0000,179.9090
24.3266,approaching,0.0000,0.2863,0.2103,0.0000,0.0000,0.0000,-179.9997,-0.0000,179.9090
24.3356,approaching,0.0000,0.2864,0.2105,0.0000,0.0000,0.0000,179.9997,-0.0011,179.9090
24.3455,approaching,0.0000,0.2867,0.2105,0.0000,0.0000,0.0000,179.9998,-0.0010,179.9090
24.3564,approaching,0.0000,0.2867,0.2103,0.0000,0.0000,0.0000,179.9998,-0.0010,179.9090
24.3654,approaching,0.0000,0.2866,0.2101,0.0000,0.0000,0.0000,179.9992,-0.0024,179.9089
24.3768,approaching,0.0000,0.2863,0.2096,0.0000,0.0000,0.0000,179.9997,-0.0011,179.9089
24.3870,approaching,0.0000,0.2860,0.2091,0.0000,0.0000,0.0000,179.9997,-0.0011,179.9089
24.3953,approaching,0.0000,0.2858,0.2086,0.0000,0.0000,0.0000,179.9998,-0.0008,179.9088
24.4060,approaching,0.0000,0.2857,0.2081,0.0000,0.0000,0.0000,179.9996,-0.0014,179.9088
24.4157,approaching,0.0000,0.2855,0.2077,0.0000,0.0000,0.0000,179.9996,-0.0014,179.9088
24.4273,approaching,0.0000,0.2853,0.2073,0.0000,0.0000,0.0000,180.0000,-0.0003,179.9088
24.4355,approaching,0.0000,0.2851,0.2069,0.0000,0.0000,0.0000,179.9997,-0.0011,179.9087
24.4457,approaching,0.0000,0.2847,0.2063,0.0000,0.0000,0.0000,179.9997,-0.0011,179.9087
24.4556,approaching,0.0000,0.2843,0.2057,0.0000,0.0000,0.0000,179.9994,-0.0016,179.9087
24.4655,approaching,0.0000,0.2839,0.2051,0.0000,0.0000,0.0000,179.9996,-0.0013,179.9086
24.4759,approaching,0.0000,0.2833,0.2043,0.0000,0.0000,0.0000,179.9996,-0.0013,179.9086
24.4856,approaching,0.0000,0.2826,0.2035,0.0000,0.0000,0.0000,179.9994,-0.0017,179.9086
24.4955,approaching,0.0000,0.2825,0.2033,0.0000,0.0000,0.0000,179.9994,-0.0017,179.9086
24.5054,approaching,0.0000,0.2824,0.2032,0.0000,0.0000,0.0000,179.9994,-0.0017,179.9086
24.5153,approaching,0.0000,0.2821,0.2028,0.0000,0.0000,0.0000,179.9996,0.0002,179.9086
24.5268,approaching,0.0000,0.2817,0.2024,0.0000,0.0000,0.0000,179.9993,-0.0003,179.9085
24.5354,approaching,0.0000,0.2816,0.2023,0.0000,0.0000,0.0000,179.9993,-0.0003,179.9085
24.5453,approaching,0.0000,0.2819,0.2026,0.0000,0.0000,0.0000,179.9994,-0.0002,179.9085
24.5555,approaching,0.0000,0.2820,0.2028,0.0000,0.0000,0.0000,179.9991,-0.0007,179.9085
24.5657,approaching,0.0000,0.2820,0.2031,0.0000,0.0000,0.0000,179.9991,-0.0007,179.9085
24.5754,approaching,0.0000,0.2824,0.2036,0.0000,0.0000,0.0000,179.9992,-0.0006,179.9084
24.5853,approaching,0.0000,0.2826,0.2042,0.0000,0.0000,0.0000,179.9995,-0.0000,179.9084
24.5952,approaching,0.0000,0.2828,0.2047,0.0000,0.0000,0.0000,179.9995,-0.0000,179.9084
24.6078,approaching,0.0000,0.2830,0.2053,0.0000,0.0000,0.0000,179.9995,0.0001,179.9083
24.6153,approaching,0.0000,0.2832,0.2057,0.0000,0.0000,0.0000,179.9996,0.0005,179.9083
24.6254,approaching,0.0000,0.2836,0.2065,0.0000,0.0000,0.0000,179.9996,0.0005,179.9083
24.6354,approaching,0.0000,0.2841,0.2072,0.0000,0.0000,0.0000,179.9997,0.0006,179.9083
24.6452,approaching,0.0000,0.2844,0.2079,0.0000,0.0000,0.0000,179.9993,-0.0001,179.9082
24.6575,approaching,0.0000,0.2847,0.2086,0.0000,0.0000,0.0000,179.9993,-0.0001,179.9082
24.6652,approaching,0.0000,0.2851,0.2092,0.0000,0.0000,0.0000,179.9991,-0.0006,179.9082
24.6752,approaching,0.0000,0.2855,0.2098,0.0000,0.0000,0.0000,179.9996,0.0004,179.9087
24.6853,approaching,0.0000,0.2858,0.2103,0.0000,0.0000,0.0000,179.9996,0.0004,179.9087
24.6960,approaching,0.0000,0.2862,0.2107,0.0000,0.0000,0.0000,179.9994,0.0002,179.9086
24.7056,approaching,0.0000,0.2866,0.2111,0.0000,0.0000,0.0000,179.9996,0.0006,179.9090
24.7154,approaching,0.0000,0.2872,0.2118,0.0000,0.0000,0.0000,179.9996,0.0006,179.9090
24.7253,approaching,0.0000,0.2875,0.2123,0.0000,0.0000,0.0000,179.9996,0.0007,179.9090
24.7355,approaching,0.0000,0.2875,0.2123,0.0000,0.0000,0.0000,179.9994,0.0002,179.9089
24.7454,approaching,0.0000,0.2879,0.2127,0.0000,0.0000,0.0000,179.9994,0.0002,179.9089
24.7555,approaching,0.0000,0.2881,0.2131,0.0000,0.0000,0.0000,179.9994,0.0001,179.9094
24.7652,approaching,0.0000,0.2883,0.2134,0.0000,0.0000,0.0000,179.9992,-0.0002,179.9094
24.7760,approaching,0.0000,0.2889,0.2139,0.0000,0.0000,0.0000,179.9992,-0.0002,179.9094
24.7856,approaching,0.0000,0.2892,0.2142,0.0000,0.0000,0.0000,179.9991,-0.0004,179.9094
24.7954,approaching,0.0000,0.2891,0.2141,0.0000,0.0000,0.0000,179.9994,0.0002,179.9093
24.8057,approaching,0.0000,0.2895,0.2142,0.0000,0.0000,0.0000,179.9994,0.0002,179.9093
24.8153,approaching,0.0000,0.2899,0.2143,0.0000,0.0000,0.0000,179.9990,-0.0007,179.9093
24.8255,approaching,0.0000,0.2905,0.2147,0.0000,0.0000,0.0000,179.9993,0.0001,179.9092
24.8356,approaching,0.0000,0.2914,0.2153,0.0000,0.0000,0.0000,179.9993,0.0001,179.9092
24.8455,approaching,0.0000,0.2922,0.2155,0.0000,0.0000,0.0000,179.9993,0.0001,179.9092
24.8555,approaching,0.0000,0.2924,0.2156,0.0000,0.0000,0.0000,179.9992,-0.0001,179.9092
24.8671,approaching,0.0000,0.2924,0.2152,0.0000,0.0000,0.0000,179.9992,-0.0001,179.9092
24.8753,approaching,0.0000,0.2923,0.2146,0.0000,0.0000,0.0000,179.9993,0.0002,179.9091
24.8852,approaching,0.0000,0.2919,0.2137,0.0000,0.0000,0.0000,179.9993,0.0002,179.9091
24.8954,approaching,0.0000,0.2918,0.2129,0.0000,0.0000,0.0000,179.9993,0.0002,179.9091
24.9059,approaching,0.0000,0.2919,0.2123,0.0000,0.0000,0.0000,179.9993,0.0002,179.9091
24.9153,approaching,0.0000,0.2915,0.2115,0.0000,0.0000,0.0000,179.9991,-0.0003,179.9090
24.9253,approaching,0.0000,0.2914,0.2110,0.0000,0.0000,0.0000,179.9991,-0.0003,179.9090
24.9353,approaching,0.0000,0.2911,0.2103,0.0000,0.0000,0.0000,179.9997,0.0010,179.9090
24.9454,approaching,0.0000,0.2904,0.2093,0.0000,0.0000,0.0000,179.9994,0.0005,179.9090
24.9558,approaching,0.0000,0.2900,0.2086,0.0000,0.0000,0.0000,179.9994,0.0005,179.9090
24.9652,approaching,0.0000,0.2899,0.2079,0.0000,0.0000,0.0000,179.9996,0.0008,179.9090
24.9753,approaching,0.0000,0.2896,0.2073,0.0000,0.0000,0.0000,179.9993,0.0003,179.9089
24.9855,approaching,0.0000,0.2895,0.2071,0.0000,0.0000,0.0000,179.9993,0.0003,179.9089
24.9956,approaching,0.0000,0.2898,0.2072,0.0000,0.0000,0.0000,179.9993,0.0002,179.9089
25.0061,approaching,0.0000,0.2899,0.2071,0.0000,0.0000,0.0000,179.9992,0.0002,179.9088
25.0164,approaching,0.0000,0.2897,0.2069,0.0000,0.0000,0.0000,179.9992,0.0002,179.9088
25.0258,approaching,0.0000,0.2902,0.2072,0.0000,0.0000,0.0000,179.9991,-0.0000,179.9088
25.0353,approaching,0.0000,0.2908,0.2076,0.0000,0.0000,0.0000,179.9994,0.0006,179.9088
25.0466,approaching,0.0000,0.2911,0.2080,0.0000,0.0000,0.0000,179.9994,0.0006,179.9088
25.0557,approaching,0.0000,0.2918,0.2086,0.0000,0.0000,0.0000,179.9992,0.0003,179.9087
25.0668,approaching,0.0000,0.2923,0.2089,0.0000,0.0000,0.0000,179.9988,-0.0006,179.9087
25.0755,approaching,0.0000,0.2926,0.2093,0.0000,0.0000,0.0000,179.9988,-0.0006,179.9087
25.0856,approaching,0.0000,0.2935,0.2101,0.0000,0.0000,0.0000,179.9984,-0.0017,179.9087
25.0958,approaching,0.0000,0.2940,0.2103,0.0000,0.0000,0.0000,179.9984,-0.0016,179.9086
25.1055,approaching,0.0000,0.2941,0.2107,0.0000,0.0000,0.0000,179.9984,-0.0016,179.9086
25.1174,approaching,0.0000,0.2949,0.2115,0.0000,0.0000,0.0000,179.9988,-0.0006,179.9086
25.1258,approaching,0.0000,0.2958,0.2123,0.0000,0.0000,0.0000,179.9989,-0.0005,179.9085
25.1366,approaching,0.0000,0.2962,0.2129,0.0000,0.0000,0.0000,179.9989,-0.0005,179.9085
25.1455,approaching,0.0000,0.2966,0.2133,0.0000,0.0000,0.0000,179.9989,-0.0005,179.9085
25.1564,approaching,0.0000,0.2972,0.2137,0.0000,0.0000,0.0000,179.9989,-0.0003,179.9085
25.1663,approaching,0.0000,0.2976,0.2141,0.0000,0.0000,0.0000,179.9989,-0.0003,179.9085
25.1761,approaching,0.0000,0.2982,0.2148,0.0000,0.0000,0.0000,179.9988,-0.0006,179.9090
25.1862,approaching,0.0000,0.2989,0.2155,0.0000,0.0000,0.0000,179.9986,-0.0010,179.9089
25.1958,approaching,0.0000,0.2992,0.2159,0.0000,0.0000,0.0000,179.9986,-0.0010,179.9089
25.2059,approaching,0.0000,0.2994,0.2163,0.0000,0.0000,0.0000,179.9986,-0.0010,179.9089
25.2167,approaching,0.0000,0.2997,0.2166,0.0000,0.0000,0.0000,179.9988,-0.0005,179.9089
25.2256,approaching,0.0000,0.2992,0.2161,0.0000,0.0000,0.0000,179.9988,-0.0005,179.9089
25.2372,approaching,0.0000,0.2989,0.2158,0.0000,0.0000,0.0000,179.9991,0.0003,179.9088
25.2471,approaching,0.0000,0.2991,0.2157,0.0000,0.0000,0.0000,179.9991,0.0003,179.9088
25.2561,approaching,0.0000,0.2990,0.2155,0.0000,0.0000,0.0000,179.9991,0.0003,179.9088
25.2659,approaching,0.0000,0.2991,0.2159,0.0000,0.0000,0.0000,179.9988,-0.0004,179.9088
25.2765,approaching,0.0000,0.2998,0.2165,0.0000,0.0000,0.0000,179.9988,-0.0004,179.9093
25.2861,approaching,0.0000,0.2999,0.2166,0.0000,0.0000,0.0000,179.9988,-0.0004,179.9093
25.2957,approaching,0.0000,0.2998,0.2166,0.0000,0.0000,0.0000,179.9986,-0.0008,179.9093
25.3069,approaching,0.0000,0.3002,0.2167,0.0000,0.0000,0.0000,179.9987,-0.0007,179.9092
25.3156,approaching,0.0000,0.3003,0.2166,0.0000,0.0000,0.0000,179.9987,-0.0007,179.9092
25.3260,approaching,0.0000,0.3000,0.2163,0.0000,0.0000,0.0000,179.9987,-0.0006,179.9092
25.3360,approaching,0.0000,0.3001,0.2162,0.0000,0.0000,0.0000,179.9987,-0.0004,179.9092
25.3473,approaching,0.0000,0.2997,0.2155,0.0000,0.0000,0.0000,179.9987,-0.0004,179.9092
25.3565,approaching,0.0000,0.2992,0.2150,0.0000,0.0000,0.0000,179.9988,-0.0003,179.9091
25.3658,approaching,0.0000,0.2990,0.2146,0.0000,0.0000,0.0000,179.9992,0.0007,179.9091
25.3768,approaching,0.0000,0.2987,0.2140,0.0000,0.0000,0.0000,179.9992,0.0007,179.9091
25.3860,approaching,0.0000,0.2979,0.2132,0.0000,0.0000,0.0000,179.9995,-0.0000,179.9091
25.3965,approaching,0.0000,0.2976,0.2130,0.0000,0.0000,0.0000,179.9995,-0.0000,179.9090
25.4055,approaching,0.0000,0.2973,0.2125,0.0000,0.0000,0.0000,179.9995,-0.0000,179.9090
25.4153,approaching,0.0000,0.2965,0.2118,0.0000,0.0000,0.0000,179.9994,-0.0002,179.9090
25.4253,approaching,0.0000,0.2958,0.2111,0.0000,0.0000,0.0000,179.9994,-0.0003,179.9090
25.4356,approaching,0.0000,0.2952,0.2104,0.0000,0.0000,0.0000,179.9994,-0.0003,179.9090
25.4455,approaching,0.0000,0.2945,0.2098,0.0000,0.0000,0.0000,179.9994,-0.0002,179.9089
25.4557,approaching,0.0000,0.2940,0.2096,0.0000,0.0000,0.0000,179.9994,-0.0002,179.9089
25.4652,approaching,0.0000,0.2936,0.2093,0.0000,0.0000,0.0000,179.9994,-0.0002,179.9089
25.4754,approaching,0.0000,0.2930,0.2088,0.0000,0.0000,0.0000,179.9991,-0.0007,179.9088
25.4853,approaching,0.0000,0.2925,0.2086,0.0000,0.0000,0.0000,179.9989,-0.0014,179.9088
25.4953,approaching,0.0000,0.2923,0.2083,0.0000,0.0000,0.0000,179.9989,-0.0014,179.9088
25.5054,approaching,0.0000,0.2918,0.2079,0.0000,0.0000,0.0000,179.9985,-0.0023,179.9088
25.5152,approaching,0.0000,0.2911,0.2074,0.0000,0.0000,0.0000,179.9990,-0.0011,179.9087
25.5255,approaching,0.0000,0.2909,0.2072,0.0000,0.0000,0.0000,179.9990,-0.0011,179.9087
25.5352,approaching,0.0000,0.2905,0.2068,0.0000,0.0000,0.0000,179.9991,-0.0008,179.9087
25.5452,approaching,0.0000,0.2897,0.2066,0.0000,0.0000,0.0000,179.9990,-0.0011,179.9087
25.5557,approaching,0.0000,0.2894,0.2065,0.0000,0.0000,0.0000,179.9990,-0.0011,179.9087
25.5657,approaching,0.0000,0.2887,0.2060,0.0000,0.0000,0.0000,179.9990,-0.0010,179.9086
25.5753,approaching,0.0000,0.2874,0.2052,0.0000,0.0000,0.0000,179.9992,-0.0005,179.9086
25.5853,approaching,0.0000,0.2869,0.2048,0.0000,0.0000,0.0000,179.9992,-0.0005,179.9086
25.5953,approaching,0.0000,0.2860,0.2040,0.0000,0.0000,0.0000,179.9987,-0.0017,179.9086
25.6059,approaching,0.0000,0.2845,0.2031,0.0000,0.0000,0.0000,179.9989,-0.0011,179.9085
25.6154,approaching,0.0000,0.2838,0.2026,0.0000,0.0000,0.0000,179.9989,-0.0011,179.9085
25.6254,approaching,0.0000,0.2833,0.2022,0.0000,0.0000,0.0000,179.9989,-0.0011,179.9085
25.6353,approaching,0.0000,0.2822,0.2017,0.0000,0.0000,0.0000,179.9987,-0.0016,179.9085
25.6454,approaching,0.0000,0.2819,0.2015,0.0000,0.0000,0.0000,179.9987,-0.0016,179.9085
25.6557,approaching,0.0000,0.2816,0.2011,0.0000,0.0000,0.0000,179.9992,-0.0005,179.9084
25.6655,approaching,0.0000,0.2807,0.2006,0.0000,0.0000,0.0000,179.9990,-0.0008,179.9084
25.6754,approaching,0.0000,0.2805,0.2005,0.0000,0.0000,0.0000,179.9990,-0.0008,179.9084
25.6858,approaching,0.0000,0.2806,0.2004,0.0000,0.0000,0.0000,179.9987,-0.0014,179.9084
25.6953,approaching,0.0000,0.2803,0.2000,0.0000,0.0000,0.0000,179.9991,-0.0006,179.9089
25.7057,approaching,0.0000,0.2799,0.0000,0.0000,0.0000,0.0000,179.9991,-0.0006,179.9089
25.7153,approaching,0.0000,0.2798,0.0000,0.0000,0.0000,0.0000,179.9988,-0.0011,179.9088
25.7261,approaching,0.0000,0.2790,0.0000,0.0000,0.0000,0.0000,179.9992,-0.0002,179.9088
25.7356,approaching,0.0000,0.2786,0.0000,0.0000,0.0000,0.0000,179.9992,-0.0002,179.9088
25.7455,approaching,0.0000,0.2783,0.0000,0.0000,0.0000,0.0000,179.9995,0.0005,179.9088
25.7555,approaching,0.0000,0.2776,0.0000,0.0000,0.0000,0.0000,179.9995,0.0004,179.9087
25.7657,approaching,0.0000,0.2775,0.0000,0.0000,0.0000,0.0000,179.9995,0.0004,179.9087
25.7759,approaching,0.0000,0.2776,0.0000,0.0000,0.0000,0.0000,179.9999,0.0014,179.9087
25.7853,approaching,0.0000,0.2771,0.0000,0.0000,0.0000,0.0000,179.9997,0.0010,179.9092
25.7956,approaching,0.0000,0.2764,0.0000,0.0000,0.0000,0.0000,179.9997,0.0010,179.9092
25.8061,approaching,0.0000,0.2762,0.0000,0.0000,0.0000,0.0000,179.9996,0.0006,179.9092
25.8161,approaching,0.0000,0.2759,0.0000,0.0000,0.0000,0.0000,179.9995,0.0006,179.9091
25.8256,approaching,0.0000,0.2755,0.0000,0.0000,0.0000,0.0000,179.9995,0.0006,179.9091
25.8353,approaching,0.0000,0.2756,0.0000,0.0000,0.0000,0.0000,179.9993,-0.0000,179.9091
25.8452,approaching,0.0000,0.2756,0.0000,0.0000,0.0000,0.0000,179.9992,-0.0000,179.9091
25.8563,approaching,0.0000,0.2751,0.0000,0.0000,0.0000,0.0000,179.9992,-0.0000,179.9091
25.8653,approaching,0.0000,0.2750,0.0000,0.0000,0.0000,0.0000,179.9996,0.0008,179.9090
25.8752,approaching,0.0000,0.2751,0.0000,0.0000,0.0000,0.0000,179.9995,0.0007,179.9090
25.8853,approaching,0.0000,0.2748,0.0000,0.0000,0.0000,0.0000,179.9995,0.0007,179.9090
25.8956,approaching,0.0000,0.2752,0.0000,0.0000,0.0000,0.0000,179.9995,0.0007,179.9090
25.9058,approaching,0.0000,0.2758,0.0000,0.0000,0.0000,0.0000,179.9992,-0.0001,179.9089
25.9155,approaching,0.0000,0.2755,0.0000,0.0000,0.0000,0.0000,179.9992,-0.0001,179.9089
25.9259,approaching,0.0000,0.2757,0.0000,0.0000,0.0000,0.0000,179.9989,-0.0006,179.9089
25.9357,approaching,0.0000,0.2763,0.0000,0.0000,0.0000,0.0000,179.9990,-0.0004,179.9088
25.9457,approaching,0.0000,0.2767,0.0000,0.0000,0.0000,0.0000,179.9990,-0.0004,179.9088
25.9556,approaching,0.0000,0.2774,0.0000,0.0000,0.0000,0.0000,179.9998,0.0014,179.9088
25.9655,approaching,0.0000,0.2785,0.0000,0.0000,0.0000,0.0000,179.9995,0.0007,179.9087
25.9757,approaching,0.0000,0.2792,0.0000,0.0000,0.0000,0.0000,179.9995,0.0007,179.9087
25.9853,approaching,0.0000,0.2798,0.0000,0.0000,0.0000,0.0000,179.9998,0.0014,179.9087
25.9952,approaching,0.0000,0.2808,0.0000,0.0000,0.0000,0.0000,179.9995,0.0008,179.9087
26.0057,approaching,0.0000,0.2818,0.0000,0.0000,0.0000,0.0000,179.9995,0.0008,179.9087
