t_sec,phase,F_ext_x,F_ext_y,F_ext_z,correction_x_mm,correction_y_mm,correction_z_mm,tool_rot_x_deg,tool_rot_y_deg,tool_rot_z_deg
0.0012,approaching,0.0000,0.0000,0.0000,0.0000,0.0000,0.0000,179.9993,0.0002,179.9090
0.0021,approaching,0.0000,0.0000,0.0000,0.0000,0.0000,0.0000,179.9993,0.0002,179.9090
0.0138,approaching,0.0000,0.0000,0.0000,0.0000,0.0000,0.0000,179.9993,0.0002,179.9090
0.0245,approaching,0.0000,0.0000,0.0000,0.0000,0.0000,0.0000,179.9993,0.0002,179.9090
0.0319,approaching,0.0000,0.0000,0.0000,0.0000,0.0000,0.0000,179.9993,0.0002,179.9090
0.0424,approaching,0.0000,0.0000,0.0000,0.0000,0.0000,0.0000,179.9993,0.0002,179.9090
0.0521,approaching,0.0000,0.0000,0.0000,0.0000,0.0000,0.0000,179.9993,0.0002,179.9090
0.0619,approaching,0.0000,0.0000,0.0000,0.0000,0.0000,0.0000,179.9993,0.0002,179.9090
0.0732,approaching,0.0000,0.0000,0.0000,0.0000,0.0000,0.0000,179.9993,0.0002,179.9090
0.0828,approaching,0.0000,0.0000,0.0000,0.0000,0.0000,0.0000,179.9993,0.0002,179.9090
0.0919,approaching,0.0000,0.0000,0.0000,0.0000,0.0000,0.0000,179.9990,-0.0006,179.9090
0.1023,approaching,0.0000,0.0000,0.0000,0.0000,0.0000,0.0000,179.9990,-0.0006,179.9090
0.1127,approaching,0.0000,0.0000,0.0000,0.0000,0.0000,0.0000,179.9985,-0.0016,179.9090
0.1228,approaching,0.0000,0.0000,0.0000,0.0000,0.0000,0.0000,179.9991,-0.0003,179.9090
0.1327,approaching,0.0000,0.0000,0.0000,0.0000,0.0000,0.0000,179.9991,-0.0003,179.9090
0.1425,approaching,0.0000,0.0000,0.0000,0.0000,0.0000,0.0000,179.9987,-0.0012,179.9089
0.1523,approaching,0.0000,0.0000,0.0000,0.0000,0.0000,0.0000,179.9985,-0.0015,179.9089
0.1621,approaching,0.0000,0.0000,0.0000,0.0000,0.0000,0.0000,179.9985,-0.0015,179.9089
0.1720,approaching,0.0000,0.0000,0.0000,0.0000,0.0000,0.0000,179.9987,-0.0010,179.9088
0.1825,approaching,0.0000,0.0000,0.0000,0.0000,0.0000,0.0000,179.9992,-0.0000,179.9091
0.1924,approaching,0.0000,0.0000,0.0000,0.0000,0.0000,0.0000,179.9992,-0.0000,179.9091
0.2022,approaching,0.0000,0.0000,0.0000,0.0000,0.0000,0.0000,179.9996,0.0009,179.9091
0.2121,approaching,0.0000,0.0000,0.0000,0.0000,0.0000,0.0000,179.9994,0.0005,179.9091
0.2224,approaching,0.0000,0.0000,0.0000,0.0000,0.0000,0.0000,179.9994,0.0005,179.9091
0.2325,approaching,0.0000,0.0000,0.0000,0.0000,0.0000,0.0000,179.9993,0.0004,179.9087
0.2432,approaching,0.0000,0.0000,0.0000,0.0000,0.0000,0.0000,179.9993,0.0004,179.9087
0.2527,approaching,0.0000,0.0000,0.0000,0.0000,0.0000,0.0000,179.9993,0.0004,179.9087
0.2627,approaching,0.0000,0.0000,0.0000,0.0000,0.0000,0.0000,179.9989,-0.0005,179.9086
0.2732,approaching,0.0000,0.0000,0.0000,0.0000,0.0000,0.0000,179.9987,-0.0010,179.9090
0.2826,approaching,0.0000,0.0000,0.0000,0.0000,0.0000,0.0000,179.9987,-0.0010,179.9090
0.2928,approaching,0.0000,0.0000,0.0000,0.0000,0.0000,0.0000,179.9983,-0.0018,179.9089
0.3024,approaching,0.0000,0.0000,0.0000,0.0000,0.0000,0.0000,179.9987,-0.0009,179.9089
0.3144,approaching,0.0000,0.0000,0.0000,0.0000,0.0000,0.0000,179.9987,-0.0009,179.9089
0.3226,approaching,0.0000,0.0000,0.0000,0.0000,0.0000,0.0000,179.9985,-0.0012,179.9088
0.3323,approaching,0.0000,0.0000,0.0000,0.0000,0.0000,0.0000,179.9989,-0.0003,179.9085
0.3425,approaching,0.0000,0.0000,0.0000,0.0000,0.0000,0.0000,179.9989,-0.0003,179.9085
0.3526,approaching,0.0000,0.0000,0.0000,0.0000,0.0000,0.0000,179.9988,-0.0005,179.9084
0.3642,approaching,0.0000,0.0000,0.0000,0.0000,0.0000,0.0000,179.9985,-0.0012,179.9084
0.3726,approaching,0.0000,0.0000,0.0000,0.0000,0.0000,0.0000,179.9985,-0.0012,179.9084
0.3827,approaching,0.0000,0.0000,0.0000,0.0000,0.0000,0.0000,179.9981,-0.0020,179.9083
0.3923,approaching,0.0000,0.0000,0.0000,0.0000,0.0000,0.0000,179.9983,-0.0017,179.9089
0.4024,approaching,0.0000,0.0000,0.0000,0.0000,0.0000,0.0000,179.9983,-0.0017,179.9089
0.4125,approaching,0.0000,0.0000,0.0000,0.0000,0.0000,0.0000,179.9982,-0.0017,179.9088
0.4231,approaching,0.0000,0.0000,0.0000,0.0000,0.0000,0.0000,179.9988,-0.0004,179.9088
0.4323,approaching,0.0000,0.0000,0.0000,0.0000,0.0000,0.0000,179.9988,-0.0004,179.9088
0.4425,approaching,0.0000,0.0000,0.0000,0.0000,0.0000,0.0000,179.9985,-0.0011,179.9087
0.4522,approaching,0.0000,0.0000,0.0000,0.0000,0.0000,0.0000,179.9986,-0.0007,179.9087
0.4624,approaching,0.0000,0.0000,0.0000,0.0000,0.0000,0.0000,179.9986,-0.0007,179.9087
0.4724,approaching,0.0000,0.0000,0.0000,0.0000,0.0000,0.0000,179.9992,-0.0006,179.9087
0.4825,approaching,0.0000,0.0000,0.0000,0.0000,0.0000,0.0000,179.9992,-0.0007,179.9086
0.4922,approaching,0.0000,0.0000,0.0000,0.0000,0.0000,0.0000,179.9992,-0.0007,179.9086
0.5024,approaching,0.0000,0.0000,0.0000,0.0000,0.0000,0.0000,179.9992,-0.0007,179.9091
0.5124,approaching,0.0000,0.0000,0.0000,0.0000,0.0000,0.0000,179.9998,0.0007,179.9091
0.5222,approaching,0.0000,0.0000,0.0000,0.0000,0.0000,0.0000,179.9998,0.0007,179.9091
0.5320,approaching,0.0000,0.0000,0.0000,0.0000,0.0000,0.0000,179.9996,0.0004,179.9094
0.5423,approaching,0.0000,0.0000,0.0000,0.0000,0.0000,0.0000,179.9996,0.0004,179.9094
0.5528,approaching,0.0000,0.0000,0.0000,0.0000,0.0000,0.0000,179.9996,0.0004,179.9094
0.5625,approaching,0.0000,0.0000,0.0000,0.0000,0.0000,0.0000,179.9999,0.0010,179.9090
0.5723,approaching,0.0000,0.0000,0.0000,0.0000,0.0000,0.0000,179.9999,0.0009,179.9093
0.5826,approaching,0.0000,0.0000,0.0000,0.0000,0.0000,0.0000,179.9999,0.0009,179.9093
0.5933,approaching,0.0000,0.0000,0.0000,0.0000,0.0000,0.0000,179.9995,0.0001,179.9093
0.6030,approaching,0.0000,0.0000,0.0000,0.0000,0.0000,0.0000,179.9993,-0.0004,179.9093
0.6134,approaching,0.0000,0.0000,0.0000,0.0000,0.0000,0.0000,179.9993,-0.0004,179.9093
0.6222,approaching,0.0000,0.0000,0.0000,0.0000,0.0000,0.0000,179.9993,-0.0001,179.9092
0.6322,approaching,0.0000,0.0000,0.0000,0.0000,0.0000,0.0000,179.9994,0.0001,179.9092
0.6429,approaching,0.0000,0.0000,0.0000,0.0000,0.0000,0.0000,179.9994,0.0001,179.9092
0.6549,approaching,0.0000,0.0000,0.0000,0.0000,0.0000,0.0000,179.9993,-0.0003,179.9091
0.6633,approaching,0.0000,0.0000,0.0000,0.0000,0.0000,0.0000,179.9987,-0.0014,179.9091
0.6737,approaching,0.0000,0.0000,0.0000,0.0000,0.0000,0.0000,179.9987,-0.0014,179.9091
0.6826,approaching,0.0000,0.0000,0.0000,0.0000,0.0000,0.0000,179.9987,-0.0015,179.9090
0.6931,approaching,0.0000,0.0000,0.0000,0.0000,0.0000,0.0000,179.9984,-0.0021,179.9090
0.7037,approaching,0.0000,0.0000,0.0000,0.0000,0.0000,0.0000,179.9984,-0.0021,179.9090
0.7126,approaching,0.0000,0.0000,0.0000,0.0000,0.0000,0.0000,179.9991,-0.0005,179.9095
0.7222,approaching,0.0000,0.0000,0.0000,0.0000,0.0000,0.0000,179.9992,-0.0003,179.9095
0.7323,approaching,0.0000,0.0000,0.0000,0.0000,0.0000,0.0000,179.9992,-0.0003,179.9095
0.7423,approaching,0.0000,0.0000,0.0000,0.0000,0.0000,0.0000,179.9988,-0.0010,179.9095
0.7522,approaching,0.0000,0.0000,0.0000,0.0000,0.0000,0.0000,179.9993,0.0001,179.9094
0.7625,approaching,0.0000,0.0000,0.0000,0.0000,0.0000,0.0000,179.9993,0.0001,179.9094
0.7727,approaching,0.0000,0.0000,0.0000,0.0000,0.0000,0.0000,179.9989,-0.0009,179.9094
0.7830,approaching,0.0000,0.0000,0.0000,0.0000,0.0000,0.0000,179.9992,-0.0003,179.9093
0.7931,approaching,0.0000,0.0000,0.0000,0.0000,0.0000,0.0000,179.9992,-0.0003,179.9093
0.8026,approaching,0.0000,0.0000,0.0000,0.0000,0.0000,0.0000,179.9990,-0.0007,179.9093
0.8136,approaching,0.0000,0.0000,0.0000,0.0000,0.0000,0.0000,179.9989,-0.0007,179.9093
0.8223,approaching,0.0000,0.0000,0.0000,0.0000,0.0000,0.0000,179.9989,-0.0007,179.9093
0.8324,approaching,0.0000,0.0000,0.0000,0.0000,0.0000,0.0000,179.9993,0.0003,179.9092
0.8429,approaching,0.0000,0.0000,0.0000,0.0000,0.0000,0.0000,179.9994,0.0004,179.9092
0.8526,approaching,0.0000,0.0000,0.0000,0.0000,0.0000,0.0000,179.9994,0.0004,179.9092
0.8628,approaching,0.0000,0.0000,0.0000,0.0000,0.0000,0.0000,179.9990,-0.0005,179.9092
0.8733,approaching,0.0000,0.0000,0.0000,0.0000,0.0000,0.0000,179.9993,0.0002,179.9091
0.8828,approaching,0.0000,0.0000,0.0000,0.0000,0.0000,0.0000,179.9993,0.0002,179.9091
0.8927,approaching,0.0000,0.0000,0.0000,0.0000,0.0000,0.0000,179.9993,0.0002,179.9091
0.9023,approaching,0.0000,0.0000,0.0000,0.0000,0.0000,0.0000,179.9995,0.0007,179.9091
0.9144,approaching,0.0000,0.0000,0.0000,0.0000,0.0000,0.0000,179.9995,0.0007,179.9091
0.9227,approaching,0.0000,0.0000,0.0000,0.0000,0.0000,0.0000,179.9998,0.0014,179.9090
0.9328,approaching,0.0000,0.0000,0.0000,0.0000,0.0000,0.0000,179.9994,0.0006,179.9090
0.9439,approaching,0.0000,0.0000,0.0000,0.0000,0.0000,0.0000,179.9994,0.0006,179.9090
0.9521,approaching,0.0000,0.0000,0.0000,0.0000,0.0000,0.0000,179.9997,0.0013,179.9090
0.9622,approaching,0.0000,0.0000,0.0000,0.0000,0.0000,0.0000,179.9995,0.0008,179.9089
0.9726,approaching,0.0000,0.0000,0.0000,0.0000,0.0000,0.0000,179.9995,0.0008,179.9089
0.9828,approaching,0.0000,0.0000,0.0000,0.0000,0.0000,0.0000,179.9993,0.0004,179.9089
0.9936,approaching,0.0000,0.0000,0.0000,0.0000,0.0000,0.0000,179.9993,0.0004,179.9088
1.0017,approaching,0.0000,0.0000,0.0000,0.0000,0.0000,0.0000,179.9993,0.0004,179.9088
1.0124,approaching,0.0000,0.0000,0.0000,0.0000,0.0000,0.0000,179.9991,0.0001,179.9094
1.0230,approaching,0.0000,0.0000,0.0000,0.0000,0.0000,0.0000,179.9996,0.0011,179.9093
1.0322,approaching,0.0000,0.0000,0.0000,0.0000,0.0000,0.0000,179.9996,0.0011,179.9093
1.0421,approaching,0.0000,0.0000,0.0000,0.0000,0.0000,0.0000,179.9998,0.0017,179.9093
1.0523,approaching,0.0000,0.0000,0.0000,0.0000,0.0000,0.0000,179.9990,-0.0000,179.9093
1.0626,approaching,0.0000,0.0000,0.0000,0.0000,0.0000,0.0000,179.9990,-0.0000,179.9093
1.0739,approaching,0.0000,0.0000,0.0000,0.0000,0.0000,0.0000,179.9996,0.0013,179.9092
1.0818,approaching,0.0000,0.0000,0.0000,0.0000,0.0000,0.0000,179.9992,0.0003,179.9092
1.0927,approaching,0.0000,0.0000,0.0000,0.0000,0.0000,0.0000,179.9992,0.0003,179.9092
1.1028,approaching,0.0000,0.0000,0.0000,0.0000,0.0000,0.0000,179.9994,0.0009,179.9091
1.1119,approaching,0.0000,0.0000,0.0000,0.0000,0.0000,0.0000,179.9991,0.0001,179.9091
1.1238,approaching,0.0000,0.0000,0.0000,0.0000,0.0000,0.0000,179.9991,0.0001,179.9091
1.1318,approaching,0.0000,0.0000,0.0000,0.0000,0.0000,0.0000,179.9987,-0.0005,179.9091
1.1425,approaching,0.0000,0.0000,0.0000,0.0000,0.0000,0.0000,179.9990,0.0002,179.9090
1.1536,approaching,0.0000,0.0000,0.0000,0.0000,0.0000,0.0000,179.9990,0.0002,179.9090
1.1618,approaching,0.0000,0.0000,0.0000,0.0000,0.0000,0.0000,179.9990,0.0002,179.9090
1.1718,approaching,0.0000,0.0000,0.0000,0.0000,0.0000,0.0000,179.9989,-0.0002,179.9090
1.1829,approaching,0.0000,0.0000,0.0000,0.0000,0.0000,0.0000,179.9989,-0.0002,179.9090
1.1930,approaching,0.0000,0.0000,0.0000,0.0000,0.0000,0.0000,179.9990,0.0001,179.9090
1.2034,approaching,0.0000,0.0000,0.0000,0.0000,0.0000,0.0000,179.9993,0.0007,179.9089
1.2139,approaching,0.0000,0.0000,0.0000,0.0000,0.0000,0.0000,179.9993,0.0007,179.9089
1.2236,approaching,0.0000,0.0000,0.0000,0.0000,0.0000,0.0000,179.9990,0.0002,179.9089
1.2318,approaching,0.0000,0.0000,0.0000,0.0000,0.0000,0.0000,179.9990,0.0003,179.9094
1.2418,approaching,0.0000,0.0000,0.0000,0.0000,0.0000,0.0000,179.9990,0.0003,179.9094
1.2519,approaching,0.0000,0.0000,0.0000,0.0000,0.0000,0.0000,179.9991,0.0004,179.9094
1.2632,approaching,0.0000,0.0000,0.0000,0.0000,0.0000,0.0000,179.9995,0.0013,179.9093
1.2747,approaching,0.0000,0.0000,0.0000,0.0000,0.0000,0.0000,179.9995,0.0013,179.9093
1.2821,approaching,0.0000,0.0000,0.0000,0.0000,0.0000,0.0000,179.9993,0.0009,179.9093
1.2919,approaching,0.0000,0.0000,0.0000,0.0000,0.0000,0.0000,179.9993,0.0009,179.9092
1.3020,approaching,0.0000,0.0000,0.0000,0.0000,0.0000,0.0000,179.9993,0.0009,179.9092
1.3118,approaching,0.0000,0.0000,0.0000,0.0000,0.0000,0.0000,179.9996,0.0003,179.9092
1.3232,approaching,0.0000,0.0000,0.0000,0.0000,0.0000,0.0000,179.9995,-0.0000,179.9092
1.3332,approaching,0.0000,0.0000,0.0000,0.0000,0.0000,0.0000,179.9995,-0.0000,179.9092
1.3420,approaching,0.0000,0.0000,0.0000,0.0000,0.0000,0.0000,179.9994,-0.0000,179.9091
1.3527,approaching,0.0000,0.0000,0.0000,0.0000,0.0000,0.0000,179.9997,0.0007,179.9091
1.3618,approaching,0.0000,0.0000,0.0000,0.0000,0.0000,0.0000,179.9997,0.0007,179.9091
1.3719,approaching,0.0000,0.0000,0.0000,0.0000,0.0000,0.0000,179.9993,-0.0002,179.9090
1.3822,approaching,0.0000,0.0000,0.0000,0.0000,0.0000,0.0000,179.9997,0.0007,179.9090
1.3923,approaching,0.0000,0.0000,0.0000,0.0000,0.0000,0.0000,179.9997,0.0007,179.9090
1.4035,approaching,0.0000,0.0000,0.0000,0.0000,0.0000,0.0000,179.9996,0.0004,179.9090
1.4119,approaching,0.0000,0.0000,0.0000,0.0000,0.0000,0.0000,179.9997,0.0008,179.9089
1.4219,approaching,0.0000,0.0000,0.0000,0.0000,0.0000,0.0000,179.9997,0.0008,179.9089
1.4320,approaching,0.0000,0.0000,0.0000,0.0000,0.0000,0.0000,179.9997,0.0008,179.9089
1.4447,approaching,0.0000,0.0000,0.0000,0.0000,0.0000,0.0000,179.9996,0.0006,179.9089
1.4537,approaching,0.0000,0.0000,0.0000,0.0000,0.0000,0.0000,179.9996,0.0006,179.9089
1.4620,approaching,0.0000,0.0000,0.0000,0.0000,0.0000,0.0000,-179.9998,0.0020,179.9088
1.4741,approaching,0.0000,0.0000,0.0000,0.0000,0.0000,0.0000,-179.9996,0.0024,179.9093
1.4821,approaching,0.0000,0.0000,0.0000,0.0000,0.0000,0.0000,-179.9996,0.0024,179.9093
1.4919,approaching,0.0000,0.0000,0.0000,0.0000,0.0000,0.0000,-179.9995,0.0014,179.9093
1.5021,approaching,0.0000,0.0000,0.0000,0.0000,0.0000,0.0000,-179.9993,0.0017,179.9093
1.5159,approaching,0.0000,0.0000,0.0000,0.0000,0.0000,0.0000,-179.9993,0.0017,179.9093
1.5232,approaching,0.0000,0.0000,0.0000,0.0000,0.0000,0.0000,-179.9997,0.0010,179.9092
1.5322,approaching,0.0000,0.0000,0.0000,0.0000,0.0000,0.0000,-179.9997,0.0010,179.9092
1.5422,approaching,0.0000,0.0000,0.0000,0.0000,0.0000,0.0000,-179.9997,0.0010,179.9092
1.5518,approaching,0.0000,0.0000,0.0000,0.0000,0.0000,0.0000,180.0000,0.0002,179.9092
1.5619,approaching,0.0000,0.0000,0.0000,0.0000,0.0000,0.0000,-179.9999,0.0007,179.9091
1.5724,approaching,0.0000,0.0000,0.0000,0.0000,0.0000,0.0000,-179.9999,0.0007,179.9091
1.5843,approaching,0.0000,0.0000,0.0000,0.0000,0.0000,0.0000,179.9994,-0.0010,179.9091
1.5946,approaching,0.0000,0.0000,0.0000,0.0000,0.0000,0.0000,179.9997,-0.0003,179.9091
1.6025,approaching,0.0000,0.0000,0.0000,0.0000,0.0000,0.0000,179.9997,-0.0003,179.9091
1.6120,approaching,0.0000,0.0000,0.0000,0.0000,0.0000,0.0000,179.9994,-0.0009,179.9090
1.6221,approaching,0.0000,0.0000,0.0000,0.0000,0.0000,0.0000,179.9992,-0.0014,179.9090
1.6323,approaching,0.0000,0.0000,0.0000,0.0000,0.0000,0.0000,179.9992,-0.0014,179.9090
1.6443,approaching,0.0000,0.0000,0.0000,0.0000,0.0000,0.0000,179.9993,-0.0012,179.9090
1.6533,approaching,0.0000,0.0000,0.0000,0.0000,0.0000,0.0000,179.9989,-0.0021,179.9089
1.6625,approaching,0.0000,0.0000,0.0000,0.0000,0.0000,0.0000,179.9989,-0.0021,179.9089
1.6734,approaching,0.0000,0.0000,0.0000,0.0000,0.0000,0.0000,179.9994,-0.0008,179.9089
1.6826,approaching,0.0000,0.0000,0.0000,0.0000,0.0000,0.0000,179.9995,-0.0005,179.9088
1.6931,approaching,0.0000,0.0000,0.0000,0.0000,0.0000,0.0000,179.9995,-0.0005,179.9088
1.7018,approaching,0.0000,0.0000,0.0000,0.0000,0.0000,0.0000,179.9999,0.0003,179.9088
1.7119,approaching,0.0000,0.0000,0.0000,0.0000,0.0000,0.0000,179.9995,-0.0005,179.9093
1.7218,approaching,0.0000,0.0000,0.0000,0.0000,0.0000,0.0000,179.9995,-0.0005,179.9093
1.7325,approaching,0.0000,0.0000,0.0000,0.0000,0.0000,0.0000,179.9996,-0.0003,179.9093
1.7418,approaching,0.0000,0.0000,0.0000,0.0000,0.0000,0.0000,180.0000,0.0007,179.9092
1.7517,approaching,0.0000,0.0000,0.0000,0.0000,0.0000,0.0000,180.0000,0.0007,179.9092
1.7618,approaching,0.0000,0.0000,0.0000,0.0000,0.0000,0.0000,180.0000,0.0007,179.9092
1.7736,approaching,0.0000,0.0000,0.0000,0.0000,0.0000,0.0000,179.9997,0.0001,179.9092
1.7835,approaching,0.0000,0.0000,0.0000,0.0000,0.0000,0.0000,179.9997,0.0001,179.9092
1.7921,approaching,0.0000,0.0000,0.0000,0.0000,0.0000,0.0000,179.9998,0.0002,179.9091
1.8032,approaching,0.0000,0.0000,0.0000,0.0000,0.0000,0.0000,179.9998,0.0002,179.9091
1.8141,approaching,0.0000,0.0000,0.0000,0.0000,0.0000,0.0000,179.9998,0.0002,179.9091
1.8221,approaching,0.0000,0.0000,0.0000,0.0000,0.0000,0.0000,179.9996,-0.0001,179.9091
1.8318,approaching,0.0000,0.0000,0.0000,0.0000,0.0000,0.0000,179.9992,-0.0010,179.9091
1.8417,approaching,0.0000,0.0000,0.0000,0.0000,0.0000,0.0000,179.9992,-0.0010,179.9091
1.8522,approaching,0.0000,0.0000,0.0000,0.0000,0.0000,0.0000,179.9991,-0.0012,179.9090
1.8623,approaching,0.0000,0.0000,0.0000,0.0000,0.0000,0.0000,179.9992,-0.0010,179.9090
1.8721,approaching,0.0000,0.0000,0.0000,0.0000,0.0000,0.0000,179.9992,-0.0010,179.9090
1.8820,approaching,0.0000,0.0000,0.0000,0.0000,0.0000,0.0000,179.9994,-0.0004,179.9090
1.8918,approaching,0.0000,0.0000,0.0000,0.0000,0.0000,0.0000,179.9995,-0.0003,179.9089
1.9036,approaching,0.0000,0.0000,0.0000,0.0000,0.0000,0.0000,179.9995,-0.0003,179.9089
1.9147,approaching,0.0000,0.0000,0.0000,0.0000,0.0000,0.0000,179.9996,-0.0000,179.9089
1.9227,approaching,0.0000,0.0000,0.0000,0.0000,0.0000,0.0000,179.9996,0.0001,179.9088
1.9322,approaching,0.0000,0.0000,0.0000,0.0000,0.0000,0.0000,179.9996,0.0001,179.9088
1.9430,approaching,0.0000,0.0000,0.0000,0.0000,0.0000,0.0000,179.9992,-0.0007,179.9088
1.9519,approaching,0.0000,0.0000,0.0000,0.0000,0.0000,0.0000,179.9994,-0.0004,179.9093
1.9619,approaching,0.0000,0.0000,0.0000,0.0000,0.0000,0.0000,179.9994,-0.0004,179.9093
1.9729,approaching,0.0000,0.0000,0.0000,0.0000,0.0000,0.0000,179.9987,-0.0019,179.9093
1.9835,approaching,0.0000,0.0000,0.0000,0.0000,0.0000,0.0000,179.9993,-0.0006,179.9092
1.9938,approaching,0.0000,0.0000,0.0000,0.0000,0.0000,0.0000,179.9993,-0.0006,179.9092
2.0021,approaching,0.0000,0.0000,0.0000,0.0000,0.0000,0.0000,179.9996,0.0003,179.9092
2.0136,approaching,0.0000,0.0000,0.0000,0.0000,0.0000,0.0000,179.9995,0.0001,179.9092
2.0221,approaching,0.0000,0.0000,0.0000,0.0000,0.0000,0.0000,179.9995,0.0001,179.9092
2.0321,approaching,0.0000,0.0000,0.0000,0.0000,0.0000,0.0000,179.9997,0.0005,179.9091
2.0424,approaching,0.0000,0.0000,0.0000,0.0000,0.0000,0.0000,179.9997,0.0005,179.9091
2.0524,approaching,0.0000,0.0000,0.0000,0.0000,0.0000,0.0000,179.9997,0.0005,179.9091
2.0639,approaching,0.0000,0.0000,0.0000,0.0000,0.0000,0.0000,180.0000,0.0014,179.9090
2.0737,approaching,0.0000,0.0000,0.0000,0.0000,0.0000,0.0000,180.0000,0.0014,179.9090
2.0821,approaching,0.0000,0.0000,0.0000,0.0000,0.0000,0.0000,180.0000,0.0014,179.9090
2.0923,approaching,0.0000,0.0000,0.0000,0.0000,0.0000,0.0000,-179.9999,0.0015,179.9090
2.1022,approaching,0.0000,0.0000,0.0000,0.0000,0.0000,0.0000,179.9999,0.0011,179.9090
2.1137,approaching,0.0000,0.0000,0.0000,0.0000,0.0000,0.0000,179.9999,0.0011,179.9090
2.1219,approaching,0.0000,0.0000,0.0000,0.0000,0.0000,0.0000,180.0000,0.0014,179.9090
2.1323,approaching,0.0000,0.0000,0.0000,0.0000,0.0000,0.0000,179.9992,-0.0004,179.9089
2.1423,approaching,0.0000,0.0000,0.0000,0.0000,0.0000,0.0000,179.9992,-0.0004,179.9089
2.1522,approaching,0.0000,0.0000,0.0000,0.0000,0.0000,0.0000,179.9990,-0.0009,179.9088
2.1633,approaching,0.0000,0.0000,0.0000,0.0000,0.0000,0.0000,179.9990,-0.0009,179.9088
2.1721,approaching,0.0000,0.0000,0.0000,0.0000,0.0000,0.0000,179.9987,-0.0015,179.9088
2.1820,approaching,0.0000,0.0000,0.0000,0.0000,0.0000,0.0000,179.9993,-0.0000,179.9088
2.1919,approaching,0.0000,0.0000,0.0000,0.0000,0.0000,0.0000,179.9990,-0.0009,179.9087
2.2025,approaching,0.0000,0.0000,0.0000,0.0000,0.0000,0.0000,179.9990,-0.0009,179.9087
2.2131,approaching,0.0000,0.0000,0.0000,0.0000,0.0000,0.0000,179.9990,-0.0007,179.9087
2.2218,approaching,0.0000,0.0000,0.0000,0.0000,0.0000,0.0000,179.9992,-0.0003,179.9086
2.2336,approaching,0.0000,0.0000,0.0000,0.0000,0.0000,0.0000,179.9992,-0.0003,179.9086
2.2445,approaching,0.0000,0.0000,0.0000,0.0000,0.0000,0.0000,179.9993,-0.0001,179.9092
2.2518,approaching,0.0000,0.0000,0.0000,0.0000,0.0000,0.0000,179.9992,-0.0003,179.9091
2.2627,approaching,0.0000,0.0000,0.0000,0.0000,0.0000,0.0000,179.9992,-0.0003,179.9091
2.2741,approaching,0.0000,0.0000,0.0000,0.0000,0.0000,0.0000,179.9997,0.0009,179.9091
2.2823,approaching,0.0000,0.0000,0.0000,0.0000,0.0000,0.0000,179.9997,0.0009,179.9091
2.2928,approaching,0.0000,0.0000,0.0000,0.0000,0.0000,0.0000,179.9997,0.0009,179.9091
2.3019,approaching,0.0000,0.0000,0.0000,0.0000,0.0000,0.0000,179.9996,0.0008,179.9091
2.3122,approaching,0.0000,0.0000,0.0000,0.0000,0.0000,0.0000,179.9993,0.0001,179.9090
2.3218,approaching,0.0000,0.0000,0.0000,0.0000,0.0000,0.0000,179.9993,0.0001,179.9090
2.3323,approaching,0.0000,0.0000,0.0000,0.0000,0.0000,0.0000,179.9989,-0.0007,179.9090
2.3419,approaching,0.0000,0.0000,0.0000,0.0000,0.0000,0.0000,179.9990,-0.0005,179.9090
2.3521,approaching,0.0000,0.0000,0.0000,0.0000,0.0000,0.0000,179.9990,-0.0005,179.9090
2.3638,approaching,0.0000,0.0000,0.0000,0.0000,0.0000,0.0000,179.9989,-0.0008,179.9089
2.3718,approaching,0.0000,0.0000,0.0000,0.0000,0.0000,0.0000,179.9987,-0.0012,179.9089
2.3820,approaching,0.0000,0.0000,0.0000,0.0000,0.0000,0.0000,179.9987,-0.0012,179.9089
2.3948,approaching,0.0000,0.0000,0.0000,0.0000,0.0000,0.0000,179.9987,-0.0011,179.9094
2.4027,approaching,0.0000,0.0000,0.0000,0.0000,0.0000,0.0000,179.9989,-0.0006,179.9094
2.4119,approaching,0.0000,0.0000,0.0000,0.0000,0.0000,0.0000,179.9989,-0.0006,179.9094
2.4241,approaching,0.0000,0.0000,0.0000,0.0000,0.0000,0.0000,179.9996,-0.0004,179.9093
2.4321,approaching,0.0000,0.0000,0.0000,0.0000,0.0000,0.0000,179.9998,-0.0000,179.9093
2.4419,approaching,0.0000,0.0000,0.0000,0.0000,0.0000,0.0000,179.9998,-0.0000,179.9093
2.4534,approaching,0.0000,0.0000,0.0000,0.0000,0.0000,0.0000,179.9998,-0.0000,179.9092
2.4623,approaching,0.0000,0.0000,0.0000,0.0000,0.0000,0.0000,179.9998,0.0002,179.9092
2.4724,approaching,0.0000,0.0000,0.0000,0.0000,0.0000,0.0000,179.9998,0.0002,179.9092
2.4822,approaching,0.0000,0.0000,0.0000,0.0000,0.0000,0.0000,179.9998,-0.0000,179.9091
2.4927,approaching,0.0000,0.0000,0.0000,0.0000,0.0000,0.0000,179.9998,-0.0000,179.9091
2.5019,approaching,0.0000,0.0000,0.0000,0.0000,0.0000,0.0000,-179.9999,0.0008,179.9091
2.5146,approaching,0.0000,0.0000,0.0000,0.0000,0.0000,0.0000,-179.9999,0.0008,179.9091
2.5223,approaching,0.0000,0.0000,0.0000,0.0000,0.0000,0.0000,179.9999,0.0005,179.9090
2.5328,approaching,0.0000,0.0000,0.0000,0.0000,0.0000,0.0000,179.9999,0.0005,179.9090
2.5421,approaching,0.0000,0.0000,0.0000,0.0000,0.0000,0.0000,179.9996,-0.0001,179.9090
2.5536,approaching,0.0000,0.0000,0.0000,0.0000,0.0000,0.0000,179.9996,-0.0001,179.9090
2.5624,approaching,0.0000,0.0000,0.0000,0.0000,0.0000,0.0000,179.9996,-0.0001,179.9090
2.5720,approaching,0.0000,0.0000,0.0000,0.0000,0.0000,0.0000,179.9992,-0.0010,179.9090
2.5834,approaching,0.0000,0.0000,0.0000,0.0000,0.0000,0.0000,179.9996,-0.0002,179.9089
2.5930,approaching,0.0000,0.0000,0.0000,0.0000,0.0000,0.0000,179.9996,-0.0002,179.9089
2.6027,approaching,0.0000,0.0000,0.0000,0.0000,0.0000,0.0000,179.9993,-0.0008,179.9089
2.6148,approaching,0.0000,0.0000,0.0000,0.0000,0.0000,0.0000,179.9994,-0.0006,179.9088
2.6220,approaching,0.0000,0.0000,0.0000,0.0000,0.0000,0.0000,179.9994,-0.0006,179.9088
2.6320,approaching,0.0000,0.0000,0.0000,0.0000,0.0000,0.0000,179.9995,-0.0002,179.9088
2.6429,approaching,0.0000,0.0000,0.0000,0.0000,0.0000,0.0000,179.9996,-0.0001,179.9088
2.6528,approaching,0.0000,0.0000,0.0000,0.0000,0.0000,0.0000,179.9996,-0.0001,179.9088
2.6635,approaching,0.0000,0.0000,0.0000,0.0000,0.0000,0.0000,179.9996,-0.0000,179.9087
2.6740,approaching,0.0000,0.0000,0.0000,0.0000,0.0000,0.0000,179.9991,-0.0012,179.9087
2.6839,approaching,0.0000,0.0000,0.0000,0.0000,0.0000,0.0000,179.9991,-0.0012,179.9087
2.6921,approaching,0.0000,0.0000,0.0000,0.0000,0.0000,0.0000,179.9992,-0.0009,179.9087
2.7035,approaching,0.0000,0.0000,0.0000,0.0000,0.0000,0.0000,179.9994,-0.0004,179.9086
2.7119,approaching,0.0000,0.0000,0.0000,0.0000,0.0000,0.0000,179.9994,-0.0004,179.9086
2.7219,approaching,0.0000,0.0000,0.0000,0.0000,0.0000,0.0000,179.9996,0.0001,179.9090
2.7344,approaching,0.0000,0.0000,0.0000,0.0000,0.0000,0.0000,179.9998,0.0005,179.9089
2.7448,approaching,0.0000,0.0000,0.0000,0.0000,0.0000,0.0000,179.9998,0.0005,179.9089
2.7544,approaching,0.0000,0.0000,0.0000,0.0000,0.0000,0.0000,179.9999,0.0007,179.9094
2.7618,approaching,0.0000,0.0000,0.0000,0.0000,0.0000,0.0000,179.9996,0.0003,179.9094
2.7727,approaching,0.0000,0.0000,0.0000,0.0000,0.0000,0.0000,179.9996,0.0003,179.9094
2.7824,approaching,0.0000,0.0000,0.0000,0.0000,0.0000,0.0000,179.9995,-0.0001,179.9093
2.7929,approaching,0.0000,0.0000,0.0000,0.0000,0.0000,0.0000,179.9993,-0.0004,179.9093
2.8028,approaching,0.0000,0.0000,0.0000,0.0000,0.0000,0.0000,179.9993,-0.0004,179.9093
2.8146,approaching,0.0000,0.0000,0.0000,0.0000,0.0000,0.0000,179.9993,-0.0004,179.9093
2.8231,approaching,0.0000,0.0000,0.0000,0.0000,0.0000,0.0000,179.9994,-0.0002,179.9092
2.8334,approaching,0.0000,0.0000,0.0000,0.0000,0.0000,0.0000,179.9994,-0.0002,179.9092
2.8418,approaching,0.0000,0.0000,0.0000,0.0000,0.0000,0.0000,179.9993,-0.0003,179.9092
2.8520,approaching,0.0000,0.0000,0.0000,0.0000,0.0000,0.0000,179.9997,0.0006,179.9097
2.8622,approaching,0.0000,0.0000,0.0000,0.0000,0.0000,0.0000,179.9997,0.0006,179.9097
2.8744,approaching,0.0000,0.0000,0.0000,0.0000,0.0000,0.0000,179.9997,0.0006,179.9097
2.8819,approaching,0.0000,0.0000,0.0000,0.0000,0.0000,0.0000,179.9998,0.0009,179.9097
2.8919,approaching,0.0000,0.0000,0.0000,0.0000,0.0000,0.0000,179.9998,0.0009,179.9097
2.9019,approaching,0.0000,0.0000,0.0000,0.0000,0.0000,0.0000,179.9996,0.0004,179.9096
2.9134,approaching,0.0000,0.0000,0.0000,0.0000,0.0000,0.0000,179.9993,-0.0001,179.9096
2.9221,approaching,0.0000,0.0000,0.0000,0.0000,0.0000,0.0000,179.9993,-0.0001,179.9096
2.9324,approaching,0.0000,0.0000,0.0000,0.0000,0.0000,0.0000,179.9995,0.0001,179.9095
2.9425,approaching,0.0000,0.0000,0.0000,0.0000,0.0000,0.0000,179.9995,0.0001,179.9095
2.9522,approaching,0.0000,0.0000,0.0000,0.0000,0.0000,0.0000,179.9995,0.0001,179.9095
2.9625,approaching,0.0000,0.0000,0.0000,0.0000,0.0000,0.0000,180.0000,0.0014,179.9095
2.9721,approaching,0.0000,0.0000,0.0000,0.0000,0.0000,0.0000,179.9996,0.0005,179.9095
2.9828,approaching,0.0000,0.0000,0.0000,0.0000,0.0000,0.0000,179.9996,0.0005,179.9095
2.9935,approaching,0.0000,0.0000,0.0000,0.0000,0.0000,0.0000,179.9999,0.0012,179.9094
3.0021,approaching,0.0000,0.0000,0.0000,0.0000,0.0000,0.0000,179.9996,0.0006,179.9094
3.0136,approaching,0.0000,0.0000,0.0000,0.0000,0.0000,0.0000,179.9996,0.0006,179.9094
3.0219,approaching,0.0000,0.0000,0.0000,0.0000,0.0000,0.0000,179.9998,0.0010,179.9093
3.0319,approaching,0.0000,0.0000,0.0000,0.0000,0.0000,0.0000,179.9993,-0.0000,179.9093
3.0432,approaching,0.0000,0.0000,0.0000,0.0000,0.0000,0.0000,179.9993,-0.0000,179.9093
3.0528,approaching,0.0000,0.0000,0.0000,0.0000,0.0000,0.0000,179.9999,0.0013,179.9093
3.0619,approaching,0.0000,0.0000,0.0000,0.0000,0.0000,0.0000,179.9996,0.0006,179.9092
3.0741,approaching,0.0000,0.0000,0.0000,0.0000,0.0000,0.0000,179.9996,0.0006,179.9092
3.0818,approaching,0.0000,0.0000,0.0000,0.0000,0.0000,0.0000,179.9991,-0.0005,179.9092
3.0919,approaching,0.0000,0.0000,0.0000,0.0000,0.0000,0.0000,179.9989,-0.0008,179.9091
3.1019,approaching,0.0000,0.0000,0.0000,0.0000,0.0000,0.0000,179.9989,-0.0008,179.9091
3.1132,approaching,0.0000,0.0000,0.0000,0.0000,0.0000,0.0000,179.9991,-0.0004,179.9091
3.1220,approaching,0.0000,0.0000,0.0000,0.0000,0.0000,0.0000,179.9988,-0.0010,179.9091
3.1322,approaching,0.0000,0.0000,0.0000,0.0000,0.0000,0.0000,179.9988,-0.0010,179.9091
3.1420,approaching,0.0000,0.0000,0.0000,0.0000,0.0000,0.0000,179.9988,-0.0009,179.9090
3.1518,approaching,0.0000,0.0000,0.0000,0.0000,0.0000,0.0000,179.9988,-0.0009,179.9090
3.1631,approaching,0.0000,0.0000,0.0000,0.0000,0.0000,0.0000,179.9988,-0.0009,179.9090
3.1719,approaching,0.0000,0.0000,0.0000,0.0000,0.0000,0.0000,179.9986,-0.0013,179.9090
3.1818,approaching,0.0000,0.0000,0.0000,0.0000,0.0000,0.0000,179.9987,-0.0012,179.9089
3.1920,approaching,0.0000,0.0000,0.0000,0.0000,0.0000,0.0000,179.9987,-0.0012,179.9089
3.2020,approaching,0.0000,0.0000,0.0000,0.0000,0.0000,0.0000,179.9986,-0.0014,179.9089
3.2136,approaching,0.0000,0.0000,0.0000,0.0000,0.0000,0.0000,179.9986,-0.0014,179.9089
3.2230,approaching,0.0000,0.0000,0.0000,0.0000,0.0000,0.0000,179.9986,-0.0014,179.9089
3.2319,approaching,0.0000,0.0000,0.0000,0.0000,0.0000,0.0000,179.9982,-0.0023,179.9089
3.2437,approaching,0.0000,0.0000,0.0000,0.0000,0.0000,0.0000,179.9984,-0.0016,179.9088
3.2520,approaching,0.0000,0.0000,0.0000,0.0000,0.0000,0.0000,179.9984,-0.0016,179.9088
3.2619,approaching,0.0000,0.0000,0.0000,0.0000,0.0000,0.0000,179.9996,0.0010,179.9088
3.2734,approaching,0.0000,0.0000,0.0000,0.0000,0.0000,0.0000,179.9996,0.0010,179.9087
3.2837,approaching,0.0000,0.0000,0.0000,0.0000,0.0000,0.0000,179.9996,0.0010,179.9087
3.2919,approaching,0.0000,0.0000,0.0000,0.0000,0.0000,0.0000,179.9994,0.0005,179.9087
3.3019,approaching,0.0000,0.0000,0.0000,0.0000,0.0000,0.0000,179.9995,0.0007,179.9092
3.3124,approaching,0.0000,0.0000,0.0000,0.0000,0.0000,0.0000,179.9995,0.0007,179.9092
3.3236,approaching,0.0000,0.0000,0.0000,0.0000,0.0000,0.0000,179.9992,0.0002,179.9092
3.3324,approaching,0.0000,0.0000,0.0000,0.0000,0.0000,0.0000,179.9991,-0.0000,179.9091
3.3428,approaching,0.0000,0.0000,0.0000,0.0000,0.0000,0.0000,179.9991,-0.0000,179.9091
3.3529,approaching,0.0000,0.0000,0.0000,0.0000,0.0000,0.0000,179.9995,0.0009,179.9091
3.3635,approaching,0.0000,0.0000,0.0000,0.0000,0.0000,0.0000,179.9993,0.0005,179.9091
3.3718,approaching,0.0000,0.0000,0.0000,0.0000,0.0000,0.0000,179.9993,0.0005,179.9091
3.3820,approaching,0.0000,0.0000,0.0000,0.0000,0.0000,0.0000,179.9995,0.0009,179.9090
3.3929,approaching,0.0000,0.0000,0.0000,0.0000,0.0000,0.0000,179.9994,0.0009,179.9090
3.4027,approaching,0.0000,0.0000,0.0000,0.0000,0.0000,0.0000,179.9994,0.0009,179.9090
3.4127,approaching,0.0000,0.0000,0.0000,0.0000,0.0000,0.0000,179.9995,0.0010,179.9095
3.4227,approaching,0.0000,0.0000,0.0000,0.0000,0.0000,0.0000,179.9994,0.0008,179.9095
3.4323,approaching,0.0000,0.0000,0.0000,0.0000,0.0000,0.0000,179.9994,0.0008,179.9095
3.4418,approaching,0.0000,0.0000,0.0000,0.0000,0.0000,0.0000,179.9991,0.0001,179.9094
3.4518,approaching,0.0000,0.0000,0.0000,0.0000,0.0000,0.0000,179.9990,-0.0001,179.9094
3.4624,approaching,0.0000,0.0000,0.0000,0.0000,0.0000,0.0000,179.9990,-0.0001,179.9094
3.4725,approaching,0.0000,0.0000,0.0000,0.0000,0.0000,0.0000,179.9994,0.0010,179.9094
3.4820,approaching,0.0000,0.0000,0.0000,0.0000,0.0000,0.0000,179.9994,0.0008,179.9093
3.4933,approaching,0.0000,0.0000,0.0000,0.0000,0.0000,0.0000,179.9994,0.0008,179.9093
3.5018,approaching,0.0000,0.0000,0.0000,0.0000,0.0000,0.0000,179.9989,-0.0002,179.9093
3.5134,approaching,0.0000,0.0000,0.0000,0.0000,0.0000,0.0000,179.9989,-0.0002,179.9092
3.5220,approaching,0.0000,0.0000,0.0000,0.0000,0.0000,0.0000,179.9989,-0.0002,179.9092
3.5332,approaching,0.0000,0.0000,0.0000,0.0000,0.0000,0.0000,179.9990,0.0001,179.9092
3.5422,approaching,0.0000,0.0000,0.0000,0.0000,0.0000,0.0000,179.9988,-0.0003,179.9092
3.5518,approaching,0.0000,0.0000,0.0000,0.0000,0.0000,0.0000,179.9988,-0.0003,179.9092
3.5623,approaching,0.0000,0.0000,0.0000,0.0000,0.0000,0.0000,179.9988,-0.0003,179.9091
3.5721,approaching,0.0000,0.0000,0.0000,0.0000,0.0000,0.0000,179.9990,0.0001,179.9091
3.5822,approaching,0.0000,0.0000,0.0000,0.0000,0.0000,0.0000,179.9990,0.0001,179.9091
3.5942,approaching,0.0000,0.0000,0.0000,0.0000,0.0000,0.0000,179.9990,0.0001,179.9091
3.6025,approaching,0.0000,0.0000,0.0000,0.0000,0.0000,0.0000,179.9984,-0.0012,179.9091
3.6131,approaching,0.0000,0.0000,0.0000,0.0000,0.0000,0.0000,179.9984,-0.0012,179.9091
3.6219,approaching,0.0000,0.0000,0.0000,0.0000,0.0000,0.0000,179.9986,-0.0006,179.9090
3.6318,approaching,0.0000,0.0000,0.0000,0.0000,0.0000,0.0000,179.9991,-0.0009,179.9090
3.6426,approaching,0.0000,0.0000,0.0000,0.0000,0.0000,0.0000,179.9991,-0.0009,179.9090
3.6541,approaching,0.0000,0.0000,0.0000,0.0000,0.0000,0.0000,179.9996,0.0004,179.9089
3.6642,approaching,0.0000,0.0000,0.0000,0.0000,0.0000,0.0000,179.9996,0.0003,179.9089
3.6732,approaching,0.0000,0.0000,0.0000,0.0000,0.0000,0.0000,179.9996,0.0003,179.9089
3.6822,approaching,0.0000,0.0000,0.0000,0.0000,0.0000,0.0000,180.0000,0.0011,179.9094
3.6925,approaching,0.0000,0.0000,0.0000,0.0000,0.0000,0.0000,179.9997,0.0005,179.9094
3.7023,approaching,0.0000,0.0000,0.0000,0.0000,0.0000,0.0000,179.9997,0.0005,179.9094
3.7122,approaching,0.0000,0.0000,0.0000,0.0000,0.0000,0.0000,179.9996,0.0003,179.9094
3.7221,approaching,0.0000,0.0000,0.0000,0.0000,0.0000,0.0000,179.9991,-0.0006,179.9093
3.7334,approaching,0.0000,0.0000,0.0000,0.0000,0.0000,0.0000,179.9991,-0.0006,179.9093
3.7425,approaching,0.0000,0.0000,0.0000,0.0000,0.0000,0.0000,179.9990,-0.0010,179.9093
3.7520,approaching,0.0000,0.0000,0.0000,0.0000,0.0000,0.0000,179.9992,-0.0004,179.9092
3.7621,approaching,0.0000,0.0000,0.0000,0.0000,0.0000,0.0000,179.9992,-0.0004,179.9092
3.7720,approaching,0.0000,0.0000,0.0000,0.0000,0.0000,0.0000,179.9995,0.0002,179.9092
3.7820,approaching,0.0000,0.0000,0.0000,0.0000,0.0000,0.0000,-179.9999,0.0015,179.9092
3.7929,approaching,0.0000,0.0000,0.0000,0.0000,0.0000,0.0000,-179.9999,0.0015,179.9092
3.8021,approaching,0.0000,0.0000,0.0000,0.0000,0.0000,0.0000,180.0000,0.0014,179.9091
3.8118,approaching,0.0000,0.0000,0.0000,0.0000,0.0000,0.0000,179.9992,-0.0004,179.9091
3.8218,approaching,0.0000,0.0000,0.0000,0.0000,0.0000,0.0000,179.9992,-0.0004,179.9091
3.8326,approaching,0.0000,0.0000,0.0000,0.0000,0.0000,0.0000,179.9988,-0.0012,179.9090
3.8439,approaching,0.0000,0.0000,0.0000,0.0000,0.0000,0.0000,179.9991,-0.0004,179.9090
3.8547,approaching,0.0000,0.0000,0.0000,0.0000,0.0000,0.0000,179.9991,-0.0004,179.9090
3.8633,approaching,0.0000,0.0000,0.0000,0.0000,0.0000,0.0000,179.9993,-0.0001,179.9090
3.8723,approaching,0.0000,0.0000,0.0000,0.0000,0.0000,0.0000,180.0000,0.0017,179.9089
3.8824,approaching,0.0000,0.0000,0.0000,0.0000,0.0000,0.0000,180.0000,0.0017,179.9089
3.8919,approaching,0.0000,0.0000,0.0000,0.0000,0.0000,0.0000,-179.9999,0.0018,179.9089
3.9018,approaching,0.0000,0.0000,0.0000,0.0000,0.0000,0.0000,179.9998,0.0012,179.9088
3.9129,approaching,0.0000,0.0000,0.0000,0.0000,0.0000,0.0000,179.9998,0.0012,179.9088
3.9241,approaching,0.0000,0.0000,0.0000,0.0000,0.0000,0.0000,179.9991,-0.0005,179.9088
3.9319,approaching,0.0000,0.0000,0.0000,0.0000,0.0000,0.0000,179.9986,-0.0015,179.9088
3.9421,approaching,0.0000,0.0000,0.0000,0.0000,0.0000,0.0000,179.9986,-0.0015,179.9088
3.9530,approaching,0.0000,0.0000,0.0000,0.0000,0.0000,0.0000,179.9991,-0.0005,179.9088
3.9622,approaching,0.0000,0.0000,0.0000,0.0000,0.0000,0.0000,179.9991,-0.0005,179.9088
3.9721,approaching,0.0000,0.0000,0.0000,0.0000,0.0000,0.0000,179.9991,-0.0005,179.9088
3.9841,approaching,0.0000,0.0000,0.0000,0.0000,0.0000,0.0000,179.9992,-0.0001,179.9087
3.9923,approaching,0.0000,0.0000,0.0000,0.0000,0.0000,0.0000,179.9994,0.0004,179.9092
4.0027,approaching,0.0000,0.0000,0.0000,0.0000,0.0000,0.0000,179.9994,0.0004,179.9092
4.0121,approaching,0.0000,0.0000,0.0000,0.0000,0.0000,0.0000,179.9988,-0.0010,179.9092
4.0225,approaching,0.0000,0.0000,0.0000,0.0000,0.0000,0.0000,179.9988,-0.0009,179.9092
4.0327,approaching,0.0000,0.0000,0.0000,0.0000,0.0000,0.0000,179.9988,-0.0009,179.9092
4.0435,approaching,0.0000,0.0000,0.0000,0.0000,0.0000,0.0000,179.9989,-0.0007,179.9091
4.0519,approaching,0.0000,0.0000,0.0000,0.0000,0.0000,0.0000,179.9989,-0.0006,179.9091
4.0632,approaching,0.0000,0.0000,0.0000,0.0000,0.0000,0.0000,179.9989,-0.0006,179.9091
4.0720,approaching,0.0000,0.0000,0.0000,0.0000,0.0000,0.0000,179.9991,-0.0003,179.9090
4.0825,approaching,0.0000,0.0000,0.0000,0.0000,0.0000,0.0000,179.9993,0.0003,179.9090
4.0923,approaching,0.0000,0.0000,0.0000,0.0000,0.0000,0.0000,179.9993,0.0003,179.9090
4.1027,approaching,0.0000,0.0000,0.0000,0.0000,0.0000,0.0000,179.9995,0.0006,179.9090
4.1118,approaching,0.0000,0.0000,0.0000,0.0000,0.0000,0.0000,179.9993,0.0004,179.9090
4.1219,approaching,0.0000,0.0000,0.0000,0.0000,0.0000,0.0000,179.9993,0.0004,179.9090
4.1338,approaching,0.0000,0.0000,0.0000,0.0000,0.0000,0.0000,179.9992,0.0002,179.9089
4.1445,approaching,0.0000,0.0000,0.0000,0.0000,0.0000,0.0000,179.9989,-0.0006,179.9094
4.1523,approaching,0.0000,0.0000,0.0000,0.0000,0.0000,0.0000,179.9989,-0.0006,179.9094
4.1643,approaching,0.0000,0.0000,0.0000,0.0000,0.0000,0.0000,179.9990,-0.0003,179.9094
4.1719,approaching,0.0000,0.0000,0.0000,0.0000,0.0000,0.0000,179.9989,-0.0004,179.9094
4.1822,approaching,0.0000,0.0000,0.0000,0.0000,0.0000,0.0000,179.9989,-0.0004,179.9094
4.1939,approaching,0.0000,0.0000,0.0000,0.0000,0.0000,0.0000,179.9990,-0.0002,179.9093
4.2027,approaching,0.0000,0.0000,0.0000,0.0000,0.0000,0.0000,179.9993,0.0006,179.9093
4.2132,approaching,0.0000,0.0000,0.0000,0.0000,0.0000,0.0000,179.9993,0.0006,179.9093
4.2222,approaching,0.0000,0.0000,0.0000,0.0000,0.0000,0.0000,179.9987,-0.0008,179.9092
4.2329,approaching,0.0000,0.0000,0.0000,0.0000,0.0000,0.0000,179.9987,-0.0008,179.9092
4.2434,approaching,0.0000,0.0000,0.0000,0.0000,0.0000,0.0000,179.9987,-0.0008,179.9092
4.2521,approaching,0.0000,0.0000,0.0000,0.0000,0.0000,0.0000,179.9989,-0.0004,179.9092
4.2646,approaching,0.0000,0.0000,0.0000,0.0000,0.0000,0.0000,179.9990,-0.0001,179.9091
4.2747,approaching,0.0000,0.0000,0.0000,0.0000,0.0000,0.0000,179.9990,-0.0001,179.9091
4.2821,approaching,0.0000,0.0000,0.0000,0.0000,0.0000,0.0000,179.9991,-0.0000,179.9091
4.2920,approaching,0.0000,0.0000,0.0000,0.0000,0.0000,0.0000,179.9991,-0.0000,179.9091
4.3021,approaching,0.0000,0.0000,0.0000,0.0000,0.0000,0.0000,179.9991,-0.0000,179.9091
4.3137,approaching,0.0000,0.0000,0.0000,0.0000,0.0000,0.0000,179.9988,-0.0005,179.9090
4.3224,approaching,0.0000,0.0000,0.0000,0.0000,0.0000,0.0000,179.9990,-0.0001,179.9090
4.3325,approaching,0.0000,0.0000,0.0000,0.0000,0.0000,0.0000,179.9990,-0.0001,179.9090
4.3432,approaching,0.0000,0.0000,0.0000,0.0000,0.0000,0.0000,179.9990,-0.0001,179.9090
4.3519,approaching,0.0000,0.0000,0.0000,0.0000,0.0000,0.0000,179.9987,-0.0007,179.9090
4.3641,approaching,0.0000,0.0000,0.0000,0.0000,0.0000,0.0000,179.9987,-0.0007,179.9090
4.3719,approaching,0.0000,0.0000,0.0000,0.0000,0.0000,0.0000,179.9987,-0.0006,179.9089
4.3823,approaching,0.0000,0.0000,0.0000,0.0000,0.0000,0.0000,179.9987,-0.0005,179.9089
4.3923,approaching,0.0000,0.0000,0.0000,0.0000,0.0000,0.0000,179.9987,-0.0005,179.9089
4.4047,approaching,0.0000,0.0000,0.0000,0.0000,0.0000,0.0000,179.9988,-0.0003,179.9088
4.4118,approaching,0.0000,0.0000,0.0000,0.0000,0.0000,0.0000,179.9987,-0.0006,179.9088
4.4222,approaching,0.0000,0.0000,0.0000,0.0000,0.0000,0.0000,179.9987,-0.0006,179.9088
4.4319,approaching,0.0000,0.0000,0.0000,0.0000,0.0000,0.0000,179.9989,-0.0001,179.9088
4.4424,approaching,0.0000,0.0000,0.0000,0.0000,0.0000,0.0000,179.9984,-0.0011,179.9087
4.4526,approaching,0.0000,0.0000,0.0000,0.0000,0.0000,0.0000,179.9984,-0.0011,179.9087
4.4624,approaching,0.0000,0.0000,0.0000,0.0000,0.0000,0.0000,179.9992,-0.0007,179.9087
4.4736,approaching,0.0000,0.0000,0.0000,0.0000,0.0000,0.0000,179.9988,-0.0017,179.9086
4.4820,approaching,0.0000,0.0000,0.0000,0.0000,0.0000,0.0000,179.9988,-0.0017,179.9086
4.4920,approaching,0.0000,0.0000,0.0000,0.0000,0.0000,0.0000,179.9991,-0.0008,179.9086
4.5036,approaching,0.0000,0.0000,0.0000,0.0000,0.0000,0.0000,179.9995,0.0001,179.9086
4.5133,approaching,0.0000,0.0000,0.0000,0.0000,0.0000,0.0000,179.9995,0.0001,179.9086
4.5245,approaching,0.0000,0.0000,0.0000,0.0000,0.0000,0.0000,179.9995,-0.0001,179.9091
4.5319,approaching,0.0000,0.0000,0.0000,0.0000,0.0000,0.0000,179.9991,-0.0008,179.9090
4.5420,approaching,0.0000,0.0000,0.0000,0.0000,0.0000,0.0000,179.9991,-0.0008,179.9090
4.5519,approaching,0.0000,0.0000,0.0000,0.0000,0.0000,0.0000,179.9994,-0.0002,179.9094
4.5619,approaching,0.0000,0.0000,0.0000,0.0000,0.0000,0.0000,179.9991,-0.0007,179.9093
4.5725,approaching,0.0000,0.0000,0.0000,0.0000,0.0000,0.0000,179.9991,-0.0007,179.9093
4.5824,approaching,0.0000,0.0000,0.0000,0.0000,0.0000,0.0000,179.9996,0.0003,179.9099
4.5943,approaching,0.0000,0.0000,0.0000,0.0000,0.0000,0.0000,179.9995,0.0002,179.9098
4.6019,approaching,0.0000,0.0000,0.0000,0.0000,0.0000,0.0000,179.9995,0.0002,179.9098
4.6125,approaching,0.0000,0.0000,0.0000,0.0000,0.0000,0.0000,179.9994,-0.0000,179.9098
4.6225,approaching,0.0000,0.0000,0.0000,0.0000,0.0000,0.0000,179.9995,0.0002,179.9097
4.6320,approaching,0.0000,0.0000,0.0000,0.0000,0.0000,0.0000,179.9995,0.0002,179.9097
4.6438,approaching,0.0000,0.0000,0.0000,0.0000,0.0000,0.0000,179.9992,-0.0004,179.9097
4.6526,approaching,0.0000,0.0000,0.0000,0.0000,0.0000,0.0000,179.9991,-0.0007,179.9096
4.6634,approaching,0.0000,0.0000,0.0000,0.0000,0.0000,0.0000,179.9991,-0.0007,179.9096
4.6732,approaching,0.0000,0.0000,0.0000,0.0000,0.0000,0.0000,179.9993,-0.0001,179.9096
4.6839,approaching,0.0000,0.0000,0.0000,0.0000,0.0000,0.0000,179.9991,-0.0006,179.9096
4.6924,approaching,0.0000,0.0000,0.0000,0.0000,0.0000,0.0000,179.9991,-0.0006,179.9096
4.7021,approaching,0.0000,0.0000,0.0000,0.0000,0.0000,0.0000,179.9996,0.0005,179.9095
4.7120,approaching,0.0000,0.0000,0.0000,0.0000,0.0000,0.0000,179.9994,0.0001,179.9095
4.7221,approaching,0.0000,0.0000,0.0000,0.0000,0.0000,0.0000,179.9994,0.0001,179.9095
4.7322,approaching,0.0000,0.0000,0.0000,0.0000,0.0000,0.0000,179.9994,0.0001,179.9095
4.7441,approaching,0.0000,0.0000,0.0000,0.0000,0.0000,0.0000,179.9991,-0.0005,179.9095
4.7520,approaching,0.0000,0.0000,0.0000,0.0000,0.0000,0.0000,179.9991,-0.0005,179.9095
4.7621,approaching,0.0000,0.0000,0.0000,0.0000,0.0000,0.0000,179.9988,-0.0012,179.9094
4.7718,approaching,0.0000,0.0000,0.0000,0.0000,0.0000,0.0000,179.9990,-0.0007,179.9094
4.7833,approaching,0.0000,0.0000,0.0000,0.0000,0.0000,0.0000,179.9990,-0.0007,179.9094
4.7925,approaching,0.0000,0.0000,0.0000,0.0000,0.0000,0.0000,179.9991,-0.0005,179.9094
4.8032,approaching,0.0000,0.0000,0.0000,0.0000,0.0000,0.0000,179.9994,0.0003,179.9093
4.8139,approaching,0.0000,0.0000,0.0000,0.0000,0.0000,0.0000,179.9994,0.0003,179.9093
4.8219,approaching,0.0000,0.0000,0.0000,0.0000,0.0000,0.0000,179.9993,-0.0000,179.9093
4.8320,approaching,0.0000,0.0000,0.0000,0.0000,0.0000,0.0000,179.9993,-0.0000,179.9093
4.8424,approaching,0.0000,0.0000,0.0000,0.0000,0.0000,0.0000,179.9993,-0.0000,179.9093
4.8528,approaching,0.0000,0.0000,0.0000,0.0000,0.0000,0.0000,179.9991,-0.0004,179.9092
4.8625,approaching,0.0000,0.0000,0.0000,0.0000,0.0000,0.0000,179.9991,-0.0004,179.9092
4.8739,approaching,0.0000,0.0000,0.0000,0.0000,0.0000,0.0000,179.9991,-0.0004,179.9092
4.8823,approaching,0.0000,0.0000,0.0000,0.0000,0.0000,0.0000,179.9989,-0.0007,179.9091
4.8921,approaching,0.0000,0.0000,0.0000,0.0000,0.0000,0.0000,179.9993,0.0002,179.9091
4.9019,approaching,0.0000,0.0000,0.0000,0.0000,0.0000,0.0000,179.9993,0.0002,179.9091
4.9124,approaching,0.0000,0.0000,0.0000,0.0000,0.0000,0.0000,179.9996,0.0009,179.9091
4.9221,approaching,0.0000,0.0000,0.0000,0.0000,0.0000,0.0000,180.0000,0.0019,179.9090
4.9324,approaching,0.0000,0.0000,0.0000,0.0000,0.0000,0.0000,180.0000,0.0019,179.9090
4.9434,approaching,0.0000,0.0000,0.0000,0.0000,0.0000,0.0000,179.9996,0.0009,179.9090
4.9521,approaching,0.0000,0.0000,0.0000,0.0000,0.0000,0.0000,179.9997,0.0011,179.9090
4.9620,approaching,0.0000,0.0000,0.0000,0.0000,0.0000,0.0000,179.9997,0.0011,179.9090
4.9722,approaching,0.0000,0.0000,0.0000,0.0000,0.0000,0.0000,179.9995,0.0007,179.9089
4.9824,approaching,0.0000,0.0000,0.0000,0.0000,0.0000,0.0000,179.9994,0.0005,179.9089
4.9928,approaching,0.0000,0.0000,0.0000,0.0000,0.0000,0.0000,179.9994,0.0005,179.9089
5.0019,approaching,0.0000,0.0000,0.0000,0.0000,0.0000,0.0000,179.9991,-0.0000,179.9088
5.0129,approaching,0.0000,0.0000,0.0000,0.0000,0.0000,0.0000,179.9992,0.0001,179.9088
5.0220,approaching,0.0000,0.0000,0.0000,0.0000,0.0000,0.0000,179.9992,0.0001,179.9088
5.0319,approaching,0.0000,0.0000,0.0000,0.0000,0.0000,0.0000,179.9991,-0.0002,179.9088
5.0436,approaching,0.0000,0.0000,0.0000,0.0000,0.0000,0.0000,179.9991,-0.0000,179.9087
5.0535,approaching,0.0000,0.0000,0.0000,0.0000,0.0000,0.0000,179.9991,-0.0000,179.9087
5.0645,approaching,0.0000,0.0000,0.0000,0.0000,0.0000,0.0000,179.9987,-0.0008,179.9092
5.0724,approaching,0.0000,0.0000,0.0000,0.0000,0.0000,0.0000,179.9985,-0.0014,179.9092
5.0819,approaching,0.0000,0.0000,0.0000,0.0000,0.0000,0.0000,179.9985,-0.0014,179.9092
5.0922,approaching,0.0000,0.0000,0.0000,0.0000,0.0000,0.0000,179.9985,-0.0014,179.9092
5.1032,approaching,0.0000,0.0000,0.0000,0.0000,0.0000,0.0000,179.9982,-0.0022,179.9092
5.1130,approaching,0.0000,0.0000,0.0000,0.0000,0.0000,0.0000,179.9982,-0.0022,179.9092
5.1219,approaching,0.0000,0.0000,0.0000,0.0000,0.0000,0.0000,179.9989,-0.0004,179.9091
5.1326,approaching,0.0000,0.0000,0.0000,0.0000,0.0000,0.0000,179.9989,-0.0005,179.9097
5.1422,approaching,0.0000,0.0000,0.0000,0.0000,0.0000,0.0000,179.9989,-0.0005,179.9097
5.1525,approaching,0.0000,0.0000,0.0000,0.0000,0.0000,0.0000,179.9991,0.0001,179.9096
5.1635,approaching,0.0000,0.0000,0.0000,0.0000,0.0000,0.0000,179.9990,-0.0000,179.9096
5.1724,approaching,0.0000,0.0000,0.0000,0.0000,0.0000,0.0000,179.9990,-0.0000,179.9096
5.1819,approaching,0.0000,0.0000,0.0000,0.0000,0.0000,0.0000,179.9988,-0.0005,179.9095
5.1934,approaching,0.0000,0.0000,0.0000,0.0000,0.0000,0.0000,179.9989,-0.0004,179.9095
5.2019,approaching,0.0000,0.0000,0.0000,0.0000,0.0000,0.0000,179.9989,-0.0004,179.9095
5.2123,approaching,0.0000,0.0000,0.0000,0.0000,0.0000,0.0000,179.9987,-0.0009,179.9095
5.2244,approaching,0.0000,0.0000,0.0000,0.0000,0.0000,0.0000,179.9988,-0.0005,179.9094
5.2324,approaching,0.0000,0.0000,0.0000,0.0000,0.0000,0.0000,179.9988,-0.0005,179.9094
5.2422,approaching,0.0000,0.0000,0.0000,0.0000,0.0000,0.0000,179.9991,0.0001,179.9094
5.2521,approaching,0.0000,0.0000,0.0000,0.0000,0.0000,0.0000,179.9984,-0.0012,179.9094
5.2619,approaching,0.0000,0.0000,0.0000,0.0000,0.0000,0.0000,179.9984,-0.0012,179.9094
5.2737,approaching,0.0000,0.0000,0.0000,0.0000,0.0000,0.0000,179.9987,-0.0006,179.9093
5.2821,approaching,0.0000,0.0000,0.0000,0.0000,0.0000,0.0000,179.9988,-0.0004,179.9093
5.2926,approaching,0.0000,0.0000,0.0000,0.0000,0.0000,0.0000,179.9988,-0.0004,179.9093
5.3021,approaching,0.0000,0.0000,0.0000,0.0000,0.0000,0.0000,179.9986,-0.0008,179.9093
5.3118,approaching,0.0000,0.0000,0.0000,0.0000,0.0000,0.0000,179.9989,-0.0001,179.9092
5.3219,approaching,0.0000,0.0000,0.0000,0.0000,0.0000,0.0000,179.9989,-0.0001,179.9092
5.3321,approaching,0.0000,0.0000,0.0000,0.0000,0.0000,0.0000,179.9990,0.0001,179.9092
5.3440,approaching,0.0000,0.0000,0.0000,0.0000,0.0000,0.0000,179.9986,-0.0007,179.9091
5.3529,approaching,0.0000,0.0000,0.0000,0.0000,0.0000,0.0000,179.9986,-0.0007,179.9091
5.3634,approaching,0.0000,0.0000,0.0000,0.0000,0.0000,0.0000,179.9986,-0.0007,179.9091
5.3722,approaching,0.0000,0.0000,0.0000,0.0000,0.0000,0.0000,179.9993,0.0008,179.9091
5.3820,approaching,0.0000,0.0000,0.0000,0.0000,0.0000,0.0000,179.9993,0.0008,179.9091
5.3921,approaching,0.0000,0.0000,0.0000,0.0000,0.0000,0.0000,179.9991,0.0005,179.9090
5.4024,approaching,0.0000,0.0000,0.0000,0.0000,0.0000,0.0000,179.9995,0.0012,179.9090
5.4125,approaching,0.0000,0.0000,0.0000,0.0000,0.0000,0.0000,179.9995,0.0012,179.9090
5.4220,approaching,0.0000,0.0000,0.0000,0.0000,0.0000,0.0000,179.9996,0.0015,179.9090
5.4330,approaching,0.0000,0.0000,0.0000,0.0000,0.0000,0.0000,180.0000,0.0013,179.9090
5.4433,approaching,0.0000,0.0000,0.0000,0.0000,0.0000,0.0000,180.0000,0.0013,179.9090
5.4520,approaching,0.0000,0.0000,0.0000,0.0000,0.0000,0.0000,179.9997,0.0005,179.9089
5.4621,approaching,0.0000,0.0000,0.0000,0.0000,0.0000,0.0000,179.9997,0.0005,179.9089
5.4726,approaching,0.0000,0.0000,0.0000,0.0000,0.0000,0.0000,179.9997,0.0005,179.9089
5.4819,approaching,0.0000,0.0000,0.0000,0.0000,0.0000,0.0000,179.9993,-0.0004,179.9088
5.4929,approaching,0.0000,0.0000,0.0000,0.0000,0.0000,0.0000,179.9991,-0.0008,179.9088
5.5046,approaching,0.0000,0.0000,0.0000,0.0000,0.0000,0.0000,179.9991,-0.0008,179.9088
5.5122,approaching,0.0000,0.0000,0.0000,0.0000,0.0000,0.0000,179.9988,-0.0014,179.9088
5.5221,approaching,0.0000,0.0000,0.0000,0.0000,0.0000,0.0000,179.9993,-0.0002,179.9093
5.5325,approaching,0.0000,0.0000,0.0000,0.0000,0.0000,0.0000,179.9993,-0.0002,179.9093
5.5421,approaching,0.0000,0.0000,0.0000,0.0000,0.0000,0.0000,179.9993,-0.0002,179.9092
5.5538,approaching,0.0000,0.0000,0.0000,0.0000,0.0000,0.0000,179.9991,-0.0008,179.9092
5.5628,approaching,0.0000,0.0000,0.0000,0.0000,0.0000,0.0000,179.9991,-0.0008,179.9092
5.5724,approaching,0.0000,0.0000,0.0000,0.0000,0.0000,0.0000,179.9989,-0.0011,179.9091
5.5822,approaching,0.0000,0.0000,0.0000,0.0000,0.0000,0.0000,179.9983,-0.0025,179.9091
5.5921,approaching,0.0000,0.0000,0.0000,0.0000,0.0000,0.0000,179.9983,-0.0025,179.9091
5.6030,approaching,0.0000,0.0000,0.0000,0.0000,0.0000,0.0000,179.9987,-0.0015,179.9096
5.6127,approaching,0.0000,0.0000,0.0000,0.0000,0.0000,0.0000,179.9983,-0.0025,179.9096
5.6238,approaching,0.0000,0.0000,0.0000,0.0000,0.0000,0.0000,179.9983,-0.0025,179.9096
5.6318,approaching,0.0000,0.0000,0.0000,0.0000,0.0000,0.0000,179.9993,-0.0000,179.9095
5.6424,approaching,0.0000,0.0000,0.0000,0.0000,0.0000,0.0000,179.9994,-0.0000,179.9095
5.6525,approaching,0.0000,0.0000,0.0000,0.0000,0.0000,0.0000,179.9994,-0.0000,179.9095
5.6631,approaching,0.0000,0.0000,0.0000,0.0000,0.0000,0.0000,179.9992,-0.0003,179.9095
5.6736,approaching,0.0000,0.0000,0.0000,0.0000,0.0000,0.0000,179.9992,-0.0003,179.9095
5.6838,approaching,0.0000,0.0000,0.0000,0.0000,0.0000,0.0000,179.9992,-0.0003,179.9095
5.6942,approaching,0.0000,0.0000,0.0000,0.0000,0.0000,0.0000,179.9994,0.0001,179.9094
5.7019,approaching,0.0000,0.0000,0.0000,0.0000,0.0000,0.0000,179.9993,-0.0001,179.9094
5.7126,approaching,0.0000,0.0000,0.0000,0.0000,0.0000,0.0000,179.9993,-0.0001,179.9094
5.7220,approaching,0.0000,0.0000,0.0000,0.0000,0.0000,0.0000,179.9993,-0.0000,179.9094
5.7328,approaching,0.0000,0.0000,0.0000,0.0000,0.0000,0.0000,179.9997,0.0010,179.9093
5.7427,approaching,0.0000,0.0000,0.0000,0.0000,0.0000,0.0000,179.9997,0.0010,179.9093
5.7519,approaching,0.0000,0.0000,0.0000,0.0000,0.0000,0.0000,179.9993,0.0001,179.9093
5.7619,approaching,0.0000,0.0000,0.0000,0.0000,0.0000,0.0000,179.9996,0.0007,179.9093
5.7725,approaching,0.0000,0.0000,0.0000,0.0000,0.0000,0.0000,179.9996,0.0007,179.9093
5.7831,approaching,0.0000,0.0000,0.0000,0.0000,0.0000,0.0000,179.9998,0.0012,179.9092
5.7923,approaching,0.0000,0.0000,0.0000,0.0000,0.0000,0.0000,179.9996,0.0007,179.9092
5.8019,approaching,0.0000,0.0000,0.0000,0.0000,0.0000,0.0000,179.9996,0.0007,179.9092
5.8120,approaching,0.0000,0.0000,0.0000,0.0000,0.0000,0.0000,179.9995,0.0005,179.9091
5.8218,approaching,0.0000,0.0000,0.0000,0.0000,0.0000,0.0000,179.9995,0.0004,179.9091
5.8320,approaching,0.0000,0.0000,0.0000,0.0000,0.0000,0.0000,179.9995,0.0004,179.9091
5.8448,approaching,0.0000,0.0000,0.0000,0.0000,0.0000,0.0000,179.9995,0.0006,179.9091
5.8542,approaching,0.0000,0.0000,0.0000,0.0000,0.0000,0.0000,179.9992,-0.0000,179.9090
5.8620,approaching,0.0000,0.0000,0.0000,0.0000,0.0000,0.0000,179.9992,-0.0000,179.9090
5.8732,approaching,0.0000,0.0000,0.0000,0.0000,0.0000,0.0000,179.9995,0.0006,179.9090
5.8820,approaching,0.0000,0.0000,0.0000,0.0000,0.0000,0.0000,179.9995,0.0007,179.9090
5.8919,approaching,0.0000,0.0000,0.0000,0.0000,0.0000,0.0000,179.9995,0.0007,179.9090
5.9020,approaching,0.0000,0.0000,0.0000,0.0000,0.0000,0.0000,179.9994,0.0005,179.9089
5.9123,approaching,0.0000,0.0000,0.0000,0.0000,0.0000,0.0000,179.9995,0.0007,179.9089
5.9238,approaching,0.0000,0.0000,0.0000,0.0000,0.0000,0.0000,179.9995,0.0007,179.9089
5.9320,approaching,0.0000,0.0000,0.0000,0.0000,0.0000,0.0000,179.9989,-0.0007,179.9088
5.9421,approaching,0.0000,0.0000,0.0000,0.0000,0.0000,0.0000,179.9989,-0.0007,179.9088
5.9520,approaching,0.0000,0.0000,0.0000,0.0000,0.0000,0.0000,179.9989,-0.0007,179.9088
5.9651,approaching,0.0000,0.0000,0.0000,0.0000,0.0000,0.0000,179.9993,0.0002,179.9088
5.9736,approaching,0.0000,0.0000,0.0000,0.0000,0.0000,0.0000,180.0000,0.0018,179.9088
5.9824,approaching,0.0000,0.0000,0.0000,0.0000,0.0000,0.0000,180.0000,0.0018,179.9088
5.9929,approaching,0.0000,0.0000,0.0000,0.0000,0.0000,0.0000,179.9996,0.0010,179.9087
6.0027,approaching,0.0000,0.0000,0.0000,0.0000,0.0000,0.0000,179.9995,0.0008,179.9087
6.0119,approaching,0.0000,0.0000,0.0000,0.0000,0.0000,0.0000,179.9995,0.0008,179.9087
6.0226,approaching,0.0000,0.0000,0.0000,0.0000,0.0000,0.0000,179.9992,0.0002,179.9087
6.0343,approaching,0.0000,0.0000,0.0000,0.0000,0.0000,0.0000,179.9989,-0.0006,179.9086
6.0425,approaching,0.0000,0.0000,0.0000,0.0000,0.0000,0.0000,179.9989,-0.0006,179.9086
6.0520,approaching,0.0000,0.0000,0.0000,0.0000,0.0000,0.0000,179.9995,0.0008,179.9086
6.0625,approaching,0.0000,0.0000,0.0000,0.0000,0.0000,0.0000,179.9992,0.0002,179.9091
6.0720,approaching,0.0000,0.0000,0.0000,0.0000,0.0000,0.0000,179.9992,0.0002,179.9091
6.0824,approaching,0.0000,0.0000,0.0000,0.0000,0.0000,0.0000,179.9992,0.0002,179.9091
6.0922,approaching,0.0000,0.0000,0.0000,0.0000,0.0000,0.0000,179.9988,-0.0005,179.9090
6.1023,approaching,0.0000,0.0000,0.0000,0.0000,0.0000,0.0000,179.9988,-0.0005,179.9090
6.1120,approaching,0.0000,0.0000,0.0000,0.0000,0.0000,0.0000,179.9989,-0.0004,179.9090
6.1219,approaching,0.0000,0.0000,0.0000,0.0000,0.0000,0.0000,179.9985,-0.0013,179.9090
6.1319,approaching,0.0000,0.0000,0.0000,0.0000,0.0000,0.0000,179.9985,-0.0013,179.9090
6.1441,approaching,0.0000,0.0000,0.0000,0.0000,0.0000,0.0000,179.9987,-0.0008,179.9095
6.1523,approaching,0.0000,0.0000,0.0000,0.0000,0.0000,0.0000,179.9988,-0.0006,179.9095
6.1620,approaching,0.0000,0.0000,0.0000,0.0000,0.0000,0.0000,179.9988,-0.0006,179.9095
6.1721,approaching,0.0000,0.0000,0.0000,0.0000,0.0000,0.0000,179.9991,0.0001,179.9094
6.1821,approaching,0.0000,0.0000,0.0000,0.0000,0.0000,0.0000,179.9993,0.0007,179.9094
6.1942,approaching,0.0000,0.0000,0.0000,0.0000,0.0000,0.0000,179.9993,0.0007,179.9094
6.2019,approaching,0.0000,0.0000,0.0000,0.0000,0.0000,0.0000,179.9995,0.0011,179.9093
6.2140,approaching,0.0000,0.0000,0.0000,0.0000,0.0000,0.0000,179.9991,0.0001,179.9093
6.2233,approaching,0.0000,0.0000,0.0000,0.0000,0.0000,0.0000,179.9991,0.0001,179.9093
6.2321,approaching,0.0000,0.0000,0.0000,0.0000,0.0000,0.0000,179.9991,0.0001,179.9093
6.2419,approaching,0.0000,0.0000,0.0000,0.0000,0.0000,0.0000,179.9991,0.0002,179.9093
6.2520,approaching,0.0000,0.0000,0.0000,0.0000,0.0000,0.0000,179.9991,0.0002,179.9093
6.2622,approaching,0.0000,0.0000,0.0000,0.0000,0.0000,0.0000,179.9992,0.0004,179.9092
6.2722,approaching,0.0000,0.0000,0.0000,0.0000,0.0000,0.0000,179.9993,0.0006,179.9092
6.2826,approaching,0.0000,0.0000,0.0000,0.0000,0.0000,0.0000,179.9993,0.0006,179.9092
6.2920,approaching,0.0000,0.0000,0.0000,0.0000,0.0000,0.0000,179.9992,0.0006,179.9091
6.3018,approaching,0.0000,0.0000,0.0000,0.0000,0.0000,0.0000,179.9994,0.0011,179.9091
6.3129,approaching,0.0000,0.0000,0.0000,0.0000,0.0000,0.0000,179.9994,0.0011,179.9091
6.3239,approaching,0.0000,0.0000,0.0000,0.0000,0.0000,0.0000,179.9996,0.0014,179.9091
6.3331,approaching,0.0000,0.0000,0.0000,0.0000,0.0000,0.0000,179.9995,0.0012,179.9090
6.3420,approaching,0.0000,0.0000,0.0000,0.0000,0.0000,0.0000,179.9995,0.0012,179.9090
6.3531,approaching,0.0000,0.0000,0.0000,0.0000,0.0000,0.0000,179.9988,-0.0004,179.9090
6.3638,approaching,0.0000,0.0000,0.0000,0.0000,0.0000,0.0000,179.9989,-0.0013,179.9090
6.3718,approaching,0.0000,0.0000,0.0000,0.0000,0.0000,0.0000,179.9989,-0.0013,179.9090
6.3818,approaching,0.0000,0.0000,0.0000,0.0000,0.0000,0.0000,179.9989,-0.0014,179.9089
6.3924,approaching,0.0000,0.0000,0.0000,0.0000,0.0000,0.0000,179.9996,0.0003,179.9089
6.4019,approaching,0.0000,0.0000,0.0000,0.0000,0.0000,0.0000,179.9996,0.0003,179.9089
6.4128,approaching,0.0000,0.0000,0.0000,0.0000,0.0000,0.0000,179.9995,0.0001,179.9088
6.4220,approaching,0.0000,0.0000,0.0000,0.0000,0.0000,0.0000,179.9995,-0.0000,179.9088
6.4319,approaching,0.0000,0.0000,0.0000,0.0000,0.0000,0.0000,179.9995,-0.0000,179.9088
6.4430,approaching,0.0000,0.0000,0.0000,0.0000,0.0000,0.0000,179.9993,-0.0005,179.9088
6.4528,approaching,0.0000,0.0000,0.0000,0.0000,0.0000,0.0000,179.9995,0.0002,179.9087
6.4652,approaching,0.0000,0.0000,0.0000,0.0000,0.0000,0.0000,179.9995,0.0002,179.9087
6.4726,approaching,0.0000,0.0000,0.0000,0.0000,0.0000,0.0000,179.9994,-0.0000,179.9087
6.4820,approaching,0.0000,0.0000,0.0000,0.0000,0.0000,0.0000,179.9995,0.0001,179.9087
6.4919,approaching,0.0000,0.0000,0.0000,0.0000,0.0000,0.0000,179.9995,0.0001,179.9087
6.5033,approaching,0.0000,0.0000,0.0000,0.0000,0.0000,0.0000,179.9996,0.0005,179.9086
6.5122,approaching,0.0000,0.0000,0.0000,0.0000,0.0000,0.0000,179.9996,0.0005,179.9086
6.5219,approaching,0.0000,0.0000,0.0000,0.0000,0.0000,0.0000,179.9996,0.0005,179.9086
6.5322,approaching,0.0000,0.0000,0.0000,0.0000,0.0000,0.0000,179.9991,-0.0007,179.9089
6.5423,approaching,0.0000,0.0000,0.0000,0.0000,0.0000,0.0000,179.9994,-0.0000,179.9089
6.5519,approaching,0.0000,0.0000,0.0000,0.0000,0.0000,0.0000,179.9994,-0.0000,179.9089
6.5640,approaching,0.0000,0.0000,0.0000,0.0000,0.0000,0.0000,179.9989,-0.0011,179.9090
6.5730,approaching,0.0000,0.0000,0.0000,0.0000,0.0000,0.0000,179.9991,-0.0006,179.9094
6.5826,approaching,0.0000,0.0000,0.0000,0.0000,0.0000,0.0000,179.9991,-0.0006,179.9094
6.5923,approaching,0.0000,0.0000,0.0000,0.0000,0.0000,0.0000,179.9991,-0.0006,179.9094
6.6018,approaching,0.0000,0.0000,0.0000,0.0000,0.0000,0.0000,179.9994,-0.0000,179.9093
6.6132,approaching,0.0000,0.0000,0.0000,0.0000,0.0000,0.0000,179.9994,-0.0000,179.9093
6.6220,approaching,0.0000,0.0000,0.0000,0.0000,0.0000,0.0000,179.9997,0.0008,179.9093
6.6329,approaching,0.0000,0.0000,0.0000,0.0000,0.0000,0.0000,179.9994,0.0001,179.9092
6.6431,approaching,0.0000,0.0000,0.0000,0.0000,0.0000,0.0000,179.9994,0.0001,179.9092
6.6538,approaching,0.0000,0.0000,0.0000,0.0000,0.0000,0.0000,179.9996,0.0006,179.9097
6.6624,approaching,0.0000,0.0000,0.0000,0.0000,0.0000,0.0000,179.9995,0.0003,179.9097
6.6739,approaching,0.0000,0.0000,0.0000,0.0000,0.0000,0.0000,179.9995,0.0003,179.9097
6.6839,approaching,0.0000,0.0000,0.0000,0.0000,0.0000,0.0000,179.9996,0.0007,179.9097
6.6924,approaching,0.0000,0.0000,0.0000,0.0000,0.0000,0.0000,179.9999,0.0014,179.9096
6.7027,approaching,0.0000,0.0000,0.0000,0.0000,0.0000,0.0000,179.9999,0.0014,179.9096
6.7125,approaching,0.0000,0.0000,0.0000,0.0000,0.0000,0.0000,179.9998,0.0011,179.9096
6.7241,approaching,0.0000,0.0000,0.0000,0.0000,0.0000,0.0000,179.9996,0.0006,179.9096
6.7345,approaching,0.0000,0.0000,0.0000,0.0000,0.0000,0.0000,179.9996,0.0006,179.9096
6.7419,approaching,0.0000,0.0000,0.0000,0.0000,0.0000,0.0000,179.9999,0.0014,179.9095
6.7518,approaching,0.0000,0.0000,0.0000,0.0000,0.0000,0.0000,179.9999,0.0014,179.9095
6.7620,approaching,0.0000,0.0000,0.0000,0.0000,0.0000,0.0000,179.9999,0.0014,179.9095
6.7723,approaching,0.0000,0.0000,0.0000,0.0000,0.0000,0.0000,179.9995,0.0004,179.9095
6.7841,approaching,0.0000,0.0000,0.0000,0.0000,0.0000,0.0000,179.9989,-0.0008,179.9094
6.7927,approaching,0.0000,0.0000,0.0000,0.0000,0.0000,0.0000,179.9989,-0.0008,179.9094
6.8019,approaching,0.0000,0.0000,0.0000,0.0000,0.0000,0.0000,179.9994,0.0004,179.9094
6.8118,approaching,0.0000,0.0000,0.0000,0.0000,0.0000,0.0000,179.9997,0.0011,179.9093
6.8218,approaching,0.0000,0.0000,0.0000,0.0000,0.0000,0.0000,179.9997,0.0011,179.9093
6.8321,approaching,0.0000,0.0000,0.0000,0.0000,0.0000,0.0000,179.9996,0.0008,179.9093
6.8442,approaching,0.0000,0.0000,0.0000,0.0000,0.0000,0.0000,180.0000,0.0017,179.9093
6.8522,approaching,0.0000,0.0000,0.0000,0.0000,0.0000,0.0000,180.0000,0.0017,179.9093
6.8620,approaching,0.0000,0.0000,0.0000,0.0000,0.0000,0.0000,179.9995,0.0007,179.9092
6.8722,approaching,0.0000,0.0000,0.0000,0.0000,0.0000,0.0000,179.9995,0.0007,179.9092
6.8819,approaching,0.0000,0.0000,0.0000,0.0000,0.0000,0.0000,179.9995,0.0007,179.9092
6.8922,approaching,0.0000,0.0000,0.0000,0.0000,0.0000,0.0000,179.9992,-0.0000,179.9092
6.9033,approaching,0.0000,0.0000,0.0000,0.0000,0.0000,0.0000,179.9991,-0.0002,179.9091
6.9120,approaching,0.0000,0.0000,0.0000,0.0000,0.0000,0.0000,179.9991,-0.0002,179.9091
6.9239,approaching,0.0000,0.0000,0.0000,0.0000,0.0000,0.0000,179.9990,-0.0004,179.9091
6.9320,approaching,0.0000,0.0000,0.0000,0.0000,0.0000,0.0000,179.9991,-0.0003,179.9091
6.9423,approaching,0.0000,0.0000,0.0000,0.0000,0.0000,0.0000,179.9991,-0.0003,179.9091
6.9526,approaching,0.0000,0.0000,0.0000,0.0000,0.0000,0.0000,179.9988,-0.0009,179.9090
6.9647,approaching,0.0000,0.0000,0.0000,0.0000,0.0000,0.0000,179.9990,-0.0003,179.9090
6.9737,approaching,0.0000,0.0000,0.0000,0.0000,0.0000,0.0000,179.9990,-0.0003,179.9090
6.9821,approaching,0.0000,0.0000,0.0000,0.0000,0.0000,0.0000,179.9993,0.0003,179.9090
6.9921,approaching,0.0000,0.0000,0.0000,0.0000,0.0000,0.0000,179.9992,-0.0000,179.9089
7.0020,approaching,0.0000,0.0000,0.0000,0.0000,0.0000,0.0000,179.9992,-0.0000,179.9089
7.0122,approaching,0.0000,0.0000,0.0000,0.0000,0.0000,0.0000,179.9995,0.0007,179.9089
7.0225,approaching,0.0000,0.0000,0.0000,0.0000,0.0000,0.0000,179.9991,-0.0000,179.9088
7.0345,approaching,0.0000,0.0000,0.0000,0.0000,0.0000,0.0000,179.9991,-0.0000,179.9088
7.0422,approaching,0.0000,0.0000,0.0000,0.0000,0.0000,0.0000,179.9990,-0.0004,179.9088
7.0520,approaching,0.0000,0.0000,0.0000,0.0000,0.0000,0.0000,179.9991,0.0001,179.9088
7.0619,approaching,0.0000,0.0000,0.0000,0.0000,0.0000,0.0000,179.9991,0.0001,179.9088
7.0737,approaching,0.0000,0.0000,0.0000,0.0000,0.0000,0.0000,179.9995,0.0010,179.9088
7.0840,approaching,0.0000,0.0000,0.0000,0.0000,0.0000,0.0000,179.9991,0.0001,179.9093
7.0923,approaching,0.0000,0.0000,0.0000,0.0000,0.0000,0.0000,179.9991,0.0001,179.9093
7.1023,approaching,0.0000,0.0000,0.0000,0.0000,0.0000,0.0000,179.9988,-0.0006,179.9092
7.1119,approaching,0.0000,0.0000,0.0000,0.0000,0.0000,0.0000,179.9988,-0.0005,179.9092
7.1235,approaching,0.0000,0.0000,0.0000,0.0000,0.0000,0.0000,179.9988,-0.0005,179.9092
7.1318,approaching,0.0000,0.0000,0.0000,0.0000,0.0000,0.0000,179.9988,-0.0007,179.9092
7.1426,approaching,0.0000,0.0000,0.0000,0.0000,0.0000,0.0000,179.9987,-0.0007,179.9091
7.1531,approaching,0.0000,0.0000,0.0000,0.0000,0.0000,0.0000,179.9987,-0.0007,179.9091
7.1639,approaching,0.0000,0.0000,0.0000,0.0000,0.0000,0.0000,179.9987,-0.0008,179.9091
7.1718,approaching,0.0000,0.0000,0.0000,0.0000,0.0000,0.0000,179.9986,-0.0009,179.9096
7.1819,approaching,0.0000,0.0000,0.0000,0.0000,0.0000,0.0000,179.9986,-0.0009,179.9096
7.1953,approaching,0.0000,0.0000,0.0000,0.0000,0.0000,0.0000,179.9986,-0.0009,179.9096
7.2021,approaching,0.0000,0.0000,0.0000,0.0000,0.0000,0.0000,179.9983,-0.0016,179.9095
7.2129,approaching,0.0000,0.0000,0.0000,0.0000,0.0000,0.0000,179.9983,-0.0016,179.9095
7.2221,approaching,0.0000,0.0000,0.0000,0.0000,0.0000,0.0000,179.9983,-0.0016,179.9095
7.2321,approaching,0.0000,0.0000,0.0000,0.0000,0.0000,0.0000,179.9983,-0.0016,179.9095
7.2435,approaching,0.0000,0.0000,0.0000,0.0000,0.0000,0.0000,179.9983,-0.0016,179.9095
7.2523,approaching,0.0000,0.0000,0.0000,0.0000,0.0000,0.0000,179.9987,-0.0007,179.9094
7.2625,approaching,0.0000,0.0000,0.0000,0.0000,0.0000,0.0000,179.9988,-0.0005,179.9094
7.2729,approaching,0.0000,0.0000,0.0000,0.0000,0.0000,0.0000,179.9988,-0.0005,179.9094
7.2820,approaching,0.0000,0.0000,0.0000,0.0000,0.0000,0.0000,179.9991,0.0002,179.9094
7.2936,approaching,0.0000,0.0000,0.0000,0.0000,0.0000,0.0000,179.9991,0.0003,179.9093
7.3020,approaching,0.0000,0.0000,0.0000,0.0000,0.0000,0.0000,179.9991,0.0003,179.9093
7.3120,approaching,0.0000,0.0000,0.0000,0.0000,0.0000,0.0000,179.9987,-0.0005,179.9093
7.3237,approaching,0.0000,0.0000,0.0000,0.0000,0.0000,0.0000,179.9987,-0.0005,179.9093
7.3324,approaching,0.0000,0.0000,0.0000,0.0000,0.0000,0.0000,179.9987,-0.0005,179.9093
7.3420,approaching,0.0000,0.0000,0.0000,0.0000,0.0000,0.0000,179.9993,0.0009,179.9092
7.3530,approaching,0.0000,0.0000,0.0000,0.0000,0.0000,0.0000,179.9991,0.0004,179.9092
7.3635,approaching,0.0000,0.0000,0.0000,0.0000,0.0000,0.0000,179.9991,0.0004,179.9092
7.3721,approaching,0.0000,0.0000,0.0000,0.0000,0.0000,0.0000,179.9991,0.0004,179.9091
7.3820,approaching,0.0000,0.0000,0.0000,0.0000,0.0000,0.0000,179.9988,-0.0003,179.9091
7.3934,approaching,0.0000,0.0000,0.0000,0.0000,0.0000,0.0000,179.9988,-0.0003,179.9091
7.4035,approaching,0.0000,0.0000,0.0000,0.0000,0.0000,0.0000,179.9983,-0.0013,179.9091
7.4120,approaching,0.0000,0.0000,0.0000,0.0000,0.0000,0.0000,179.9979,-0.0022,179.9090
7.4244,approaching,0.0000,0.0000,0.0000,0.0000,0.0000,0.0000,179.9979,-0.0022,179.9090
7.4319,approaching,0.0000,0.0000,0.0000,0.0000,0.0000,0.0000,179.9991,-0.0008,179.9090
7.4419,approaching,0.0000,0.0000,0.0000,0.0000,0.0000,0.0000,179.9993,-0.0005,179.9090
7.4528,approaching,0.0000,0.0000,0.0000,0.0000,0.0000,0.0000,179.9993,-0.0005,179.9090
7.4630,approaching,0.0000,0.0000,0.0000,0.0000,0.0000,0.0000,179.9997,0.0006,179.9089
7.4733,approaching,0.0000,0.0000,0.0000,0.0000,0.0000,0.0000,179.9997,0.0006,179.9089
7.4820,approaching,0.0000,0.0000,0.0000,0.0000,0.0000,0.0000,179.9997,0.0006,179.9089
7.4920,approaching,0.0000,0.0000,0.0000,0.0000,0.0000,0.0000,179.9996,0.0003,179.9088
7.5020,approaching,0.0000,0.0000,0.0000,0.0000,0.0000,0.0000,179.9994,-0.0001,179.9088
7.5145,approaching,0.0000,0.0000,0.0000,0.0000,0.0000,0.0000,179.9994,-0.0001,179.9088
7.5227,approaching,0.0000,0.0000,0.0000,0.0000,0.0000,0.0000,179.9994,-0.0001,179.9088
7.5326,approaching,0.0000,0.0000,0.0000,0.0000,0.0000,0.0000,179.9993,-0.0003,179.9088
7.5428,approaching,0.0000,0.0000,0.0000,0.0000,0.0000,0.0000,179.9993,-0.0003,179.9088
7.5521,approaching,0.0000,0.0000,0.0000,0.0000,0.0000,0.0000,179.9993,-0.0004,179.9093
7.5619,approaching,0.0000,0.0000,0.0000,0.0000,0.0000,0.0000,179.9992,-0.0005,179.9093
7.5731,approaching,0.0000,0.0000,0.0000,0.0000,0.0000,0.0000,179.9992,-0.0005,179.9093
7.5824,approaching,0.0000,0.0000,0.0000,0.0000,0.0000,0.0000,179.9991,-0.0007,179.9092
7.5920,approaching,0.0000,0.0000,0.0000,0.0000,0.0000,0.0000,179.9996,0.0004,179.9092
7.6023,approaching,0.0000,0.0000,0.0000,0.0000,0.0000,0.0000,179.9996,0.0004,179.9092
7.6131,approaching,0.0000,0.0000,0.0000,0.0000,0.0000,0.0000,179.9993,-0.0001,179.9091
7.6219,approaching,0.0000,0.0000,0.0000,0.0000,0.0000,0.0000,179.9989,-0.0013,179.9091
7.6321,approaching,0.0000,0.0000,0.0000,0.0000,0.0000,0.0000,179.9989,-0.0013,179.9091
7.6435,approaching,0.0000,0.0000,0.0000,0.0000,0.0000,0.0000,179.9987,-0.0017,179.9091
7.6526,approaching,0.0000,0.0000,0.0000,0.0000,0.0000,0.0000,179.9987,-0.0016,179.9090
7.6630,approaching,0.0000,0.0000,0.0000,0.0000,0.0000,0.0000,179.9987,-0.0016,179.9090
7.6728,approaching,0.0000,0.0000,0.0000,0.0000,0.0000,0.0000,179.9989,-0.0011,179.9090
7.6826,approaching,0.0000,0.0000,0.0000,0.0000,0.0000,0.0000,179.9990,-0.0009,179.9090
7.6925,approaching,0.0000,0.0000,0.0000,0.0000,0.0000,0.0000,179.9990,-0.0009,179.9090
7.7039,approaching,0.0000,0.0000,0.0000,0.0000,0.0000,0.0000,179.9986,-0.0017,179.9089
7.7119,approaching,0.0000,0.0000,0.0000,0.0000,0.0000,0.0000,179.9990,-0.0008,179.9089
7.7218,approaching,0.0000,0.0000,0.0000,0.0000,0.0000,0.0000,179.9990,-0.0008,179.9089
7.7343,approaching,0.0000,0.0000,0.0000,0.0000,0.0000,0.0000,179.9990,-0.0009,179.9088
7.7440,approaching,0.0000,0.0000,0.0000,0.0000,0.0000,0.0000,179.9988,-0.0012,179.9094
7.7521,approaching,0.0000,0.0000,0.0000,0.0000,0.0000,0.0000,179.9988,-0.0012,179.9094
7.7636,approaching,0.0000,0.0000,0.0000,0.0000,0.0000,0.0000,179.9991,-0.0004,179.9093
7.7720,approaching,0.0000,0.0000,0.0000,0.0000,0.0000,0.0000,179.9990,-0.0008,179.9093
7.7819,approaching,0.0000,0.0000,0.0000,0.0000,0.0000,0.0000,179.9990,-0.0008,179.9093
7.7933,approaching,0.0000,0.0000,0.0000,0.0000,0.0000,0.0000,179.9991,-0.0005,179.9093
7.8023,approaching,0.0000,0.0000,0.0000,0.0000,0.0000,0.0000,179.9993,-0.0001,179.9092
7.8137,approaching,0.0000,0.0000,0.0000,0.0000,0.0000,0.0000,179.9993,-0.0001,179.9092
7.8230,approaching,0.0000,0.0000,0.0000,0.0000,0.0000,0.0000,179.9991,-0.0005,179.9092
7.8319,approaching,0.0000,0.0000,0.0000,0.0000,0.0000,0.0000,179.9993,-0.0000,179.9092
7.8422,approaching,0.0000,0.0000,0.0000,0.0000,0.0000,0.0000,179.9993,-0.0000,179.9092
7.8522,approaching,0.0000,0.0000,0.0000,0.0000,0.0000,0.0000,179.9993,-0.0000,179.9091
7.8640,approaching,0.0000,0.0000,0.0000,0.0000,0.0000,0.0000,179.9994,0.0004,179.9091
7.8740,approaching,0.0000,0.0000,0.0000,0.0000,0.0000,0.0000,179.9994,0.0004,179.9091
7.8826,approaching,0.0000,0.0000,0.0000,0.0000,0.0000,0.0000,179.9994,0.0003,179.9096
7.8924,approaching,0.0000,0.0000,0.0000,0.0000,0.0000,0.0000,179.9994,0.0003,179.9096
7.9025,approaching,0.0000,0.0000,0.0000,0.0000,0.0000,0.0000,179.9994,0.0003,179.9096
7.9119,approaching,0.0000,0.0000,0.0000,0.0000,0.0000,0.0000,179.9998,0.0013,179.9096
7.9219,approaching,0.0000,0.0000,0.0000,0.0000,0.0000,0.0000,179.9992,-0.0001,179.9095
7.9329,approaching,0.0000,0.0000,0.0000,0.0000,0.0000,0.0000,179.9992,-0.0001,179.9095
7.9420,approaching,0.0000,0.0000,0.0000,0.0000,0.0000,0.0000,179.9995,0.0007,179.9095
7.9533,approaching,0.0000,0.0000,0.0000,0.0000,0.0000,0.0000,179.9994,0.0004,179.9094
7.9624,approaching,0.0000,0.0000,0.0000,0.0000,0.0000,0.0000,179.9994,0.0004,179.9094
7.9722,approaching,0.0000,0.0000,0.0000,0.0000,0.0000,0.0000,179.9991,-0.0003,179.9094
7.9838,approaching,0.0000,0.0000,0.0000,0.0000,0.0000,0.0000,179.9989,-0.0008,179.9094
7.9943,approaching,0.0000,0.0000,0.0000,0.0000,0.0000,0.0000,179.9989,-0.0008,179.9094
8.0042,approaching,0.0000,0.0000,0.0000,0.0000,0.0000,0.0000,179.9990,-0.0004,179.9093
8.0134,approaching,0.0000,0.0000,0.0000,0.0000,0.0000,0.0000,179.9991,-0.0002,179.9093
8.0226,approaching,0.0000,0.0000,0.0000,0.0000,0.0000,0.0000,179.9991,-0.0002,179.9093
8.0322,approaching,0.0000,0.0000,0.0000,0.0000,0.0000,0.0000,179.9997,0.0011,179.9093
8.0433,approaching,0.0000,0.0000,0.0000,0.0000,0.0000,0.0000,179.9994,0.0006,179.9092
8.0524,approaching,0.0000,0.0000,0.0000,0.0000,0.0000,0.0000,179.9994,0.0006,179.9092
8.0626,approaching,0.0000,0.0000,0.0000,0.0000,0.0000,0.0000,179.9994,0.0005,179.9092
8.0735,approaching,0.0000,0.0000,0.0000,0.0000,0.0000,0.0000,179.9991,-0.0002,179.9092
8.0819,approaching,0.0000,0.0000,0.0000,0.0000,0.0000,0.0000,179.9991,-0.0002,179.9092
8.0920,approaching,0.0000,0.0000,0.0000,0.0000,0.0000,0.0000,179.9994,0.0005,179.9091
8.1019,approaching,0.0000,0.0000,0.0000,0.0000,0.0000,0.0000,179.9991,-0.0001,179.9091
8.1136,approaching,0.0000,0.0000,0.0000,0.0000,0.0000,0.0000,179.9991,-0.0001,179.9091
8.1221,approaching,0.0000,0.0000,0.0000,0.0000,0.0000,0.0000,179.9991,-0.0001,179.9091
8.1322,approaching,0.0000,0.0000,0.0000,0.0000,0.0000,0.0000,179.9988,-0.0008,179.9090
8.1420,approaching,0.0000,0.0000,0.0000,0.0000,0.0000,0.0000,179.9988,-0.0008,179.9090
8.1519,approaching,0.0000,0.0000,0.0000,0.0000,0.0000,0.0000,179.9988,-0.0008,179.9090
8.1638,approaching,0.0000,0.0000,0.0000,0.0000,0.0000,0.0000,179.9982,-0.0019,179.9090
8.1727,approaching,0.0000,0.0000,0.0000,0.0000,0.0000,0.0000,179.9982,-0.0019,179.9090
8.1819,approaching,0.0000,0.0000,0.0000,0.0000,0.0000,0.0000,179.9977,-0.0031,179.9089
8.1939,approaching,0.0000,0.0000,0.0000,0.0000,0.0000,0.0000,179.9980,-0.0024,179.9089
8.2019,approaching,0.0000,0.0000,0.0000,0.0000,0.0000,0.0000,179.9980,-0.0024,179.9089
8.2119,approaching,0.0000,0.0000,0.0000,0.0000,0.0000,0.0000,179.9983,-0.0018,179.9088
8.2246,approaching,0.0000,0.0000,0.0000,0.0000,0.0000,0.0000,179.9983,-0.0017,179.9088
8.2327,approaching,0.0000,0.0000,0.0000,0.0000,0.0000,0.0000,179.9983,-0.0017,179.9088
8.2423,approaching,0.0000,0.0000,0.0000,0.0000,0.0000,0.0000,179.9983,-0.0017,179.9088
8.2526,approaching,0.0000,0.0000,0.0000,0.0000,0.0000,0.0000,179.9983,-0.0017,179.9087
8.2619,approaching,0.0000,0.0000,0.0000,0.0000,0.0000,0.0000,179.9983,-0.0017,179.9087
8.2731,approaching,0.0000,0.0000,0.0000,0.0000,0.0000,0.0000,179.9983,-0.0017,179.9087
8.2821,approaching,0.0000,0.0000,0.0000,0.0000,0.0000,0.0000,179.9980,-0.0024,179.9087
8.2926,approaching,0.0000,0.0000,0.0000,0.0000,0.0000,0.0000,179.9980,-0.0024,179.9087
8.3024,approaching,0.0000,0.0000,0.0000,0.0000,0.0000,0.0000,179.9986,-0.0010,179.9086
8.3119,approaching,0.0000,0.0000,0.0000,0.0000,0.0000,0.0000,179.9980,-0.0022,179.9086
8.3239,approaching,0.0000,0.0000,0.0000,0.0000,0.0000,0.0000,179.9980,-0.0022,179.9086
8.3319,approaching,0.0000,0.0000,0.0000,0.0000,0.0000,0.0000,179.9985,-0.0012,179.9086
8.3423,approaching,0.0000,0.0000,0.0000,0.0000,0.0000,0.0000,179.9991,0.0002,179.9085
8.3529,approaching,0.0000,0.0000,0.0000,0.0000,0.0000,0.0000,179.9991,0.0002,179.9085
8.3638,approaching,0.0000,0.0000,0.0000,0.0000,0.0000,0.0000,179.9994,0.0009,179.9085
8.3720,approaching,0.0000,0.0000,0.0000,0.0000,0.0000,0.0000,179.9992,0.0005,179.9085
8.3834,approaching,0.0000,0.0000,0.0000,0.0000,0.0000,0.0000,179.9992,0.0005,179.9085
8.3922,approaching,0.0000,0.0000,0.0000,0.0000,0.0000,0.0000,179.9990,-0.0000,179.9084
8.4019,approaching,0.0000,0.0000,0.0000,0.0000,0.0000,0.0000,179.9991,0.0002,179.9089
8.4128,approaching,0.0000,0.0000,0.0000,0.0000,0.0000,0.0000,179.9991,0.0002,179.9089
8.4220,approaching,0.0000,0.0000,0.0000,0.0000,0.0000,0.0000,179.9989,-0.0002,179.9089
8.4321,approaching,0.0000,0.0000,0.0000,0.0000,0.0000,0.0000,179.9992,0.0006,179.9089
8.4423,approaching,0.0000,0.0000,0.0000,0.0000,0.0000,0.0000,179.9992,0.0006,179.9089
8.4527,approaching,0.0000,0.0000,0.0000,0.0000,0.0000,0.0000,179.9990,-0.0000,179.9088
8.4618,approaching,0.0000,0.0000,0.0000,0.0000,0.0000,0.0000,179.9989,-0.0002,179.9088
8.4733,approaching,0.0000,0.0000,0.0000,0.0000,0.0000,0.0000,179.9989,-0.0002,179.9088
8.4821,approaching,0.0000,0.0000,0.0000,0.0000,0.0000,0.0000,179.9990,0.0001,179.9088
8.4918,approaching,0.0000,0.0000,0.0000,0.0000,0.0000,0.0000,179.9991,-0.0010,179.9093
8.5034,approaching,0.0000,0.0000,0.0000,0.0000,0.0000,0.0000,179.9991,-0.0010,179.9093
8.5132,approaching,0.0000,0.0000,0.0000,0.0000,0.0000,0.0000,179.9993,-0.0004,179.9092
8.5219,approaching,0.0000,0.0000,0.0000,0.0000,0.0000,0.0000,179.9991,-0.0010,179.9092
8.5319,approaching,0.0000,0.0000,0.0000,0.0000,0.0000,0.0000,179.9991,-0.0010,179.9092
8.5421,approaching,0.0000,0.0000,0.0000,0.0000,0.0000,0.0000,179.9991,-0.0010,179.9092
8.5518,approaching,0.0000,0.0000,0.0000,0.0000,0.0000,0.0000,179.9991,-0.0009,179.9091
8.5622,approaching,0.0000,0.0000,0.0000,0.0000,0.0000,0.0000,179.9991,-0.0009,179.9091
8.5731,approaching,0.0000,0.0000,0.0000,0.0000,0.0000,0.0000,179.9991,-0.0009,179.9091
8.5840,approaching,0.0000,0.0000,0.0000,0.0000,0.0000,0.0000,179.9989,-0.0013,179.9091
8.5926,approaching,0.0000,0.0000,0.0000,0.0000,0.0000,0.0000,179.9989,-0.0013,179.9091
8.6019,approaching,0.0000,0.0000,0.0000,0.0000,0.0000,0.0000,179.9990,-0.0012,179.9096
8.6120,approaching,0.0000,0.0000,0.0000,0.0000,0.0000,0.0000,179.9988,-0.0015,179.9096
8.6220,approaching,0.0000,0.0000,0.0000,0.0000,0.0000,0.0000,179.9988,-0.0015,179.9096
8.6322,approaching,0.0000,0.0000,0.0000,0.0000,0.0000,0.0000,179.9991,-0.0007,179.9099
8.6421,approaching,0.0000,0.0000,0.0000,0.0000,0.0000,0.0000,179.9991,-0.0007,179.9099
8.6529,approaching,0.0000,0.0000,0.0000,0.0000,0.0000,0.0000,179.9991,-0.0007,179.9099
8.6626,approaching,0.0000,0.0000,0.0000,0.0000,0.0000,0.0000,179.9987,-0.0018,179.9099
8.6731,approaching,0.0000,0.0000,0.0000,0.0000,0.0000,0.0000,179.9989,-0.0013,179.9098
8.6818,approaching,0.0000,0.0000,0.0000,0.0000,0.0000,0.0000,179.9989,-0.0013,179.9098
8.6923,approaching,0.0000,0.0000,0.0000,0.0000,0.0000,0.0000,179.9989,-0.0013,179.9098
8.7019,approaching,0.0000,0.0000,0.0000,0.0000,0.0000,0.0000,179.9988,-0.0015,179.9097
8.7134,approaching,0.0000,0.0000,0.0000,0.0000,0.0000,0.0000,179.9988,-0.0015,179.9097
8.7231,approaching,0.0000,0.0000,0.0000,0.0000,0.0000,0.0000,179.9987,-0.0016,179.9097
8.7320,approaching,0.0000,0.0000,0.0000,0.0000,0.0000,0.0000,179.9985,-0.0022,179.9096
8.7418,approaching,0.0000,0.0000,0.0000,0.0000,0.0000,0.0000,179.9985,-0.0022,179.9096
8.7519,approaching,0.0000,0.0000,0.0000,0.0000,0.0000,0.0000,179.9987,-0.0017,179.9096
8.7637,approaching,0.0000,0.0000,0.0000,0.0000,0.0000,0.0000,179.9990,-0.0009,179.9096
8.7725,approaching,0.0000,0.0000,0.0000,0.0000,0.0000,0.0000,179.9990,-0.0009,179.9096
8.7819,approaching,0.0000,0.0000,0.0000,0.0000,0.0000,0.0000,179.9991,-0.0006,179.9095
8.7933,approaching,0.0000,0.0000,0.0000,0.0000,0.0000,0.0000,179.9990,-0.0010,179.9095
8.8018,approaching,0.0000,0.0000,0.0000,0.0000,0.0000,0.0000,179.9990,-0.0010,179.9095
8.8130,approaching,0.0000,0.0000,0.0000,0.0000,0.0000,0.0000,179.9988,-0.0014,179.9095
8.8219,approaching,0.0000,0.0000,0.0000,0.0000,0.0000,0.0000,179.9990,-0.0008,179.9094
8.8327,approaching,0.0000,0.0000,0.0000,0.0000,0.0000,0.0000,179.9990,-0.0008,179.9094
8.8425,approaching,0.0000,0.0000,0.0000,0.0000,0.0000,0.0000,179.9992,-0.0003,179.9094
8.8518,approaching,0.0000,0.0000,0.0000,0.0000,0.0000,0.0000,179.9994,0.0001,179.9094
8.8619,approaching,0.0000,0.0000,0.0000,0.0000,0.0000,0.0000,179.9994,0.0001,179.9094
8.8725,approaching,0.0000,0.0000,0.0000,0.0000,0.0000,0.0000,179.9992,-0.0002,179.9093
8.8830,approaching,0.0000,0.0000,0.0000,0.0000,0.0000,0.0000,179.9996,0.0005,179.9093
8.8921,approaching,0.0000,0.0000,0.0000,0.0000,0.0000,0.0000,179.9996,0.0005,179.9093
8.9041,approaching,0.0000,0.0000,0.0000,0.0000,0.0000,0.0000,179.9993,-0.0000,179.9092
8.9118,approaching,0.0000,0.0000,0.0000,0.0000,0.0000,0.0000,179.9990,-0.0007,179.9092
8.9220,approaching,0.0000,0.0000,0.0000,0.0000,0.0000,0.0000,179.9990,-0.0007,179.9092
8.9344,approaching,0.0000,0.0000,0.0000,0.0000,0.0000,0.0000,179.9990,-0.0007,179.9092
8.9439,approaching,0.0000,0.0000,0.0000,0.0000,0.0000,0.0000,179.9990,-0.0008,179.9092
8.9543,approaching,0.0000,0.0000,0.0000,0.0000,0.0000,0.0000,179.9990,-0.0008,179.9092
8.9622,approaching,0.0000,0.0000,0.0000,0.0000,0.0000,0.0000,179.9990,-0.0007,179.9091
8.9719,approaching,0.0000,0.0000,0.0000,0.0000,0.0000,0.0000,179.9994,0.0003,179.9091
8.9820,approaching,0.0000,0.0000,0.0000,0.0000,0.0000,0.0000,179.9994,0.0003,179.9091
8.9922,approaching,0.0000,0.0000,0.0000,0.0000,0.0000,0.0000,179.9991,-0.0004,179.9091
9.0041,approaching,0.0000,0.0000,0.0000,0.0000,0.0000,0.0000,179.9993,-0.0000,179.9090
9.0124,approaching,0.0000,0.0000,0.0000,0.0000,0.0000,0.0000,179.9993,-0.0000,179.9090
9.0235,approaching,0.0000,0.0000,0.0000,0.0000,0.0000,0.0000,179.9990,-0.0006,179.9090
9.0320,approaching,0.0000,0.0000,0.0000,0.0000,0.0000,0.0000,179.9992,-0.0003,179.9090
9.0419,approaching,0.0000,0.0000,0.0000,0.0000,0.0000,0.0000,179.9992,-0.0003,179.9090
9.0534,approaching,0.0000,0.0000,0.0000,0.0000,0.0000,0.0000,179.9988,-0.0011,179.9089
9.0627,approaching,0.0000,0.0000,0.0000,0.0000,0.0000,0.0000,179.9988,-0.0010,179.9089
9.0723,approaching,0.0000,0.0000,0.0000,0.0000,0.0000,0.0000,179.9988,-0.0010,179.9089
9.0824,approaching,0.0000,0.0000,0.0000,0.0000,0.0000,0.0000,179.9986,-0.0015,179.9088
9.0922,approaching,0.0000,0.0000,0.0000,0.0000,0.0000,0.0000,179.9993,0.0001,179.9088
9.1031,approaching,0.0000,0.0000,0.0000,0.0000,0.0000,0.0000,179.9993,0.0001,179.9088
9.1121,approaching,0.0000,0.0000,0.0000,0.0000,0.0000,0.0000,179.9993,0.0001,179.9088
9.1222,approaching,0.0000,0.0000,0.0000,0.0000,0.0000,0.0000,179.9994,0.0004,179.9087
9.1341,approaching,0.0000,0.0000,0.0000,0.0000,0.0000,0.0000,179.9994,0.0004,179.9087
9.1438,approaching,0.0000,0.0000,0.0000,0.0000,0.0000,0.0000,179.9996,0.0008,179.9087
9.1521,approaching,0.0000,0.0000,0.0000,0.0000,0.0000,0.0000,179.9990,-0.0004,179.9087
9.1641,approaching,0.0000,0.0000,0.0000,0.0000,0.0000,0.0000,179.9990,-0.0004,179.9087
9.1722,approaching,0.0000,0.0000,0.0000,0.0000,0.0000,0.0000,179.9990,-0.0004,179.9086
9.1821,approaching,0.0000,0.0000,0.0000,0.0000,0.0000,0.0000,179.9990,-0.0004,179.9086
9.1946,approaching,0.0000,0.0000,0.0000,0.0000,0.0000,0.0000,179.9990,-0.0004,179.9086
9.2027,approaching,0.0000,0.0000,0.0000,0.0000,0.0000,0.0000,179.9985,-0.0016,179.9091
9.2123,approaching,0.0000,0.0000,0.0000,0.0000,0.0000,0.0000,179.9988,-0.0008,179.9091
9.2227,approaching,0.0000,0.0000,0.0000,0.0000,0.0000,0.0000,179.9988,-0.0008,179.9091
9.2322,approaching,0.0000,0.0000,0.0000,0.0000,0.0000,0.0000,179.9988,-0.0008,179.9091
9.2418,approaching,0.0000,0.0000,0.0000,0.0000,0.0000,0.0000,179.9990,-0.0003,179.9090
9.2524,approaching,0.0000,0.0000,0.0000,0.0000,0.0000,0.0000,179.9990,-0.0003,179.9090
9.2649,approaching,0.0000,0.0000,0.0000,0.0000,0.0000,0.0000,179.9986,-0.0012,179.9090
9.2719,approaching,0.0000,0.0000,0.0000,0.0000,0.0000,0.0000,179.9989,-0.0006,179.9090
9.2826,approaching,0.0000,0.2017,0.0000,0.0000,0.0000,0.0000,179.9989,-0.0006,179.9090
9.2920,approaching,0.0000,0.2037,0.0000,0.0000,0.0000,0.0000,179.9986,-0.0011,179.9089
9.3019,approaching,0.0000,0.2062,0.0000,0.0000,0.0000,0.0000,179.9985,-0.0015,179.9089
9.3121,approaching,0.0000,0.2086,0.0000,0.0000,0.0000,0.0000,179.9985,-0.0015,179.9089
9.3237,approaching,0.0000,0.2108,0.0000,0.0000,0.0000,0.0000,179.9988,-0.0008,179.9094
9.3341,approaching,0.0000,0.2128,0.0000,0.0000,0.0000,0.0000,179.9987,-0.0009,179.9094
9.3422,approaching,0.0000,0.2150,0.0000,0.0000,0.0000,0.0000,179.9987,-0.0009,179.9094
9.3520,approaching,0.0000,0.2174,0.0000,0.0000,0.0000,0.0000,179.9990,-0.0017,179.9093
9.3634,approaching,0.0000,0.2199,0.0000,0.0000,0.0000,0.0000,179.9990,-0.0017,179.9093
9.3720,approaching,0.0000,0.2223,0.0000,0.0000,0.0000,0.0000,179.9990,-0.0017,179.9093
9.3828,approaching,0.0000,0.2251,0.0000,0.0000,0.0000,0.0000,179.9988,-0.0020,179.9093
9.3938,approaching,0.0000,0.2277,0.0000,0.0000,0.0000,0.0000,179.9992,-0.0011,179.9092
9.4034,approaching,0.0000,0.2308,0.0000,0.0000,0.0000,0.0000,179.9992,-0.0011,179.9092
9.4119,approaching,0.0000,0.2341,0.0000,0.0000,0.0000,0.0000,179.9995,-0.0004,179.9092
9.4223,approaching,0.0000,0.2374,0.2009,0.0000,0.0000,0.0000,179.9993,-0.0009,179.9091
9.4318,approaching,0.0000,0.2412,0.2048,0.0000,0.0000,0.0000,179.9993,-0.0009,179.9091
9.4425,approaching,0.0000,0.2455,0.2096,0.0000,0.0000,0.0000,179.9992,-0.0010,179.9091
9.4536,approaching,0.0000,0.2501,0.2147,0.0000,0.0000,0.0000,179.9992,-0.0010,179.9091
9.4644,approaching,0.0000,0.2548,0.2199,0.0000,0.0000,0.0000,179.9990,-0.0014,179.9091
9.4722,approaching,0.0000,0.2595,0.2251,0.0000,0.0000,0.0000,179.9990,-0.0015,179.9091
9.4826,approaching,0.0000,0.2641,0.2304,0.0000,0.0000,0.0000,179.9991,-0.0014,179.9090
9.4922,approaching,0.0000,0.2691,0.2359,0.0000,0.0000,0.0000,179.9991,-0.0014,179.9090
9.5043,approaching,0.0000,0.2739,0.2412,0.0000,0.0000,0.0000,179.9991,-0.0012,179.9090
9.5158,approaching,0.0000,0.2786,0.2466,0.0000,0.0000,0.0000,179.9990,-0.0015,179.9089
9.5221,approaching,0.0000,0.2835,0.2520,0.0000,0.0000,0.0000,179.9990,-0.0015,179.9089
9.5335,approaching,0.0000,0.2881,0.2571,0.0000,0.0000,0.0000,179.9992,-0.0009,179.9095
9.5419,approaching,0.0000,0.2920,0.2617,0.0000,0.0000,0.0000,179.9989,-0.0017,179.9094
9.5519,approaching,0.0000,0.2962,0.2663,0.0000,0.0000,0.0000,179.9989,-0.0017,179.9094
9.5627,approaching,0.0000,0.3002,0.2707,0.0000,0.0000,0.0000,179.9991,-0.0013,179.9094
9.5741,approaching,0.0000,0.3037,0.2749,0.0000,0.0000,0.0000,179.9987,-0.0021,179.9094
9.5819,approaching,0.0000,0.3081,0.2797,0.0000,0.0000,0.0000,179.9987,-0.0021,179.9094
9.5945,approaching,0.0000,0.3123,0.2843,0.0000,0.0000,0.0000,179.9990,-0.0013,179.9093
9.6025,approaching,0.0000,0.3158,0.2884,0.0000,0.0000,0.0000,179.9986,-0.0022,179.9093
9.6121,approaching,0.0000,0.3192,0.2922,0.0000,0.0000,0.0000,179.9986,-0.0022,179.9093
9.6237,approaching,0.0000,0.3226,0.2959,0.0000,0.0000,0.0000,179.9986,-0.0022,179.9093
9.6328,approaching,0.0000,0.3260,0.2997,0.0000,0.0000,0.0000,179.9986,-0.0023,179.9092
9.6425,approaching,0.0000,0.3295,0.3035,0.0000,0.0000,0.0000,179.9986,-0.0023,179.9092
9.6527,approaching,0.0000,0.3328,0.3072,0.0000,0.0000,0.0000,179.9993,-0.0005,179.9092
9.6626,approaching,0.0000,0.3359,0.3108,0.0000,0.0000,0.0000,179.9990,-0.0012,179.9091
9.6734,approaching,0.0000,0.3389,0.3142,0.0000,0.0000,0.0000,179.9990,-0.0012,179.9091
9.6821,approaching,0.0000,0.3417,0.3174,0.0000,0.0000,0.0000,179.9992,-0.0008,179.9091
9.6922,approaching,0.0000,0.3444,0.3204,0.0000,0.0000,0.0000,179.9992,-0.0008,179.9091
9.7043,approaching,0.0000,0.3468,0.3230,0.0000,0.0000,0.0000,179.9992,-0.0008,179.9091
9.7119,approaching,0.0000,0.3485,0.3253,0.0000,0.0000,0.0000,179.9987,-0.0019,179.9096
9.7231,approaching,0.0000,0.3502,0.3274,0.0000,0.0000,0.0000,179.9992,-0.0008,179.9096
9.7321,approaching,0.0000,0.3517,0.3290,0.0000,0.0000,0.0000,179.9992,-0.0008,179.9096
9.7419,approaching,0.0000,0.3526,0.3303,0.0000,0.0000,0.0000,179.9992,-0.0008,179.9095
9.7520,approaching,0.0000,0.3536,0.3315,0.0000,0.0000,0.0000,179.9992,-0.0007,179.9095
9.7629,approaching,0.0000,0.3551,0.3329,0.0000,0.0000,0.0000,179.9992,-0.0007,179.9095
9.7734,approaching,0.0000,0.3559,0.3340,0.0000,0.0000,0.0000,179.9993,-0.0006,179.9094
9.7823,approaching,0.0000,0.3566,0.3351,0.0000,0.0000,0.0000,179.9988,-0.0015,179.9094
9.7920,approaching,0.0000,0.3575,0.3361,0.0000,0.0000,0.0000,179.9988,-0.0015,179.9094
9.8019,approaching,0.0000,0.3586,0.3374,0.0000,0.0000,0.0000,179.9991,-0.0009,179.9094
9.8122,approaching,0.0000,0.3599,0.3388,0.0000,0.0000,0.0000,179.9993,-0.0004,179.9093
9.8223,approaching,0.0000,0.3615,0.3404,0.0000,0.0000,0.0000,179.9993,-0.0004,179.9093
9.8327,approaching,0.0000,0.3627,0.3418,0.0000,0.0000,0.0000,179.9992,-0.0007,179.9093
9.8433,approaching,0.0000,0.3638,0.3431,0.0000,0.0000,0.0000,179.9995,-0.0001,179.9093
9.8519,approaching,0.0000,0.3645,0.3441,0.0000,0.0000,0.0000,179.9995,-0.0001,179.9093
9.8625,approaching,0.0000,0.3652,0.3450,0.0000,0.0000,0.0000,179.9995,-0.0001,179.9093
9.8731,approaching,0.0000,0.3660,0.3458,0.0000,0.0000,0.0000,179.9989,-0.0013,179.9092
9.8848,approaching,0.0000,0.3664,0.3463,0.0000,0.0000,0.0000,179.9989,-0.0013,179.9092
9.8938,approaching,0.0000,0.3668,0.3467,0.0000,0.0000,0.0000,179.9991,-0.0008,179.9092
9.9018,approaching,0.0000,0.3674,0.3475,0.0000,0.0000,0.0000,179.9986,-0.0019,179.9091
9.9126,approaching,0.0000,0.3685,0.3488,0.0000,0.0000,0.0000,179.9986,-0.0019,179.9091
9.9221,approaching,0.0000,0.3695,0.3500,0.0000,0.0000,0.0000,179.9988,-0.0014,179.9091
9.9322,approaching,0.0000,0.3703,0.3509,0.0000,0.0000,0.0000,179.9993,-0.0003,179.9091
9.9423,approaching,0.0000,0.3709,0.3517,0.0000,0.0000,0.0000,179.9993,-0.0003,179.9091
9.9541,approaching,0.0000,0.3716,0.3525,0.0000,0.0000,0.0000,179.9994,-0.0000,179.9090
9.9622,approaching,0.0000,0.3719,0.3530,0.0000,0.0000,0.0000,179.9995,0.0002,179.9090
9.9732,approaching,0.0000,0.3723,0.3538,0.0000,0.0000,0.0000,179.9995,0.0002,179.9090
9.9819,approaching,0.0000,0.3731,0.3548,0.0000,0.0000,0.0000,179.9991,-0.0006,179.9090
9.9924,approaching,0.0000,0.3735,0.3556,0.0000,0.0000,0.0000,179.9987,-0.0017,179.9089
10.0022,approaching,0.0000,0.3741,0.3565,0.0000,0.0000,0.0000,179.9987,-0.0017,179.9089
10.0129,approaching,0.0000,0.3750,0.3574,0.0000,0.0000,0.0000,179.9987,-0.0016,179.9089
10.0218,approaching,0.0000,0.3756,0.3582,0.0000,0.0000,0.0000,179.9987,-0.0015,179.9089
10.0319,approaching,0.0000,0.3764,0.3594,0.0000,0.0000,0.0000,179.9987,-0.0015,179.9089
10.0423,approaching,0.0000,0.3773,0.3605,0.0000,0.0000,0.0000,179.9989,-0.0012,179.9088
10.0522,approaching,0.0000,0.3777,0.3610,0.0000,0.0000,0.0000,179.9993,-0.0001,179.9088
10.0620,approaching,0.0000,0.3775,0.3612,0.0000,0.0000,0.0000,179.9993,-0.0001,179.9088
10.0736,approaching,0.0000,0.3777,0.3616,0.0000,0.0000,0.0000,179.9992,-0.0004,179.9088
10.0818,approaching,0.0000,0.3784,0.3623,0.0000,0.0000,0.0000,179.9990,-0.0009,179.9087
10.0919,approaching,0.0000,0.3790,0.3633,0.0000,0.0000,0.0000,179.9990,-0.0009,179.9087
10.1035,approaching,0.0000,0.3800,0.3644,0.0000,0.0000,0.0000,179.9989,-0.0011,179.9087
10.1133,approaching,0.0000,0.3807,0.3653,0.0000,0.0000,0.0000,179.9988,-0.0013,179.9086
10.1221,approaching,0.0000,0.3809,0.3659,0.0000,0.0000,0.0000,179.9988,-0.0013,179.9086
10.1323,approaching,0.0000,0.3814,0.3667,0.0000,0.0000,0.0000,179.9988,-0.0013,179.9086
10.1423,approaching,0.0000,0.3824,0.3677,0.0000,0.0000,0.0000,179.9991,-0.0006,179.9086
10.1521,approaching,0.0000,0.3834,0.3690,0.0000,0.0000,0.0000,179.9991,-0.0006,179.9086
10.1637,approaching,0.0000,0.3847,0.3705,0.0000,0.0000,0.0000,179.9995,0.0004,179.9086
10.1737,approaching,0.0000,0.3862,0.3722,0.0000,0.0000,0.0000,179.9991,-0.0006,179.9091
10.1828,approaching,0.0000,0.3875,0.3740,0.0000,0.0000,0.0000,179.9991,-0.0006,179.9091
10.1934,approaching,0.0000,0.3886,0.3756,0.0000,0.0000,0.0000,179.9990,-0.0008,179.9090
10.2036,approaching,0.0000,0.3895,0.3768,0.0000,0.0000,0.0000,179.9993,-0.0000,179.9090
10.2129,approaching,0.0000,0.3902,0.3777,0.0000,0.0000,0.0000,179.9993,-0.0000,179.9090
10.2220,approaching,0.0000,0.3911,0.3787,0.0000,0.0000,0.0000,179.9994,0.0001,179.9090
10.2318,approaching,0.0000,0.3920,0.3797,0.0000,0.0000,0.0000,179.9992,-0.0001,179.9089
10.2422,approaching,0.0000,0.3923,0.3801,0.0000,0.0000,0.0000,179.9992,-0.0001,179.9089
10.2530,approaching,0.0000,0.3927,0.3804,0.0000,0.0000,0.0000,179.9989,-0.0008,179.9089
10.2618,approaching,0.0000,0.3934,0.3809,0.0000,0.0000,0.0000,179.9991,-0.0004,179.9089
10.2738,approaching,0.0000,0.3939,0.3810,0.0000,0.0000,0.0000,179.9991,-0.0004,179.9089
10.2826,approaching,0.0000,0.3944,0.3811,0.0000,0.0000,0.0000,179.9990,-0.0007,179.9094
10.2921,approaching,0.0000,0.3951,0.3814,0.0000,0.0000,0.0000,179.9988,-0.0010,179.9093
10.3028,approaching,0.0000,0.3956,0.3815,0.0000,0.0000,0.0000,179.9988,-0.0010,179.9093
10.3138,approaching,0.0000,0.3963,0.3818,0.0000,0.0000,0.0000,179.9990,-0.0007,179.9093
10.3238,approaching,0.0000,0.3967,0.3818,0.0000,0.0000,0.0000,179.9990,-0.0006,179.9093
10.3321,approaching,0.0000,0.3971,0.3818,0.0000,0.0000,0.0000,179.9990,-0.0006,179.9093
10.3427,approaching,0.0000,0.3975,0.3817,0.0000,0.0000,0.0000,179.9989,-0.0008,179.9092
10.3518,approaching,0.0000,0.3985,0.3822,0.0000,0.0000,0.0000,179.9988,-0.0011,179.9092
10.3621,approaching,0.0000,0.3998,0.3829,0.0000,0.0000,0.0000,179.9988,-0.0011,179.9092
10.3723,approaching,0.0000,0.4006,0.3833,0.0000,0.0000,0.0000,179.9983,-0.0021,179.9092
10.3823,approaching,0.0000,0.4011,0.3834,0.0000,0.0000,0.0000,179.9981,-0.0025,179.9091
10.3921,approaching,0.0000,0.4015,0.3832,0.0000,0.0000,0.0000,179.9981,-0.0025,179.9091
10.4023,approaching,0.0000,0.4011,0.3825,0.0000,0.0000,0.0000,179.9986,-0.0013,179.9091
10.4119,approaching,0.0000,0.4005,0.3814,0.0000,0.0000,0.0000,179.9986,-0.0014,179.9091
10.4219,approaching,0.0000,0.4001,0.3804,0.0000,0.0000,0.0000,179.9986,-0.0014,179.9091
10.4319,approaching,0.0000,0.4000,0.3796,0.0000,0.0000,0.0000,179.9986,-0.0015,179.9090
10.4440,approaching,0.0000,0.3996,0.3786,0.0000,0.0000,0.0000,179.9984,-0.0018,179.9090
10.4528,approaching,0.0000,0.3991,0.3777,0.0000,0.0000,0.0000,179.9984,-0.0018,179.9090
10.4622,approaching,0.0000,0.3988,0.3768,0.0000,0.0000,0.0000,179.9982,-0.0022,179.9090
10.4733,approaching,0.0000,0.3983,0.3756,0.0000,0.0000,0.0000,179.9983,-0.0020,179.9095
10.4821,approaching,0.0000,0.3974,0.3742,0.0000,0.0000,0.0000,179.9983,-0.0020,179.9095
10.4919,approaching,0.0000,0.3967,0.3728,0.0000,0.0000,0.0000,179.9984,-0.0017,179.9094
10.5019,approaching,0.0000,0.3960,0.3711,0.0000,0.0000,0.0000,179.9984,-0.0017,179.9094
10.5130,approaching,0.0000,0.3946,0.3691,0.0000,0.0000,0.0000,179.9984,-0.0017,179.9094
10.5235,approaching,0.0000,0.3931,0.3672,0.0000,0.0000,0.0000,179.9984,-0.0017,179.9094
10.5320,approaching,0.0000,0.3921,0.3657,0.0000,0.0000,0.0000,179.9988,-0.0008,179.9094
10.5426,approaching,0.0000,0.3908,0.3640,0.0000,0.0000,0.0000,179.9988,-0.0008,179.9094
10.5520,approaching,0.0000,0.3892,0.3621,0.0000,0.0000,0.0000,179.9986,-0.0013,179.9093
10.5624,approaching,0.0000,0.3880,0.3606,0.0000,0.0000,0.0000,179.9986,-0.0012,179.9093
10.5721,approaching,0.0000,0.3866,0.3589,0.0000,0.0000,0.0000,179.9986,-0.0012,179.9093
10.5822,approaching,0.0000,0.3844,0.3567,0.0000,0.0000,0.0000,179.9985,-0.0015,179.9092
10.5921,approaching,0.0000,0.3826,0.3547,0.0000,0.0000,0.0000,179.9989,-0.0006,179.9092
10.6024,approaching,0.0000,0.3803,0.3521,0.0000,0.0000,0.0000,179.9989,-0.0006,179.9092
10.6122,approaching,0.0000,0.3774,0.3492,0.0000,0.0000,0.0000,179.9991,-0.0000,179.9092
10.6224,approaching,0.0000,0.3747,0.3463,0.0000,0.0000,0.0000,179.9994,0.0006,179.9091
10.6336,approaching,0.0000,0.3721,0.3433,0.0000,0.0000,0.0000,179.9994,0.0006,179.9091
10.6433,approaching,0.0000,0.3690,0.3402,0.0000,0.0000,0.0000,179.9992,0.0002,179.9091
10.6535,approaching,0.0000,0.3658,0.3370,0.0000,0.0000,0.0000,179.9987,-0.0009,179.9091
10.6639,approaching,0.0000,0.3627,0.3337,0.0000,0.0000,0.0000,179.9987,-0.0009,179.9091
10.6737,approaching,0.0000,0.3594,0.3302,0.0000,0.0000,0.0000,179.9984,-0.0017,179.9090
10.6827,approaching,0.0000,0.3563,0.3267,0.0000,0.0000,0.0000,179.9991,0.0001,179.9090
10.6948,approaching,0.0000,0.3538,0.3237,0.0000,0.0000,0.0000,179.9991,0.0001,179.9090
10.7019,approaching,0.0000,0.3514,0.3209,0.0000,0.0000,0.0000,179.9991,-0.0000,179.9089
10.7120,approaching,0.0000,0.3492,0.3186,0.0000,0.0000,0.0000,179.9991,-0.0000,179.9089
10.7223,approaching,0.0000,0.3475,0.3167,0.0000,0.0000,0.0000,179.9991,-0.0000,179.9089
10.7324,approaching,0.0000,0.3453,0.3144,0.0000,0.0000,0.0000,179.9992,0.0002,179.9089
10.7431,approaching,0.0000,0.3432,0.3121,0.0000,0.0000,0.0000,179.9995,0.0010,179.9089
10.7526,approaching,0.0000,0.3411,0.3095,0.0000,0.0000,0.0000,179.9995,0.0010,179.9089
10.7635,approaching,0.0000,0.3384,0.3066,0.0000,0.0000,0.0000,179.9993,0.0005,179.9088
10.7718,approaching,0.0000,0.3359,0.3038,0.0000,0.0000,0.0000,179.9988,-0.0006,179.9088
10.7819,approaching,0.0000,0.3334,0.3008,0.0000,0.0000,0.0000,179.9988,-0.0006,179.9088
10.7950,approaching,0.0000,0.3308,0.2981,0.0000,0.0000,0.0000,179.9987,-0.0007,179.9088
10.8039,approaching,0.0000,0.3289,0.2961,0.0000,0.0000,0.0000,179.9987,-0.0009,179.9087
10.8118,approaching,0.0000,0.3275,0.2943,0.0000,0.0000,0.0000,179.9987,-0.0009,179.9087
10.8241,approaching,0.0000,0.3255,0.2922,0.0000,0.0000,0.0000,179.9991,-0.0000,179.9087
10.8318,approaching,0.0000,0.3232,0.2898,0.0000,0.0000,0.0000,179.9985,-0.0013,179.9087
10.8419,approaching,0.0000,0.3217,0.2881,0.0000,0.0000,0.0000,179.9985,-0.0013,179.9087
10.8523,approaching,0.0000,0.3205,0.2868,0.0000,0.0000,0.0000,179.9984,-0.0015,179.9086
10.8638,approaching,0.0000,0.3194,0.2856,0.0000,0.0000,0.0000,179.9985,-0.0012,179.9086
10.8719,approaching,0.0000,0.3187,0.2846,0.0000,0.0000,0.0000,179.9985,-0.0012,179.9086
10.8819,approaching,0.0000,0.3181,0.2837,0.0000,0.0000,0.0000,179.9978,-0.0028,179.9085
10.8920,approaching,0.0000,0.3171,0.2826,0.0000,0.0000,0.0000,179.9987,-0.0008,179.9085
10.9018,approaching,0.0000,0.3165,0.2818,0.0000,0.0000,0.0000,179.9987,-0.0008,179.9085
10.9130,approaching,0.0000,0.3160,0.2810,0.0000,0.0000,0.0000,179.9988,-0.0004,179.9088
10.9223,approaching,0.0000,0.3155,0.2803,0.0000,0.0000,0.0000,179.9988,-0.0005,179.9088
10.9320,approaching,0.0000,0.3157,0.2802,0.0000,0.0000,0.0000,179.9988,-0.0005,179.9088
10.9420,approaching,0.0000,0.3159,0.2800,0.0000,0.0000,0.0000,179.9989,-0.0002,179.9093
10.9530,approaching,0.0000,0.3159,0.2799,0.0000,0.0000,0.0000,179.9984,-0.0013,179.9093
10.9636,approaching,0.0000,0.3157,0.2795,0.0000,0.0000,0.0000,179.9984,-0.0013,179.9093
10.9732,approaching,0.0000,0.3158,0.2795,0.0000,0.0000,0.0000,179.9982,-0.0018,179.9092
10.9819,approaching,0.0000,0.3156,0.2792,0.0000,0.0000,0.0000,179.9993,-0.0007,179.9092
10.9942,approaching,0.0000,0.3147,0.2783,0.0000,0.0000,0.0000,179.9993,-0.0007,179.9092
11.0021,approaching,0.0000,0.3139,0.2775,0.0000,0.0000,0.0000,179.9994,-0.0003,179.9091
11.0121,approaching,0.0000,0.3133,0.2767,0.0000,0.0000,0.0000,179.9996,-0.0000,179.9097
11.0238,approaching,0.0000,0.3123,0.2758,0.0000,0.0000,0.0000,179.9996,-0.0000,179.9097
11.0325,approaching,0.0000,0.3113,0.2748,0.0000,0.0000,0.0000,179.9995,-0.0002,179.9096
11.0420,approaching,0.0000,0.3107,0.2742,0.0000,0.0000,0.0000,179.9996,0.0002,179.9096
11.0519,approaching,0.0000,0.3108,0.2741,0.0000,0.0000,0.0000,179.9996,0.0002,179.9096
11.0623,approaching,0.0000,0.3111,0.2743,0.0000,0.0000,0.0000,179.9995,-0.0000,179.9096
11.0728,approaching,0.0000,0.3114,0.2749,0.0000,0.0000,0.0000,179.9994,-0.0002,179.9095
11.0820,approaching,0.0000,0.3122,0.2757,0.0000,0.0000,0.0000,179.9994,-0.0002,179.9095
11.0922,approaching,0.0000,0.3127,0.2762,0.0000,0.0000,0.0000,179.9994,-0.0002,179.9095
11.1023,approaching,0.0000,0.3124,0.2762,0.0000,0.0000,0.0000,179.9996,0.0002,179.9095
11.1121,approaching,0.0000,0.3125,0.2763,0.0000,0.0000,0.0000,179.9996,0.0002,179.9095
11.1224,approaching,0.0000,0.3130,0.2768,0.0000,0.0000,0.0000,179.9996,0.0003,179.9095
11.1337,approaching,0.0000,0.3136,0.2776,0.0000,0.0000,0.0000,180.0000,0.0012,179.9094
11.1439,approaching,0.0000,0.3145,0.2785,0.0000,0.0000,0.0000,180.0000,0.0012,179.9094
11.1519,approaching,0.0000,0.3154,0.2795,0.0000,0.0000,0.0000,179.9998,0.0007,179.9094
11.1649,approaching,0.0000,0.3156,0.2799,0.0000,0.0000,0.0000,179.9995,-0.0000,179.9093
11.1719,approaching,0.0000,0.3154,0.2799,0.0000,0.0000,0.0000,179.9995,-0.0000,179.9093
11.1825,approaching,0.0000,0.3154,0.2800,0.0000,0.0000,0.0000,179.9993,-0.0004,179.9093
11.1919,approaching,0.0000,0.3157,0.2803,0.0000,0.0000,0.0000,179.9995,-0.0001,179.9093
11.2020,approaching,0.0000,0.3161,0.2810,0.0000,0.0000,0.0000,179.9995,-0.0001,179.9093
11.2125,approaching,0.0000,0.3166,0.2820,0.0000,0.0000,0.0000,179.9997,0.0005,179.9092
11.2226,approaching,0.0000,0.3173,0.2834,0.0000,0.0000,0.0000,179.9995,0.0002,179.9092
11.2320,approaching,0.0000,0.3176,0.2844,0.0000,0.0000,0.0000,179.9995,0.0002,179.9092
11.2429,approaching,0.0000,0.3179,0.2854,0.0000,0.0000,0.0000,179.9997,0.0006,179.9091
11.2521,approaching,0.0000,0.3185,0.2866,0.0000,0.0000,0.0000,179.9992,-0.0006,179.9091
11.2620,approaching,0.0000,0.3197,0.2883,0.0000,0.0000,0.0000,179.9992,-0.0006,179.9091
11.2732,approaching,0.0000,0.3208,0.2899,0.0000,0.0000,0.0000,179.9991,-0.0007,179.9091
11.2836,approaching,0.0000,0.3223,0.2921,0.0000,0.0000,0.0000,179.9996,0.0005,179.9091
11.2920,approaching,0.0000,0.3242,0.2947,0.0000,0.0000,0.0000,179.9996,0.0005,179.9091
11.3042,approaching,0.0000,0.3262,0.2972,0.0000,0.0000,0.0000,179.9995,-0.0000,179.9090
11.3119,approaching,0.0000,0.3279,0.2996,0.0000,0.0000,0.0000,179.9996,0.0005,179.9090
11.3220,approaching,0.0000,0.3297,0.3017,0.0000,0.0000,0.0000,179.9996,0.0005,179.9090
11.3341,approaching,0.0000,0.3314,0.3037,0.0000,0.0000,0.0000,179.9992,-0.0004,179.9090
11.3439,approaching,0.0000,0.3326,0.3054,0.0000,0.0000,0.0000,179.9995,0.0002,179.9089
11.3519,approaching,0.0000,0.3338,0.3070,0.0000,0.0000,0.0000,179.9995,0.0002,179.9089
11.3622,approaching,0.0000,0.3347,0.3082,0.0000,0.0000,0.0000,179.9995,0.0002,179.9089
11.3719,approaching,0.0000,0.3354,0.3090,0.0000,0.0000,0.0000,179.9993,-0.0001,179.9089
11.3831,approaching,0.0000,0.3363,0.3100,0.0000,0.0000,0.0000,179.9993,-0.0001,179.9089
11.3931,approaching,0.0000,0.3376,0.3112,0.0000,0.0000,0.0000,179.9992,-0.0004,179.9094
11.4019,approaching,0.0000,0.3389,0.3127,0.0000,0.0000,0.0000,179.9991,-0.0007,179.9093
11.4120,approaching,0.0000,0.3402,0.3141,0.0000,0.0000,0.0000,179.9991,-0.0007,179.9093
11.4219,approaching,0.0000,0.3416,0.3157,0.0000,0.0000,0.0000,179.9990,-0.0008,179.9093
11.4318,approaching,0.0000,0.3430,0.3173,0.0000,0.0000,0.0000,179.9987,-0.0015,179.9093
11.4430,approaching,0.0000,0.3441,0.3184,0.0000,0.0000,0.0000,179.9987,-0.0015,179.9093
11.4528,approaching,0.0000,0.3450,0.3192,0.0000,0.0000,0.0000,179.9990,-0.0009,179.9092
11.4645,approaching,0.0000,0.3457,0.3199,0.0000,0.0000,0.0000,179.9987,-0.0016,179.9092
11.4719,approaching,0.0000,0.3467,0.3209,0.0000,0.0000,0.0000,179.9987,-0.0016,179.9092
11.4820,approaching,0.0000,0.3480,0.3222,0.0000,0.0000,0.0000,179.9986,-0.0018,179.9092
11.4925,approaching,0.0000,0.3488,0.3231,0.0000,0.0000,0.0000,179.9987,-0.0014,179.9091
11.5020,approaching,0.0000,0.3499,0.3243,0.0000,0.0000,0.0000,179.9987,-0.0014,179.9091
11.5133,approaching,0.0000,0.3515,0.3255,0.0000,0.0000,0.0000,179.9992,-0.0003,179.9091
11.5223,approaching,0.0000,0.3527,0.3264,0.0000,0.0000,0.0000,179.9988,-0.0012,179.9091
11.5336,approaching,0.0000,0.3535,0.3269,0.0000,0.0000,0.0000,179.9988,-0.0012,179.9091
11.5422,approaching,0.0000,0.3548,0.3275,0.0000,0.0000,0.0000,179.9985,-0.0019,179.9090
11.5518,approaching,0.0000,0.3554,0.3276,0.0000,0.0000,0.0000,179.9984,-0.0021,179.9090
11.5623,approaching,0.0000,0.3553,0.3271,0.0000,0.0000,0.0000,179.9984,-0.0021,179.9090
11.5730,approaching,0.0000,0.3554,0.3266,0.0000,0.0000,0.0000,179.9985,-0.0018,179.9095
11.5819,approaching,0.0000,0.3550,0.3255,0.0000,0.0000,0.0000,179.9988,-0.0012,179.9095
11.5936,approaching,0.0000,0.3536,0.3237,0.0000,0.0000,0.0000,179.9988,-0.0012,179.9095
11.6018,approaching,0.0000,0.3523,0.3219,0.0000,0.0000,0.0000,179.9989,-0.0009,179.9095
11.6118,approaching,0.0000,0.3509,0.3200,0.0000,0.0000,0.0000,179.9992,-0.0002,179.9094
11.6239,approaching,0.0000,0.3490,0.3180,0.0000,0.0000,0.0000,179.9992,-0.0002,179.9094
11.6334,approaching,0.0000,0.3476,0.3163,0.0000,0.0000,0.0000,179.9994,0.0002,179.9094
11.6427,approaching,0.0000,0.3464,0.3147,0.0000,0.0000,0.0000,179.9994,0.0002,179.9094
11.6529,approaching,0.0000,0.3447,0.3126,0.0000,0.0000,0.0000,179.9994,0.0002,179.9094
11.6627,approaching,0.0000,0.3429,0.3106,0.0000,0.0000,0.0000,179.9989,-0.0009,179.9093
11.6735,approaching,0.0000,0.3410,0.3085,0.0000,0.0000,0.0000,179.9987,-0.0012,179.9093
11.6838,approaching,0.0000,0.3384,0.3060,0.0000,0.0000,0.0000,179.9987,-0.0012,179.9093
11.6927,approaching,0.0000,0.3358,0.3032,0.0000,0.0000,0.0000,179.9987,-0.0013,179.9093
11.7026,approaching,0.0000,0.3332,0.3003,0.0000,0.0000,0.0000,179.9994,0.0003,179.9092
11.7125,approaching,0.0000,0.3303,0.2972,0.0000,0.0000,0.0000,179.9994,0.0003,179.9092
11.7222,approaching,0.0000,0.3280,0.2946,0.0000,0.0000,0.0000,179.9994,0.0004,179.9092
11.7318,approaching,0.0000,0.3258,0.2921,0.0000,0.0000,0.0000,179.9992,-0.0001,179.9091
11.7419,approaching,0.0000,0.3235,0.2898,0.0000,0.0000,0.0000,179.9992,-0.0001,179.9091
11.7536,approaching,0.0000,0.3216,0.2879,0.0000,0.0000,0.0000,179.9984,-0.0018,179.9091
11.7630,approaching,0.0000,0.3203,0.2862,0.0000,0.0000,0.0000,179.9985,-0.0018,179.9091
11.7740,approaching,0.0000,0.3187,0.2844,0.0000,0.0000,0.0000,179.9985,-0.0018,179.9091
11.7831,approaching,0.0000,0.3171,0.2827,0.0000,0.0000,0.0000,179.9982,-0.0024,179.9096
11.7940,approaching,0.0000,0.3156,0.2810,0.0000,0.0000,0.0000,179.9984,-0.0020,179.9096
11.8025,approaching,0.0000,0.3137,0.2789,0.0000,0.0000,0.0000,179.9984,-0.0020,179.9096
11.8121,approaching,0.0000,0.3111,0.2764,0.0000,0.0000,0.0000,179.9991,-0.0003,179.9095
11.8224,approaching,0.0000,0.3091,0.2742,0.0000,0.0000,0.0000,179.9990,-0.0005,179.9095
11.8319,approaching,0.0000,0.3075,0.2724,0.0000,0.0000,0.0000,179.9990,-0.0005,179.9095
11.8422,approaching,0.0000,0.3057,0.2708,0.0000,0.0000,0.0000,179.9990,-0.0004,179.9094
11.8519,approaching,0.0000,0.3044,0.2695,0.0000,0.0000,0.0000,179.9987,-0.0012,179.9094
11.8619,approaching,0.0000,0.3035,0.2686,0.0000,0.0000,0.0000,179.9987,-0.0012,179.9094
11.8738,approaching,0.0000,0.3021,0.2675,0.0000,0.0000,0.0000,179.9985,-0.0016,179.9094
11.8818,approaching,0.0000,0.3011,0.2667,0.0000,0.0000,0.0000,179.9986,-0.0013,179.9093
11.8923,approaching,0.0000,0.3010,0.2664,0.0000,0.0000,0.0000,179.9986,-0.0013,179.9093
11.9023,approaching,0.0000,0.3008,0.2661,0.0000,0.0000,0.0000,179.9986,-0.0014,179.9093
11.9139,approaching,0.0000,0.3006,0.2659,0.0000,0.0000,0.0000,179.9984,-0.0019,179.9093
11.9223,approaching,0.0000,0.3007,0.2660,0.0000,0.0000,0.0000,179.9984,-0.0019,179.9093
11.9318,approaching,0.0000,0.3007,0.2661,0.0000,0.0000,0.0000,179.9986,-0.0013,179.9092
11.9419,approaching,0.0000,0.3008,0.2662,0.0000,0.0000,0.0000,179.9983,-0.0020,179.9092
11.9521,approaching,0.0000,0.3008,0.2663,0.0000,0.0000,0.0000,179.9983,-0.0020,179.9092
11.9626,approaching,0.0000,0.3012,0.2666,0.0000,0.0000,0.0000,179.9976,-0.0036,179.9091
11.9732,approaching,0.0000,0.3020,0.2672,0.0000,0.0000,0.0000,179.9981,-0.0023,179.9091
11.9818,approaching,0.0000,0.3027,0.2677,0.0000,0.0000,0.0000,179.9981,-0.0023,179.9091
11.9936,approaching,0.0000,0.3033,0.2682,0.0000,0.0000,0.0000,179.9985,-0.0016,179.9091
12.0018,approaching,0.0000,0.3046,0.2693,0.0000,0.0000,0.0000,179.9989,-0.0007,179.9090
12.0120,approaching,0.0000,0.3060,0.2707,0.0000,0.0000,0.0000,179.9989,-0.0007,179.9090
12.0246,approaching,0.0000,0.3070,0.2716,0.0000,0.0000,0.0000,179.9989,-0.0007,179.9090
12.0340,approaching,0.0000,0.3078,0.2722,0.0000,0.0000,0.0000,179.9987,-0.0010,179.9090
12.0422,approaching,0.0000,0.3084,0.2728,0.0000,0.0000,0.0000,179.9987,-0.0010,179.9090
12.0520,approaching,0.0000,0.3090,0.2734,0.0000,0.0000,0.0000,179.9981,-0.0022,179.9090
12.0619,approaching,0.0000,0.3098,0.2743,0.0000,0.0000,0.0000,179.9984,-0.0016,179.9089
12.0725,approaching,0.0000,0.3108,0.2754,0.0000,0.0000,0.0000,179.9984,-0.0016,179.9089
12.0824,approaching,0.0000,0.3118,0.2765,0.0000,0.0000,0.0000,179.9982,-0.0020,179.9089
12.0923,approaching,0.0000,0.3131,0.2778,0.0000,0.0000,0.0000,179.9982,-0.0020,179.9089
12.1020,approaching,0.0000,0.3141,0.2787,0.0000,0.0000,0.0000,179.9982,-0.0020,179.9089
12.1120,approaching,0.0000,0.3150,0.2795,0.0000,0.0000,0.0000,179.9985,-0.0013,179.9088
12.1219,approaching,0.0000,0.3158,0.2804,0.0000,0.0000,0.0000,179.9988,-0.0007,179.9088
12.1332,approaching,0.0000,0.3163,0.2809,0.0000,0.0000,0.0000,179.9988,-0.0007,179.9088
12.1442,approaching,0.0000,0.3166,0.2811,0.0000,0.0000,0.0000,179.9988,-0.0006,179.9088
12.1523,approaching,0.0000,0.3166,0.2809,0.0000,0.0000,0.0000,179.9987,-0.0008,179.9087
12.1622,approaching,0.0000,0.3163,0.2806,0.0000,0.0000,0.0000,179.9987,-0.0008,179.9087
12.1729,approaching,0.0000,0.3161,0.2802,0.0000,0.0000,0.0000,179.9988,-0.0007,179.9087
12.1820,approaching,0.0000,0.3156,0.2796,0.0000,0.0000,0.0000,179.9989,-0.0005,179.9086
12.1920,approaching,0.0000,0.3147,0.2788,0.0000,0.0000,0.0000,179.9989,-0.0005,179.9086
12.2026,approaching,0.0000,0.3139,0.2780,0.0000,0.0000,0.0000,179.9989,-0.0004,179.9092
12.2139,approaching,0.0000,0.3134,0.2776,0.0000,0.0000,0.0000,179.9993,0.0005,179.9091
12.2237,approaching,0.0000,0.3127,0.2769,0.0000,0.0000,0.0000,179.9993,0.0005,179.9091
12.2320,approaching,0.0000,0.3117,0.2759,0.0000,0.0000,0.0000,179.9986,-0.0010,179.9091
12.2435,approaching,0.0000,0.3106,0.2750,0.0000,0.0000,0.0000,179.9986,-0.0009,179.9091
12.2524,approaching,0.0000,0.3100,0.2745,0.0000,0.0000,0.0000,179.9986,-0.0009,179.9091
12.2621,approaching,0.0000,0.3094,0.2740,0.0000,0.0000,0.0000,179.9991,0.0002,179.9090
12.2721,approaching,0.0000,0.3087,0.2735,0.0000,0.0000,0.0000,179.9990,-0.0001,179.9090
12.2828,approaching,0.0000,0.3080,0.2730,0.0000,0.0000,0.0000,179.9990,-0.0001,179.9090
12.2919,approaching,0.0000,0.3077,0.2729,0.0000,0.0000,0.0000,179.9991,0.0001,179.9090
12.3020,approaching,0.0000,0.3071,0.2725,0.0000,0.0000,0.0000,179.9988,-0.0005,179.9095
12.3120,approaching,0.0000,0.3062,0.2718,0.0000,0.0000,0.0000,179.9988,-0.0005,179.9095
12.3233,approaching,0.0000,0.3053,0.2712,0.0000,0.0000,0.0000,179.9986,-0.0009,179.9094
12.3330,approaching,0.0000,0.3049,0.2708,0.0000,0.0000,0.0000,179.9987,-0.0008,179.9094
12.3430,approaching,0.0000,0.3042,0.2701,0.0000,0.0000,0.0000,179.9987,-0.0008,179.9094
12.3520,approaching,0.0000,0.3036,0.2695,0.0000,0.0000,0.0000,179.9988,-0.0005,179.9094
12.3651,approaching,0.0000,0.3027,0.2687,0.0000,0.0000,0.0000,179.9987,-0.0008,179.9093
12.3727,approaching,0.0000,0.3016,0.2677,0.0000,0.0000,0.0000,179.9987,-0.0008,179.9093
12.3820,approaching,0.0000,0.3003,0.2664,0.0000,0.0000,0.0000,179.9990,0.0001,179.9093
12.3924,approaching,0.0000,0.2987,0.2649,0.0000,0.0000,0.0000,179.9985,-0.0011,179.9092
12.4022,approaching,0.0000,0.2970,0.2635,0.0000,0.0000,0.0000,179.9985,-0.0011,179.9092
12.4119,approaching,0.0000,0.2956,0.2622,0.0000,0.0000,0.0000,179.9985,-0.0011,179.9092
12.4219,approaching,0.0000,0.2940,0.2606,0.0000,0.0000,0.0000,179.9992,-0.0009,179.9092
12.4326,approaching,0.0000,0.2921,0.2589,0.0000,0.0000,0.0000,179.9992,-0.0009,179.9092
12.4420,approaching,0.0000,0.2903,0.2572,0.0000,0.0000,0.0000,179.9989,-0.0015,179.9092
12.4533,approaching,0.0000,0.2887,0.2555,0.0000,0.0000,0.0000,179.9992,-0.0009,179.9091
12.4620,approaching,0.0000,0.2872,0.2539,0.0000,0.0000,0.0000,179.9992,-0.0009,179.9091
12.4738,approaching,0.0000,0.2858,0.2524,0.0000,0.0000,0.0000,179.9996,-0.0000,179.9091
12.4819,approaching,0.0000,0.2844,0.2509,0.0000,0.0000,0.0000,179.9999,0.0008,179.9091
12.4922,approaching,0.0000,0.2827,0.2492,0.0000,0.0000,0.0000,179.9999,0.0008,179.9091
12.5029,approaching,0.0000,0.2812,0.2476,0.0000,0.0000,0.0000,179.9997,0.0002,179.9090
12.5142,approaching,0.0000,0.2796,0.2458,0.0000,0.0000,0.0000,179.9996,0.0002,179.9090
12.5220,approaching,0.0000,0.2780,0.2440,0.0000,0.0000,0.0000,179.9996,0.0002,179.9090
12.5341,approaching,0.0000,0.2766,0.2422,0.0000,0.0000,0.0000,179.9995,-0.0000,179.9090
12.5419,approaching,0.0000,0.2750,0.2403,0.0000,0.0000,0.0000,179.9993,-0.0006,179.9090
12.5519,approaching,0.0000,0.2732,0.2382,0.0000,0.0000,0.0000,179.9993,-0.0006,179.9090
12.5650,approaching,0.0000,0.2714,0.2363,0.0000,0.0000,0.0000,179.9998,0.0005,179.9089
12.5723,approaching,0.0000,0.2698,0.2344,0.0000,0.0000,0.0000,179.9997,0.0004,179.9088
12.5819,approaching,0.0000,0.2684,0.2326,0.0000,0.0000,0.0000,179.9997,0.0004,179.9088
12.5940,approaching,0.0000,0.2664,0.2304,0.0000,0.0000,0.0000,179.9993,-0.0004,179.9088
12.6018,approaching,0.0000,0.2640,0.2280,0.0000,0.0000,0.0000,179.9995,-0.0002,179.9088
12.6120,approaching,0.0000,0.2618,0.2254,0.0000,0.0000,0.0000,179.9995,-0.0002,179.9088
12.6236,approaching,0.0000,0.2593,0.2227,0.0000,0.0000,0.0000,179.9992,-0.0008,179.9088
12.6322,approaching,0.0000,0.2568,0.2200,0.0000,0.0000,0.0000,179.9993,-0.0005,179.9087
12.6422,approaching,0.0000,0.2547,0.2174,0.0000,0.0000,0.0000,179.9993,-0.0005,179.9087
12.6533,approaching,0.0000,0.2524,0.2148,0.0000,0.0000,0.0000,179.9993,-0.0005,179.9087
12.6631,approaching,0.0000,0.2500,0.2123,0.0000,0.0000,0.0000,179.9994,-0.0002,179.9087
12.6724,approaching,0.0000,0.2481,0.2101,0.0000,0.0000,0.0000,179.9994,-0.0002,179.9087
12.6820,approaching,0.0000,0.2464,0.2081,0.0000,0.0000,0.0000,179.9993,-0.0004,179.9086
12.6919,approaching,0.0000,0.2446,0.2061,0.0000,0.0000,0.0000,179.9993,-0.0004,179.9091
12.7024,approaching,0.0000,0.2433,0.2045,0.0000,0.0000,0.0000,179.9993,-0.0004,179.9091
12.7141,approaching,0.0000,0.2420,0.2026,0.0000,0.0000,0.0000,179.9993,-0.0005,179.9091
12.7221,approaching,0.0000,0.2403,0.2005,0.0000,0.0000,0.0000,179.9989,-0.0014,179.9094
12.7318,approaching,0.0000,0.2388,0.0000,0.0000,0.0000,0.0000,179.9989,-0.0014,179.9094
12.7421,approaching,0.0000,0.2375,0.0000,0.0000,0.0000,0.0000,179.9991,-0.0009,179.9094
12.7520,approaching,0.0000,0.2358,0.0000,0.0000,0.0000,0.0000,179.9992,-0.0006,179.9090
12.7629,approaching,0.0000,0.2345,0.0000,0.0000,0.0000,0.0000,179.9992,-0.0006,179.9090
12.7728,approaching,0.0000,0.2336,0.0000,0.0000,0.0000,0.0000,179.9992,-0.0006,179.9090
12.7824,approaching,0.0000,0.2326,0.0000,0.0000,0.0000,0.0000,179.9993,-0.0003,179.9089
12.7919,approaching,0.0000,0.2320,0.0000,0.0000,0.0000,0.0000,179.9993,-0.0003,179.9089
12.8034,approaching,0.0000,0.2315,0.0000,0.0000,0.0000,0.0000,179.9991,-0.0007,179.9093
12.8118,approaching,0.0000,0.2309,0.0000,0.0000,0.0000,0.0000,179.9993,-0.0005,179.9088
12.8236,approaching,0.0000,0.2305,0.0000,0.0000,0.0000,0.0000,179.9993,-0.0005,179.9088
12.8323,approaching,0.0000,0.2300,0.0000,0.0000,0.0000,0.0000,179.9995,0.0001,179.9094
12.8420,approaching,0.0000,0.2296,0.0000,0.0000,0.0000,0.0000,179.9992,-0.0006,179.9093
12.8519,approaching,0.0000,0.2295,0.0000,0.0000,0.0000,0.0000,179.9992,-0.0006,179.9093
12.8619,approaching,0.0000,0.2287,0.0000,0.0000,0.0000,0.0000,179.9988,-0.0014,179.9093
12.8718,approaching,0.0000,0.2277,0.0000,0.0000,0.0000,0.0000,179.9983,-0.0025,179.9093
12.8821,approaching,0.0000,0.2268,0.0000,0.0000,0.0000,0.0000,179.9983,-0.0025,179.9093
12.8946,approaching,0.0000,0.2263,0.0000,0.0000,0.0000,0.0000,179.9983,-0.0026,179.9092
12.9018,approaching,0.0000,0.2258,0.0000,0.0000,0.0000,0.0000,179.9986,-0.0018,179.9092
12.9127,approaching,0.0000,0.2256,0.0000,0.0000,0.0000,0.0000,179.9986,-0.0018,179.9092
12.9221,approaching,0.0000,0.2253,0.0000,0.0000,0.0000,0.0000,179.9986,-0.0019,179.9092
12.9318,approaching,0.0000,0.2251,0.0000,0.0000,0.0000,0.0000,179.9992,-0.0004,179.9091
12.9425,approaching,0.0000,0.2251,0.0000,0.0000,0.0000,0.0000,179.9992,-0.0004,179.9091
12.9539,approaching,0.0000,0.2251,0.0000,0.0000,0.0000,0.0000,179.9990,-0.0008,179.9091
12.9639,approaching,0.0000,0.2252,0.0000,0.0000,0.0000,0.0000,179.9992,-0.0005,179.9091
12.9727,approaching,0.0000,0.2253,0.0000,0.0000,0.0000,0.0000,179.9992,-0.0005,179.9091
12.9819,approaching,0.0000,0.2254,0.0000,0.0000,0.0000,0.0000,179.9992,-0.0005,179.9090
12.9923,approaching,0.0000,0.2257,0.0000,0.0000,0.0000,0.0000,179.9990,-0.0009,179.9090
13.0020,approaching,0.0000,0.2264,0.0000,0.0000,0.0000,0.0000,179.9990,-0.0009,179.9090
13.0123,approaching,0.0000,0.2271,0.0000,0.0000,0.0000,0.0000,179.9990,-0.0009,179.9090
13.0223,approaching,0.0000,0.2282,0.0000,0.0000,0.0000,0.0000,179.9990,-0.0009,179.9090
13.0318,approaching,0.0000,0.2295,0.0000,0.0000,0.0000,0.0000,179.9990,-0.0009,179.9090
13.0421,approaching,0.0000,0.2303,0.0000,0.0000,0.0000,0.0000,179.9993,-0.0001,179.9089
13.0521,approaching,0.0000,0.2313,0.0000,0.0000,0.0000,0.0000,179.9992,-0.0004,179.9089
13.0629,approaching,0.0000,0.2320,0.0000,0.0000,0.0000,0.0000,179.9992,-0.0004,179.9089
13.0731,approaching,0.0000,0.2324,0.0000,0.0000,0.0000,0.0000,179.9992,-0.0004,179.9088
13.0833,approaching,0.0000,0.2327,0.0000,0.0000,0.0000,0.0000,179.9993,-0.0016,179.9088
13.0922,approaching,0.0000,0.2334,0.0000,0.0000,0.0000,0.0000,179.9993,-0.0016,179.9088
13.1022,approaching,0.0000,0.2341,0.0000,0.0000,0.0000,0.0000,179.9991,-0.0019,179.9088
13.1123,approaching,0.0000,0.2348,0.0000,0.0000,0.0000,0.0000,179.9989,-0.0024,179.9087
13.1224,approaching,0.0000,0.2354,0.0000,0.0000,0.0000,0.0000,179.9989,-0.0024,179.9087
13.1323,approaching,0.0000,0.2362,0.0000,0.0000,0.0000,0.0000,179.9990,-0.0021,179.9087
13.1418,approaching,0.0000,0.2367,0.0000,0.0000,0.0000,0.0000,179.9993,-0.0015,179.9087
13.1544,approaching,0.0000,0.2367,0.0000,0.0000,0.0000,0.0000,179.9993,-0.0015,179.9087
13.1623,approaching,0.0000,0.2373,0.0000,0.0000,0.0000,0.0000,179.9994,-0.0013,179.9086
13.1721,approaching,0.0000,0.2378,0.0000,0.0000,0.0000,0.0000,179.9993,-0.0013,179.9086
13.1840,approaching,0.0000,0.2383,0.0000,0.0000,0.0000,0.0000,179.9993,-0.0013,179.9086
13.1925,approaching,0.0000,0.2396,0.0000,0.0000,0.0000,0.0000,179.9989,-0.0024,179.9091
13.2024,approaching,0.0000,0.2409,0.0000,0.0000,0.0000,0.0000,179.9988,-0.0025,179.9091
13.2119,approaching,0.0000,0.2424,0.0000,0.0000,0.0000,0.0000,179.9988,-0.0025,179.9091
13.2219,approaching,0.0000,0.2443,0.2013,0.0000,0.0000,0.0000,179.9993,-0.0013,179.9091
13.2327,approaching,0.0000,0.2457,0.2029,0.0000,0.0000,0.0000,179.9994,-0.0011,179.9094
13.2443,approaching,0.0000,0.2468,0.2044,0.0000,0.0000,0.0000,179.9994,-0.0011,179.9094
13.2527,approaching,0.0000,0.2484,0.2061,0.0000,0.0000,0.0000,179.9994,-0.0012,179.9093
13.2637,approaching,0.0000,0.2497,0.2074,0.0000,0.0000,0.0000,179.9993,-0.0014,179.9089
13.2738,approaching,0.0000,0.2504,0.2084,0.0000,0.0000,0.0000,179.9993,-0.0014,179.9089
13.2825,approaching,0.0000,0.2514,0.2095,0.0000,0.0000,0.0000,179.9994,-0.0010,179.9089
13.2919,approaching,0.0000,0.2525,0.2106,0.0000,0.0000,0.0000,179.9994,-0.0010,179.9089
13.3018,approaching,0.0000,0.2534,0.2117,0.0000,0.0000,0.0000,179.9994,-0.0010,179.9089
13.3131,approaching,0.0000,0.2545,0.2130,0.0000,0.0000,0.0000,179.9991,-0.0018,179.9089
13.3224,approaching,0.0000,0.2559,0.2145,0.0000,0.0000,0.0000,179.9991,-0.0017,179.9092
13.3321,approaching,0.0000,0.2574,0.2163,0.0000,0.0000,0.0000,179.9991,-0.0017,179.9092
13.3420,approaching,0.0000,0.2594,0.2186,0.0000,0.0000,0.0000,179.9996,-0.0007,179.9091
13.3527,approaching,0.0000,0.2614,0.2207,0.0000,0.0000,0.0000,179.9999,-0.0012,179.9096
13.3635,approaching,0.0000,0.2630,0.2224,0.0000,0.0000,0.0000,179.9999,-0.0012,179.9096
13.3730,approaching,0.0000,0.2645,0.2240,0.0000,0.0000,0.0000,179.9999,-0.0012,179.9096
13.3819,approaching,0.0000,0.2664,0.2258,0.0000,0.0000,0.0000,-179.9999,-0.0008,179.9096
13.3941,approaching,0.0000,0.2680,0.2276,0.0000,0.0000,0.0000,-179.9999,-0.0008,179.9096
13.4019,approaching,0.0000,0.2696,0.2296,0.0000,0.0000,0.0000,179.9999,-0.0012,179.9096
13.4118,approaching,0.0000,0.2714,0.2314,0.0000,0.0000,0.0000,179.9993,-0.0025,179.9095
13.4222,approaching,0.0000,0.2734,0.2335,0.0000,0.0000,0.0000,179.9993,-0.0025,179.9095
13.4339,approaching,0.0000,0.2754,0.2358,0.0000,0.0000,0.0000,179.9993,-0.0025,179.9095
13.4426,approaching,0.0000,0.2779,0.2385,0.0000,0.0000,0.0000,179.9997,-0.0017,179.9095
13.4522,approaching,0.0000,0.2805,0.2415,0.0000,0.0000,0.0000,179.9997,-0.0017,179.9095
13.4643,approaching,0.0000,0.2830,0.2447,0.0000,0.0000,0.0000,179.9999,-0.0011,179.9094
13.4720,approaching,0.0000,0.2857,0.2479,0.0000,0.0000,0.0000,180.0000,-0.0009,179.9094
13.4822,approaching,0.0000,0.2884,0.2510,0.0000,0.0000,0.0000,180.0000,-0.0009,179.9094
13.4926,approaching,0.0000,0.2907,0.2536,0.0000,0.0000,0.0000,179.9998,-0.0014,179.9093
13.5025,approaching,0.0000,0.2929,0.2560,0.0000,0.0000,0.0000,180.0000,-0.0008,179.9093
13.5121,approaching,0.0000,0.2947,0.2581,0.0000,0.0000,0.0000,180.0000,-0.0008,179.9093
13.5220,approaching,0.0000,0.2959,0.2594,0.0000,0.0000,0.0000,-179.9998,-0.0004,179.9093
13.5325,approaching,0.0000,0.2970,0.2607,0.0000,0.0000,0.0000,180.0000,-0.0008,179.9092
13.5426,approaching,0.0000,0.2983,0.2618,0.0000,0.0000,0.0000,180.0000,-0.0008,179.9092
13.5538,approaching,0.0000,0.2998,0.2631,0.0000,0.0000,0.0000,-179.9997,-0.0002,179.9092
13.5632,approaching,0.0000,0.3014,0.2647,0.0000,0.0000,0.0000,-179.9999,-0.0006,179.9092
13.5725,approaching,0.0000,0.3032,0.2664,0.0000,0.0000,0.0000,-179.9999,-0.0006,179.9092
13.5820,approaching,0.0000,0.3050,0.2681,0.0000,0.0000,0.0000,179.9999,-0.0012,179.9091
13.5919,approaching,0.0000,0.3067,0.2697,0.0000,0.0000,0.0000,180.0000,-0.0008,179.9091
13.6023,approaching,0.0000,0.3083,0.2712,0.0000,0.0000,0.0000,180.0000,-0.0008,179.9091
13.6131,approaching,0.0000,0.3099,0.2725,0.0000,0.0000,0.0000,-179.9997,-0.0002,179.9091
13.6220,approaching,0.0000,0.3115,0.2738,0.0000,0.0000,0.0000,180.0000,-0.0007,179.9090
13.6329,approaching,0.0000,0.3126,0.2748,0.0000,0.0000,0.0000,180.0000,-0.0007,179.9090
13.6430,approaching,0.0000,0.3137,0.2757,0.0000,0.0000,0.0000,-179.9997,-0.0002,179.9090
13.6518,approaching,0.0000,0.3147,0.2766,0.0000,0.0000,0.0000,180.0000,-0.0008,179.9090
13.6630,approaching,0.0000,0.3159,0.2778,0.0000,0.0000,0.0000,180.0000,-0.0008,179.9090
13.6739,approaching,0.0000,0.3173,0.2792,0.0000,0.0000,0.0000,180.0000,-0.0008,179.9090
13.6828,approaching,0.0000,0.3187,0.2805,0.0000,0.0000,0.0000,180.0000,-0.0007,179.9089
13.6925,approaching,0.0000,0.3197,0.2814,0.0000,0.0000,0.0000,180.0000,-0.0007,179.9089
13.7019,approaching,0.0000,0.3207,0.2823,0.0000,0.0000,0.0000,180.0000,-0.0009,179.9089
13.7141,approaching,0.0000,0.3213,0.2829,0.0000,0.0000,0.0000,179.9998,-0.0013,179.9094
13.7219,approaching,0.0000,0.3213,0.2829,0.0000,0.0000,0.0000,179.9998,-0.0013,179.9094
13.7330,approaching,0.0000,0.3210,0.2826,0.0000,0.0000,0.0000,179.9999,-0.0011,179.9094
13.7422,approaching,0.0000,0.3210,0.2823,0.0000,0.0000,0.0000,179.9996,-0.0018,179.9093
13.7519,approaching,0.0000,0.3206,0.2816,0.0000,0.0000,0.0000,179.9996,-0.0018,179.9093
13.7619,approaching,0.0000,0.3202,0.2809,0.0000,0.0000,0.0000,179.9995,-0.0018,179.9093
13.7721,approaching,0.0000,0.3200,0.2802,0.0000,0.0000,0.0000,179.9995,-0.0019,179.9093
13.7821,approaching,0.0000,0.3194,0.2794,0.0000,0.0000,0.0000,179.9995,-0.0019,179.9093
13.7922,approaching,0.0000,0.3186,0.2782,0.0000,0.0000,0.0000,179.9994,-0.0021,179.9092
13.8037,approaching,0.0000,0.3179,0.2771,0.0000,0.0000,0.0000,179.9996,-0.0017,179.9098
13.8122,approaching,0.0000,0.3173,0.2760,0.0000,0.0000,0.0000,179.9996,-0.0017,179.9098
13.8237,approaching,0.0000,0.3171,0.2757,0.0000,0.0000,0.0000,179.9996,-0.0015,179.9097
13.8321,approaching,0.0000,0.3172,0.2756,0.0000,0.0000,0.0000,179.9996,-0.0016,179.9097
13.8432,approaching,0.0000,0.3170,0.2753,0.0000,0.0000,0.0000,179.9996,-0.0016,179.9097
13.8529,approaching,0.0000,0.3164,0.2749,0.0000,0.0000,0.0000,179.9995,-0.0017,179.9096
13.8644,approaching,0.0000,0.3158,0.2744,0.0000,0.0000,0.0000,179.9996,-0.0016,179.9096
13.8719,approaching,0.0000,0.3152,0.2736,0.0000,0.0000,0.0000,179.9996,-0.0016,179.9096
13.8832,approaching,0.0000,0.3142,0.2726,0.0000,0.0000,0.0000,-179.9999,-0.0005,179.9096
13.8920,approaching,0.0000,0.3132,0.2717,0.0000,0.0000,0.0000,179.9999,-0.0008,179.9095
13.9036,approaching,0.0000,0.3121,0.2705,0.0000,0.0000,0.0000,179.9999,-0.0008,179.9095
13.9137,approaching,0.0000,0.3106,0.2692,0.0000,0.0000,0.0000,179.9997,-0.0013,179.9095
13.9219,approaching,0.0000,0.3091,0.2679,0.0000,0.0000,0.0000,180.0000,-0.0007,179.9095
13.9329,approaching,0.0000,0.3082,0.2669,0.0000,0.0000,0.0000,180.0000,-0.0007,179.9095
13.9426,approaching,0.0000,0.3067,0.2654,0.0000,0.0000,0.0000,179.9999,-0.0008,179.9094
13.9519,approaching,0.0000,0.3054,0.2643,0.0000,0.0000,0.0000,179.9995,-0.0017,179.9094
13.9618,approaching,0.0000,0.3046,0.2636,0.0000,0.0000,0.0000,179.9995,-0.0017,179.9094
13.9738,approaching,0.0000,0.3038,0.2630,0.0000,0.0000,0.0000,179.9994,-0.0020,179.9094
13.9830,approaching,0.0000,0.3032,0.2626,0.0000,0.0000,0.0000,179.9997,-0.0012,179.9093
13.9923,approaching,0.0000,0.3033,0.2628,0.0000,0.0000,0.0000,179.9997,-0.0012,179.9093
14.0023,approaching,0.0000,0.3035,0.2629,0.0000,0.0000,0.0000,179.9997,-0.0012,179.9093
14.0121,approaching,0.0000,0.3038,0.2634,0.0000,0.0000,0.0000,180.0000,-0.0005,179.9092
14.0221,approaching,0.0000,0.3047,0.2644,0.0000,0.0000,0.0000,180.0000,-0.0005,179.9092
14.0323,approaching,0.0000,0.3056,0.2654,0.0000,0.0000,0.0000,180.0000,-0.0004,179.9092
14.0446,approaching,0.0000,0.3062,0.2664,0.0000,0.0000,0.0000,-179.9997,0.0001,179.9092
14.0542,approaching,0.0000,0.3076,0.2679,0.0000,0.0000,0.0000,-179.9997,0.0001,179.9092
14.0619,approaching,0.0000,0.3089,0.2693,0.0000,0.0000,0.0000,-179.9997,0.0001,179.9092
14.0735,approaching,0.0000,0.3099,0.2707,0.0000,0.0000,0.0000,179.9999,-0.0007,179.9091
14.0823,approaching,0.0000,0.3115,0.2726,0.0000,0.0000,0.0000,179.9999,-0.0007,179.9091
14.0920,approaching,0.0000,0.3134,0.2748,0.0000,0.0000,0.0000,179.9998,-0.0009,179.9091
14.1022,approaching,0.0000,0.3151,0.2772,0.0000,0.0000,0.0000,179.9995,-0.0016,179.9091
14.1126,approaching,0.0000,0.3174,0.2799,0.0000,0.0000,0.0000,179.9995,-0.0016,179.9091
14.1225,approaching,0.0000,0.3198,0.2826,0.0000,0.0000,0.0000,179.9991,-0.0012,179.9090
14.1319,approaching,0.0000,0.3217,0.2848,0.0000,0.0000,0.0000,179.9994,-0.0004,179.9090
14.1430,approaching,0.0000,0.3237,0.2872,0.0000,0.0000,0.0000,179.9994,-0.0004,179.9090
14.1519,approaching,0.0000,0.3258,0.2894,0.0000,0.0000,0.0000,179.9997,0.0002,179.9090
14.1637,approaching,0.0000,0.3276,0.2916,0.0000,0.0000,0.0000,179.9995,-0.0002,179.9089
14.1725,approaching,0.0000,0.3298,0.2942,0.0000,0.0000,0.0000,179.9995,-0.0002,179.9089
14.1823,approaching,0.0000,0.3326,0.2973,0.0000,0.0000,0.0000,179.9992,-0.0008,179.9089
14.1928,approaching,0.0000,0.3352,0.3002,0.0000,0.0000,0.0000,179.9985,-0.0024,179.9088
14.2020,approaching,0.0000,0.3379,0.3032,0.0000,0.0000,0.0000,179.9985,-0.0024,179.9088
14.2125,approaching,0.0000,0.3412,0.3066,0.0000,0.0000,0.0000,179.9986,-0.0023,179.9088
14.2218,approaching,0.0000,0.3440,0.3096,0.0000,0.0000,0.0000,179.9989,-0.0015,179.9088
14.2328,approaching,0.0000,0.3465,0.3125,0.0000,0.0000,0.0000,179.9989,-0.0015,179.9088
14.2430,approaching,0.0000,0.3498,0.3156,0.0000,0.0000,0.0000,179.9995,-0.0002,179.9087
14.2525,approaching,0.0000,0.3525,0.3183,0.0000,0.0000,0.0000,179.9990,-0.0013,179.9093
14.2621,approaching,0.0000,0.3549,0.3209,0.0000,0.0000,0.0000,179.9990,-0.0013,179.9093
14.2736,approaching,0.0000,0.3578,0.3236,0.0000,0.0000,0.0000,179.9990,-0.0013,179.9092
14.2821,approaching,0.0000,0.3602,0.3260,0.0000,0.0000,0.0000,179.9983,-0.0029,179.9092
14.2926,approaching,0.0000,0.3620,0.3279,0.0000,0.0000,0.0000,179.9983,-0.0029,179.9092
14.3026,approaching,0.0000,0.3642,0.3299,0.0000,0.0000,0.0000,179.9983,-0.0028,179.9092
14.3120,approaching,0.0000,0.3660,0.3316,0.0000,0.0000,0.0000,179.9984,-0.0027,179.9091
14.3242,approaching,0.0000,0.3677,0.3332,0.0000,0.0000,0.0000,179.9984,-0.0027,179.9091
14.3319,approaching,0.0000,0.3697,0.3349,0.0000,0.0000,0.0000,179.9988,-0.0018,179.9096
14.3421,approaching,0.0000,0.3717,0.3365,0.0000,0.0000,0.0000,179.9991,-0.0011,179.9096
14.3526,approaching,0.0000,0.3731,0.3379,0.0000,0.0000,0.0000,179.9991,-0.0011,179.9096
14.3620,approaching,0.0000,0.3746,0.3391,0.0000,0.0000,0.0000,179.9991,-0.0011,179.9096
14.3735,approaching,0.0000,0.3758,0.3400,0.0000,0.0000,0.0000,179.9985,-0.0024,179.9095
14.3820,approaching,0.0000,0.3763,0.3402,0.0000,0.0000,0.0000,179.9985,-0.0024,179.9095
14.3933,approaching,0.0000,0.3767,0.3404,0.0000,0.0000,0.0000,179.9984,-0.0024,179.9095
14.4018,approaching,0.0000,0.3771,0.3403,0.0000,0.0000,0.0000,179.9984,-0.0025,179.9095
14.4123,approaching,0.0000,0.3770,0.3400,0.0000,0.0000,0.0000,179.9984,-0.0025,179.9095
14.4227,approaching,0.0000,0.3771,0.3399,0.0000,0.0000,0.0000,179.9990,-0.0011,179.9094
14.4323,approaching,0.0000,0.3777,0.3401,0.0000,0.0000,0.0000,179.9990,-0.0011,179.9094
14.4432,approaching,0.0000,0.3778,0.3401,0.0000,0.0000,0.0000,179.9990,-0.0011,179.9094
14.4520,approaching,0.0000,0.3781,0.3403,0.0000,0.0000,0.0000,179.9994,-0.0002,179.9094
14.4637,approaching,0.0000,0.3789,0.3408,0.0000,0.0000,0.0000,179.9996,0.0001,179.9093
14.4718,approaching,0.0000,0.3792,0.3411,0.0000,0.0000,0.0000,179.9996,0.0001,179.9093
14.4826,approaching,0.0000,0.3794,0.3413,0.0000,0.0000,0.0000,179.9992,-0.0006,179.9093
14.4945,approaching,0.0000,0.3804,0.3420,0.0000,0.0000,0.0000,179.9993,-0.0003,179.9093
14.5021,approaching,0.0000,0.3813,0.3427,0.0000,0.0000,0.0000,179.9993,-0.0003,179.9093
14.5119,approaching,0.0000,0.3818,0.3430,0.0000,0.0000,0.0000,179.9989,-0.0013,179.9092
14.5218,approaching,0.0000,0.3831,0.3438,0.0000,0.0000,0.0000,179.9989,-0.0013,179.9092
14.5342,approaching,0.0000,0.3843,0.3447,0.0000,0.0000,0.0000,179.9989,-0.0013,179.9092
14.5439,approaching,0.0000,0.3854,0.3459,0.0000,0.0000,0.0000,179.9991,-0.0008,179.9092
14.5525,approaching,0.0000,0.3875,0.3478,0.0000,0.0000,0.0000,179.9994,-0.0001,179.9091
14.5622,approaching,0.0000,0.3895,0.3497,0.0000,0.0000,0.0000,179.9994,-0.0001,179.9091
14.5723,approaching,0.0000,0.3910,0.3512,0.0000,0.0000,0.0000,179.9994,-0.0002,179.9091
14.5822,approaching,0.0000,0.3927,0.3529,0.0000,0.0000,0.0000,179.9992,-0.0006,179.9091
14.5921,approaching,0.0000,0.3944,0.3545,0.0000,0.0000,0.0000,179.9992,-0.0006,179.9091
14.6028,approaching,0.0000,0.3958,0.3562,0.0000,0.0000,0.0000,179.9993,-0.0004,179.9090
14.6124,approaching,0.0000,0.3978,0.3583,0.0000,0.0000,0.0000,179.9995,-0.0000,179.9090
14.6225,approaching,0.0000,0.3997,0.3602,0.0000,0.0000,0.0000,179.9995,-0.0000,179.9090
14.6330,approaching,0.0000,0.4014,0.3622,0.0000,0.0000,0.0000,179.9991,-0.0007,179.9090
14.6431,approaching,0.0000,0.4030,0.3640,0.0000,0.0000,0.0000,179.9993,-0.0003,179.9089
14.6522,approaching,0.0000,0.4047,0.3657,0.0000,0.0000,0.0000,179.9993,-0.0003,179.9089
14.6634,approaching,0.0000,0.4061,0.3674,0.0000,0.0000,0.0000,179.9995,0.0002,179.9089
14.6727,approaching,0.0000,0.4079,0.3695,0.0000,0.0000,0.0000,179.9996,0.0003,179.9088
14.6823,approaching,0.0000,0.4105,0.3721,0.0000,0.0000,0.0000,179.9996,0.0003,179.9088
14.6927,approaching,0.0000,0.4125,0.3743,0.0000,0.0000,0.0000,179.9990,-0.0009,179.9088
14.7029,approaching,0.0000,0.4146,0.3767,0.0000,0.0000,0.0000,179.9991,-0.0007,179.9088
14.7142,approaching,0.0000,0.4171,0.3793,0.0000,0.0000,0.0000,179.9991,-0.0007,179.9088
14.7218,approaching,0.0000,0.4190,0.3815,0.0000,0.0000,0.0000,179.9991,-0.0008,179.9087
14.7319,approaching,0.0000,0.4211,0.3839,0.0000,0.0000,0.0000,179.9992,-0.0005,179.9087
14.7444,approaching,0.0000,0.4237,0.3866,0.0000,0.0000,0.0000,179.9992,-0.0005,179.9087
14.7526,approaching,0.0000,0.4262,0.3893,0.0000,0.0000,0.0000,179.9989,-0.0012,179.9087
14.7620,approaching,0.0000,0.4287,0.3922,0.0000,0.0000,0.0000,179.9990,-0.0009,179.9092
14.7724,approaching,0.0000,0.4313,0.3948,0.0000,0.0000,0.0000,179.9990,-0.0009,179.9092
14.7820,approaching,0.0000,0.4333,0.3972,0.0000,0.0000,0.0000,179.9991,-0.0007,179.9091
14.7919,approaching,0.0000,0.4348,0.3991,0.0000,0.0000,0.0000,179.9991,-0.0007,179.9091
14.8023,approaching,0.0000,0.4367,0.4013,0.0000,0.0000,0.0000,179.9991,-0.0007,179.9091
14.8124,approaching,0.0000,0.4384,0.4033,0.0000,0.0000,0.0000,179.9991,-0.0007,179.9091
14.8219,approaching,0.0000,0.4399,0.4053,0.0000,0.0000,0.0000,179.9987,-0.0016,179.9091
14.8325,approaching,0.0000,0.4416,0.4074,0.0000,0.0000,0.0000,179.9987,-0.0016,179.9091
14.8424,approaching,0.0000,0.4431,0.4092,0.0000,0.0000,0.0000,179.9991,-0.0007,179.9091
14.8519,approaching,0.0000,0.4438,0.4103,0.0000,0.0000,0.0000,179.9990,-0.0009,179.9096
14.8619,approaching,0.0000,0.4446,0.4112,0.0000,0.0000,0.0000,179.9990,-0.0009,179.9096
14.8737,approaching,0.0000,0.4452,0.4117,0.0000,0.0000,0.0000,179.9990,-0.0009,179.9096
14.8826,approaching,0.0000,0.4455,0.4119,0.0000,0.0000,0.0000,179.9987,-0.0016,179.9095
14.8924,approaching,0.0000,0.4460,0.4124,0.0000,0.0000,0.0000,179.9987,-0.0016,179.9095
14.9018,approaching,0.0000,0.4466,0.4128,0.0000,0.0000,0.0000,179.9986,-0.0017,179.9095
14.9118,approaching,0.0000,0.4468,0.4129,0.0000,0.0000,0.0000,179.9988,-0.0012,179.9094
14.9223,approaching,0.0000,0.4469,0.4130,0.0000,0.0000,0.0000,179.9988,-0.0012,179.9094
14.9323,approaching,0.0000,0.4469,0.4128,0.0000,0.0000,0.0000,179.9994,-0.0000,179.9094
14.9430,approaching,0.0000,0.4467,0.4127,0.0000,0.0000,0.0000,179.9989,-0.0011,179.9094
14.9524,approaching,0.0000,0.4465,0.4125,0.0000,0.0000,0.0000,179.9989,-0.0011,179.9094
14.9627,approaching,0.0000,0.4468,0.4125,0.0000,0.0000,0.0000,179.9993,-0.0001,179.9093
14.9730,approaching,0.0000,0.4467,0.4124,0.0000,0.0000,0.0000,179.9992,-0.0004,179.9093
14.9820,approaching,0.0000,0.4465,0.4122,0.0000,0.0000,0.0000,179.9992,-0.0004,179.9093
14.9919,approaching,0.0000,0.4470,0.4126,0.0000,0.0000,0.0000,179.9990,-0.0008,179.9093
15.0025,approaching,0.0000,0.4472,0.4127,0.0000,0.0000,0.0000,179.9991,-0.0005,179.9092
15.0134,approaching,0.0000,0.4473,0.4128,0.0000,0.0000,0.0000,179.9991,-0.0005,179.9092
15.0224,approaching,0.0000,0.4478,0.4130,0.0000,0.0000,0.0000,179.9991,-0.0005,179.9092
15.0334,approaching,0.0000,0.4481,0.4130,0.0000,0.0000,0.0000,179.9989,-0.0009,179.9091
15.0437,approaching,0.0000,0.4479,0.4127,0.0000,0.0000,0.0000,179.9989,-0.0009,179.9091
15.0521,approaching,0.0000,0.4476,0.4120,0.0000,0.0000,0.0000,179.9993,-0.0002,179.9091
15.0621,approaching,0.0000,0.4465,0.4106,0.0000,0.0000,0.0000,179.9991,-0.0006,179.9091
15.0733,approaching,0.0000,0.4453,0.4093,0.0000,0.0000,0.0000,179.9991,-0.0006,179.9091
15.0827,approaching,0.0000,0.4447,0.4083,0.0000,0.0000,0.0000,179.9989,-0.0009,179.9090
15.0918,approaching,0.0000,0.4437,0.4071,0.0000,0.0000,0.0000,179.9987,-0.0014,179.9090
15.1024,approaching,0.0000,0.4426,0.4060,0.0000,0.0000,0.0000,179.9987,-0.0014,179.9090
15.1121,approaching,0.0000,0.4421,0.4056,0.0000,0.0000,0.0000,179.9986,-0.0015,179.9090
15.1218,approaching,0.0000,0.4415,0.4049,0.0000,0.0000,0.0000,179.9987,-0.0012,179.9089
15.1324,approaching,0.0000,0.4402,0.4036,0.0000,0.0000,0.0000,179.9987,-0.0012,179.9089
15.1450,approaching,0.0000,0.4390,0.4024,0.0000,0.0000,0.0000,179.9987,-0.0013,179.9089
15.1520,approaching,0.0000,0.4380,0.4012,0.0000,0.0000,0.0000,179.9988,-0.0011,179.9088
15.1628,approaching,0.0000,0.4368,0.4003,0.0000,0.0000,0.0000,179.9988,-0.0011,179.9088
15.1725,approaching,0.0000,0.4362,0.3999,0.0000,0.0000,0.0000,179.9989,-0.0008,179.9088
15.1821,approaching,0.0000,0.4360,0.3999,0.0000,0.0000,0.0000,179.9989,-0.0008,179.9088
15.1921,approaching,0.0000,0.4355,0.3996,0.0000,0.0000,0.0000,179.9989,-0.0008,179.9088
15.2028,approaching,0.0000,0.4350,0.3993,0.0000,0.0000,0.0000,179.9988,-0.0010,179.9088
15.2130,approaching,0.0000,0.4347,0.3990,0.0000,0.0000,0.0000,179.9988,-0.0011,179.9088
15.2220,approaching,0.0000,0.4340,0.3984,0.0000,0.0000,0.0000,179.9988,-0.0011,179.9088
15.2327,approaching,0.0000,0.4335,0.3982,0.0000,0.0000,0.0000,179.9990,-0.0007,179.9087
15.2432,approaching,0.0000,0.4338,0.3986,0.0000,0.0000,0.0000,179.9987,-0.0012,179.9087
15.2519,approaching,0.0000,0.4340,0.3991,0.0000,0.0000,0.0000,179.9987,-0.0012,179.9087
15.2620,approaching,0.0000,0.4336,0.3992,0.0000,0.0000,0.0000,179.9989,-0.0009,179.9086
15.2723,approaching,0.0000,0.4338,0.3997,0.0000,0.0000,0.0000,179.9991,-0.0004,179.9092
15.2824,approaching,0.0000,0.4333,0.3996,0.0000,0.0000,0.0000,179.9991,-0.0004,179.9092
15.2932,approaching,0.0000,0.4323,0.3993,0.0000,0.0000,0.0000,179.9990,-0.0006,179.9091
15.3019,approaching,0.0000,0.4319,0.3991,0.0000,0.0000,0.0000,179.9988,-0.0010,179.9091
15.3121,approaching,0.0000,0.4311,0.3988,0.0000,0.0000,0.0000,179.9988,-0.0010,179.9091
15.3221,approaching,0.0000,0.4300,0.3982,0.0000,0.0000,0.0000,179.9987,-0.0012,179.9091
15.3344,approaching,0.0000,0.4290,0.3976,0.0000,0.0000,0.0000,179.9988,-0.0011,179.9090
15.3437,approaching,0.0000,0.4279,0.3968,0.0000,0.0000,0.0000,179.9988,-0.0011,179.9090
15.3520,approaching,0.0000,0.4265,0.3956,0.0000,0.0000,0.0000,179.9987,-0.0012,179.9090
15.3620,approaching,0.0000,0.4256,0.3947,0.0000,0.0000,0.0000,179.9992,-0.0001,179.9090
15.3719,approaching,0.0000,0.4245,0.3936,0.0000,0.0000,0.0000,179.9992,-0.0001,179.9090
15.3822,approaching,0.0000,0.4229,0.3924,0.0000,0.0000,0.0000,179.9986,-0.0014,179.9089
15.3923,approaching,0.0000,0.4217,0.3914,0.0000,0.0000,0.0000,179.9983,-0.0022,179.9094
15.4027,approaching,0.0000,0.4205,0.3902,0.0000,0.0000,0.0000,179.9983,-0.0022,179.9094
15.4122,approaching,0.0000,0.4184,0.3882,0.0000,0.0000,0.0000,179.9984,-0.0019,179.9094
15.4236,approaching,0.0000,0.4161,0.3860,0.0000,0.0000,0.0000,179.9987,-0.0013,179.9094
15.4324,approaching,0.0000,0.4145,0.3842,0.0000,0.0000,0.0000,179.9987,-0.0013,179.9094
15.4420,approaching,0.0000,0.4125,0.3823,0.0000,0.0000,0.0000,179.9987,-0.0012,179.9093
15.4526,approaching,0.0000,0.4108,0.3807,0.0000,0.0000,0.0000,179.9988,-0.0009,179.9093
15.4653,approaching,0.0000,0.4096,0.3795,0.0000,0.0000,0.0000,179.9988,-0.0009,179.9093
15.4743,approaching,0.0000,0.4080,0.3782,0.0000,0.0000,0.0000,179.9990,-0.0005,179.9092
15.4818,approaching,0.0000,0.4064,0.3769,0.0000,0.0000,0.0000,179.9990,-0.0005,179.9092
15.4919,approaching,0.0000,0.4050,0.3757,0.0000,0.0000,0.0000,179.9990,-0.0005,179.9092
15.5026,approaching,0.0000,0.4031,0.3741,0.0000,0.0000,0.0000,179.9985,-0.0016,179.9092
15.5118,approaching,0.0000,0.4010,0.3727,0.0000,0.0000,0.0000,179.9983,-0.0021,179.9091
15.5226,approaching,0.0000,0.3994,0.3716,0.0000,0.0000,0.0000,179.9983,-0.0021,179.9091
15.5319,approaching,0.0000,0.3975,0.3705,0.0000,0.0000,0.0000,179.9983,-0.0021,179.9091
15.5429,approaching,0.0000,0.3947,0.3685,0.0000,0.0000,0.0000,179.9986,-0.0014,179.9091
15.5520,approaching,0.0000,0.3920,0.3663,0.0000,0.0000,0.0000,179.9986,-0.0014,179.9091
15.5622,approaching,0.0000,0.3892,0.3639,0.0000,0.0000,0.0000,179.9986,-0.0014,179.9091
15.5724,approaching,0.0000,0.3860,0.3613,0.0000,0.0000,0.0000,179.9988,-0.0008,179.9090
15.5826,approaching,0.0000,0.3834,0.3591,0.0000,0.0000,0.0000,179.9988,-0.0008,179.9090
15.5925,approaching,0.0000,0.3808,0.3568,0.0000,0.0000,0.0000,179.9989,-0.0006,179.9090
15.6021,approaching,0.0000,0.3777,0.3544,0.0000,0.0000,0.0000,179.9987,-0.0011,179.9090
15.6130,approaching,0.0000,0.3750,0.3519,0.0000,0.0000,0.0000,179.9987,-0.0011,179.9090
15.6222,approaching,0.0000,0.3725,0.3497,0.0000,0.0000,0.0000,179.9986,-0.0013,179.9089
15.6318,approaching,0.0000,0.3695,0.3474,0.0000,0.0000,0.0000,179.9986,-0.0012,179.9089
15.6446,approaching,0.0000,0.3670,0.3455,0.0000,0.0000,0.0000,179.9986,-0.0012,179.9089
15.6532,approaching,0.0000,0.3650,0.3440,0.0000,0.0000,0.0000,179.9987,-0.0010,179.9089
15.6623,approaching,0.0000,0.3626,0.3424,0.0000,0.0000,0.0000,179.9990,-0.0004,179.9088
15.6740,approaching,0.0000,0.3608,0.3415,0.0000,0.0000,0.0000,179.9990,-0.0004,179.9088
15.6820,approaching,0.0000,0.3595,0.3409,0.0000,0.0000,0.0000,179.9989,-0.0006,179.9088
15.6919,approaching,0.0000,0.3580,0.3401,0.0000,0.0000,0.0000,179.9989,-0.0005,179.9088
15.7019,approaching,0.0000,0.3564,0.3392,0.0000,0.0000,0.0000,179.9989,-0.0005,179.9088
15.7125,approaching,0.0000,0.3557,0.3389,0.0000,0.0000,0.0000,179.9988,-0.0009,179.9087
15.7234,approaching,0.0000,0.3551,0.3391,0.0000,0.0000,0.0000,179.9988,-0.0008,179.9087
15.7319,approaching,0.0000,0.3544,0.3392,0.0000,0.0000,0.0000,179.9988,-0.0008,179.9087
15.7418,approaching,0.0000,0.3541,0.3396,0.0000,0.0000,0.0000,179.9989,-0.0005,179.9087
15.7519,approaching,0.0000,0.3534,0.3399,0.0000,0.0000,0.0000,179.9989,-0.0004,179.9090
15.7626,approaching,0.0000,0.3527,0.3400,0.0000,0.0000,0.0000,179.9989,-0.0004,179.9090
15.7745,approaching,0.0000,0.3525,0.3403,0.0000,0.0000,0.0000,179.9991,-0.0001,179.9091
15.7827,approaching,0.0000,0.3519,0.3405,0.0000,0.0000,0.0000,179.9987,-0.0011,179.9091
15.7942,approaching,0.0000,0.3513,0.3406,0.0000,0.0000,0.0000,179.9987,-0.0011,179.9091
15.8019,approaching,0.0000,0.3513,0.3413,0.0000,0.0000,0.0000,179.9989,-0.0004,179.9091
15.8119,approaching,0.0000,0.3514,0.3419,0.0000,0.0000,0.0000,179.9986,-0.0012,179.9090
15.8219,approaching,0.0000,0.3516,0.3427,0.0000,0.0000,0.0000,179.9986,-0.0012,179.9090
15.8327,approaching,0.0000,0.3526,0.3439,0.0000,0.0000,0.0000,179.9988,-0.0006,179.9090
15.8430,approaching,0.0000,0.3536,0.3451,0.0000,0.0000,0.0000,179.9984,-0.0017,179.9090
15.8524,approaching,0.0000,0.3544,0.3464,0.0000,0.0000,0.0000,179.9984,-0.0017,179.9090
15.8627,approaching,0.0000,0.3551,0.3476,0.0000,0.0000,0.0000,179.9982,-0.0019,179.9089
15.8718,approaching,0.0000,0.3555,0.3484,0.0000,0.0000,0.0000,179.9986,-0.0012,179.9089
15.8819,approaching,0.0000,0.3553,0.3488,0.0000,0.0000,0.0000,179.9986,-0.0012,179.9089
15.8918,approaching,0.0000,0.3545,0.3485,0.0000,0.0000,0.0000,179.9986,-0.0011,179.9094
15.9035,approaching,0.0000,0.3528,0.3470,0.0000,0.0000,0.0000,179.9986,-0.0012,179.9094
15.9138,approaching,0.0000,0.3499,0.3446,0.0000,0.0000,0.0000,179.9986,-0.0012,179.9094
15.9243,approaching,0.0000,0.3458,0.3408,0.0000,0.0000,0.0000,179.9986,-0.0012,179.9093
15.9327,approaching,0.0000,0.3409,0.3360,0.0000,0.0000,0.0000,179.9986,-0.0012,179.9093
15.9420,approaching,0.0000,0.3346,0.3297,0.0000,0.0000,0.0000,179.9986,-0.0012,179.9093
15.9543,approaching,0.0000,0.3269,0.3220,0.0000,0.0000,0.0000,179.9990,-0.0002,179.9093
15.9618,approaching,0.0000,0.3180,0.3128,0.0000,0.0000,0.0000,179.9992,0.0003,179.9093
15.9720,approaching,0.0000,0.3072,0.3014,0.0000,0.0000,0.0000,179.9992,0.0003,179.9093
15.9832,approaching,0.0000,0.2941,0.2878,0.0000,0.0000,0.0000,179.9992,0.0004,179.9096
15.9920,approaching,0.0000,0.2789,0.2719,0.0000,0.0000,0.0000,179.9989,-0.0003,179.9096
16.0020,approaching,0.0000,0.2614,0.2536,0.0000,0.0000,0.0000,179.9989,-0.0003,179.9096
16.0120,approaching,0.0000,0.2415,0.2328,0.0000,0.0000,0.0000,179.9994,0.0008,179.9092
16.0236,approaching,0.0000,0.2193,0.2095,0.0000,0.0000,0.0000,179.9992,0.0004,179.9091
16.0326,approaching,0.0000,0.0000,0.0000,0.0000,0.0000,0.0000,179.9992,0.0004,179.9091
16.0422,approaching,0.0000,0.0000,0.0000,0.0000,0.0000,0.0000,179.9993,0.0004,179.9091
16.0521,approaching,0.0000,0.0000,0.0000,0.0000,0.0000,0.0000,179.9994,0.0007,179.9091
16.0619,approaching,0.0000,0.0000,0.0000,0.0000,0.0000,0.0000,179.9994,0.0007,179.9091
16.0737,approaching,0.0000,0.0000,0.0000,0.0000,0.0000,0.0000,179.9993,0.0005,179.9090
16.0822,approaching,0.0000,0.0000,0.0000,0.0000,0.0000,0.0000,179.9992,0.0003,179.9090
16.0920,approaching,0.0000,0.0000,0.0000,0.0000,0.0000,0.0000,179.9992,0.0003,179.9090
16.1043,approaching,0.0000,0.0000,0.0000,0.0000,0.0000,0.0000,179.9991,-0.0000,179.9093
16.1118,approaching,0.0000,0.0000,0.0000,0.0000,0.0000,0.0000,179.9992,0.0004,179.9093
16.1219,approaching,0.0000,0.0000,0.0000,0.0000,0.0000,0.0000,179.9992,0.0004,179.9093
16.1339,approaching,0.0000,-0.2185,-0.2506,0.0000,0.0000,0.0000,179.9993,0.0007,179.9092
16.1422,approaching,0.0000,-0.2770,-0.3122,0.0000,0.0000,0.0000,179.9992,0.0004,179.9092
16.1525,approaching,0.0000,-0.3383,-0.3768,0.0000,0.0000,0.0000,179.9992,0.0004,179.9092
16.1634,approaching,0.0000,-0.4027,-0.4446,0.0000,0.0000,0.0000,179.9990,-0.0000,179.9092
16.1718,approaching,0.0000,-0.4701,-0.5157,0.0000,0.0000,0.0000,179.9991,0.0001,179.9091
16.1820,approaching,0.0000,-0.5405,-0.5899,0.0000,0.0000,0.0000,179.9991,0.0001,179.9091
16.1928,approaching,0.0000,-0.6141,-0.6674,0.0000,0.0000,0.0000,179.9988,-0.0005,179.9091
16.2028,searching,0.2140,-0.6900,-0.7474,0.0000,0.0000,-0.0029,179.9987,-0.0007,179.9091
16.2144,searching,0.2362,-0.7685,-0.8301,0.0000,0.0000,-0.0076,179.9987,-0.0007,179.9091
16.2235,searching,0.2588,-0.8495,-0.9154,0.0000,0.0000,-0.0139,179.9984,-0.0014,179.9090
16.2322,searching,0.2822,-0.9331,-1.0033,0.0000,0.0000,-0.0219,179.9982,-0.0019,179.9090
16.2426,searching,0.3064,-1.0188,-1.0936,0.0000,0.0000,-0.0318,179.9982,-0.0019,179.9090
16.2524,searching,0.3312,-1.1072,-1.1865,0.0000,0.0000,-0.0435,179.9986,-0.0009,179.9090
16.2626,searching,0.3566,-1.1979,-1.2817,0.0000,0.0000,-0.0572,179.9990,-0.0000,179.9089
16.2740,searching,0.3825,-1.2906,-1.3792,0.0000,0.0000,-0.0727,179.9990,-0.0000,179.9089
16.2829,searching,0.4089,-1.3852,-1.4784,0.0000,0.0000,-0.0903,179.9989,-0.0001,179.9089
16.2919,searching,0.4355,-1.4810,-1.5791,0.0000,0.0000,-0.1099,179.9991,0.0002,179.9089
16.3042,searching,0.4625,-1.5775,-1.6806,0.0000,0.0000,-0.1315,179.9991,0.0002,179.9089
16.3119,searching,0.4896,-1.6748,-1.7828,0.0000,0.0000,-0.1552,179.9992,0.0005,179.9094
16.3219,searching,0.5166,-1.7727,-1.8858,0.0000,0.0000,-0.1809,179.9992,0.0005,179.9094
16.3340,searching,0.5437,-1.8704,-1.9886,0.0000,0.0000,-0.2086,179.9992,0.0005,179.9094
16.3423,searching,0.5707,-1.9679,-2.0912,0.0000,0.0000,-0.2385,179.9992,0.0005,179.9091
16.3537,searching,0.5974,-2.0651,-2.1933,0.0000,0.0000,-0.2685,179.9995,0.0012,179.9091
16.3640,searching,0.6238,-2.1615,-2.2947,0.0000,0.0000,-0.2985,179.9995,0.0012,179.9091
16.3740,searching,0.6499,-2.2566,-2.3948,0.0000,0.0000,-0.3285,179.9995,0.0012,179.9091
16.3819,searching,0.6755,-2.3501,-2.4931,0.0000,0.0000,-0.3585,179.9993,0.0007,179.9091
16.3927,searching,0.7004,-2.4417,-2.5894,0.0000,0.0000,-0.3885,179.9993,0.0007,179.9091
16.4025,searching,0.7249,-2.5313,-2.6839,0.0000,0.0000,-0.4185,179.9995,0.0012,179.9097
16.4132,searching,0.7488,-2.6190,-2.7762,0.0000,0.0000,-0.4485,179.9996,0.0013,179.9097
16.4220,searching,0.7718,-2.7040,-2.8658,0.0000,0.0000,-0.4785,179.9996,0.0013,179.9097
16.4320,searching,0.7940,-2.7861,-2.9523,0.0000,0.0000,-0.5085,179.9994,0.0010,179.9097
16.4443,searching,0.8152,-2.8650,-3.0353,0.0000,0.0000,-0.5385,179.9993,0.0007,179.9097
16.4527,searching,0.8355,-2.9410,-3.1154,0.0000,0.0000,-0.5685,179.9993,0.0007,179.9097
16.4621,searching,0.8549,-3.0135,-3.1918,0.0000,0.0000,-0.5985,179.9990,-0.0001,179.9097
16.4734,searching,0.8733,-3.0824,-3.2644,0.0000,0.0000,-0.6285,179.9991,0.0003,179.9098
16.4825,searching,0.8905,-3.1476,-3.3330,0.0000,0.0000,-0.6585,179.9991,0.0003,179.9098
16.4939,searching,0.9065,-3.2083,-3.3967,0.0000,0.0000,-0.6885,179.9991,0.0002,179.9098
16.5024,searching,0.9212,-3.2645,-3.4558,0.0000,0.0000,-0.7185,179.9993,0.0006,179.9098
16.5145,searching,0.9345,-3.3165,-3.5101,0.0000,0.0000,-0.7485,179.9993,0.0006,179.9098
16.5227,searching,0.9465,-3.3639,-3.5597,0.0000,0.0000,-0.7785,179.9991,0.0002,179.9096
16.5322,searching,0.9571,-3.4065,-3.6041,0.0000,0.0000,-0.8085,179.9995,0.0010,179.9096
16.5424,searching,0.9663,-3.4446,-3.6437,0.0000,0.0000,-0.8385,179.9995,0.0010,179.9096
16.5520,searching,0.9742,-3.4778,-3.6781,0.0000,0.0000,-0.8685,179.9995,0.0012,179.9100
16.5633,searching,0.9807,-3.5061,-3.7073,0.0000,0.0000,-0.8985,179.9996,0.0013,179.9098
16.5748,searching,0.9856,-3.5288,-3.7307,0.0000,0.0000,-0.9285,179.9996,0.0013,179.9098
16.5846,searching,0.9890,-3.5463,-3.7485,0.0000,0.0000,-0.9585,179.9997,0.0016,179.9102
16.5921,searching,0.9909,-3.5583,-3.7604,0.0000,0.0000,-0.9885,179.9996,0.0012,179.9098
16.6021,searching,0.9915,-3.5656,-3.7674,0.0000,0.0000,-1.0185,179.9996,0.0012,179.9098
16.6126,searching,0.9908,-3.5684,-3.7696,0.0000,0.0000,-1.0485,179.9998,0.0018,179.9096
16.6223,searching,0.9888,-3.5665,-3.7668,0.0000,0.0000,-1.0785,179.9998,0.0018,179.9095
16.6329,searching,0.9856,-3.5602,-3.7594,0.0000,0.0000,-1.1085,179.9998,0.0018,179.9095
16.6429,searching,0.9811,-3.5497,-3.7475,0.0000,0.0000,-1.1385,179.9995,0.0012,179.9093
16.6524,searching,0.9756,-3.5350,-3.7311,0.0000,0.0000,-1.1685,179.9996,0.0013,179.9091
16.6629,searching,0.9690,-3.5162,-3.7103,0.0000,0.0000,-1.1985,179.9996,0.0013,179.9091
16.6727,searching,0.9615,-3.4939,-3.6858,0.0000,0.0000,-1.2285,179.9993,0.0006,179.9090
16.6827,searching,0.9532,-3.4687,-3.6582,0.0000,0.0000,-1.2585,179.9993,0.0006,179.9090
16.6920,searching,0.9442,-3.4405,-3.6275,0.0000,0.0000,-1.2885,179.9993,0.0006,179.9090
16.7020,searching,0.9344,-3.4095,-3.5937,0.0000,0.0000,-1.3185,179.9990,-0.0001,179.9091
16.7128,searching,0.9238,-3.3755,-3.5565,0.0000,0.0000,-1.3485,179.9993,0.0005,179.9089
16.7232,searching,0.9126,-3.3388,-3.5164,0.0000,0.0000,-1.3785,179.9993,0.0005,179.9089
16.7324,searching,0.9006,-3.2996,-3.4736,0.0000,0.0000,-1.4085,179.9990,-0.0001,179.9097
16.7426,searching,0.8880,-3.2579,-3.4283,0.0000,0.0000,-1.4385,179.9991,0.0001,179.9095
16.7523,searching,0.8748,-3.2136,-3.3804,0.0000,0.0000,-1.4685,179.9991,0.0001,179.9095
16.7624,searching,0.8623,-3.1715,-3.3348,0.0000,0.0000,-1.4985,179.9993,0.0007,179.9093
16.7723,searching,0.8492,-3.1274,-3.2872,0.0000,0.0000,-1.5285,179.9992,0.0004,179.9091
16.7822,searching,0.8344,-3.0764,-3.2323,0.0000,0.0000,-1.5585,179.9992,0.0004,179.9091
16.7936,searching,0.8192,-3.0237,-3.1758,0.0000,0.0000,-1.5885,179.9995,0.0010,179.9093
16.8020,searching,0.8037,-2.9696,-3.1177,0.0000,0.0000,-1.6185,179.9996,0.0013,179.9091
16.8121,searching,0.7880,-2.9137,-3.0579,0.0000,0.0000,-1.6485,179.9996,0.0013,179.9091
16.8231,searching,0.7721,-2.8561,-2.9964,0.0000,0.0000,-1.6785,179.9993,0.0006,179.9093
16.8344,searching,0.7559,-2.7975,-2.9339,0.0000,0.0000,-1.7085,179.9994,0.0007,179.9091
16.8444,searching,0.7395,-2.7377,-2.8701,0.0000,0.0000,-1.7385,179.9994,0.0007,179.9091
16.8529,searching,0.7239,-2.6809,-2.8095,0.0000,0.0000,-1.7685,179.9995,0.0010,179.9093
16.8619,searching,0.7070,-2.6186,-2.7432,0.0000,0.0000,-1.7985,179.9994,0.0008,179.9093
16.8720,searching,0.6899,-2.5554,-2.6762,0.0000,0.0000,-1.8285,179.9994,0.0008,179.9093
16.8821,searching,0.6728,-2.4913,-2.6082,0.0000,0.0000,-1.8585,179.9993,0.0005,179.9095
16.8924,searching,0.6565,-2.4303,-2.5436,0.0000,0.0000,-1.8885,179.9990,-0.0000,179.9087
16.9021,searching,0.6392,-2.3654,-2.4749,0.0000,0.0000,-1.9185,179.9990,-0.0000,179.9087
16.9128,searching,0.6218,-2.2998,-2.4057,0.0000,0.0000,-1.9485,179.9991,-0.0000,179.9093
16.9218,searching,0.6042,-2.2336,-2.3359,0.0000,0.0000,-1.9785,179.9991,0.0002,179.9091
16.9336,searching,0.5864,-2.1668,-2.2655,0.0000,0.0000,-2.0085,179.9991,0.0002,179.9091
16.9454,searching,0.5694,-2.1034,-2.1987,0.0000,0.0000,-2.0385,179.9989,-0.0004,179.9093
16.9524,searching,0.5515,-2.0349,-2.1268,0.0000,0.0000,-2.0685,179.9990,-0.0000,179.9091
16.9621,searching,0.5335,-1.9665,-2.0551,0.0000,0.0000,-2.0976,179.9990,-0.0000,179.9091
16.9730,searching,0.5154,-1.8975,-1.9830,0.0000,0.0000,-2.1252,179.9988,-0.0006,179.9093
16.9826,searching,0.4974,-1.8286,-1.9110,0.0000,0.0000,-2.1515,179.9988,-0.0006,179.9093
16.9927,searching,0.4795,-1.7598,-1.8391,0.0000,0.0000,-2.1762,179.9988,-0.0006,179.9093
17.0020,searching,0.4614,-1.6907,-1.7672,0.0000,0.0000,-2.1996,179.9993,0.0005,179.9091
17.0118,searching,0.4436,-1.6216,-1.6954,0.0000,0.0000,-2.2215,179.9992,0.0003,179.9094
17.0226,searching,0.4258,-1.5531,-1.6244,0.0000,0.0000,-2.2420,179.9992,0.0003,179.9094
17.0324,searching,0.4082,-1.4852,-1.5541,0.0000,0.0000,-2.2611,179.9991,0.0002,179.9083
17.0425,searching,0.3909,-1.4181,-1.4847,0.0000,0.0000,-2.2787,179.9990,-0.0002,179.9085
17.0519,searching,0.3738,-1.3522,-1.4165,0.0000,0.0000,-2.2951,179.9990,-0.0002,179.9085
17.0638,searching,0.3576,-1.2895,-1.3517,0.0000,0.0000,-2.3101,179.9991,0.0002,179.9092
17.0718,searching,0.3409,-1.2252,-1.2853,0.0000,0.0000,-2.3238,179.9993,0.0006,179.9092
17.0829,searching,0.3251,-1.1641,-1.2222,0.0000,0.0000,-2.3363,179.9993,0.0006,179.9092
17.0956,searching,0.3096,-1.1044,-1.1605,0.0000,0.0000,-2.3475,179.9996,0.0012,179.9085
17.1037,searching,0.2941,-1.0457,-1.1000,0.0000,0.0000,-2.3575,179.9997,0.0015,179.9087
17.1152,searching,0.2791,-0.9880,-1.0409,0.0000,0.0000,-2.3663,179.9997,0.0015,179.9087
17.1224,searching,0.2638,-0.9304,-0.9819,0.0000,0.0000,-2.3739,179.9997,0.0016,179.9090
17.1322,searching,0.2488,-0.8740,-0.9242,0.0000,0.0000,-2.3804,179.9995,0.0011,179.9092
17.1425,searching,0.2341,-0.8190,-0.8680,0.0000,0.0000,-2.3858,179.9995,0.0011,179.9092
17.1523,searching,0.2197,-0.7653,-0.8133,0.0000,0.0000,-2.3900,179.9997,0.0014,179.9094
17.1626,searching,0.2057,-0.7131,-0.7601,0.0000,0.0000,-2.3932,-179.9998,0.0025,179.9092
17.1723,searching,0.0000,-0.6629,-0.7091,0.0000,0.0000,-2.3954,-179.9998,0.0025,179.9092
17.1836,searching,0.0000,-0.6149,-0.6604,0.0000,0.0000,-2.3966,179.9997,0.0015,179.9088
17.1934,searching,0.0000,-0.5686,-0.6136,0.0000,0.0000,-2.3969,179.9997,0.0014,179.9086
17.2021,searching,0.0000,-0.5239,-0.5683,0.0000,0.0000,-2.3963,179.9997,0.0014,179.9086
17.2121,searching,0.0000,-0.4808,-0.5246,0.0000,0.0000,-2.3948,179.9993,0.0005,179.9084
17.2224,searching,0.0000,-0.4396,-0.4829,0.0000,0.0000,-2.3924,179.9990,-0.0002,179.9086
17.2323,searching,0.0000,-0.4002,-0.4430,0.0000,0.0000,-2.3893,179.9990,-0.0002,179.9086
17.2428,searching,0.0000,-0.3628,-0.4052,0.0000,0.0000,-2.3854,179.9989,-0.0004,179.9090
17.2521,searching,0.0000,-0.3272,-0.3692,0.0000,0.0000,-2.3808,179.9991,0.0002,179.9088
17.2622,searching,0.0000,-0.2932,-0.3351,0.0000,0.0000,-2.3755,179.9991,0.0002,179.9088
17.2732,searching,0.0000,-0.2612,-0.3031,0.0000,0.0000,-2.3695,179.9991,0.0001,179.9086
17.2826,searching,0.0000,-0.2309,-0.2726,0.0000,0.0000,-2.3630,179.9990,-0.0002,179.9090
17.2950,searching,0.0000,-0.2018,-0.2434,0.0000,0.0000,-2.3559,179.9990,-0.0002,179.9090
17.3019,searching,0.0000,0.0000,-0.2150,0.0000,0.0000,-2.3482,179.9990,-0.0002,179.9090
17.3119,searching,0.0000,0.0000,0.0000,0.0000,0.0000,-2.3362,179.9991,0.0001,179.9091
17.3223,searching,0.0000,0.0000,0.0000,0.0000,0.0000,-2.3242,179.9991,0.0001,179.9091
17.3324,searching,0.0000,0.0000,0.0000,0.0000,0.0000,-2.3122,179.9987,-0.0007,179.9095
17.3420,searching,0.0000,0.0000,0.0000,0.0000,0.0000,-2.3002,179.9986,-0.0011,179.9089
17.3525,searching,0.0000,0.0000,0.0000,0.0000,0.0000,-2.2882,179.9986,-0.0011,179.9089
17.3623,searching,0.0000,0.0000,0.0000,0.0000,0.0000,-2.2762,179.9985,-0.0014,179.9096
17.3722,searching,0.0000,0.0000,0.0000,0.0000,0.0000,-2.2642,179.9985,-0.0014,179.9091
17.3838,searching,0.0000,0.0000,0.0000,0.0000,0.0000,-2.2522,179.9985,-0.0014,179.9091
17.3949,searching,0.0000,0.0000,0.0000,0.0000,0.0000,-2.2402,179.9988,-0.0007,179.9094
17.4026,searching,0.0000,0.0000,0.0000,0.0000,0.0000,-2.2282,179.9987,-0.0008,179.9092
17.4124,searching,0.0000,0.0000,0.0000,0.0000,0.0000,-2.2162,179.9987,-0.0008,179.9092
17.4228,searching,0.0000,0.0000,0.0000,0.0000,0.0000,-2.2042,179.9991,-0.0001,179.9092
17.4321,searching,0.0000,0.0000,0.0000,0.0000,0.0000,-2.1922,179.9995,0.0008,179.9086
17.4422,searching,0.0000,0.0000,0.0000,0.0000,0.0000,-2.1802,179.9995,0.0008,179.9086
17.4533,searching,0.0000,0.0000,0.0000,0.0000,0.0000,-2.1682,179.9995,0.0009,179.9086
17.4636,searching,0.0000,0.0000,0.0000,0.0000,0.0000,-2.1562,179.9994,0.0008,179.9086
17.4741,searching,0.0000,0.0000,0.0000,0.0000,0.0000,-2.1442,179.9994,0.0008,179.9086
17.4825,searching,0.0000,0.0000,0.0000,0.0000,0.0000,-2.1322,179.9996,0.0013,179.9090
17.4922,searching,0.0000,0.0000,0.0000,0.0000,0.0000,-2.1202,179.9993,0.0006,179.9086
17.5026,searching,0.0000,0.0000,0.0000,0.0000,0.0000,-2.1082,179.9993,0.0006,179.9086
17.5118,searching,0.0000,0.0000,0.0000,0.0000,0.0000,-2.0962,179.9995,0.0010,179.9086
17.5234,searching,0.0000,0.0000,0.0000,0.0000,0.0000,-2.0842,179.9995,0.0009,179.9086
17.5360,searching,0.0000,0.0000,0.0000,0.0000,0.0000,-2.0722,179.9995,0.0009,179.9086
17.5426,searching,0.0000,0.0000,0.0000,0.0000,0.0000,-2.0602,179.9993,0.0006,179.9086
17.5539,searching,0.0000,0.0000,0.0000,0.0000,0.0000,-2.0482,179.9993,0.0006,179.9086
17.5638,searching,0.0000,0.0000,0.0000,0.0000,0.0000,-2.0362,179.9993,0.0006,179.9086
17.5721,searching,0.0000,0.2007,0.0000,0.0000,0.0000,-2.0242,179.9996,0.0013,179.9086
17.5821,searching,0.0000,0.2056,0.0000,0.0000,0.0000,-2.0122,179.9997,0.0013,179.9079
17.5945,searching,0.0000,0.2102,0.0000,0.0000,0.0000,-2.0002,179.9997,0.0013,179.9079
17.6030,searching,0.0000,0.2135,0.0000,0.0000,0.0000,-1.9882,179.9996,0.0012,179.9081
17.6137,searching,0.0000,0.2163,0.0000,0.0000,0.0000,-1.9762,179.9996,0.0013,179.9081
17.6232,searching,0.0000,0.2186,0.0000,0.0000,0.0000,-1.9642,179.9996,0.0013,179.9081
17.6324,searching,0.0000,0.2209,0.0000,0.0000,0.0000,-1.9522,179.9996,0.0012,179.9085
17.6434,searching,0.0000,0.2230,0.0000,0.0000,0.0000,-1.9402,179.9996,0.0012,179.9085
17.6521,searching,0.0000,0.2253,0.0000,0.0000,0.0000,-1.9282,179.9995,0.0009,179.9087
17.6631,searching,0.0000,0.2274,0.0000,0.0000,0.0000,-1.9162,179.9996,0.0011,179.9088
17.6735,searching,0.0000,0.2294,0.0000,0.0000,0.0000,-1.9042,179.9996,0.0011,179.9087
17.6831,searching,0.0000,0.2312,0.2020,0.0000,0.0000,-1.8881,179.9996,0.0011,179.9087
17.6929,searching,0.0000,0.2330,0.2044,0.0000,0.0000,-1.8720,179.9997,0.0014,179.9089
17.7036,searching,0.0000,0.2347,0.2071,0.0000,0.0000,-1.8559,179.9996,0.0011,179.9087
17.7139,searching,0.0000,0.2361,0.2094,0.0000,0.0000,-1.8397,179.9996,0.0011,179.9087
17.7226,searching,0.0000,0.2374,0.2116,0.0000,0.0000,-1.8235,179.9995,0.0010,179.9091
17.7336,searching,0.0000,0.2389,0.2139,0.0000,0.0000,-1.8072,179.9996,0.0012,179.9090
17.7426,searching,0.0000,0.2404,0.2161,0.0000,0.0000,-1.7909,179.9996,0.0012,179.9090
17.7546,searching,0.0000,0.2416,0.2179,0.0000,0.0000,-1.7745,179.9996,0.0013,179.9090
17.7642,searching,0.0000,0.2423,0.2194,0.0000,0.0000,-1.7581,179.9997,0.0013,179.9088
17.7730,searching,0.0000,0.2431,0.2208,0.0000,0.0000,-1.7417,179.9997,0.0013,179.9088
17.7827,searching,0.0000,0.2435,0.2218,0.0000,0.0000,-1.7253,180.0000,0.0021,179.9087
17.7929,searching,0.0000,0.2432,0.2218,0.0000,0.0000,-1.7088,-179.9995,0.0033,179.9090
17.8018,searching,0.0000,0.2426,0.2215,0.0000,0.0000,-1.6924,-179.9995,0.0033,179.9090
17.8128,searching,0.0000,0.2421,0.2212,0.0000,0.0000,-1.6760,-179.9998,0.0024,179.9091
17.8218,searching,0.0000,0.2397,0.2189,0.0000,0.0000,-1.6596,179.9999,0.0018,179.9089
17.8323,searching,0.0000,0.2375,0.2167,0.0000,0.0000,-1.6433,179.9999,0.0018,179.9089
17.8428,searching,0.0000,0.2342,0.2135,0.0000,0.0000,-1.6270,179.9996,0.0012,179.9090
17.8523,searching,0.0000,0.2304,0.2095,0.0000,0.0000,-1.6108,179.9995,0.0010,179.9093
17.8644,searching,0.0000,0.2267,0.2058,0.0000,0.0000,-1.5947,179.9995,0.0010,179.9093
17.8742,searching,0.0000,0.2227,0.2016,0.0000,0.0000,-1.5787,179.9996,0.0012,179.9090
17.8823,searching,0.0000,0.2170,0.0000,0.0000,0.0000,-1.5667,179.9993,0.0005,179.9089
17.8937,searching,0.0000,0.2108,0.0000,0.0000,0.0000,-1.5547,179.9993,0.0005,179.9089
17.9022,searching,0.0000,0.2039,0.0000,0.0000,0.0000,-1.5427,179.9991,0.0001,179.9089
17.9140,searching,0.0000,0.0000,0.0000,0.0000,0.0000,-1.5307,179.9992,0.0002,179.9093
17.9222,searching,0.0000,0.0000,0.0000,0.0000,0.0000,-1.5187,179.9992,0.0002,179.9093
17.9322,searching,0.0000,0.0000,0.0000,0.0000,0.0000,-1.5067,179.9989,-0.0004,179.9095
17.9439,searching,0.0000,0.0000,0.0000,0.0000,0.0000,-1.4947,179.9989,-0.0004,179.9095
17.9543,searching,0.0000,0.0000,0.0000,0.0000,0.0000,-1.4827,179.9989,-0.0004,179.9095
17.9625,searching,0.0000,0.0000,0.0000,0.0000,0.0000,-1.4707,179.9992,0.0002,179.9090
17.9721,searching,0.0000,0.0000,0.0000,0.0000,0.0000,-1.4587,179.9992,0.0001,179.9092
17.9821,searching,0.0000,0.0000,0.0000,0.0000,0.0000,-1.4467,179.9992,0.0001,179.9092
17.9921,searching,0.0000,0.0000,0.0000,0.0000,0.0000,-1.4347,179.9990,-0.0003,179.9091
18.0026,searching,0.0000,0.0000,0.0000,0.0000,0.0000,-1.4227,179.9988,-0.0007,179.9090
18.0135,searching,0.0000,0.0000,0.0000,0.0000,0.0000,-1.4107,179.9988,-0.0007,179.9090
18.0220,searching,0.0000,0.0000,0.0000,0.0000,0.0000,-1.3987,179.9990,-0.0003,179.9086
18.0326,searching,0.0000,0.0000,0.0000,0.0000,0.0000,-1.3867,179.9990,-0.0003,179.9085
18.0436,searching,0.0000,0.0000,0.0000,0.0000,0.0000,-1.3747,179.9990,-0.0003,179.9085
18.0521,searching,0.0000,0.0000,0.0000,0.0000,0.0000,-1.3627,179.9989,-0.0005,179.9091
18.0620,searching,0.0000,0.0000,0.0000,0.0000,0.0000,-1.3507,179.9988,-0.0006,179.9090
18.0735,searching,0.0000,0.0000,0.0000,0.0000,0.0000,-1.3387,179.9988,-0.0006,179.9090
18.0828,searching,0.0000,0.0000,0.0000,0.0000,0.0000,-1.3267,179.9992,0.0001,179.9094
18.0920,searching,0.0000,0.0000,0.0000,0.0000,0.0000,-1.3147,179.9988,-0.0006,179.9092
18.1040,searching,0.0000,0.0000,0.0000,0.0000,0.0000,-1.3027,179.9988,-0.0006,179.9092
18.1149,searching,0.0000,0.0000,0.0000,0.0000,0.0000,-1.2907,179.9991,-0.0000,179.9091
18.1218,searching,0.0000,0.0000,-0.2076,0.0000,0.0000,-1.2828,179.9989,-0.0005,179.9092
18.1317,searching,0.0000,0.0000,-0.2348,0.0000,0.0000,-1.2755,179.9989,-0.0005,179.9092
18.1429,searching,0.0000,0.0000,-0.2606,0.0000,0.0000,-1.2687,179.9987,-0.0009,179.9087
18.1520,searching,0.0000,0.0000,-0.2889,0.0000,0.0000,-1.2625,179.9987,-0.0010,179.9087
18.1647,searching,0.0000,-0.2108,-0.3158,0.0000,0.0000,-1.2568,179.9987,-0.0010,179.9087
18.1720,searching,0.0000,-0.2330,-0.3432,0.0000,0.0000,-1.2517,179.9988,-0.0008,179.9086
18.1821,searching,0.0000,-0.2565,-0.3726,0.0000,0.0000,-1.2471,179.9988,-0.0009,179.9086
18.1941,searching,0.0000,-0.2800,-0.4021,0.0000,0.0000,-1.2432,179.9988,-0.0009,179.9086
18.2029,searching,0.0000,-0.3033,-0.4315,0.0000,0.0000,-1.2398,179.9987,-0.0011,179.9091
18.2121,searching,0.0000,-0.3267,-0.4609,0.0000,0.0000,-1.2370,179.9987,-0.0009,179.9087
18.2236,searching,0.0000,-0.3489,-0.4889,0.0000,0.0000,-1.2348,179.9987,-0.0009,179.9087
18.2319,searching,0.0000,-0.3721,-0.5181,0.0000,0.0000,-1.2332,179.9989,-0.0007,179.9092
18.2429,searching,0.0000,-0.3940,-0.5458,0.0000,0.0000,-1.2321,179.9989,-0.0006,179.9092
18.2521,searching,0.0000,-0.4169,-0.5747,0.0000,0.0000,-1.2316,179.9989,-0.0006,179.9092
18.2640,searching,0.0000,-0.4386,-0.6021,0.0000,0.0000,-1.2316,179.9990,-0.0003,179.9085
18.2727,searching,0.0000,-0.4607,-0.6301,0.0000,0.0000,-1.2322,179.9992,0.0001,179.9088
18.2819,searching,0.0000,-0.4824,-0.6578,0.0000,0.0000,-1.2334,179.9992,0.0001,179.9088
18.2933,searching,0.0000,-0.5030,-0.6841,0.0000,0.0000,-1.2350,179.9992,0.0001,179.9088
18.3019,searching,0.0000,-0.5241,-0.7110,0.0000,0.0000,-1.2373,179.9990,-0.0004,179.9086
18.3136,searching,0.0000,-0.5441,-0.7365,0.0000,0.0000,-1.2400,179.9990,-0.0004,179.9086
18.3224,searching,0.0000,-0.5639,-0.7618,0.0000,0.0000,-1.2432,179.9993,0.0003,179.9083
18.3321,searching,0.2016,-0.5842,-0.7878,0.0000,0.0000,-1.2470,179.9991,-0.0001,179.9088
18.3427,searching,0.2062,-0.6034,-0.8125,0.0000,0.0000,-1.2512,179.9991,-0.0001,179.9088
18.3521,searching,0.2105,-0.6231,-0.8375,0.0000,0.0000,-1.2560,179.9990,-0.0004,179.9087
18.3620,searching,0.2147,-0.6423,-0.8619,0.0000,0.0000,-1.2612,179.9990,-0.0003,179.9085
18.3745,searching,0.2186,-0.6605,-0.8851,0.0000,0.0000,-1.2669,179.9990,-0.0003,179.9085
18.3832,searching,0.2222,-0.6784,-0.9078,0.0000,0.0000,-1.2731,179.9989,-0.0006,179.9088
18.3921,searching,0.2256,-0.6965,-0.9307,0.0000,0.0000,-1.2797,179.9991,-0.0003,179.9083
18.4021,searching,0.2287,-0.7141,-0.9531,0.0000,0.0000,-1.2868,179.9991,-0.0003,179.9083
18.4127,searching,0.2316,-0.7312,-0.9747,0.0000,0.0000,-1.2943,179.9991,-0.0003,179.9089
18.4219,searching,0.2341,-0.7474,-0.9953,0.0000,0.0000,-1.3022,179.9993,0.0004,179.9088
18.4318,searching,0.2363,-0.7629,-1.0149,0.0000,0.0000,-1.3105,179.9993,0.0004,179.9088
18.4433,searching,0.2384,-0.7775,-1.0335,0.0000,0.0000,-1.3191,179.9996,0.0010,179.9088
18.4549,searching,0.2403,-0.7914,-1.0512,0.0000,0.0000,-1.3282,179.9997,0.0012,179.9087
18.4639,searching,0.2420,-0.8046,-1.0681,0.0000,0.0000,-1.3375,179.9997,0.0012,179.9087
18.4727,searching,0.2435,-0.8172,-1.0842,0.0000,0.0000,-1.3472,179.9998,0.0013,179.9084
18.4820,searching,0.2448,-0.8292,-1.0994,0.0000,0.0000,-1.3572,179.9996,0.0010,179.9083
18.4924,searching,0.2459,-0.8407,-1.1138,0.0000,0.0000,-1.3675,179.9996,0.0010,179.9083
18.5029,searching,0.2469,-0.8517,-1.1274,0.0000,0.0000,-1.3780,179.9995,0.0008,179.9083
18.5140,searching,0.2476,-0.8619,-1.1401,0.0000,0.0000,-1.3888,179.9997,0.0011,179.9086
18.5240,searching,0.2483,-0.8716,-1.1522,0.0000,0.0000,-1.3999,179.9997,0.0011,179.9086
18.5333,searching,0.2488,-0.8805,-1.1634,0.0000,0.0000,-1.4111,179.9996,0.0008,179.9087
18.5438,searching,0.2492,-0.8888,-1.1736,0.0000,0.0000,-1.4226,179.9996,0.0008,179.9087
18.5520,searching,0.2492,-0.8965,-1.1826,0.0000,0.0000,-1.4342,179.9996,0.0008,179.9087
18.5641,searching,0.2492,-0.9037,-1.1911,0.0000,0.0000,-1.4461,179.9996,0.0008,179.9087
18.5718,searching,0.2489,-0.9099,-1.1982,0.0000,0.0000,-1.4580,179.9993,0.0003,179.9086
18.5829,searching,0.2484,-0.9155,-1.2043,0.0000,0.0000,-1.4701,179.9993,0.0003,179.9086
18.5933,searching,0.2479,-0.9207,-1.2100,0.0000,0.0000,-1.4823,179.9993,0.0003,179.9083
18.6021,searching,0.2471,-0.9246,-1.2138,0.0000,0.0000,-1.4946,179.9991,-0.0003,179.9089
18.6146,searching,0.2463,-0.9283,-1.2174,0.0000,0.0000,-1.5069,179.9991,-0.0003,179.9089
18.6226,searching,0.2452,-0.9308,-1.2190,0.0000,0.0000,-1.5193,179.9993,0.0003,179.9086
18.6320,searching,0.2438,-0.9321,-1.2193,0.0000,0.0000,-1.5317,179.9993,0.0003,179.9086
18.6433,searching,0.2425,-0.9334,-1.2196,0.0000,0.0000,-1.5441,179.9993,0.0003,179.9086
18.6533,searching,0.2410,-0.9337,-1.2186,0.0000,0.0000,-1.5565,179.9995,0.0006,179.9087
18.6632,searching,0.2393,-0.9333,-1.2166,0.0000,0.0000,-1.5688,179.9993,0.0001,179.9084
18.6742,searching,0.2374,-0.9319,-1.2134,0.0000,0.0000,-1.5811,179.9993,0.0001,179.9084
18.6845,searching,0.2355,-0.9300,-1.2094,0.0000,0.0000,-1.5933,179.9993,0.0001,179.9084
18.6942,searching,0.2334,-0.9272,-1.2042,0.0000,0.0000,-1.6053,179.9990,-0.0004,179.9087
18.7024,searching,0.2312,-0.9236,-1.1980,0.0000,0.0000,-1.6173,179.9990,-0.0004,179.9087
18.7119,searching,0.2286,-0.9181,-1.1890,0.0000,0.0000,-1.6291,179.9991,-0.0003,179.9089
18.7220,searching,0.2262,-0.9129,-1.1806,0.0000,0.0000,-1.6407,179.9991,-0.0003,179.9089
18.7353,searching,0.2236,-0.9070,-1.1712,0.0000,0.0000,-1.6521,179.9991,-0.0003,179.9089
18.7446,searching,0.2208,-0.9004,-1.1610,0.0000,0.0000,-1.6633,179.9991,-0.0002,179.9087
18.7519,searching,0.2181,-0.8935,-1.1503,0.0000,0.0000,-1.6744,179.9988,-0.0008,179.9086
18.7618,searching,0.2148,-0.8850,-1.1376,0.0000,0.0000,-1.6851,179.9988,-0.0008,179.9086
18.7721,searching,0.2112,-0.8759,-1.1243,0.0000,0.0000,-1.6956,179.9989,-0.0006,179.9088
18.7840,searching,0.2079,-0.8673,-1.1117,0.0000,0.0000,-1.7058,179.9989,-0.0006,179.9088
18.7951,searching,0.2045,-0.8578,-1.0981,0.0000,0.0000,-1.7158,179.9989,-0.0006,179.9088
18.8030,searching,0.2009,-0.8475,-1.0836,0.0000,0.0000,-1.7255,179.9989,-0.0006,179.9092
18.8137,searching,0.0000,-0.8359,-1.0671,0.0000,0.0000,-1.7348,179.9991,-0.0003,179.9091
18.8227,searching,0.0000,-0.8249,-1.0515,0.0000,0.0000,-1.7438,179.9991,-0.0003,179.9091
18.8323,searching,0.0000,-0.8126,-1.0344,0.0000,0.0000,-1.7525,179.9990,-0.0005,179.9093
18.8418,searching,0.0000,-0.7999,-1.0169,0.0000,0.0000,-1.7609,179.9990,-0.0005,179.9093
18.8518,searching,0.0000,-0.7866,-0.9987,0.0000,0.0000,-1.7688,179.9990,-0.0005,179.9093
18.8622,searching,0.0000,-0.7740,-0.9814,0.0000,0.0000,-1.7765,179.9988,-0.0009,179.9086
18.8734,searching,0.0000,-0.7598,-0.9625,0.0000,0.0000,-1.7837,179.9985,-0.0015,179.9091
18.8819,searching,0.0000,-0.7454,-0.9432,0.0000,0.0000,-1.7906,179.9985,-0.0015,179.9091
18.8918,searching,0.0000,-0.7310,-0.9241,0.0000,0.0000,-1.7970,179.9986,-0.0014,179.9093
18.9018,searching,0.0000,-0.7161,-0.9046,0.0000,0.0000,-1.8031,179.9987,-0.0011,179.9093
18.9129,searching,0.0000,-0.7020,-0.8862,0.0000,0.0000,-1.8089,179.9987,-0.0011,179.9093
18.9224,searching,0.0000,-0.6872,-0.8671,0.0000,0.0000,-1.8142,179.9989,-0.0007,179.9099
18.9319,searching,0.0000,-0.6708,-0.8463,0.0000,0.0000,-1.8191,179.9989,-0.0007,179.9095
18.9426,searching,0.0000,-0.6552,-0.8265,0.0000,0.0000,-1.8237,179.9989,-0.0007,179.9095
18.9519,searching,0.0000,-0.6384,-0.8056,0.0000,0.0000,-1.8278,179.9990,-0.0004,179.9095
18.9644,searching,0.0000,-0.6225,-0.7857,0.0000,0.0000,-1.8315,179.9989,-0.0007,179.9095
18.9740,searching,0.0000,-0.6065,-0.7660,0.0000,0.0000,-1.8348,179.9989,-0.0007,179.9095
18.9838,searching,0.0000,-0.5888,-0.7445,0.0000,0.0000,-1.8377,179.9989,-0.0007,179.9095
18.9918,searching,0.0000,-0.5709,-0.7230,0.0000,0.0000,-1.8402,179.9988,-0.0009,179.9099
19.0019,searching,0.0000,-0.5525,-0.7011,0.0000,0.0000,-1.8422,179.9988,-0.0009,179.9099
19.0129,searching,0.0000,-0.5351,-0.6802,0.0000,0.0000,-1.8438,179.9990,-0.0003,179.9102
19.0242,searching,0.0000,-0.5174,-0.6592,0.0000,0.0000,-1.8450,179.9990,-0.0005,179.9102
19.0330,searching,0.0000,-0.4998,-0.6384,0.0000,0.0000,-1.8457,179.9990,-0.0005,179.9102
19.0421,searching,0.0000,-0.4813,-0.6164,0.0000,0.0000,-1.8461,179.9992,0.0001,179.9100
19.0521,searching,0.0000,-0.4629,-0.5945,0.0000,0.0000,-1.8460,179.9992,0.0001,179.9100
19.0622,searching,0.0000,-0.4446,-0.5728,0.0000,0.0000,-1.8454,179.9992,0.0001,179.9100
19.0732,searching,0.0000,-0.4272,-0.5523,0.0000,0.0000,-1.8445,179.9992,0.0001,179.9102
19.0823,searching,0.0000,-0.4099,-0.5318,0.0000,0.0000,-1.8431,179.9995,0.0007,179.9101
19.0937,searching,0.0000,-0.3928,-0.5118,0.0000,0.0000,-1.8413,179.9995,0.0007,179.9101
19.1040,searching,0.0000,-0.3757,-0.4920,0.0000,0.0000,-1.8392,179.9998,0.0014,179.9103
19.1142,searching,0.0000,-0.3580,-0.4717,0.0000,0.0000,-1.8366,-179.9998,0.0024,179.9102
19.1224,searching,0.0000,-0.3403,-0.4516,0.0000,0.0000,-1.8336,-179.9998,0.0024,179.9102
19.1343,searching,0.0000,-0.3235,-0.4325,0.0000,0.0000,-1.8303,-179.9997,0.0027,179.9092
19.1425,searching,0.0000,-0.3071,-0.4137,0.0000,0.0000,-1.8266,-179.9995,0.0031,179.9092
19.1550,searching,0.0000,-0.2911,-0.3952,0.0000,0.0000,-1.8225,-179.9995,0.0031,179.9092
19.1628,searching,0.0000,-0.2754,-0.3775,0.0000,0.0000,-1.8180,-179.9997,0.0026,179.9088
19.1741,searching,0.0000,-0.2603,-0.3602,0.0000,0.0000,-1.8132,-179.9997,0.0026,179.9091
19.1829,searching,0.0000,-0.2455,-0.3432,0.0000,0.0000,-1.8081,-179.9997,0.0026,179.9091
19.1941,searching,0.0000,-0.2310,-0.3268,0.0000,0.0000,-1.8026,180.0000,0.0019,179.9087
19.2022,searching,0.0000,-0.2167,-0.3106,0.0000,0.0000,-1.7968,-179.9999,0.0022,179.9090
19.2122,searching,0.0000,-0.2032,-0.2951,0.0000,0.0000,-1.7907,-179.9999,0.0022,179.9090
19.2234,searching,0.0000,0.0000,-0.2805,0.0000,0.0000,-1.7843,-179.9999,0.0021,179.9090
19.2325,searching,0.0000,0.0000,-0.2670,0.0000,0.0000,-1.7777,179.9999,0.0017,179.9087
19.2425,searching,0.0000,0.0000,-0.2543,0.0000,0.0000,-1.7708,179.9999,0.0017,179.9087
19.2521,searching,0.0000,0.0000,-0.2425,0.0000,0.0000,-1.7636,179.9996,0.0011,179.9086
19.2620,searching,0.0000,0.0000,-0.2311,0.0000,0.0000,-1.7562,179.9998,0.0016,179.9093
19.2730,searching,0.0000,0.0000,-0.2203,0.0000,0.0000,-1.7486,179.9998,0.0016,179.9093
19.2837,searching,0.0000,0.0000,-0.2104,0.0000,0.0000,-1.7409,179.9998,0.0015,179.9091
19.2920,searching,0.0000,0.0000,-0.2013,0.0000,0.0000,-1.7329,179.9997,0.0013,179.9091
19.3043,searching,0.0000,0.0000,0.0000,0.0000,0.0000,-1.7209,179.9997,0.0013,179.9091
19.3147,searching,0.0000,0.0000,0.0000,0.0000,0.0000,-1.7089,179.9995,0.0009,179.9091
19.3218,searching,0.0000,0.0000,0.0000,0.0000,0.0000,-1.6969,179.9995,0.0010,179.9090
19.3324,searching,0.0000,0.0000,0.0000,0.0000,0.0000,-1.6849,179.9995,0.0010,179.9090
19.3433,searching,0.0000,0.0000,0.0000,0.0000,0.0000,-1.6729,179.9993,0.0004,179.9089
19.3522,searching,0.0000,0.0000,0.0000,0.0000,0.0000,-1.6609,179.9992,0.0002,179.9090
19.3652,searching,0.0000,0.0000,0.0000,0.0000,0.0000,-1.6489,179.9992,0.0002,179.9090
19.3719,searching,0.0000,0.0000,0.0000,0.0000,0.0000,-1.6369,179.9993,0.0006,179.9090
19.3829,searching,0.0000,0.0000,0.0000,0.0000,0.0000,-1.6249,179.9997,0.0014,179.9091
19.3934,searching,0.0000,0.0000,0.0000,0.0000,0.0000,-1.6129,179.9997,0.0014,179.9091
19.4033,searching,0.0000,0.0000,0.0000,0.0000,0.0000,-1.6009,179.9992,0.0004,179.9088
19.4120,searching,0.0000,0.0000,0.0000,0.0000,0.0000,-1.5889,179.9994,0.0007,179.9094
19.4236,searching,0.0000,0.0000,0.0000,0.0000,0.0000,-1.5769,179.9994,0.0007,179.9094
19.4321,searching,0.0000,0.0000,0.0000,0.0000,0.0000,-1.5649,179.9995,0.0010,179.9089
19.4421,searching,0.0000,0.0000,0.0000,0.0000,0.0000,-1.5529,179.9995,0.0010,179.9089
19.4527,searching,0.0000,0.0000,0.0000,0.0000,0.0000,-1.5409,179.9995,0.0010,179.9089
19.4629,searching,0.0000,0.0000,0.0000,0.0000,0.0000,-1.5289,179.9994,0.0008,179.9086
19.4752,searching,0.0000,0.0000,0.0000,0.0000,0.0000,-1.5169,179.9994,0.0008,179.9087
19.4828,searching,0.0000,0.0000,0.0000,0.0000,0.0000,-1.5049,179.9994,0.0008,179.9087
19.4931,searching,0.0000,0.0000,-0.2056,0.0000,0.0000,-1.4970,179.9994,0.0009,179.9090
19.5018,searching,0.0000,0.0000,-0.2157,0.0000,0.0000,-1.4893,179.9992,0.0003,179.9082
19.5119,searching,0.0000,0.0000,-0.2267,0.0000,0.0000,-1.4818,179.9992,0.0003,179.9082
19.5219,searching,0.0000,0.0000,-0.2386,0.0000,0.0000,-1.4746,179.9990,-0.0000,179.9094
19.5324,searching,0.0000,0.0000,-0.2499,0.0000,0.0000,-1.4676,179.9991,0.0001,179.9089
19.5428,searching,0.0000,-0.2078,-0.2618,0.0000,0.0000,-1.4608,179.9991,0.0001,179.9089
19.5526,searching,0.0000,-0.2210,-0.2744,0.0000,0.0000,-1.4543,179.9991,0.0002,179.9093
19.5642,searching,0.0000,-0.2349,-0.2879,0.0000,0.0000,-1.4481,179.9989,-0.0002,179.9094
19.5720,searching,0.0000,-0.2507,-0.3031,0.0000,0.0000,-1.4422,179.9989,-0.0002,179.9094
19.5830,searching,0.0000,-0.2658,-0.3176,0.0000,0.0000,-1.4365,179.9994,0.0009,179.9091
19.5928,searching,0.0000,-0.2816,-0.3327,0.0000,0.0000,-1.4312,179.9992,0.0004,179.9095
19.6021,searching,0.0000,-0.2991,-0.3496,0.0000,0.0000,-1.4262,179.9992,0.0004,179.9095
19.6125,searching,0.0000,-0.3157,-0.3657,0.0000,0.0000,-1.4215,179.9990,-0.0000,179.9094
19.6220,searching,0.0000,-0.3328,-0.3824,0.0000,0.0000,-1.4171,179.9992,0.0006,179.9100
19.6319,searching,0.0000,-0.3516,-0.4010,0.0000,0.0000,-1.4131,179.9992,0.0006,179.9100
19.6430,searching,0.0000,-0.3694,-0.4186,0.0000,0.0000,-1.4095,179.9993,0.0007,179.9101
19.6542,searching,0.0000,-0.3879,-0.4370,0.0000,0.0000,-1.4062,179.9993,0.0007,179.9104
19.6648,searching,0.0000,-0.4068,-0.4561,0.0000,0.0000,-1.4034,179.9993,0.0007,179.9104
19.6733,searching,0.0000,-0.4261,-0.4756,0.0000,0.0000,-1.4009,179.9993,0.0007,179.9104
19.6843,searching,0.0000,-0.4462,-0.4958,0.0000,0.0000,-1.3988,179.9993,0.0008,179.9102
19.6932,searching,0.0000,-0.4668,-0.5167,0.0000,0.0000,-1.3971,179.9993,0.0008,179.9102
19.7020,searching,0.0000,-0.4879,-0.5379,0.0000,0.0000,-1.3959,179.9993,0.0009,179.9101
19.7144,searching,0.0000,-0.5105,-0.5606,0.0000,0.0000,-1.3951,179.9992,0.0006,179.9107
19.7219,searching,0.0000,-0.5331,-0.5833,0.0000,0.0000,-1.3948,179.9992,0.0006,179.9107
19.7319,searching,0.0000,-0.5563,-0.6065,0.0000,0.0000,-1.3949,179.9994,0.0010,179.9105
19.7422,searching,0.2019,-0.5783,-0.6285,0.0000,0.0000,-1.3955,179.9992,0.0007,179.9103
19.7539,searching,0.2096,-0.6006,-0.6508,0.0000,0.0000,-1.3965,179.9992,0.0007,179.9103
19.7618,searching,0.2178,-0.6241,-0.6742,0.0000,0.0000,-1.3980,179.9989,-0.0001,179.9104
19.7744,searching,0.2255,-0.6464,-0.6964,0.0000,0.0000,-1.3999,179.9990,0.0002,179.9101
19.7818,searching,0.2335,-0.6693,-0.7191,0.0000,0.0000,-1.4023,179.9990,0.0002,179.9101
19.7925,searching,0.2411,-0.6911,-0.7407,0.0000,0.0000,-1.4051,179.9990,0.0001,179.9104
19.8043,searching,0.2488,-0.7128,-0.7624,0.0000,0.0000,-1.4083,179.9995,-0.0002,179.9102
19.8140,searching,0.2563,-0.7344,-0.7839,0.0000,0.0000,-1.4120,179.9995,-0.0002,179.9102
19.8239,searching,0.2639,-0.7555,-0.8051,0.0000,0.0000,-1.4161,179.9995,-0.0000,179.9096
19.8319,searching,0.2719,-0.7774,-0.8269,0.0000,0.0000,-1.4207,179.9998,0.0007,179.9100
19.8418,searching,0.2799,-0.7990,-0.8484,0.0000,0.0000,-1.4256,179.9998,0.0007,179.9100
19.8525,searching,0.2875,-0.8195,-0.8689,0.0000,0.0000,-1.4310,-179.9999,0.0013,179.9099
19.8641,searching,0.2953,-0.8401,-0.8894,0.0000,0.0000,-1.4368,-179.9996,0.0021,179.9095
19.8724,searching,0.3028,-0.8597,-0.9088,0.0000,0.0000,-1.4430,-179.9996,0.0021,179.9095
19.8818,searching,0.3105,-0.8793,-0.9285,0.0000,0.0000,-1.4495,-179.9996,0.0021,179.9094
19.8919,searching,0.3181,-0.8984,-0.9477,0.0000,0.0000,-1.4565,-179.9997,0.0019,179.9093
19.9027,searching,0.3254,-0.9166,-0.9659,0.0000,0.0000,-1.4638,-179.9997,0.0019,179.9093
19.9141,searching,0.3324,-0.9338,-0.9833,0.0000,0.0000,-1.4715,-179.9999,0.0015,179.9092
19.9224,searching,0.3392,-0.9502,-0.9997,0.0000,0.0000,-1.4795,179.9997,0.0004,179.9093
19.9325,searching,0.3459,-0.9658,-1.0152,0.0000,0.0000,-1.4878,179.9997,0.0004,179.9093
19.9436,searching,0.3524,-0.9804,-1.0296,0.0000,0.0000,-1.4964,179.9996,0.0002,179.9091
19.9519,searching,0.3587,-0.9940,-1.0429,0.0000,0.0000,-1.5052,179.9991,-0.0009,179.9087
19.9622,searching,0.3647,-1.0066,-1.0552,0.0000,0.0000,-1.5143,179.9991,-0.0009,179.9087
19.9748,searching,0.3702,-1.0180,-1.0664,0.0000,0.0000,-1.5236,179.9991,-0.0008,179.9090
19.9827,searching,0.3752,-1.0279,-1.0762,0.0000,0.0000,-1.5332,179.9989,-0.0013,179.9098
19.9927,searching,0.3798,-1.0363,-1.0847,0.0000,0.0000,-1.5429,179.9989,-0.0013,179.9098
20.0029,searching,0.3842,-1.0444,-1.0927,0.0000,0.0000,-1.5527,179.9993,-0.0003,179.9099
20.0119,searching,0.3885,-1.0515,-1.1003,0.0000,0.0000,-1.5627,179.9988,-0.0014,179.9091
20.0231,searching,0.3926,-1.0583,-1.1074,0.0000,0.0000,-1.5729,179.9988,-0.0014,179.9091
20.0320,searching,0.3964,-1.0635,-1.1131,0.0000,0.0000,-1.5831,179.9988,-0.0014,179.9091
20.0431,searching,0.4001,-1.0685,-1.1184,0.0000,0.0000,-1.5935,179.9991,-0.0009,179.9093
20.0521,searching,0.4033,-1.0724,-1.1226,0.0000,0.0000,-1.6040,179.9991,-0.0009,179.9093
20.0619,searching,0.4060,-1.0744,-1.1249,0.0000,0.0000,-1.6145,179.9987,-0.0018,179.9096
20.0742,searching,0.4087,-1.0762,-1.1271,0.0000,0.0000,-1.6250,179.9988,-0.0016,179.9101
20.0822,searching,0.4109,-1.0761,-1.1276,0.0000,0.0000,-1.6356,179.9988,-0.0016,179.9101
20.0933,searching,0.4130,-1.0760,-1.1280,0.0000,0.0000,-1.6461,179.9984,-0.0025,179.9100
20.1030,searching,0.4148,-1.0750,-1.1276,0.0000,0.0000,-1.6567,179.9986,-0.0020,179.9102
20.1150,searching,0.4163,-1.0731,-1.1264,0.0000,0.0000,-1.6672,179.9986,-0.0020,179.9102
20.1220,searching,0.4173,-1.0692,-1.1234,0.0000,0.0000,-1.6777,179.9985,-0.0021,179.9099
20.1320,searching,0.4176,-1.0642,-1.1191,0.0000,0.0000,-1.6880,179.9989,-0.0013,179.9100
20.1437,searching,0.4180,-1.0594,-1.1150,0.0000,0.0000,-1.6983,179.9989,-0.0013,179.9100
20.1533,searching,0.4179,-1.0531,-1.1095,0.0000,0.0000,-1.7085,179.9991,-0.0008,179.9101
20.1621,searching,0.4175,-1.0456,-1.1028,0.0000,0.0000,-1.7186,179.9992,-0.0005,179.9099
20.1727,searching,0.4164,-1.0364,-1.0946,0.0000,0.0000,-1.7285,179.9992,-0.0005,179.9099
20.1819,searching,0.4154,-1.0277,-1.0868,0.0000,0.0000,-1.7382,179.9990,-0.0012,179.9100
20.1920,searching,0.4138,-1.0171,-1.0772,0.0000,0.0000,-1.7478,179.9990,-0.0010,179.9105
20.2025,searching,0.4116,-1.0059,-1.0669,0.0000,0.0000,-1.7571,179.9990,-0.0010,179.9105
20.2129,searching,0.4096,-0.9953,-1.0572,0.0000,0.0000,-1.7662,179.9990,-0.0010,179.9105
20.2230,searching,0.4072,-0.9837,-1.0466,0.0000,0.0000,-1.7752,179.9993,-0.0004,179.9104
20.2327,searching,0.4046,-0.9715,-1.0355,0.0000,0.0000,-1.7839,179.9993,-0.0004,179.9104
20.2436,searching,0.4015,-0.9588,-1.0239,0.0000,0.0000,-1.7924,179.9995,-0.0000,179.9102
20.2526,searching,0.3976,-0.9440,-1.0100,0.0000,0.0000,-1.8006,179.9997,0.0005,179.9100
20.2618,searching,0.3934,-0.9285,-0.9954,0.0000,0.0000,-1.8085,179.9997,0.0005,179.9100
20.2735,searching,0.3893,-0.9138,-0.9815,0.0000,0.0000,-1.8161,179.9998,0.0007,179.9103
20.2825,searching,0.3850,-0.8985,-0.9669,0.0000,0.0000,-1.8234,179.9998,0.0008,179.9095
20.2922,searching,0.3805,-0.8828,-0.9519,0.0000,0.0000,-1.8305,179.9998,0.0008,179.9095
20.3040,searching,0.3756,-0.8670,-0.9364,0.0000,0.0000,-1.8372,179.9999,0.0008,179.9099
20.3139,searching,0.3704,-0.8500,-0.9197,0.0000,0.0000,-1.8436,179.9998,0.0008,179.9096
20.3220,searching,0.3641,-0.8311,-0.9010,0.0000,0.0000,-1.8496,179.9998,0.0008,179.9096
20.3321,searching,0.3572,-0.8112,-0.8814,0.0000,0.0000,-1.8552,179.9999,0.0009,179.9096
20.3440,searching,0.3507,-0.7923,-0.8628,0.0000,0.0000,-1.8605,179.9997,0.0005,179.9096
20.3525,searching,0.3440,-0.7723,-0.8431,0.0000,0.0000,-1.8654,179.9997,0.0005,179.9096
20.3620,searching,0.3364,-0.7509,-0.8219,0.0000,0.0000,-1.8698,179.9999,0.0009,179.9088
20.3722,searching,0.3292,-0.7305,-0.8018,0.0000,0.0000,-1.8738,179.9999,0.0009,179.9088
20.3821,searching,0.3220,-0.7098,-0.7812,0.0000,0.0000,-1.8775,179.9996,0.0002,179.9090
20.3920,searching,0.3139,-0.6876,-0.7587,0.0000,0.0000,-1.8806,179.9992,-0.0007,179.9088
20.4028,searching,0.3062,-0.6665,-0.7373,0.0000,0.0000,-1.8834,179.9992,-0.0007,179.9088
20.4129,searching,0.2985,-0.6450,-0.7155,0.0000,0.0000,-1.8857,179.9992,-0.0007,179.9088
20.4227,searching,0.2897,-0.6221,-0.6920,0.0000,0.0000,-1.8875,179.9990,-0.0011,179.9086
20.4322,searching,0.2810,-0.5985,-0.6679,0.0000,0.0000,-1.8889,179.9989,-0.0013,179.9084
20.4424,searching,0.2725,-0.5754,-0.6442,0.0000,0.0000,-1.8898,179.9989,-0.0013,179.9084
20.4526,searching,0.2637,-0.5529,-0.6211,0.0000,0.0000,-1.8902,179.9990,-0.0012,179.9085
20.4639,searching,0.2554,-0.5316,-0.5991,0.0000,0.0000,-1.8902,179.9992,-0.0007,179.9088
20.4731,searching,0.2471,-0.5102,-0.5772,0.0000,0.0000,-1.8897,179.9992,-0.0007,179.9088
20.4849,searching,0.2389,-0.4888,-0.5551,0.0000,0.0000,-1.8888,179.9995,-0.0000,179.9088
20.4937,searching,0.2305,-0.4672,-0.5327,0.0000,0.0000,-1.8875,179.9995,-0.0000,179.9088
20.5020,searching,0.2219,-0.4447,-0.5094,0.0000,0.0000,-1.8857,179.9991,-0.0009,179.9087
20.5120,searching,0.2137,-0.4233,-0.4873,0.0000,0.0000,-1.8834,179.9990,-0.0011,179.9087
20.5218,searching,0.2053,-0.4019,-0.4652,0.0000,0.0000,-1.8807,179.9990,-0.0012,179.9083
20.5320,searching,0.0000,-0.3810,-0.4436,0.0000,0.0000,-1.8776,179.9990,-0.0012,179.9083
20.5447,searching,0.0000,-0.3612,-0.4232,0.0000,0.0000,-1.8741,179.9990,-0.0012,179.9083
20.5526,searching,0.0000,-0.3419,-0.4031,0.0000,0.0000,-1.8701,179.9989,-0.0015,179.9085
20.5623,searching,0.0000,-0.3223,-0.3830,0.0000,0.0000,-1.8658,179.9989,-0.0015,179.9085
20.5720,searching,0.0000,-0.3034,-0.3635,0.0000,0.0000,-1.8610,179.9992,-0.0008,179.9081
20.5819,searching,0.0000,-0.2852,-0.3449,0.0000,0.0000,-1.8559,179.9994,-0.0004,179.9079
20.5919,searching,0.0000,-0.2676,-0.3269,0.0000,0.0000,-1.8505,179.9994,-0.0004,179.9079
20.6026,searching,0.0000,-0.2509,-0.3097,0.0000,0.0000,-1.8447,179.9991,-0.0010,179.9079
20.6138,searching,0.0000,-0.2351,-0.2934,0.0000,0.0000,-1.8385,179.9995,-0.0002,179.9077
20.6239,searching,0.0000,-0.2193,-0.2771,0.0000,0.0000,-1.8321,179.9995,-0.0002,179.9077
20.6320,searching,0.0000,-0.2036,-0.2610,0.0000,0.0000,-1.8253,180.0000,0.0010,179.9086
20.6439,searching,0.0000,0.0000,-0.2457,0.0000,0.0000,-1.8182,179.9997,0.0003,179.9085
20.6529,searching,0.0000,0.0000,-0.2315,0.0000,0.0000,-1.8108,179.9997,0.0003,179.9085
20.6642,searching,0.0000,0.0000,-0.2177,0.0000,0.0000,-1.8032,179.9999,0.0008,179.9087
20.6740,searching,0.0000,0.0000,-0.2047,0.0000,0.0000,-1.7953,-179.9998,0.0014,179.9092
20.6828,searching,0.0000,0.0000,0.0000,0.0000,0.0000,-1.7833,-179.9998,0.0014,179.9092
20.6947,searching,0.0000,0.0000,0.0000,0.0000,0.0000,-1.7713,179.9997,0.0004,179.9093
20.7054,searching,0.0000,0.0000,0.0000,0.0000,0.0000,-1.7593,179.9997,0.0004,179.9093
20.7140,searching,0.0000,0.0000,0.0000,0.0000,0.0000,-1.7473,179.9997,0.0004,179.9093
20.7229,searching,0.0000,0.0000,0.0000,0.0000,0.0000,-1.7353,179.9992,-0.0010,179.9089
20.7318,searching,0.0000,0.0000,0.0000,0.0000,0.0000,-1.7233,179.9993,-0.0007,179.9088
20.7423,searching,0.0000,0.0000,0.0000,0.0000,0.0000,-1.7113,179.9993,-0.0007,179.9088
20.7527,searching,0.0000,0.0000,0.0000,0.0000,0.0000,-1.6993,179.9998,0.0005,179.9092
20.7630,searching,0.0000,0.0000,0.0000,0.0000,0.0000,-1.6873,179.9995,-0.0002,179.9083
20.7742,searching,0.0000,0.0000,0.0000,0.0000,0.0000,-1.6753,179.9995,-0.0002,179.9083
20.7823,searching,0.0000,0.0000,0.0000,0.0000,0.0000,-1.6633,179.9994,-0.0006,179.9089
20.7934,searching,0.0000,0.0000,0.0000,0.0000,0.0000,-1.6513,179.9993,-0.0007,179.9088
20.8022,searching,0.0000,0.0000,0.0000,0.0000,0.0000,-1.6393,179.9993,-0.0007,179.9088
20.8121,searching,0.0000,0.0000,0.0000,0.0000,0.0000,-1.6273,179.9994,-0.0006,179.9082
20.8246,searching,0.0000,0.0000,0.0000,0.0000,0.0000,-1.6153,179.9995,-0.0004,179.9088
20.8333,searching,0.0000,0.0000,0.0000,0.0000,0.0000,-1.6033,179.9995,-0.0004,179.9088
20.8428,searching,0.0000,0.0000,0.0000,0.0000,0.0000,-1.5913,179.9993,-0.0008,179.9088
20.8522,searching,0.0000,0.0000,0.0000,0.0000,0.0000,-1.5793,179.9993,-0.0008,179.9088
20.8619,searching,0.0000,0.0000,0.0000,0.0000,0.0000,-1.5673,179.9993,-0.0008,179.9088
20.8732,searching,0.0000,0.0000,0.0000,0.0000,0.0000,-1.5553,179.9993,-0.0008,179.9087
20.8834,searching,0.0000,0.0000,0.0000,0.0000,0.0000,-1.5433,179.9995,-0.0004,179.9086
20.8938,searching,0.0000,0.0000,0.0000,0.0000,0.0000,-1.5313,179.9995,-0.0004,179.9086
20.9019,searching,0.0000,0.0000,0.0000,0.0000,0.0000,-1.5193,179.9995,-0.0004,179.9087
20.9125,searching,0.0000,0.0000,0.0000,0.0000,0.0000,-1.5073,179.9998,0.0002,179.9084
20.9233,searching,0.0000,0.0000,0.0000,0.0000,0.0000,-1.4953,179.9998,0.0002,179.9084
20.9323,searching,0.0000,0.0000,0.0000,0.0000,0.0000,-1.4833,179.9996,-0.0001,179.9085
20.9437,searching,0.0000,0.0000,0.0000,0.0000,0.0000,-1.4713,179.9995,-0.0004,179.9086
20.9525,searching,0.0000,0.0000,0.0000,0.0000,0.0000,-1.4593,179.9995,-0.0004,179.9086
20.9618,searching,0.0000,0.0000,-0.2090,0.0000,0.0000,-1.4515,179.9995,-0.0004,179.9089
20.9719,searching,0.0000,0.0000,-0.2232,0.0000,0.0000,-1.4439,179.9991,-0.0000,179.9083
20.9828,searching,0.0000,0.0000,-0.2367,0.0000,0.0000,-1.4367,179.9991,-0.0000,179.9083
20.9928,searching,0.0000,0.0000,-0.2511,0.0000,0.0000,-1.4297,179.9991,-0.0000,179.9093
21.0024,searching,0.0000,0.0000,-0.2680,0.0000,0.0000,-1.4231,179.9992,0.0002,179.9093
21.0144,searching,0.0000,0.0000,-0.2841,0.0000,0.0000,-1.4167,179.9992,0.0002,179.9093
21.0218,searching,0.0000,0.0000,-0.3018,0.0000,0.0000,-1.4108,179.9991,-0.0000,179.9093
21.0327,searching,0.0000,0.0000,-0.3185,0.0000,0.0000,-1.4051,179.9990,-0.0004,179.9093
21.0425,searching,0.0000,-0.2087,-0.3355,0.0000,0.0000,-1.3999,179.9990,-0.0004,179.9093
21.0531,searching,0.0000,-0.2211,-0.3527,0.0000,0.0000,-1.3949,179.9992,0.0001,179.9096
21.0619,searching,0.0000,-0.2344,-0.3713,0.0000,0.0000,-1.3903,179.9992,0.0001,179.9090
21.0734,searching,0.0000,-0.2470,-0.3890,0.0000,0.0000,-1.3861,179.9992,0.0001,179.9090
21.0823,searching,0.0000,-0.2596,-0.4069,0.0000,0.0000,-1.3823,179.9992,0.0001,179.9090
21.0919,searching,0.0000,-0.2730,-0.4263,0.0000,0.0000,-1.3788,179.9996,0.0011,179.9091
21.1025,searching,0.0000,-0.2858,-0.4447,0.0000,0.0000,-1.3757,179.9996,0.0011,179.9091
21.1124,searching,0.0000,-0.2995,-0.4645,0.0000,0.0000,-1.3730,179.9996,0.0011,179.9091
21.1232,searching,0.0000,-0.3126,-0.4833,0.0000,0.0000,-1.3706,179.9999,0.0017,179.9086
21.1320,searching,0.0000,-0.3272,-0.5036,0.0000,0.0000,-1.3687,179.9999,0.0017,179.9086
21.1421,searching,0.0000,-0.3418,-0.5239,0.0000,0.0000,-1.3672,179.9997,0.0012,179.9085
21.1519,searching,0.0000,-0.3565,-0.5444,0.0000,0.0000,-1.3661,179.9997,0.0012,179.9090
21.1653,searching,0.0000,-0.3706,-0.5639,0.0000,0.0000,-1.3653,179.9997,0.0012,179.9090
21.1725,searching,0.0000,-0.3846,-0.5835,0.0000,0.0000,-1.3650,179.9991,0.0013,179.9084
21.1844,searching,0.0000,-0.3980,-0.6021,0.0000,0.0000,-1.3651,179.9991,0.0011,179.9080
21.1917,searching,0.0000,-0.4122,-0.6216,0.0000,0.0000,-1.3655,179.9991,0.0011,179.9080
21.2018,searching,0.0000,-0.4266,-0.6411,0.0000,0.0000,-1.3663,179.9990,0.0009,179.9082
21.2122,searching,0.2015,-0.4403,-0.6596,0.0000,0.0000,-1.3675,179.9989,0.0007,179.9076
21.2240,searching,0.2054,-0.4538,-0.6778,0.0000,0.0000,-1.3691,179.9989,0.0007,179.9076
21.2343,searching,0.2094,-0.4674,-0.6960,0.0000,0.0000,-1.3710,179.9986,0.0001,179.9071
21.2418,searching,0.2131,-0.4807,-0.7141,0.0000,0.0000,-1.3733,179.9986,0.0001,179.9071
21.2520,searching,0.2166,-0.4934,-0.7312,0.0000,0.0000,-1.3759,179.9986,0.0001,179.9071
21.2642,searching,0.2199,-0.5056,-0.7480,0.0000,0.0000,-1.3788,179.9986,-0.0001,179.9074
21.2729,searching,0.2231,-0.5173,-0.7642,0.0000,0.0000,-1.3821,179.9988,0.0003,179.9074
21.2824,searching,0.2259,-0.5290,-0.7804,0.0000,0.0000,-1.3857,179.9988,0.0003,179.9074
21.2928,searching,0.2286,-0.5401,-0.7958,0.0000,0.0000,-1.3896,179.9987,0.0002,179.9079
21.3027,searching,0.2311,-0.5509,-0.8107,0.0000,0.0000,-1.3939,179.9988,0.0003,179.9079
21.3119,searching,0.2330,-0.5617,-0.8252,0.0000,0.0000,-1.3984,179.9988,0.0003,179.9079
21.3218,searching,0.2348,-0.5719,-0.8389,0.0000,0.0000,-1.4031,179.9987,0.0001,179.9073
21.3339,searching,0.2364,-0.5818,-0.8518,0.0000,0.0000,-1.4082,179.9987,-0.0000,179.9081
21.3451,searching,0.2380,-0.5911,-0.8642,0.0000,0.0000,-1.4135,179.9987,-0.0000,179.9081
21.3527,searching,0.2393,-0.6000,-0.8759,0.0000,0.0000,-1.4190,179.9987,0.0001,179.9078
21.3622,searching,0.2402,-0.6089,-0.8873,0.0000,0.0000,-1.4247,179.9988,0.0003,179.9080
21.3733,searching,0.2409,-0.6177,-0.8984,0.0000,0.0000,-1.4307,179.9988,0.0003,179.9080
21.3822,searching,0.2416,-0.6261,-0.9089,0.0000,0.0000,-1.4369,179.9987,0.0001,179.9079
21.3923,searching,0.2414,-0.6337,-0.9184,0.0000,0.0000,-1.4432,179.9985,-0.0004,179.9081
21.4025,searching,0.2410,-0.6411,-0.9274,0.0000,0.0000,-1.4498,179.9985,-0.0004,179.9081
21.4128,searching,0.2406,-0.6481,-0.9359,0.0000,0.0000,-1.4565,179.9986,-0.0003,179.9088
21.4225,searching,0.2397,-0.6543,-0.9434,0.0000,0.0000,-1.4634,179.9987,-0.0001,179.9082
21.4328,searching,0.2389,-0.6601,-0.9506,0.0000,0.0000,-1.4704,179.9987,-0.0001,179.9082
21.4423,searching,0.2378,-0.6655,-0.9570,0.0000,0.0000,-1.4775,179.9990,0.0006,179.9084
21.4519,searching,0.2362,-0.6703,-0.9626,0.0000,0.0000,-1.4848,179.9990,0.0007,179.9083
21.4619,searching,0.2346,-0.6751,-0.9682,0.0000,0.0000,-1.4921,179.9990,0.0007,179.9083
21.4730,searching,0.2331,-0.6796,-0.9735,0.0000,0.0000,-1.4996,179.9990,0.0007,179.9085
21.4838,searching,0.2314,-0.6838,-0.9782,0.0000,0.0000,-1.5072,179.9989,0.0005,179.9075
21.4924,searching,0.2292,-0.6869,-0.9819,0.0000,0.0000,-1.5148,179.9989,0.0005,179.9075
21.5026,searching,0.2270,-0.6899,-0.9855,0.0000,0.0000,-1.5225,179.9982,0.0002,179.9080
21.5119,searching,0.2246,-0.6920,-0.9879,0.0000,0.0000,-1.5303,179.9984,0.0006,179.9076
21.5225,searching,0.2223,-0.6940,-0.9902,0.0000,0.0000,-1.5381,179.9984,0.0006,179.9076
21.5328,searching,0.2198,-0.6951,-0.9915,0.0000,0.0000,-1.5459,179.9983,0.0004,179.9078
21.5423,searching,0.2172,-0.6959,-0.9914,0.0000,0.0000,-1.5537,179.9984,0.0007,179.9072
21.5535,searching,0.2148,-0.6966,-0.9913,0.0000,0.0000,-1.5616,179.9984,0.0007,179.9072
21.5620,searching,0.2122,-0.6970,-0.9900,0.0000,0.0000,-1.5694,179.9985,0.0007,179.9077
21.5733,searching,0.2098,-0.6973,-0.9887,0.0000,0.0000,-1.5771,179.9985,0.0008,179.9077
21.5821,searching,0.2072,-0.6976,-0.9870,0.0000,0.0000,-1.5849,179.9985,0.0008,179.9077
21.5934,searching,0.2047,-0.6979,-0.9854,0.0000,0.0000,-1.5926,179.9983,0.0004,179.9085
21.6034,searching,0.2023,-0.6978,-0.9831,0.0000,0.0000,-1.6003,179.9982,0.0001,179.9085
21.6140,searching,0.0000,-0.6975,-0.9806,0.0000,0.0000,-1.6079,179.9982,0.0001,179.9085
21.6218,searching,0.0000,-0.6960,-0.9768,0.0000,0.0000,-1.6154,179.9983,0.0003,179.9086
21.6321,searching,0.0000,-0.6946,-0.9731,0.0000,0.0000,-1.6229,179.9983,0.0003,179.9086
21.6431,searching,0.0000,-0.6929,-0.9689,0.0000,0.0000,-1.6302,179.9983,0.0003,179.9086
21.6549,searching,0.0000,-0.6911,-0.9644,0.0000,0.0000,-1.6375,179.9981,-0.0000,179.9083
21.6628,searching,0.0000,-0.6894,-0.9598,0.0000,0.0000,-1.6447,179.9981,-0.0002,179.9082
21.6752,searching,0.0000,-0.6871,-0.9542,0.0000,0.0000,-1.6518,179.9981,-0.0002,179.9082
21.6830,searching,0.0000,-0.6843,-0.9479,0.0000,0.0000,-1.6588,179.9979,-0.0006,179.9080
21.6933,searching,0.0000,-0.6812,-0.9412,0.0000,0.0000,-1.6656,179.9983,0.0004,179.9084
21.7021,searching,0.0000,-0.6779,-0.9341,0.0000,0.0000,-1.6723,179.9983,0.0004,179.9084
21.7118,searching,0.0000,-0.6737,-0.9261,0.0000,0.0000,-1.6788,179.9980,-0.0002,179.9084
21.7248,searching,0.0000,-0.6698,-0.9184,0.0000,0.0000,-1.6852,179.9982,0.0001,179.9081
21.7323,searching,0.0000,-0.6655,-0.9105,0.0000,0.0000,-1.6914,179.9982,0.0001,179.9081
21.7439,searching,0.0000,-0.6610,-0.9023,0.0000,0.0000,-1.6974,179.9983,0.0004,179.9089
21.7529,searching,0.0000,-0.6560,-0.8935,0.0000,0.0000,-1.7033,179.9981,-0.0001,179.9090
21.7632,searching,0.0000,-0.6504,-0.8842,0.0000,0.0000,-1.7090,179.9981,-0.0001,179.9090
21.7737,searching,0.0000,-0.6443,-0.8740,0.0000,0.0000,-1.7145,179.9987,0.0013,179.9087
21.7822,searching,0.0000,-0.6372,-0.8625,0.0000,0.0000,-1.7197,179.9988,0.0015,179.9088
21.7937,searching,0.0000,-0.6305,-0.8517,0.0000,0.0000,-1.7247,179.9988,0.0015,179.9088
21.8021,searching,0.0000,-0.6228,-0.8393,0.0000,0.0000,-1.7295,179.9991,0.0021,179.9085
21.8123,searching,0.0000,-0.6150,-0.8269,0.0000,0.0000,-1.7341,179.9990,0.0018,179.9091
21.8246,searching,0.0000,-0.6076,-0.8151,0.0000,0.0000,-1.7384,179.9990,0.0018,179.9091
21.8325,searching,0.0000,-0.5998,-0.8030,0.0000,0.0000,-1.7424,179.9990,0.0019,179.9081
21.8418,searching,0.0000,-0.5905,-0.7895,0.0000,0.0000,-1.7462,179.9989,0.0016,179.9089
21.8520,searching,0.0000,-0.5811,-0.7760,0.0000,0.0000,-1.7497,179.9989,0.0016,179.9089
21.8628,searching,0.0000,-0.5723,-0.7631,0.0000,0.0000,-1.7530,179.9988,0.0015,179.9088
21.8721,searching,0.0000,-0.5623,-0.7490,0.0000,0.0000,-1.7560,179.9988,0.0014,179.9090
21.8821,searching,0.0000,-0.5523,-0.7349,0.0000,0.0000,-1.7587,179.9988,0.0014,179.9090
21.8932,searching,0.0000,-0.5429,-0.7215,0.0000,0.0000,-1.7611,179.9991,0.0020,179.9083
21.9019,searching,0.0000,-0.5323,-0.7070,0.0000,0.0000,-1.7632,179.9987,0.0013,179.9084
21.9124,searching,0.0000,-0.5217,-0.6925,0.0000,0.0000,-1.7651,179.9987,0.0013,179.9084
21.9240,searching,0.0000,-0.5117,-0.6786,0.0000,0.0000,-1.7667,179.9999,0.0027,179.9093
21.9321,searching,0.0000,-0.5018,-0.6649,0.0000,0.0000,-1.7680,179.9997,0.0022,179.9088
21.9428,searching,0.0000,-0.4914,-0.6510,0.0000,0.0000,-1.7690,179.9997,0.0022,179.9088
21.9519,searching,0.0000,-0.4800,-0.6359,0.0000,0.0000,-1.7697,179.9999,0.0025,179.9091
21.9626,searching,0.0000,-0.4683,-0.6208,0.0000,0.0000,-1.7701,179.9998,0.0024,179.9086
21.9724,searching,0.0000,-0.4565,-0.6058,0.0000,0.0000,-1.7702,179.9998,0.0024,179.9086
21.9826,searching,0.0000,-0.4453,-0.5915,0.0000,0.0000,-1.7701,179.9998,0.0024,179.9086
21.9942,searching,0.0000,-0.4345,-0.5776,0.0000,0.0000,-1.7696,179.9997,0.0022,179.9094
22.0019,searching,0.0000,-0.4228,-0.5629,0.0000,0.0000,-1.7689,179.9997,0.0022,179.9094
22.0146,searching,0.0000,-0.4117,-0.5489,0.0000,0.0000,-1.7679,179.9991,0.0007,179.9088
22.0218,searching,0.0000,-0.4006,-0.5346,0.0000,0.0000,-1.7665,179.9986,-0.0003,179.9090
22.0322,searching,0.0000,-0.3891,-0.5202,0.0000,0.0000,-1.7649,179.9986,-0.0003,179.9090
22.0435,searching,0.0000,-0.3782,-0.5065,0.0000,0.0000,-1.7631,179.9988,0.0001,179.9094
22.0540,searching,0.0000,-0.3672,-0.4928,0.0000,0.0000,-1.7609,179.9990,0.0006,179.9094
22.0623,searching,0.0000,-0.3561,-0.4789,0.0000,0.0000,-1.7585,179.9990,0.0006,179.9094
22.0741,searching,0.0000,-0.3449,-0.4652,0.0000,0.0000,-1.7558,179.9988,0.0002,179.9093
22.0818,searching,0.0000,-0.3335,-0.4513,0.0000,0.0000,-1.7528,179.9992,0.0011,179.9100
22.0920,searching,0.0000,-0.3222,-0.4374,0.0000,0.0000,-1.7496,179.9992,0.0011,179.9100
22.1027,searching,0.0000,-0.3114,-0.4241,0.0000,0.0000,-1.7461,179.9995,0.0018,179.9104
22.1145,searching,0.0000,-0.3005,-0.4109,0.0000,0.0000,-1.7423,179.9993,0.0014,179.9109
22.1232,searching,0.0000,-0.2898,-0.3977,0.0000,0.0000,-1.7382,179.9993,0.0014,179.9109
22.1322,searching,0.0000,-0.2789,-0.3847,0.0000,0.0000,-1.7339,179.9991,0.0008,179.9101
22.1421,searching,0.0000,-0.2682,-0.3716,0.0000,0.0000,-1.7294,179.9993,0.0013,179.9098
22.1525,searching,0.0000,-0.2580,-0.3592,0.0000,0.0000,-1.7246,179.9993,0.0013,179.9098
22.1638,searching,0.0000,-0.2474,-0.3465,0.0000,0.0000,-1.7195,179.9992,0.0011,179.9098
22.1724,searching,0.0000,-0.2367,-0.3339,0.0000,0.0000,-1.7142,179.9995,0.0019,179.9095
22.1821,searching,0.0000,-0.2264,-0.3216,0.0000,0.0000,-1.7086,179.9995,0.0019,179.9095
22.1933,searching,0.0000,-0.2160,-0.3094,0.0000,0.0000,-1.7028,179.9995,0.0019,179.9091
22.2018,searching,0.0000,-0.2062,-0.2977,0.0000,0.0000,-1.6967,179.9992,0.0013,179.9090
22.2122,searching,0.0000,0.0000,-0.2865,0.0000,0.0000,-1.6905,179.9992,0.0013,179.9090
22.2221,searching,0.0000,0.0000,-0.2756,0.0000,0.0000,-1.6840,179.9993,0.0015,179.9087
22.2327,searching,0.0000,0.0000,-0.2653,0.0000,0.0000,-1.6773,179.9990,0.0009,179.9095
22.2433,searching,0.0000,0.0000,-0.2559,0.0000,0.0000,-1.6704,179.9990,0.0009,179.9095
22.2519,searching,0.0000,0.0000,-0.2477,0.0000,0.0000,-1.6634,179.9983,-0.0008,179.9092
22.2619,searching,0.0000,0.0000,-0.2404,0.0000,0.0000,-1.6562,179.9983,-0.0008,179.9091
22.2730,searching,0.0000,0.0000,-0.2335,0.0000,0.0000,-1.6488,179.9983,-0.0008,179.9091
22.2833,searching,0.0000,0.0000,-0.2271,0.0000,0.0000,-1.6414,179.9983,-0.0008,179.9091
22.2942,searching,0.0000,0.0000,-0.2212,0.0000,0.0000,-1.6338,179.9980,-0.0014,179.9090
22.3021,searching,0.0000,0.0000,-0.2163,0.0000,0.0000,-1.6261,179.9980,-0.0014,179.9090
22.3121,searching,0.0000,0.0000,-0.2114,0.0000,0.0000,-1.6184,179.9980,-0.0013,179.9087
22.3221,searching,0.0000,0.0000,-0.2069,0.0000,0.0000,-1.6105,179.9984,-0.0003,179.9085
22.3322,searching,0.0000,0.0000,-0.2035,0.0000,0.0000,-1.6026,179.9984,-0.0003,179.9085
22.3433,searching,0.0000,0.0000,-0.2002,0.0000,0.0000,-1.5946,179.9991,0.0012,179.9085
22.3529,searching,0.0000,0.0000,0.0000,0.0000,0.0000,-1.5826,179.9987,0.0002,179.9082
22.3631,searching,0.0000,0.0000,0.0000,0.0000,0.0000,-1.5706,179.9987,0.0002,179.9082
22.3731,searching,0.0000,0.0000,0.0000,0.0000,0.0000,-1.5586,179.9984,-0.0004,179.9084
22.3820,searching,0.0000,0.0000,0.0000,0.0000,0.0000,-1.5466,179.9981,-0.0009,179.9092
22.3938,searching,0.0000,0.0000,-0.2000,0.0000,0.0000,-1.5386,179.9981,-0.0009,179.9092
22.4021,searching,0.0000,0.0000,-0.2030,0.0000,0.0000,-1.5306,179.9986,0.0001,179.9091
22.4119,searching,0.0000,0.0000,-0.2071,0.0000,0.0000,-1.5228,179.9984,-0.0003,179.9088
22.4246,searching,0.0000,0.0000,-0.2109,0.0000,0.0000,-1.5150,179.9984,-0.0003,179.9088
22.4324,searching,0.0000,0.0000,-0.2158,0.0000,0.0000,-1.5073,179.9982,-0.0007,179.9094
22.4420,searching,0.0000,0.0000,-0.2228,0.0000,0.0000,-1.4998,179.9982,-0.0006,179.9089
22.4523,searching,0.0000,0.0000,-0.2309,0.0000,0.0000,-1.4924,179.9982,-0.0006,179.9089
22.4624,searching,0.0000,0.0000,-0.2385,0.0000,0.0000,-1.4851,179.9983,-0.0003,179.9092
22.4722,searching,0.0000,0.0000,-0.2466,0.0000,0.0000,-1.4781,179.9984,-0.0001,179.9094
22.4828,searching,0.0000,0.0000,-0.2553,0.0000,0.0000,-1.4712,179.9984,-0.0001,179.9094
22.4937,searching,0.0000,0.0000,-0.2647,0.0000,0.0000,-1.4645,179.9985,0.0001,179.9094
22.5018,searching,0.0000,-0.2100,-0.2753,0.0000,0.0000,-1.4580,179.9988,0.0007,179.9094
22.5120,searching,0.0000,-0.2214,-0.2868,0.0000,0.0000,-1.4517,179.9988,0.0007,179.9094
22.5219,searching,0.0000,-0.2336,-0.2987,0.0000,0.0000,-1.4457,179.9985,0.0001,179.9099
22.5326,searching,0.0000,-0.2452,-0.3101,0.0000,0.0000,-1.4399,179.9985,-0.0000,179.9092
22.5425,searching,0.0000,-0.2567,-0.3215,0.0000,0.0000,-1.4343,179.9985,-0.0000,179.9092
22.5524,searching,0.0000,-0.2683,-0.3332,0.0000,0.0000,-1.4290,179.9987,0.0007,179.9098
22.5638,searching,0.0000,-0.2804,-0.3450,0.0000,0.0000,-1.4239,179.9985,0.0001,179.9100
22.5719,searching,0.0000,-0.2929,-0.3574,0.0000,0.0000,-1.4190,179.9985,0.0001,179.9100
22.5836,searching,0.0000,-0.3047,-0.3693,0.0000,0.0000,-1.4144,179.9988,0.0008,179.9105
22.5918,searching,0.0000,-0.3178,-0.3821,0.0000,0.0000,-1.4101,179.9984,0.0001,179.9102
22.6027,searching,0.0000,-0.3302,-0.3944,0.0000,0.0000,-1.4060,179.9984,0.0001,179.9102
22.6141,searching,0.0000,-0.3430,-0.4072,0.0000,0.0000,-1.4021,179.9985,0.0002,179.9105
22.6225,searching,0.0000,-0.3566,-0.4207,0.0000,0.0000,-1.3985,179.9981,-0.0007,179.9098
22.6320,searching,0.0000,-0.3715,-0.4356,0.0000,0.0000,-1.3952,179.9981,-0.0007,179.9098
22.6425,searching,0.0000,-0.3870,-0.4506,0.0000,0.0000,-1.3922,179.9982,-0.0004,179.9096
22.6537,searching,0.0000,-0.4016,-0.4650,0.0000,0.0000,-1.3895,179.9982,-0.0004,179.9096
22.6638,searching,0.0000,-0.4166,-0.4794,0.0000,0.0000,-1.3871,179.9982,-0.0004,179.9096
22.6735,searching,0.0000,-0.4309,-0.4934,0.0000,0.0000,-1.3850,179.9979,-0.0011,179.9096
22.6832,searching,0.0000,-0.4454,-0.5075,0.0000,0.0000,-1.3831,179.9980,-0.0007,179.9102
22.6942,searching,0.0000,-0.4602,-0.5216,0.0000,0.0000,-1.3816,179.9980,-0.0007,179.9102
22.7020,searching,0.0000,-0.4759,-0.5368,0.0000,0.0000,-1.3803,179.9981,-0.0006,179.9102
22.7140,searching,0.0000,-0.4907,-0.5513,0.0000,0.0000,-1.3793,179.9990,0.0001,179.9094
22.7219,searching,0.0000,-0.5056,-0.5659,0.0000,0.0000,-1.3786,179.9990,0.0001,179.9094
22.7325,searching,0.2039,-0.5207,-0.5806,0.0000,0.0000,-1.3783,179.9986,-0.0006,179.9097
22.7459,searching,0.2088,-0.5349,-0.5946,0.0000,0.0000,-1.3782,179.9994,-0.0003,179.9100
22.7523,searching,0.2136,-0.5494,-0.6086,0.0000,0.0000,-1.3783,179.9994,-0.0003,179.9100
22.7628,searching,0.2191,-0.5654,-0.6242,0.0000,0.0000,-1.3788,179.9994,-0.0003,179.9095
22.7739,searching,0.2248,-0.5822,-0.6403,0.0000,0.0000,-1.3796,-179.9999,-0.0001,179.9100
22.7819,searching,0.2307,-0.5992,-0.6567,0.0000,0.0000,-1.3807,-179.9999,-0.0001,179.9100
22.7918,searching,0.2366,-0.6159,-0.6728,0.0000,0.0000,-1.3822,-179.9997,-0.0009,179.9107
22.8022,searching,0.2426,-0.6336,-0.6897,0.0000,0.0000,-1.3840,-179.9996,-0.0007,179.9110
22.8136,searching,0.2484,-0.6505,-0.7058,0.0000,0.0000,-1.3861,-179.9996,-0.0007,179.9110
22.8229,searching,0.2541,-0.6669,-0.7216,0.0000,0.0000,-1.3885,-179.9991,-0.0009,179.9112
22.8322,searching,0.2603,-0.6846,-0.7386,0.0000,0.0000,-1.3913,-179.9985,-0.0008,179.9111
22.8434,searching,0.2663,-0.7013,-0.7547,0.0000,0.0000,-1.3944,-179.9985,-0.0008,179.9111
22.8522,searching,0.2726,-0.7186,-0.7715,0.0000,0.0000,-1.3978,-179.9980,-0.0011,179.9106
22.8643,searching,0.2786,-0.7350,-0.7874,0.0000,0.0000,-1.4016,-179.9981,-0.0013,179.9106
22.8727,searching,0.2848,-0.7518,-0.8034,0.0000,0.0000,-1.4057,-179.9981,-0.0013,179.9106
22.8823,searching,0.2917,-0.7698,-0.8206,0.0000,0.0000,-1.4101,-179.9976,-0.0001,179.9097
22.8933,searching,0.2982,-0.7869,-0.8368,0.0000,0.0000,-1.4148,-179.9975,0.0002,179.9098
22.9019,searching,0.3051,-0.8047,-0.8535,0.0000,0.0000,-1.4199,-179.9975,0.0002,179.9098
22.9118,searching,0.3119,-0.8218,-0.8697,0.0000,0.0000,-1.4253,-179.9973,0.0005,179.9092
22.9218,searching,0.3188,-0.8385,-0.8856,0.0000,0.0000,-1.4310,-179.9975,0.0001,179.9090
22.9339,searching,0.3253,-0.8545,-0.9006,0.0000,0.0000,-1.4370,-179.9975,0.0001,179.9090
22.9454,searching,0.3317,-0.8701,-0.9155,0.0000,0.0000,-1.4433,-179.9978,-0.0006,179.9090
22.9538,searching,0.3381,-0.8852,-0.9300,0.0000,0.0000,-1.4499,-179.9982,0.0001,179.9086
22.9634,searching,0.3443,-0.8996,-0.9437,0.0000,0.0000,-1.4568,-179.9982,0.0001,179.9086
22.9725,searching,0.3504,-0.9138,-0.9572,0.0000,0.0000,-1.4639,-179.9984,-0.0005,179.9090
22.9821,searching,0.3565,-0.9275,-0.9704,0.0000,0.0000,-1.4713,-179.9990,-0.0017,179.9089
22.9918,searching,0.3627,-0.9408,-0.9831,0.0000,0.0000,-1.4790,-179.9990,-0.0017,179.9089
23.0018,searching,0.3684,-0.9534,-0.9952,0.0000,0.0000,-1.4869,-179.9991,-0.0020,179.9099
23.0141,searching,0.3738,-0.9654,-1.0067,0.0000,0.0000,-1.4950,-179.9998,-0.0023,179.9093
23.0229,searching,0.3790,-0.9770,-1.0179,0.0000,0.0000,-1.5034,-179.9998,-0.0023,179.9093
23.0321,searching,0.3840,-0.9875,-1.0280,0.0000,0.0000,-1.5119,-179.9998,-0.0023,179.9093
23.0434,searching,0.3888,-0.9974,-1.0376,0.0000,0.0000,-1.5207,-179.9999,-0.0024,179.9099
23.0521,searching,0.3931,-1.0057,-1.0461,0.0000,0.0000,-1.5296,-179.9999,-0.0024,179.9099
23.0622,searching,0.3972,-1.0129,-1.0536,0.0000,0.0000,-1.5387,179.9994,-0.0026,179.9104
23.0743,searching,0.4011,-1.0198,-1.0607,0.0000,0.0000,-1.5479,179.9951,-0.0000,179.9104
23.0836,searching,0.4047,-1.0255,-1.0666,0.0000,0.0000,-1.5572,179.9951,-0.0000,179.9104
23.0921,searching,0.4080,-1.0300,-1.0714,0.0000,0.0000,-1.5667,179.9945,-0.0000,179.9099
23.1040,searching,0.4112,-1.0343,-1.0759,0.0000,0.0000,-1.5762,179.9945,0.0001,179.9094
23.1120,searching,0.4138,-1.0363,-1.0782,0.0000,0.0000,-1.5857,179.9945,0.0001,179.9094
23.1221,searching,0.4159,-1.0373,-1.0796,0.0000,0.0000,-1.5953,179.9942,-0.0007,179.9098
23.1367,searching,0.4178,-1.0382,-1.0810,0.0000,0.0000,-1.6050,179.9946,0.0004,179.9091
23.1427,searching,0.4192,-1.0382,-1.0815,0.0000,0.0000,-1.6146,179.9946,0.0004,179.9091
23.1537,searching,0.4205,-1.0374,-1.0812,0.0000,0.0000,-1.6242,179.9945,-0.0000,179.9091
23.1638,searching,0.4214,-1.0357,-1.0800,0.0000,0.0000,-1.6338,179.9950,0.0013,179.9097
23.1722,searching,0.4216,-1.0330,-1.0779,0.0000,0.0000,-1.6434,179.9950,0.0013,179.9097
23.1820,searching,0.4210,-1.0273,-1.0732,0.0000,0.0000,-1.6528,179.9948,0.0007,179.9103
23.1918,searching,0.4198,-1.0208,-1.0677,0.0000,0.0000,-1.6622,179.9949,0.0011,179.9092
23.2030,searching,0.4187,-1.0146,-1.0625,0.0000,0.0000,-1.6714,179.9949,0.0011,179.9092
23.2131,searching,0.4171,-1.0073,-1.0562,0.0000,0.0000,-1.6806,179.9947,0.0005,179.9093
23.2221,searching,0.4149,-0.9980,-1.0479,0.0000,0.0000,-1.6895,179.9952,0.0016,179.9097
23.2332,searching,0.4128,-0.9892,-1.0401,0.0000,0.0000,-1.6983,179.9952,0.0016,179.9097
23.2442,searching,0.4098,-0.9780,-1.0299,0.0000,0.0000,-1.7069,179.9952,0.0017,179.9099
23.2518,searching,0.4064,-0.9662,-1.0192,0.0000,0.0000,-1.7153,179.9954,0.0020,179.9103
23.2634,searching,0.4031,-0.9551,-1.0090,0.0000,0.0000,-1.7235,179.9954,0.0020,179.9103
23.2726,searching,0.3994,-0.9430,-0.9979,0.0000,0.0000,-1.7314,179.9953,0.0018,179.9107
23.2820,searching,0.3948,-0.9292,-0.9853,0.0000,0.0000,-1.7391,179.9952,0.0017,179.9102
23.2921,searching,0.3898,-0.9148,-0.9720,0.0000,0.0000,-1.7466,179.9952,0.0017,179.9102
23.3021,searching,0.3851,-0.8998,-0.9581,0.0000,0.0000,-1.7537,179.9948,0.0008,179.9105
23.3150,searching,0.3807,-0.8856,-0.9450,0.0000,0.0000,-1.7606,179.9948,0.0008,179.9099
23.3223,searching,0.3760,-0.8714,-0.9315,0.0000,0.0000,-1.7673,179.9948,0.0008,179.9099
23.3321,searching,0.3709,-0.8569,-0.9177,0.0000,0.0000,-1.7736,179.9945,0.0001,179.9103
23.3420,searching,0.3656,-0.8412,-0.9024,0.0000,0.0000,-1.7797,179.9957,0.0015,179.9100
23.3542,searching,0.3607,-0.8263,-0.8878,0.0000,0.0000,-1.7854,179.9957,0.0015,179.9100
23.3620,searching,0.3547,-0.8097,-0.8715,0.0000,0.0000,-1.7909,179.9956,0.0012,179.9102
23.3718,searching,0.3486,-0.7928,-0.8549,0.0000,0.0000,-1.7960,179.9957,0.0015,179.9097
23.3836,searching,0.3428,-0.7768,-0.8392,0.0000,0.0000,-1.8007,179.9957,0.0015,179.9097
23.3944,searching,0.3363,-0.7603,-0.8228,0.0000,0.0000,-1.8052,179.9956,0.0013,179.9098
23.4021,searching,0.3295,-0.7422,-0.8051,0.0000,0.0000,-1.8093,179.9956,0.0013,179.9098
23.4133,searching,0.3230,-0.7250,-0.7883,0.0000,0.0000,-1.8131,179.9956,0.0013,179.9098
23.4220,searching,0.3158,-0.7062,-0.7698,0.0000,0.0000,-1.8165,179.9962,0.0026,179.9100
23.4328,searching,0.3090,-0.6883,-0.7523,0.0000,0.0000,-1.8195,179.9961,0.0023,179.9097
23.4421,searching,0.3017,-0.6695,-0.7335,0.0000,0.0000,-1.8222,179.9961,0.0023,179.9097
23.4527,searching,0.2949,-0.6516,-0.7157,0.0000,0.0000,-1.8245,179.9962,0.0025,179.9091
23.4621,searching,0.2878,-0.6335,-0.6978,0.0000,0.0000,-1.8265,179.9957,0.0013,179.9096
23.4740,searching,0.2811,-0.6156,-0.6801,0.0000,0.0000,-1.8281,179.9957,0.0013,179.9096
23.4822,searching,0.2740,-0.5982,-0.6629,0.0000,0.0000,-1.8293,179.9967,0.0022,179.9092
23.4920,searching,0.2668,-0.5801,-0.6452,0.0000,0.0000,-1.8302,179.9964,0.0016,179.9097
23.5041,searching,0.2600,-0.5629,-0.6284,0.0000,0.0000,-1.8308,179.9964,0.0016,179.9097
23.5138,searching,0.2530,-0.5459,-0.6116,0.0000,0.0000,-1.8310,179.9969,0.0026,179.9097
23.5250,searching,0.2457,-0.5286,-0.5945,0.0000,0.0000,-1.8309,179.9969,0.0027,179.9097
23.5323,searching,0.2387,-0.5109,-0.5772,0.0000,0.0000,-1.8305,179.9969,0.0027,179.9097
23.5441,searching,0.2318,-0.4937,-0.5600,0.0000,0.0000,-1.8297,179.9970,0.0029,179.9089
23.5525,searching,0.2246,-0.4769,-0.5432,0.0000,0.0000,-1.8285,179.9969,0.0027,179.9087
23.5639,searching,0.2180,-0.4599,-0.5264,0.0000,0.0000,-1.8270,179.9969,0.0027,179.9087
23.5719,searching,0.2107,-0.4430,-0.5092,0.0000,0.0000,-1.8252,179.9977,0.0031,179.9086
23.5825,searching,0.2039,-0.4269,-0.4929,0.0000,0.0000,-1.8231,179.9971,0.0018,179.9084
23.5939,searching,0.0000,-0.4108,-0.4769,0.0000,0.0000,-1.8206,179.9971,0.0018,179.9084
23.6024,searching,0.0000,-0.3954,-0.4613,0.0000,0.0000,-1.8179,179.9966,0.0006,179.9088
23.6118,searching,0.0000,-0.3786,-0.4447,0.0000,0.0000,-1.8147,179.9961,-0.0005,179.9082
23.6219,searching,0.0000,-0.3626,-0.4289,0.0000,0.0000,-1.8113,179.9961,-0.0005,179.9082
23.6330,searching,0.0000,-0.3474,-0.4139,0.0000,0.0000,-1.8076,179.9970,0.0001,179.9082
23.6426,searching,0.0000,-0.3328,-0.3995,0.0000,0.0000,-1.8036,179.9969,-0.0003,179.9081
23.6530,searching,0.0000,-0.3180,-0.3849,0.0000,0.0000,-1.7993,179.9969,-0.0003,179.9081
23.6627,searching,0.0000,-0.3038,-0.3706,0.0000,0.0000,-1.7947,179.9970,-0.0000,179.9076
23.6726,searching,0.0000,-0.2901,-0.3568,0.0000,0.0000,-1.7898,179.9971,0.0002,179.9081
23.6820,searching,0.0000,-0.2762,-0.3428,0.0000,0.0000,-1.7847,179.9971,0.0002,179.9081
23.6918,searching,0.0000,-0.2627,-0.3292,0.0000,0.0000,-1.7793,179.9973,-0.0008,179.9081
23.7034,searching,0.0000,-0.2499,-0.3162,0.0000,0.0000,-1.7736,179.9972,-0.0010,179.9084
23.7128,searching,0.0000,-0.2371,-0.3035,0.0000,0.0000,-1.7677,179.9972,-0.0010,179.9084
23.7246,searching,0.0000,-0.2249,-0.2913,0.0000,0.0000,-1.7615,179.9982,0.0014,179.9085
23.7321,searching,0.0000,-0.2141,-0.2803,0.0000,0.0000,-1.7551,179.9991,0.0019,179.9091
23.7428,searching,0.0000,-0.2040,-0.2702,0.0000,0.0000,-1.7485,179.9991,0.0019,179.9091
23.7523,searching,0.0000,0.0000,-0.2608,0.0000,0.0000,-1.7417,179.9992,0.0023,179.9096
23.7622,searching,0.0000,0.0000,-0.2516,0.0000,0.0000,-1.7348,179.9993,0.0009,179.9093
23.7748,searching,0.0000,0.0000,-0.2428,0.0000,0.0000,-1.7276,179.9993,0.0009,179.9093
23.7832,searching,0.0000,0.0000,-0.2346,0.0000,0.0000,-1.7203,179.9994,-0.0002,179.9096
23.7926,searching,0.0000,0.0000,-0.2272,0.0000,0.0000,-1.7129,179.9994,-0.0002,179.9096
23.8034,searching,0.0000,0.0000,-0.2201,0.0000,0.0000,-1.7053,179.9994,-0.0002,179.9096
23.8118,searching,0.0000,0.0000,-0.2146,0.0000,0.0000,-1.6975,-179.9987,-0.0014,179.9090
23.8218,searching,0.0000,0.0000,-0.2098,0.0000,0.0000,-1.6897,-179.9927,-0.0028,179.9089
23.8326,searching,0.0000,0.0000,-0.2053,0.0000,0.0000,-1.6818,-179.9927,-0.0028,179.9089
23.8443,searching,0.0000,0.0000,-0.2011,0.0000,0.0000,-1.6739,-179.9930,-0.0037,179.9090
23.8519,searching,0.0000,0.0000,0.0000,0.0000,0.0000,-1.6619,-179.9923,-0.0035,179.9086
23.8645,searching,0.0000,0.0000,0.0000,0.0000,0.0000,-1.6499,-179.9923,-0.0035,179.9086
23.8720,searching,0.0000,0.0000,0.0000,0.0000,0.0000,-1.6379,-179.9923,-0.0035,179.9080
23.8822,searching,0.0000,0.0000,0.0000,0.0000,0.0000,-1.6259,-179.9927,-0.0044,179.9083
23.8928,searching,0.0000,0.0000,0.0000,0.0000,0.0000,-1.6139,-179.9927,-0.0044,179.9083
23.9027,searching,0.0000,0.0000,0.0000,0.0000,0.0000,-1.6019,-179.9928,-0.0047,179.9085
23.9146,searching,0.0000,0.0000,0.0000,0.0000,0.0000,-1.5899,-179.9928,-0.0034,179.9092
23.9219,searching,0.0000,0.0000,-0.2014,0.0000,0.0000,-1.5819,-179.9928,-0.0034,179.9092
23.9321,searching,0.0000,0.0000,-0.2057,0.0000,0.0000,-1.5740,-179.9927,-0.0031,179.9083
23.9442,searching,0.0000,0.0000,-0.2110,0.0000,0.0000,-1.5662,-179.9936,-0.0025,179.9080
23.9521,searching,0.0000,0.0000,-0.2168,0.0000,0.0000,-1.5586,-179.9936,-0.0025,179.9080
23.9630,searching,0.0000,0.0000,-0.2223,0.0000,0.0000,-1.5510,-179.9936,-0.0025,179.9080
23.9722,searching,0.0000,0.0000,-0.2301,0.0000,0.0000,-1.5436,-179.9967,-0.0026,179.9075
23.9820,searching,0.0000,0.0000,-0.2374,0.0000,0.0000,-1.5364,-179.9967,-0.0026,179.9075
23.9930,searching,0.0000,0.0000,-0.2457,0.0000,0.0000,-1.5293,-179.9999,-0.0003,179.9091
24.0019,searching,0.0000,0.0000,-0.2548,0.0000,0.0000,-1.5224,179.9986,0.0003,179.9080
24.0121,searching,0.0000,0.0000,-0.2647,0.0000,0.0000,-1.5157,179.9986,0.0003,179.9080
24.0232,searching,0.0000,0.0000,-0.2748,0.0000,0.0000,-1.5092,179.9990,0.0012,179.9086
24.0320,searching,0.0000,0.0000,-0.2864,0.0000,0.0000,-1.5029,179.9987,0.0020,179.9084
24.0426,searching,0.0000,-0.2018,-0.2974,0.0000,0.0000,-1.4968,179.9987,0.0020,179.9084
24.0522,searching,0.0000,-0.2107,-0.3095,0.0000,0.0000,-1.4910,179.9987,0.0019,179.9081
24.0620,searching,0.0000,-0.2198,-0.3219,0.0000,0.0000,-1.4855,179.9979,0.0002,179.9083
24.0721,searching,0.0000,-0.2286,-0.3337,0.0000,0.0000,-1.4801,179.9979,0.0002,179.9083
24.0835,searching,0.0000,-0.2381,-0.3461,0.0000,0.0000,-1.4751,179.9981,0.0004,179.9087
24.0920,searching,0.0000,-0.2476,-0.3593,0.0000,0.0000,-1.4702,179.9983,0.0010,179.9085
24.1031,searching,0.0000,-0.2567,-0.3719,0.0000,0.0000,-1.4657,179.9983,0.0010,179.9085
24.1119,searching,0.0000,-0.2669,-0.3857,0.0000,0.0000,-1.4614,179.9983,0.0010,179.9090
24.1226,searching,0.0000,-0.2767,-0.3988,0.0000,0.0000,-1.4574,179.9984,0.0012,179.9084
24.1327,searching,0.0000,-0.2863,-0.4119,0.0000,0.0000,-1.4536,179.9984,0.0012,179.9084
24.1421,searching,0.0000,-0.2966,-0.4256,0.0000,0.0000,-1.4501,179.9982,0.0007,179.9085
24.1534,searching,0.0000,-0.3067,-0.4393,0.0000,0.0000,-1.4469,179.9981,0.0004,179.9079
24.1621,searching,0.0000,-0.3164,-0.4528,0.0000,0.0000,-1.4440,179.9981,0.0004,179.9079
24.1732,searching,0.0000,-0.3268,-0.4668,0.0000,0.0000,-1.4413,179.9984,-0.0003,179.9081
24.1821,searching,0.0000,-0.3366,-0.4802,0.0000,0.0000,-1.4389,179.9985,-0.0001,179.9076
24.1922,searching,0.0000,-0.3463,-0.4935,0.0000,0.0000,-1.4368,179.9985,-0.0001,179.9076
24.2019,searching,0.0000,-0.3562,-0.5071,0.0000,0.0000,-1.4349,179.9984,-0.0004,179.9077
24.2141,searching,0.0000,-0.3665,-0.5209,0.0000,0.0000,-1.4333,179.9984,-0.0004,179.9077
24.2235,searching,0.0000,-0.3765,-0.5344,0.0000,0.0000,-1.4320,179.9984,-0.0004,179.9077
24.2320,searching,0.0000,-0.3869,-0.5485,0.0000,0.0000,-1.4310,179.9991,0.0010,179.9081
24.2418,searching,0.0000,-0.3969,-0.5624,0.0000,0.0000,-1.4302,179.9991,0.0010,179.9088
24.2537,searching,0.0000,-0.4064,-0.5756,0.0000,0.0000,-1.4298,179.9991,0.0010,179.9088
24.2622,searching,0.0000,-0.4159,-0.5888,0.0000,0.0000,-1.4295,179.9990,0.0008,179.9096
24.2721,searching,0.0000,-0.4261,-0.6024,0.0000,0.0000,-1.4296,179.9990,0.0009,179.9091
24.2820,searching,0.0000,-0.4357,-0.6154,0.0000,0.0000,-1.4299,179.9990,0.0009,179.9091
24.2947,searching,0.0000,-0.4451,-0.6281,0.0000,0.0000,-1.4304,179.9990,0.0007,179.9093
24.3041,searching,0.0000,-0.4547,-0.6407,0.0000,0.0000,-1.4313,179.9991,0.0010,179.9092
24.3137,searching,0.0000,-0.4641,-0.6529,0.0000,0.0000,-1.4323,179.9991,0.0010,179.9092
24.3221,searching,0.0000,-0.4735,-0.6652,0.0000,0.0000,-1.4336,179.9987,0.0001,179.9087
24.3321,searching,0.0000,-0.4832,-0.6778,0.0000,0.0000,-1.4352,179.9987,0.0001,179.9087
24.3426,searching,0.0000,-0.4924,-0.6898,0.0000,0.0000,-1.4370,179.9987,0.0001,179.9087
24.3519,searching,0.0000,-0.5018,-0.7018,0.0000,0.0000,-1.4390,179.9989,0.0004,179.9084
24.3621,searching,0.2012,-0.5109,-0.7135,0.0000,0.0000,-1.4413,179.9989,0.0004,179.9085
24.3750,searching,0.2032,-0.5197,-0.7246,0.0000,0.0000,-1.4438,179.9989,0.0004,179.9085
24.3839,searching,0.2051,-0.5278,-0.7352,0.0000,0.0000,-1.4465,179.9988,0.0001,179.9069
24.3933,searching,0.2068,-0.5359,-0.7456,0.0000,0.0000,-1.4494,179.9990,0.0006,179.9073
24.4019,searching,0.2081,-0.5434,-0.7553,0.0000,0.0000,-1.4525,179.9990,0.0006,179.9073
24.4118,searching,0.2094,-0.5508,-0.7647,0.0000,0.0000,-1.4558,179.9990,0.0006,179.9076
24.4240,searching,0.2107,-0.5578,-0.7736,0.0000,0.0000,-1.4593,179.9989,0.0002,179.9073
24.4329,searching,0.2118,-0.5651,-0.7826,0.0000,0.0000,-1.4629,179.9989,0.0002,179.9073
24.4420,searching,0.2129,-0.5720,-0.7913,0.0000,0.0000,-1.4667,179.9989,0.0004,179.9079
24.4519,searching,0.2138,-0.5790,-0.7998,0.0000,0.0000,-1.4707,179.9986,-0.0003,179.9083
24.4621,searching,0.2145,-0.5853,-0.8076,0.0000,0.0000,-1.4749,179.9986,-0.0003,179.9083
24.4739,searching,0.2151,-0.5913,-0.8150,0.0000,0.0000,-1.4792,179.9986,-0.0005,179.9082
24.4824,searching,0.2153,-0.5969,-0.8216,0.0000,0.0000,-1.4836,179.9985,-0.0006,179.9082
24.4923,searching,0.2154,-0.6023,-0.8279,0.0000,0.0000,-1.4882,179.9985,-0.0006,179.9082
24.5029,searching,0.2152,-0.6079,-0.8342,0.0000,0.0000,-1.4929,179.9987,-0.0003,179.9080
24.5119,searching,0.2149,-0.6131,-0.8402,0.0000,0.0000,-1.4977,179.9986,-0.0005,179.9080
24.5221,searching,0.2144,-0.6182,-0.8459,0.0000,0.0000,-1.5026,179.9986,-0.0005,179.9080
24.5331,searching,0.2136,-0.6226,-0.8511,0.0000,0.0000,-1.5076,179.9986,-0.0005,179.9078
24.5438,searching,0.2130,-0.6269,-0.8561,0.0000,0.0000,-1.5127,179.9986,-0.0005,179.9078
24.5525,searching,0.2122,-0.6307,-0.8605,0.0000,0.0000,-1.5179,179.9986,-0.0005,179.9078
24.5622,searching,0.2109,-0.6339,-0.8641,0.0000,0.0000,-1.5232,179.9983,-0.0013,179.9074
24.5723,searching,0.2098,-0.6369,-0.8675,0.0000,0.0000,-1.5286,179.9984,-0.0010,179.9079
24.5826,searching,0.2086,-0.6396,-0.8704,0.0000,0.0000,-1.5340,179.9984,-0.0010,179.9079
24.5923,searching,0.2069,-0.6418,-0.8725,0.0000,0.0000,-1.5394,179.9985,-0.0008,179.9077
24.6036,searching,0.2052,-0.6439,-0.8745,0.0000,0.0000,-1.5449,179.9982,-0.0014,179.9077
24.6129,searching,0.2036,-0.6456,-0.8761,0.0000,0.0000,-1.5504,179.9982,-0.0014,179.9077
24.6222,searching,0.2015,-0.6472,-0.8773,0.0000,0.0000,-1.5560,179.9984,-0.0010,179.9081
24.6322,searching,0.0000,-0.6487,-0.8784,0.0000,0.0000,-1.5616,179.9982,-0.0015,179.9083
24.6428,searching,0.0000,-0.6501,-0.8794,0.0000,0.0000,-1.5671,179.9982,-0.0015,179.9083
24.6531,searching,0.0000,-0.6510,-0.8798,0.0000,0.0000,-1.5727,179.9985,-0.0009,179.9083
24.6640,searching,0.0000,-0.6518,-0.8802,0.0000,0.0000,-1.5783,179.9986,-0.0006,179.9087
24.6757,searching,0.0000,-0.6523,-0.8802,0.0000,0.0000,-1.5839,179.9986,-0.0006,179.9087
24.6822,searching,0.0000,-0.6530,-0.8801,0.0000,0.0000,-1.5895,179.9991,0.0005,179.9084
24.6954,searching,0.0000,-0.6537,-0.8801,0.0000,0.0000,-1.5952,179.9991,0.0005,179.9084
24.7039,searching,0.0000,-0.6546,-0.8802,0.0000,0.0000,-1.6008,179.9990,0.0002,179.9091
24.7143,searching,0.0000,-0.6556,-0.8803,0.0000,0.0000,-1.6064,179.9990,0.0002,179.9091
24.7222,searching,0.0000,-0.6563,-0.8796,0.0000,0.0000,-1.6120,179.9990,0.0003,179.9082
24.7319,searching,0.0000,-0.6569,-0.8790,0.0000,0.0000,-1.6175,179.9990,0.0003,179.9082
24.7421,searching,0.0000,-0.6569,-0.8774,0.0000,0.0000,-1.6231,179.9989,-0.0000,179.9086
24.7520,searching,0.0000,-0.6566,-0.8756,0.0000,0.0000,-1.6286,179.9991,0.0005,179.9087
24.7643,searching,0.0000,-0.6564,-0.8740,0.0000,0.0000,-1.6341,179.9991,0.0005,179.9087
24.7719,searching,0.0000,-0.6559,-0.8721,0.0000,0.0000,-1.6395,179.9991,0.0003,179.9088
24.7820,searching,0.0000,-0.6547,-0.8693,0.0000,0.0000,-1.6449,179.9993,0.0009,179.9091
24.7927,searching,0.0000,-0.6535,-0.8667,0.0000,0.0000,-1.6502,179.9993,0.0009,179.9091
24.8029,searching,0.0000,-0.6520,-0.8637,0.0000,0.0000,-1.6555,179.9992,0.0007,179.9094
24.8145,searching,0.0000,-0.6498,-0.8598,0.0000,0.0000,-1.6607,-179.9995,0.0021,179.9088
24.8232,searching,0.0000,-0.6466,-0.8544,0.0000,0.0000,-1.6658,-179.9995,0.0021,179.9088
24.8319,searching,0.0000,-0.6430,-0.8485,0.0000,0.0000,-1.6708,-179.9998,0.0015,179.9079
24.8421,searching,0.0000,-0.6397,-0.8425,0.0000,0.0000,-1.6756,-179.9997,0.0016,179.9077
24.8521,searching,0.0000,-0.6358,-0.8357,0.0000,0.0000,-1.6803,-179.9997,0.0016,179.9077
24.8634,searching,0.0000,-0.6321,-0.8293,0.0000,0.0000,-1.6849,-179.9996,0.0019,179.9077
24.8733,searching,0.0000,-0.6280,-0.8225,0.0000,0.0000,-1.6894,-179.9995,0.0022,179.9073
24.8819,searching,0.0000,-0.6230,-0.8145,0.0000,0.0000,-1.6937,-179.9995,0.0022,179.9073
24.8924,searching,0.0000,-0.6182,-0.8069,0.0000,0.0000,-1.6978,-179.9995,0.0022,179.9073
24.9018,searching,0.0000,-0.6122,-0.7980,0.0000,0.0000,-1.7018,-179.9997,0.0017,179.9074
24.9129,searching,0.0000,-0.6058,-0.7887,0.0000,0.0000,-1.7055,-179.9997,0.0017,179.9074
24.9252,searching,0.0000,-0.5997,-0.7799,0.0000,0.0000,-1.7091,-179.9996,0.0020,179.9084
24.9340,searching,0.0000,-0.5928,-0.7703,0.0000,0.0000,-1.7125,179.9998,0.0006,179.9085
24.9419,searching,0.0000,-0.5849,-0.7591,0.0000,0.0000,-1.7157,179.9998,0.0006,179.9085
24.9525,searching,0.0000,-0.5766,-0.7476,0.0000,0.0000,-1.7187,-179.9998,0.0014,179.9086
24.9650,searching,0.0000,-0.5687,-0.7366,0.0000,0.0000,-1.7214,-179.9999,0.0014,179.9081
24.9722,searching,0.0000,-0.5611,-0.7257,0.0000,0.0000,-1.7239,-179.9999,0.0014,179.9081
24.9826,searching,0.0000,-0.5534,-0.7147,0.0000,0.0000,-1.7262,-179.9999,0.0014,179.9081
24.9939,searching,0.0000,-0.5450,-0.7030,0.0000,0.0000,-1.7283,179.9997,0.0003,179.9085
25.0020,searching,0.0000,-0.5357,-0.6904,0.0000,0.0000,-1.7301,179.9997,0.0003,179.9085
25.0123,searching,0.0000,-0.5258,-0.6773,0.0000,0.0000,-1.7316,180.0000,0.0010,179.9084
25.0238,searching,0.0000,-0.5163,-0.6649,0.0000,0.0000,-1.7329,179.9996,0.0001,179.9092
25.0333,searching,0.0000,-0.5064,-0.6521,0.0000,0.0000,-1.7340,179.9996,0.0001,179.9092
25.0421,searching,0.0000,-0.4961,-0.6386,0.0000,0.0000,-1.7347,179.9998,0.0007,179.9085
25.0521,searching,0.0000,-0.4855,-0.6249,0.0000,0.0000,-1.7352,179.9996,0.0001,179.9086
25.0619,searching,0.0000,-0.4751,-0.6115,0.0000,0.0000,-1.7355,179.9996,0.0001,179.9086
25.0743,searching,0.0000,-0.4645,-0.5978,0.0000,0.0000,-1.7354,179.9994,-0.0003,179.9084
25.0823,searching,0.0000,-0.4545,-0.5849,0.0000,0.0000,-1.7351,179.9994,-0.0003,179.9083
25.0943,searching,0.0000,-0.4440,-0.5717,0.0000,0.0000,-1.7345,179.9994,-0.0003,179.9083
25.1036,searching,0.0000,-0.4335,-0.5584,0.0000,0.0000,-1.7337,179.9994,-0.0002,179.9083
25.1150,searching,0.0000,-0.4230,-0.5452,0.0000,0.0000,-1.7326,179.9995,0.0001,179.9083
25.1218,searching,0.0000,-0.4123,-0.5317,0.0000,0.0000,-1.7313,179.9995,0.0001,179.9083
25.1319,searching,0.0000,-0.4019,-0.5186,0.0000,0.0000,-1.7296,179.9999,0.0010,179.9087
25.1436,searching,0.0000,-0.3921,-0.5061,0.0000,0.0000,-1.7277,179.9997,0.0005,179.9089
25.1532,searching,0.0000,-0.3813,-0.4932,0.0000,0.0000,-1.7256,179.9997,0.0005,179.9089
25.1622,searching,0.0000,-0.3713,-0.4809,0.0000,0.0000,-1.7232,179.9997,0.0004,179.9088
25.1740,searching,0.0000,-0.3618,-0.4693,0.0000,0.0000,-1.7206,179.9997,0.0004,179.9088
25.1820,searching,0.0000,-0.3514,-0.4574,0.0000,0.0000,-1.7178,179.9997,0.0004,179.9088
25.1937,searching,0.0000,-0.3414,-0.4462,0.0000,0.0000,-1.7147,179.9988,-0.0016,179.9094
25.2018,searching,0.0000,-0.3332,-0.4359,0.0000,0.0000,-1.7114,179.9989,-0.0012,179.9097
25.2130,searching,0.0000,-0.3253,-0.4262,0.0000,0.0000,-1.7079,179.9989,-0.0012,179.9097
25.2230,searching,0.0000,-0.3171,-0.4161,0.0000,0.0000,-1.7043,179.9990,-0.0009,179.9097
25.2323,searching,0.0000,-0.3094,-0.4066,0.0000,0.0000,-1.7004,180.0000,0.0013,179.9105
25.2421,searching,0.0000,-0.3019,-0.3973,0.0000,0.0000,-1.6963,180.0000,0.0013,179.9105
25.2519,searching,0.0000,-0.2939,-0.3880,0.0000,0.0000,-1.6921,179.9992,-0.0005,179.9103
25.2620,searching,0.0000,-0.2855,-0.3783,0.0000,0.0000,-1.6877,179.9996,0.0005,179.9111
25.2728,searching,0.0000,-0.2776,-0.3691,0.0000,0.0000,-1.6830,179.9996,0.0005,179.9111
25.2822,searching,0.0000,-0.2692,-0.3599,0.0000,0.0000,-1.6782,179.9999,0.0010,179.9104
25.2920,searching,0.0000,-0.2615,-0.3507,0.0000,0.0000,-1.6733,-179.9999,0.0016,179.9098
25.3023,searching,0.0000,-0.2535,-0.3413,0.0000,0.0000,-1.6681,-179.9999,0.0016,179.9098
25.3134,searching,0.0000,-0.2459,-0.3324,0.0000,0.0000,-1.6627,-179.9994,0.0028,179.9089
25.3222,searching,0.0000,-0.2391,-0.3240,0.0000,0.0000,-1.6572,179.9999,0.0011,179.9095
25.3326,searching,0.0000,-0.2321,-0.3159,0.0000,0.0000,-1.6515,179.9999,0.0011,179.9095
25.3443,searching,0.0000,-0.2255,-0.3081,0.0000,0.0000,-1.6457,179.9989,-0.0009,179.9090
25.3520,searching,0.0000,-0.2195,-0.3010,0.0000,0.0000,-1.6397,179.9987,-0.0015,179.9091
25.3618,searching,0.0000,-0.2135,-0.2940,0.0000,0.0000,-1.6336,179.9987,-0.0015,179.9091
25.3743,searching,0.0000,-0.2079,-0.2873,0.0000,0.0000,-1.6273,179.9990,-0.0007,179.9088
25.3822,searching,0.0000,-0.2030,-0.2815,0.0000,0.0000,-1.6210,179.9997,0.0008,179.9094
25.3926,searching,0.0000,0.0000,-0.2763,0.0000,0.0000,-1.6145,179.9997,0.0008,179.9094
25.4027,searching,0.0000,0.0000,-0.2719,0.0000,0.0000,-1.6079,179.9996,0.0006,179.9093
25.4119,searching,0.0000,0.0000,-0.2684,0.0000,0.0000,-1.6013,179.9995,0.0006,179.9091
25.4237,searching,0.0000,0.0000,-0.2651,0.0000,0.0000,-1.5946,179.9995,0.0006,179.9091
25.4318,searching,0.0000,0.0000,-0.2621,0.0000,0.0000,-1.5878,179.9982,-0.0023,179.9094
25.4422,searching,0.0000,0.0000,-0.2592,0.0000,0.0000,-1.5810,179.9987,-0.0012,179.9094
25.4521,searching,0.0000,0.0000,-0.2576,0.0000,0.0000,-1.5742,179.9987,-0.0012,179.9094
25.4619,searching,0.0000,0.0000,-0.2558,0.0000,0.0000,-1.5673,179.9992,-0.0000,179.9094
25.4743,searching,0.0000,0.0000,-0.2552,0.0000,0.0000,-1.5604,179.9992,-0.0000,179.9094
25.4818,searching,0.0000,0.0000,-0.2547,0.0000,0.0000,-1.5535,179.9992,-0.0000,179.9094
25.4929,searching,0.0000,0.0000,-0.2544,0.0000,0.0000,-1.5466,179.9995,0.0006,179.9094
25.5039,searching,0.0000,0.0000,-0.2535,0.0000,0.0000,-1.5396,179.9998,0.0013,179.9092
25.5144,searching,0.0000,0.0000,-0.2529,0.0000,0.0000,-1.5327,179.9998,0.0013,179.9092
25.5219,searching,0.0000,0.0000,-0.2538,0.0000,0.0000,-1.5258,179.9998,0.0014,179.9101
25.5319,searching,0.0000,0.0000,-0.2555,0.0000,0.0000,-1.5189,179.9995,0.0007,179.9096
25.5444,searching,0.0000,0.0000,-0.2570,0.0000,0.0000,-1.5120,179.9995,0.0007,179.9096
25.5526,searching,0.0000,0.0000,-0.2598,0.0000,0.0000,-1.5052,179.9995,0.0007,179.9095
25.5620,searching,0.0000,0.0000,-0.2631,0.0000,0.0000,-1.4985,179.9989,-0.0006,179.9090
25.5730,searching,0.0000,-0.2027,-0.2679,0.0000,0.0000,-1.4918,179.9989,-0.0006,179.9090
25.5820,searching,0.0000,-0.2078,-0.2724,0.0000,0.0000,-1.4853,179.9993,0.0005,179.9095
25.5919,searching,0.0000,-0.2133,-0.2773,0.0000,0.0000,-1.4788,179.9987,-0.0008,179.9098
25.6025,searching,0.0000,-0.2202,-0.2839,0.0000,0.0000,-1.4725,179.9987,-0.0008,179.9098
25.6130,searching,0.0000,-0.2268,-0.2902,0.0000,0.0000,-1.4663,179.9988,-0.0008,179.9097
25.6220,searching,0.0000,-0.2348,-0.2984,0.0000,0.0000,-1.4603,179.9985,-0.0014,179.9093
25.6325,searching,0.0000,-0.2424,-0.3062,0.0000,0.0000,-1.4544,179.9985,-0.0014,179.9093
25.6439,searching,0.0000,-0.2511,-0.3149,0.0000,0.0000,-1.4487,179.9984,-0.0015,179.9096
25.6531,searching,0.0000,-0.2604,-0.3241,0.0000,0.0000,-1.4432,179.9986,-0.0011,179.9090
25.6632,searching,0.0000,-0.2691,-0.3332,0.0000,0.0000,-1.4379,179.9986,-0.0011,179.9090
25.6730,searching,0.0000,-0.2785,-0.3429,0.0000,0.0000,-1.4327,179.9986,-0.0011,179.9090
25.6832,searching,0.0000,-0.2885,-0.3531,0.0000,0.0000,-1.4278,179.9984,-0.0013,179.9093
25.6934,searching,0.0000,-0.2986,-0.3636,0.0000,0.0000,-1.4230,179.9984,-0.0013,179.9093
25.7021,searching,0.0000,-0.3095,-0.3745,0.0000,0.0000,-1.4185,179.9982,-0.0019,179.9089
25.7118,searching,0.0000,-0.3203,-0.3852,0.0000,0.0000,-1.4142,179.9989,-0.0001,179.9091
25.7228,searching,0.0000,-0.3306,-0.3953,0.0000,0.0000,-1.4101,179.9989,-0.0001,179.9091
25.7318,searching,0.0000,-0.3424,-0.4071,0.0000,0.0000,-1.4063,179.9987,-0.0006,179.9095
25.7422,searching,0.0000,-0.3542,-0.4190,0.0000,0.0000,-1.4027,179.9994,0.0009,179.9090
25.7539,searching,0.0000,-0.3654,-0.4302,0.0000,0.0000,-1.3993,179.9994,0.0009,179.9090
25.7620,searching,0.0000,-0.3783,-0.4431,0.0000,0.0000,-1.3961,179.9995,0.0012,179.9102
25.7735,searching,0.0000,-0.3907,-0.4554,0.0000,0.0000,-1.3932,179.9993,0.0009,179.9100
25.7820,searching,0.0000,-0.4037,-0.4685,0.0000,0.0000,-1.3906,179.9993,0.0009,179.9100
25.7922,searching,0.0000,-0.4180,-0.4825,0.0000,0.0000,-1.3883,179.9990,0.0003,179.9102
25.8030,searching,0.0000,-0.4317,-0.4957,0.0000,0.0000,-1.3862,179.9990,0.0003,179.9102
25.8148,searching,0.0000,-0.4455,-0.5092,0.0000,0.0000,-1.3844,179.9990,0.0003,179.9102
25.8234,searching,0.0000,-0.4588,-0.5227,0.0000,0.0000,-1.3828,179.9996,0.0003,179.9098
25.8343,searching,0.0000,-0.4725,-0.5362,0.0000,0.0000,-1.3815,179.9996,0.0002,179.9105
25.8417,searching,0.2004,-0.4860,-0.5497,0.0000,0.0000,-1.3805,179.9996,0.0002,179.9105
25.8519,searching,0.2055,-0.4998,-0.5633,0.0000,0.0000,-1.3798,179.9996,0.0002,179.9105
25.8622,searching,0.2101,-0.5140,-0.5770,0.0000,0.0000,-1.3793,179.9999,0.0010,179.9102
25.8739,searching,0.2146,-0.5274,-0.5899,0.0000,0.0000,-1.3791,179.9999,0.0010,179.9102
25.8830,searching,0.2191,-0.5406,-0.6030,0.0000,0.0000,-1.3792,179.9995,0.0002,179.9099
25.8918,searching,0.2241,-0.5546,-0.6165,0.0000,0.0000,-1.3795,179.9996,0.0005,179.9096
25.9022,searching,0.2292,-0.5687,-0.6303,0.0000,0.0000,-1.3801,179.9996,0.0005,179.9096
25.9123,searching,0.2343,-0.5830,-0.6442,0.0000,0.0000,-1.3810,179.9996,0.0003,179.9095
25.9224,searching,0.2392,-0.5972,-0.6575,0.0000,0.0000,-1.3822,179.9997,0.0007,179.9104
25.9346,searching,0.2439,-0.6106,-0.6701,0.0000,0.0000,-1.3836,179.9997,0.0007,179.9104
25.9433,searching,0.2486,-0.6233,-0.6821,0.0000,0.0000,-1.3852,179.9999,0.0011,179.9109
25.9519,searching,0.2532,-0.6363,-0.6948,0.0000,0.0000,-1.3871,179.9997,0.0008,179.9111
25.9618,searching,0.2574,-0.6494,-0.7074,0.0000,0.0000,-1.3893,179.9997,0.0008,179.9111
25.9720,searching,0.2619,-0.6619,-0.7197,0.0000,0.0000,-1.3917,179.9997,0.0008,179.9117
25.9830,searching,0.2662,-0.6738,-0.7314,0.0000,0.0000,-1.3943,179.9996,0.0007,179.9106
25.9930,searching,0.2705,-0.6856,-0.7431,0.0000,0.0000,-1.3971,179.9996,0.0007,179.9106
26.0022,searching,0.2747,-0.6981,-0.7552,0.0000,0.0000,-1.4002,179.9997,0.0009,179.9103
26.0153,searching,0.2789,-0.7103,-0.7670,0.0000,0.0000,-1.4036,179.9997,0.0009,179.9082
26.0224,searching,0.2837,-0.7234,-0.7794,0.0000,0.0000,-1.4072,179.9997,0.0009,179.9082
26.0339,searching,0.2883,-0.7359,-0.7911,0.0000,0.0000,-1.4110,179.9997,0.0009,179.9082
26.0433,searching,0.2929,-0.7484,-0.8028,0.0000,0.0000,-1.4150,180.0000,0.0015,179.9081
26.0531,searching,0.2975,-0.7607,-0.8145,0.0000,0.0000,-1.4193,180.0000,0.0015,179.9081
26.0651,searching,0.3020,-0.7729,-0.8263,0.0000,0.0000,-1.4239,-179.9999,0.0018,179.9081
26.0734,searching,0.3063,-0.7843,-0.8376,0.0000,0.0000,-1.4286,180.0000,0.0018,179.9100
26.0842,searching,0.3105,-0.7951,-0.8484,0.0000,0.0000,-1.4336,180.0000,0.0018,179.9100
26.0918,searching,0.3144,-0.8049,-0.8584,0.0000,0.0000,-1.4388,-179.9994,0.0017,179.9105
26.1019,searching,0.3184,-0.8143,-0.8679,0.0000,0.0000,-1.4441,-179.9990,0.0026,179.9102
26.1122,searching,0.3220,-0.8229,-0.8766,0.0000,0.0000,-1.4496,-179.9990,0.0026,179.9102
26.1219,searching,0.3255,-0.8312,-0.8848,0.0000,0.0000,-1.4553,-179.9989,0.0028,179.9103
26.1331,searching,0.3288,-0.8390,-0.8926,0.0000,0.0000,-1.4612,-179.9991,0.0024,179.9098
26.1418,searching,0.3322,-0.8468,-0.9002,0.0000,0.0000,-1.4672,-179.9991,0.0024,179.9098
26.1521,searching,0.3354,-0.8542,-0.9074,0.0000,0.0000,-1.4733,-179.9992,0.0021,179.9097
26.1633,searching,0.3383,-0.8608,-0.9141,0.0000,0.0000,-1.4796,-179.9995,0.0015,179.9098
26.1730,searching,0.3412,-0.8667,-0.9202,0.0000,0.0000,-1.4860,-179.9995,0.0015,179.9098
26.1828,searching,0.3437,-0.8720,-0.9258,0.0000,0.0000,-1.4925,-179.9997,0.0011,179.9106
26.1936,searching,0.3460,-0.8766,-0.9310,0.0000,0.0000,-1.4992,-179.9997,0.0011,179.9106
26.2021,searching,0.3479,-0.8799,-0.9352,0.0000,0.0000,-1.5059,179.9998,0.0001,179.9110
26.2125,searching,0.3498,-0.8831,-0.9392,0.0000,0.0000,-1.5127,-179.9997,0.0012,179.9101
26.2219,searching,0.3515,-0.8856,-0.9423,0.0000,0.0000,-1.5195,179.9995,-0.0008,179.9100
26.2319,searching,0.3534,-0.8877,-0.9449,0.0000,0.0000,-1.5264,179.9995,-0.0008,179.9100
26.2439,searching,0.3552,-0.8897,-0.9474,0.0000,0.0000,-1.5333,179.9994,-0.0010,179.9103
26.2542,searching,0.3567,-0.8914,-0.9494,0.0000,0.0000,-1.5403,179.9994,-0.0010,179.9103
26.2641,searching,0.3581,-0.8927,-0.9510,0.0000,0.0000,-1.5474,179.9994,-0.0010,179.9103
26.2720,searching,0.3591,-0.8928,-0.9515,0.0000,0.0000,-1.5544,179.9984,-0.0032,179.9106
26.2824,searching,0.3597,-0.8918,-0.9513,0.0000,0.0000,-1.5614,179.9988,-0.0021,179.9107
26.2922,searching,0.3603,-0.8909,-0.9510,0.0000,0.0000,-1.5684,179.9988,-0.0021,179.9107
26.3025,searching,0.3606,-0.8884,-0.9495,0.0000,0.0000,-1.5754,179.9987,-0.0023,179.9112
26.3126,searching,0.3604,-0.8854,-0.9477,0.0000,0.0000,-1.5824,179.9990,-0.0018,179.9105
26.3248,searching,0.3600,-0.8817,-0.9451,0.0000,0.0000,-1.5893,179.9990,-0.0018,179.9105
26.3322,searching,0.3596,-0.8772,-0.9418,0.0000,0.0000,-1.5961,179.9986,-0.0026,179.9097
26.3441,searching,0.3590,-0.8727,-0.9384,0.0000,0.0000,-1.6029,179.9988,-0.0021,179.9094
26.3518,searching,0.3578,-0.8663,-0.9328,0.0000,0.0000,-1.6095,179.9988,-0.0021,179.9094
26.3622,searching,0.3568,-0.8602,-0.9275,0.0000,0.0000,-1.6161,179.9989,-0.0020,179.9095
26.3719,searching,0.3549,-0.8527,-0.9208,0.0000,0.0000,-1.6225,179.9990,-0.0017,179.9101
26.3831,searching,0.3531,-0.8456,-0.9144,0.0000,0.0000,-1.6288,179.9990,-0.0017,179.9101
26.3928,searching,0.3507,-0.8365,-0.9067,0.0000,0.0000,-1.6349,179.9991,-0.0014,179.9104
26.4019,searching,0.3477,-0.8271,-0.8986,0.0000,0.0000,-1.6409,179.9994,-0.0007,179.9108
26.4146,searching,0.3448,-0.8182,-0.8909,0.0000,0.0000,-1.6467,179.9994,-0.0007,179.9108
26.4239,searching,0.3422,-0.8087,-0.8828,0.0000,0.0000,-1.6524,179.9995,-0.0005,179.9104
26.4319,searching,0.3392,-0.7981,-0.8734,0.0000,0.0000,-1.6578,-179.9997,0.0013,179.9100
26.4421,searching,0.3361,-0.7869,-0.8632,0.0000,0.0000,-1.6631,-179.9997,0.0013,179.9100
26.4539,searching,0.3332,-0.7763,-0.8535,0.0000,0.0000,-1.6682,179.9997,-0.0001,179.9098
26.4640,searching,0.3304,-0.7657,-0.8436,0.0000,0.0000,-1.6730,-179.9997,0.0013,179.9104
26.4730,searching,0.3271,-0.7550,-0.8334,0.0000,0.0000,-1.6777,-179.9997,0.0013,179.9104
26.4835,searching,0.3239,-0.7438,-0.8229,0.0000,0.0000,-1.6822,180.0000,0.0005,179.9108
26.4921,searching,0.3198,-0.7312,-0.8110,0.0000,0.0000,-1.6864,179.9999,0.0003,179.9106
26.5022,searching,0.3154,-0.7179,-0.7988,0.0000,0.0000,-1.6904,179.9999,0.0003,179.9106
26.5120,searching,0.3111,-0.7036,-0.7859,0.0000,0.0000,-1.6941,179.9998,0.0002,179.9105
26.5227,searching,0.3070,-0.6901,-0.7737,0.0000,0.0000,-1.6976,-179.9999,0.0008,179.9106
26.5339,searching,0.3023,-0.6769,-0.7614,0.0000,0.0000,-1.7008,-179.9999,0.0008,179.9106
26.5427,searching,0.2971,-0.6633,-0.7487,0.0000,0.0000,-1.7038,180.0000,0.0005,179.9100
26.5519,searching,0.2921,-0.6486,-0.7344,0.0000,0.0000,-1.7065,-179.9997,0.0011,179.9093
26.5636,searching,0.2874,-0.6346,-0.7208,0.0000,0.0000,-1.7089,-179.9997,0.0011,179.9093
26.5719,searching,0.2822,-0.6190,-0.7056,0.0000,0.0000,-1.7110,179.9991,-0.0015,179.9094
26.5830,searching,0.2772,-0.6043,-0.6912,0.0000,0.0000,-1.7128,179.9995,-0.0006,179.9097
26.5929,searching,0.2722,-0.5896,-0.6765,0.0000,0.0000,-1.7143,179.9995,-0.0006,179.9097
26.6021,searching,0.2666,-0.5742,-0.6612,0.0000,0.0000,-1.7156,179.9995,-0.0006,179.9097
26.6147,searching,0.2613,-0.5595,-0.6468,0.0000,0.0000,-1.7165,179.9993,-0.0011,179.9100
26.6220,searching,0.2551,-0.5444,-0.6316,0.0000,0.0000,-1.7171,179.9993,-0.0011,179.9100
26.6332,searching,0.2486,-0.5286,-0.6159,0.0000,0.0000,-1.7174,179.9999,0.0002,179.9092
26.6437,searching,0.2423,-0.5136,-0.6010,0.0000,0.0000,-1.7175,-179.9999,0.0007,179.9090
26.6528,searching,0.2371,-0.4985,-0.5863,0.0000,0.0000,-1.7172,-179.9999,0.0007,179.9090
26.6631,searching,0.2318,-0.4845,-0.5721,0.0000,0.0000,-1.7166,-179.9996,0.0014,179.9087
26.6726,searching,0.2260,-0.4706,-0.5577,0.0000,0.0000,-1.7158,179.9993,-0.0013,179.9081
26.6828,searching,0.2209,-0.4566,-0.5434,0.0000,0.0000,-1.7147,179.9993,-0.0013,179.9081
26.6927,searching,0.2160,-0.4435,-0.5298,0.0000,0.0000,-1.7133,179.9999,0.0002,179.9086
26.7018,searching,0.2108,-0.4289,-0.5150,0.0000,0.0000,-1.7116,-179.9997,0.0011,179.9092
26.7118,searching,0.2055,-0.4152,-0.5009,0.0000,0.0000,-1.7096,-179.9997,0.0011,179.9092
26.7226,searching,0.2004,-0.4021,-0.4875,0.0000,0.0000,-1.7073,-179.9991,0.0025,179.9090
26.7342,searching,0.0000,-0.3895,-0.4747,0.0000,0.0000,-1.7048,-179.9991,0.0024,179.9090
26.7426,searching,0.0000,-0.3767,-0.4620,0.0000,0.0000,-1.7021,-179.9991,0.0024,179.9090
26.7518,searching,0.0000,-0.3643,-0.4497,0.0000,0.0000,-1.6990,-179.9996,0.0013,179.9087
26.7633,searching,0.0000,-0.3525,-0.4380,0.0000,0.0000,-1.6958,179.9995,-0.0009,179.9084
26.7732,searching,0.0000,-0.3410,-0.4265,0.0000,0.0000,-1.6923,179.9995,-0.0009,179.9084
26.7828,searching,0.0000,-0.3305,-0.4158,0.0000,0.0000,-1.6887,179.9996,-0.0005,179.9073
26.7928,searching,0.0000,-0.3211,-0.4057,0.0000,0.0000,-1.6848,179.9995,-0.0008,179.9076
26.8033,searching,0.0000,-0.3116,-0.3959,0.0000,0.0000,-1.6807,179.9995,-0.0008,179.9076
26.8138,searching,0.0000,-0.3026,-0.3866,0.0000,0.0000,-1.6764,179.9995,-0.0010,179.9079
26.8225,searching,0.0000,-0.2935,-0.3774,0.0000,0.0000,-1.6720,179.9992,-0.0016,179.9080
26.8322,searching,0.0000,-0.2850,-0.3688,0.0000,0.0000,-1.6673,179.9992,-0.0016,179.9080
26.8420,searching,0.0000,-0.2774,-0.3610,0.0000,0.0000,-1.6626,180.0000,0.0001,179.9083
26.8524,searching,0.0000,-0.2701,-0.3535,0.0000,0.0000,-1.6576,180.0000,0.0001,179.9083
26.8631,searching,0.0000,-0.2632,-0.3464,0.0000,0.0000,-1.6526,180.0000,0.0001,179.9083
26.8744,searching,0.0000,-0.2570,-0.3400,0.0000,0.0000,-1.6474,-179.9996,0.0010,179.9095
26.8825,searching,0.0000,-0.2517,-0.3348,0.0000,0.0000,-1.6421,-179.9998,0.0005,179.9091
26.8931,searching,0.0000,-0.2467,-0.3299,0.0000,0.0000,-1.6367,-179.9998,0.0005,179.9091
26.9020,searching,0.0000,-0.2432,-0.3263,0.0000,0.0000,-1.6312,-179.9994,0.0014,179.9099
26.9124,searching,0.0000,-0.2400,-0.3229,0.0000,0.0000,-1.6256,179.9995,-0.0012,179.9093
26.9232,searching,0.0000,-0.2374,-0.3203,0.0000,0.0000,-1.6200,179.9995,-0.0012,179.9093
26.9334,searching,0.0000,-0.2350,-0.3182,0.0000,0.0000,-1.6144,-179.9996,0.0009,179.9104
26.9422,searching,0.0000,-0.2334,-0.3174,0.0000,0.0000,-1.6088,179.9999,-0.0002,179.9093
26.9547,searching,0.0000,-0.2320,-0.3166,0.0000,0.0000,-1.6031,179.9999,-0.0002,179.9093
26.9622,searching,0.0000,-0.2310,-0.3168,0.0000,0.0000,-1.5974,179.9999,-0.0004,179.9095
26.9718,searching,0.0000,-0.2311,-0.3179,0.0000,0.0000,-1.5918,-179.9997,0.0006,179.9102
26.9833,searching,0.0000,-0.2311,-0.3189,0.0000,0.0000,-1.5862,-179.9997,0.0006,179.9102
26.9935,searching,0.0000,-0.2317,-0.3205,0.0000,0.0000,-1.5806,-179.9995,0.0010,179.9091
27.0019,searching,0.0000,-0.2349,-0.3245,0.0000,0.0000,-1.5751,-179.9997,0.0005,179.9091
27.0148,searching,0.0000,-0.2379,-0.3284,0.0000,0.0000,-1.5696,-179.9997,0.0005,179.9091
27.0228,searching,0.0000,-0.2407,-0.3326,0.0000,0.0000,-1.5643,-179.9994,0.0012,179.9088
27.0325,searching,0.0000,-0.2453,-0.3383,0.0000,0.0000,-1.5590,179.9999,-0.0004,179.9100
27.0422,searching,0.0000,-0.2497,-0.3437,0.0000,0.0000,-1.5539,179.9999,-0.0004,179.9100
27.0526,searching,0.0000,-0.2539,-0.3493,0.0000,0.0000,-1.5489,179.9999,-0.0004,179.9100
27.0619,searching,0.0000,-0.2598,-0.3567,0.0000,0.0000,-1.5440,-179.9999,-0.0001,179.9089
27.0723,searching,0.0000,-0.2654,-0.3637,0.0000,0.0000,-1.5393,-179.9999,-0.0001,179.9089
27.0818,searching,0.0000,-0.2708,-0.3712,0.0000,0.0000,-1.5347,180.0000,-0.0002,179.9084
27.0926,searching,0.0000,-0.2760,-0.3783,0.0000,0.0000,-1.5303,-179.9999,-0.0001,179.9077
27.1027,searching,0.0000,-0.2818,-0.3859,0.0000,0.0000,-1.5260,-179.9999,-0.0001,179.9077
27.1121,searching,0.0000,-0.2893,-0.3956,0.0000,0.0000,-1.5219,-179.9992,0.0015,179.9090
27.1220,searching,0.0000,-0.2966,-0.4048,0.0000,0.0000,-1.5180,180.0000,-0.0006,179.9086
27.1324,searching,0.0000,-0.3057,-0.4163,0.0000,0.0000,-1.5144,180.0000,-0.0006,179.9086
27.1433,searching,0.0000,-0.3144,-0.4273,0.0000,0.0000,-1.5109,-179.9996,0.0004,179.9093
27.1556,searching,0.0000,-0.3234,-0.4387,0.0000,0.0000,-1.5077,179.9999,-0.0008,179.9090
27.1629,searching,0.0000,-0.3324,-0.4507,0.0000,0.0000,-1.5047,179.9999,-0.0008,179.9090
27.1739,searching,0.0000,-0.3418,-0.4628,0.0000,0.0000,-1.5019,-179.9993,0.0009,179.9092
27.1830,searching,0.0000,-0.3519,-0.4755,0.0000,0.0000,-1.4995,179.9996,-0.0001,179.9082
27.1919,searching,0.0000,-0.3634,-0.4896,0.0000,0.0000,-1.4972,179.9996,-0.0001,179.9082
27.2020,searching,0.0000,-0.3748,-0.5035,0.0000,0.0000,-1.4953,-179.9995,0.0020,179.9088
27.2128,searching,0.0000,-0.3856,-0.5168,0.0000,0.0000,-1.4937,180.0000,0.0008,179.9079
27.2231,searching,0.0000,-0.3959,-0.5298,0.0000,0.0000,-1.4922,180.0000,0.0008,179.9079
27.2328,searching,0.0000,-0.4063,-0.5429,0.0000,0.0000,-1.4911,179.9996,-0.0003,179.9081
27.2433,searching,0.0000,-0.4167,-0.5558,0.0000,0.0000,-1.4902,179.9994,-0.0008,179.9077
27.2519,searching,0.0000,-0.4281,-0.5700,0.0000,0.0000,-1.4896,179.9994,-0.0008,179.9077
27.2618,searching,0.0000,-0.4402,-0.5845,0.0000,0.0000,-1.4893,179.9997,-0.0001,179.9079
27.2725,searching,0.0000,-0.4517,-0.5983,0.0000,0.0000,-1.4893,179.9991,-0.0002,179.9072
27.2849,searching,0.0000,-0.4631,-0.6121,0.0000,0.0000,-1.4895,179.9991,-0.0002,179.9072
27.2945,searching,0.0000,-0.4742,-0.6255,0.0000,0.0000,-1.4900,179.9995,0.0007,179.9077
27.3020,searching,0.0000,-0.4848,-0.6386,0.0000,0.0000,-1.4908,179.9987,-0.0011,179.9075
27.3121,searching,0.0000,-0.4955,-0.6516,0.0000,0.0000,-1.4918,179.9987,-0.0011,179.9075
27.3221,searching,0.0000,-0.5057,-0.6639,0.0000,0.0000,-1.4931,179.9988,-0.0009,179.9081
27.3341,searching,0.0000,-0.5159,-0.6763,0.0000,0.0000,-1.4946,179.9986,-0.0016,179.9077
27.3443,searching,0.2030,-0.5254,-0.6885,0.0000,0.0000,-1.4964,179.9986,-0.0016,179.9077
27.3529,searching,0.2060,-0.5351,-0.7008,0.0000,0.0000,-1.4984,179.9987,-0.0013,179.9074
27.3619,searching,0.2086,-0.5443,-0.7125,0.0000,0.0000,-1.5007,179.9990,-0.0006,179.9071
27.3743,searching,0.2113,-0.5524,-0.7236,0.0000,0.0000,-1.5031,179.9990,-0.0006,179.9071
27.3819,searching,0.2139,-0.5615,-0.7351,0.0000,0.0000,-1.5058,179.9992,-0.0002,179.9069
27.3919,searching,0.2165,-0.5704,-0.7463,0.0000,0.0000,-1.5088,179.9992,-0.0002,179.9075
27.4026,searching,0.2194,-0.5788,-0.7574,0.0000,0.0000,-1.5119,179.9992,-0.0002,179.9075
27.4127,searching,0.2221,-0.5868,-0.7679,0.0000,0.0000,-1.5153,179.9992,-0.0003,179.9086
27.4228,searching,0.2246,-0.5949,-0.7781,0.0000,0.0000,-1.5188,179.9992,-0.0003,179.9086
27.4323,searching,0.2267,-0.6023,-0.7876,0.0000,0.0000,-1.5226,179.9992,-0.0003,179.9086
27.4434,searching,0.2286,-0.6085,-0.7962,0.0000,0.0000,-1.5265,179.9991,-0.0005,179.9085
27.4520,searching,0.2301,-0.6149,-0.8046,0.0000,0.0000,-1.5306,179.9992,-0.0003,179.9093
27.4647,searching,0.2316,-0.6210,-0.8125,0.0000,0.0000,-1.5349,179.9992,-0.0003,179.9093
27.4719,searching,0.2328,-0.6266,-0.8203,0.0000,0.0000,-1.5393,179.9994,-0.0000,179.9088
27.4828,searching,0.2340,-0.6319,-0.8276,0.0000,0.0000,-1.5438,179.9999,0.0011,179.9085
27.4925,searching,0.2350,-0.6368,-0.8342,0.0000,0.0000,-1.5485,179.9999,0.0011,179.9085
27.5019,searching,0.2358,-0.6415,-0.8406,0.0000,0.0000,-1.5533,179.9995,0.0003,179.9078
27.5119,searching,0.2365,-0.6459,-0.8466,0.0000,0.0000,-1.5582,179.9995,0.0002,179.9074
27.5219,searching,0.2369,-0.6503,-0.8522,0.0000,0.0000,-1.5633,179.9995,0.0002,179.9074
27.5340,searching,0.2374,-0.6541,-0.8573,0.0000,0.0000,-1.5684,179.9994,-0.0002,179.9070
27.5424,searching,0.2378,-0.6576,-0.8622,0.0000,0.0000,-1.5737,179.9994,-0.0002,179.9075
27.5532,searching,0.2379,-0.6611,-0.8669,0.0000,0.0000,-1.5790,179.9994,-0.0002,179.9075
27.5622,searching,0.2378,-0.6630,-0.8699,0.0000,0.0000,-1.5844,179.9994,-0.0001,179.9083
27.5720,searching,0.2373,-0.6645,-0.8724,0.0000,0.0000,-1.5899,179.9995,-0.0000,179.9073
27.5835,searching,0.2368,-0.6660,-0.8748,0.0000,0.0000,-1.5954,179.9995,-0.0000,179.9073
27.5920,searching,0.2363,-0.6669,-0.8765,0.0000,0.0000,-1.6009,179.9996,0.0003,179.9082
27.6021,searching,0.2355,-0.6679,-0.8781,0.0000,0.0000,-1.6064,179.9996,0.0003,179.9075
27.6131,searching,0.2347,-0.6687,-0.8797,0.0000,0.0000,-1.6120,179.9996,0.0003,179.9075
27.6243,searching,0.2339,-0.6694,-0.8807,0.0000,0.0000,-1.6177,179.9996,0.0003,179.9073
27.6340,searching,0.2330,-0.6698,-0.8814,0.0000,0.0000,-1.6233,179.9996,0.0003,179.9073
27.6430,searching,0.2319,-0.6700,-0.8818,0.0000,0.0000,-1.6289,179.9996,0.0003,179.9073
27.6537,searching,0.2307,-0.6699,-0.8819,0.0000,0.0000,-1.6346,179.9993,-0.0006,179.9069
27.6642,searching,0.2294,-0.6693,-0.8813,0.0000,0.0000,-1.6402,179.9992,-0.0007,179.9078
27.6734,searching,0.2279,-0.6686,-0.8805,0.0000,0.0000,-1.6458,179.9992,-0.0007,179.9078
27.6819,searching,0.2260,-0.6676,-0.8794,0.0000,0.0000,-1.6514,179.9990,-0.0012,179.9084
27.6919,searching,0.2240,-0.6661,-0.8775,0.0000,0.0000,-1.6569,179.9991,-0.0012,179.9082
27.7025,searching,0.2220,-0.6646,-0.8756,0.0000,0.0000,-1.6624,179.9991,-0.0012,179.9082
27.7145,searching,0.2198,-0.6628,-0.8732,0.0000,0.0000,-1.6679,179.9984,-0.0013,179.9077
27.7220,searching,0.2176,-0.6606,-0.8702,0.0000,0.0000,-1.6733,179.9983,-0.0016,179.9078
27.7319,searching,0.2153,-0.6583,-0.8665,0.0000,0.0000,-1.6786,179.9983,-0.0016,179.9078
27.7446,searching,0.2131,-0.6561,-0.8630,0.0000,0.0000,-1.6839,179.9985,-0.0012,179.9080
27.7521,searching,0.2107,-0.6535,-0.8592,0.0000,0.0000,-1.6891,179.9988,-0.0005,179.9086
27.7621,searching,0.2077,-0.6501,-0.8544,0.0000,0.0000,-1.6942,179.9988,-0.0005,179.9086
27.7739,searching,0.2049,-0.6468,-0.8497,0.0000,0.0000,-1.6992,179.9989,-0.0003,179.9086
27.7820,searching,0.2020,-0.6431,-0.8449,0.0000,0.0000,-1.7041,179.9990,-0.0002,179.9087
27.7920,searching,0.0000,-0.6390,-0.8392,0.0000,0.0000,-1.7089,179.9990,-0.0002,179.9087
27.8046,searching,0.0000,-0.6351,-0.8337,0.0000,0.0000,-1.7135,179.9993,0.0006,179.9082
27.8122,searching,0.0000,-0.6306,-0.8276,0.0000,0.0000,-1.7181,179.9993,0.0005,179.9079
27.8224,searching,0.0000,-0.6262,-0.8213,0.0000,0.0000,-1.7225,179.9993,0.0005,179.9079
27.8330,searching,0.0000,-0.6216,-0.8143,0.0000,0.0000,-1.7268,179.9998,0.0016,179.9075
27.8433,searching,0.0000,-0.6171,-0.8075,0.0000,0.0000,-1.7309,179.9996,0.0011,179.9072
27.8519,searching,0.0000,-0.6123,-0.8006,0.0000,0.0000,-1.7350,179.9996,0.0011,179.9072
27.8618,searching,0.0000,-0.6073,-0.7934,0.0000,0.0000,-1.7388,179.9999,0.0018,179.9076
27.8733,searching,0.0000,-0.6025,-0.7866,0.0000,0.0000,-1.7426,179.9997,0.0014,179.9076
27.8826,searching,0.0000,-0.5970,-0.7792,0.0000,0.0000,-1.7461,179.9997,0.0014,179.9076
27.8920,searching,0.0000,-0.5913,-0.7716,0.0000,0.0000,-1.7496,179.9998,0.0017,179.9073
27.9030,searching,0.0000,-0.5852,-0.7635,0.0000,0.0000,-1.7528,179.9995,0.0010,179.9077
27.9121,searching,0.0000,-0.5790,-0.7550,0.0000,0.0000,-1.7559,179.9995,0.0010,179.9077
27.9219,searching,0.0000,-0.5725,-0.7458,0.0000,0.0000,-1.7589,180.0000,0.0020,179.9069
27.9347,searching,0.0000,-0.5664,-0.7370,0.0000,0.0000,-1.7616,-179.9999,0.0022,179.9067
27.9433,searching,0.0000,-0.5599,-0.7276,0.0000,0.0000,-1.7641,-179.9999,0.0022,179.9067
27.9526,searching,0.0000,-0.5533,-0.7180,0.0000,0.0000,-1.7665,179.9997,0.0013,179.9072
27.9635,searching,0.0000,-0.5469,-0.7084,0.0000,0.0000,-1.7687,179.9999,0.0017,179.9079
27.9742,searching,0.0000,-0.5401,-0.6988,0.0000,0.0000,-1.7707,179.9999,0.0017,179.9079
27.9818,searching,0.0000,-0.5327,-0.6884,0.0000,0.0000,-1.7724,179.9995,0.0009,179.9081
27.9921,searching,0.0000,-0.5245,-0.6775,0.0000,0.0000,-1.7740,179.9996,0.0011,179.9084
28.0019,searching,0.0000,-0.5157,-0.6662,0.0000,0.0000,-1.7753,179.9996,0.0011,179.9084
28.0133,searching,0.0000,-0.5073,-0.6555,0.0000,0.0000,-1.7764,179.9996,0.0011,179.9084
28.0224,searching,0.0000,-0.4990,-0.6446,0.0000,0.0000,-1.7773,180.0000,0.0020,179.9091
28.0328,searching,0.0000,-0.4904,-0.6339,0.0000,0.0000,-1.7780,180.0000,0.0020,179.9091
28.0448,searching,0.0000,-0.4821,-0.6232,0.0000,0.0000,-1.7784,179.9992,0.0001,179.9086
28.0529,searching,0.0000,-0.4743,-0.6128,0.0000,0.0000,-1.7787,179.9990,-0.0003,179.9088
28.0636,searching,0.0000,-0.4668,-0.6027,0.0000,0.0000,-1.7787,179.9990,-0.0003,179.9088
28.0718,searching,0.0000,-0.4592,-0.5922,0.0000,0.0000,-1.7786,179.9991,-0.0001,179.9091
28.0838,searching,0.0000,-0.4519,-0.5823,0.0000,0.0000,-1.7782,179.9992,0.0001,179.9083
28.0925,searching,0.0000,-0.4437,-0.5719,0.0000,0.0000,-1.7777,179.9992,0.0001,179.9083
28.1030,searching,0.0000,-0.4356,-0.5618,0.0000,0.0000,-1.7769,179.9991,-0.0001,179.9086
28.1125,searching,0.0000,-0.4278,-0.5521,0.0000,0.0000,-1.7760,179.9990,-0.0003,179.9086
28.1219,searching,0.0000,-0.4193,-0.5422,0.0000,0.0000,-1.7748,179.9990,-0.0003,179.9086
28.1319,searching,0.0000,-0.4115,-0.5326,0.0000,0.0000,-1.7735,179.9994,0.0007,179.9091
28.1419,searching,0.0000,-0.4037,-0.5226,0.0000,0.0000,-1.7719,179.9998,0.0015,179.9081
28.1529,searching,0.0000,-0.3963,-0.5130,0.0000,0.0000,-1.7702,179.9998,0.0015,179.9081
28.1650,searching,0.0000,-0.3880,-0.5031,0.0000,0.0000,-1.7682,179.9990,-0.0003,179.9078
28.1729,searching,0.0000,-0.3801,-0.4935,0.0000,0.0000,-1.7661,179.9993,0.0004,179.9077
28.1819,searching,0.0000,-0.3734,-0.4847,0.0000,0.0000,-1.7638,179.9993,0.0004,179.9077
28.1936,searching,0.0000,-0.3670,-0.4763,0.0000,0.0000,-1.7613,179.9987,-0.0007,179.9085
28.2018,searching,0.0000,-0.3606,-0.4684,0.0000,0.0000,-1.7587,179.9993,0.0004,179.9082
28.2125,searching,0.0000,-0.3546,-0.4608,0.0000,0.0000,-1.7559,179.9993,0.0004,179.9082
28.2231,searching,0.0000,-0.3479,-0.4529,0.0000,0.0000,-1.7530,179.9988,-0.0006,179.9080
28.2320,searching,0.0000,-0.3421,-0.4460,0.0000,0.0000,-1.7499,179.9990,-0.0001,179.9084
28.2441,searching,0.0000,-0.3366,-0.4395,0.0000,0.0000,-1.7467,179.9990,-0.0001,179.9084
28.2521,searching,0.0000,-0.3311,-0.4333,0.0000,0.0000,-1.7433,179.9994,0.0007,179.9088
28.2618,searching,0.0000,-0.3271,-0.4277,0.0000,0.0000,-1.7399,179.9991,0.0002,179.9084
28.2743,searching,0.0000,-0.3232,-0.4224,0.0000,0.0000,-1.7363,179.9991,0.0002,179.9084
28.2834,searching,0.0000,-0.3193,-0.4171,0.0000,0.0000,-1.7327,179.9986,-0.0009,179.9082
28.2930,searching,0.0000,-0.3148,-0.4118,0.0000,0.0000,-1.7289,179.9993,0.0006,179.9088
28.3022,searching,0.0000,-0.3113,-0.4072,0.0000,0.0000,-1.7251,179.9993,0.0006,179.9088
28.3123,searching,0.0000,-0.3085,-0.4033,0.0000,0.0000,-1.7211,179.9985,-0.0012,179.9091
28.3220,searching,0.0000,-0.3058,-0.3998,0.0000,0.0000,-1.7171,179.9986,-0.0010,179.9098
28.3324,searching,0.0000,-0.3033,-0.3964,0.0000,0.0000,-1.7130,179.9986,-0.0010,179.9098
28.3418,searching,0.0000,-0.2994,-0.3923,0.0000,0.0000,-1.7089,179.9988,-0.0004,179.9095
28.3541,searching,0.0000,-0.2958,-0.3884,0.0000,0.0000,-1.7047,179.9988,-0.0004,179.9095
28.3651,searching,0.0000,-0.2928,-0.3847,0.0000,0.0000,-1.7004,179.9988,-0.0004,179.9095
28.3725,searching,0.0000,-0.2897,-0.3806,0.0000,0.0000,-1.6960,179.9988,-0.0004,179.9098
28.3818,searching,0.0000,-0.2868,-0.3767,0.0000,0.0000,-1.6915,179.9990,0.0001,179.9086
28.3921,searching,0.0000,-0.2845,-0.3730,0.0000,0.0000,-1.6870,179.9990,0.0001,179.9086
28.4039,searching,0.0000,-0.2824,-0.3695,0.0000,0.0000,-1.6824,179.9990,0.0001,179.9085
28.4125,searching,0.0000,-0.2798,-0.3657,0.0000,0.0000,-1.6777,179.9992,0.0006,179.9078
28.4235,searching,0.0000,-0.2766,-0.3619,0.0000,0.0000,-1.6729,179.9992,0.0006,179.9078
28.4319,searching,0.0000,-0.2739,-0.3584,0.0000,0.0000,-1.6681,179.9994,0.0011,179.9073
28.4421,searching,0.0000,-0.2714,-0.3554,0.0000,0.0000,-1.6632,179.9997,0.0017,179.9088
28.4538,searching,0.0000,-0.2696,-0.3530,0.0000,0.0000,-1.6582,179.9997,0.0017,179.9088
28.4649,searching,0.0000,-0.2679,-0.3507,0.0000,0.0000,-1.6533,179.9983,-0.0012,179.9078
28.4738,searching,0.0000,-0.2666,-0.3489,0.0000,0.0000,-1.6482,179.9986,-0.0007,179.9080
28.4833,searching,0.0000,-0.2647,-0.3465,0.0000,0.0000,-1.6432,179.9986,-0.0007,179.9080
28.4920,searching,0.0000,-0.2634,-0.3444,0.0000,0.0000,-1.6381,179.9973,-0.0035,179.9075
28.5035,searching,0.0000,-0.2621,-0.3424,0.0000,0.0000,-1.6329,179.9981,-0.0016,179.9070
28.5146,searching,0.0000,-0.2613,-0.3408,0.0000,0.0000,-1.6277,179.9981,-0.0016,179.9070
28.5224,searching,0.0000,-0.2607,-0.3398,0.0000,0.0000,-1.6225,179.9986,-0.0005,179.9071
28.5322,searching,0.0000,-0.2606,-0.3392,0.0000,0.0000,-1.6173,179.9988,-0.0000,179.9070
28.5451,searching,0.0000,-0.2604,-0.3387,0.0000,0.0000,-1.6121,179.9988,-0.0000,179.9070
28.5525,searching,0.0000,-0.2605,-0.3384,0.0000,0.0000,-1.6068,179.9984,-0.0007,179.9067
28.5619,searching,0.0000,-0.2604,-0.3379,0.0000,0.0000,-1.6016,179.9988,0.0001,179.9070
28.5737,searching,0.0000,-0.2602,-0.3373,0.0000,0.0000,-1.5963,179.9988,0.0001,179.9070
28.5824,searching,0.0000,-0.2599,-0.3369,0.0000,0.0000,-1.5911,179.9983,-0.0010,179.9063
28.5922,searching,0.0000,-0.2611,-0.3374,0.0000,0.0000,-1.5858,179.9992,0.0010,179.9056
28.6044,searching,0.0000,-0.2618,-0.3377,0.0000,0.0000,-1.5806,179.9992,0.0010,179.9056
28.6137,searching,0.0000,-0.2625,-0.3380,0.0000,0.0000,-1.5753,179.9986,-0.0002,179.9060
28.6220,searching,0.0000,-0.2631,-0.3381,0.0000,0.0000,-1.5701,179.9992,0.0013,179.9066
28.6324,searching,0.0000,-0.2642,-0.3385,0.0000,0.0000,-1.5649,179.9992,0.0013,179.9066
28.6443,searching,0.0000,-0.2660,-0.3393,0.0000,0.0000,-1.5597,179.9987,-0.0000,179.9077
28.6535,searching,0.0000,-0.2684,-0.3406,0.0000,0.0000,-1.5545,179.9984,-0.0005,179.9072
28.6639,searching,0.0000,-0.2709,-0.3421,0.0000,0.0000,-1.5493,179.9984,-0.0005,179.9072
28.6755,searching,0.0000,-0.2732,-0.3439,0.0000,0.0000,-1.5442,179.9985,-0.0016,179.9089
28.6822,searching,0.0000,-0.2763,-0.3465,0.0000,0.0000,-1.5391,179.9984,-0.0019,179.9089
28.6926,searching,0.0000,-0.2803,-0.3498,0.0000,0.0000,-1.5341,179.9984,-0.0019,179.9089
28.7020,searching,0.0000,-0.2842,-0.3534,0.0000,0.0000,-1.5292,179.9992,-0.0000,179.9093
28.7118,searching,0.0000,-0.2892,-0.3581,0.0000,0.0000,-1.5243,179.9993,0.0003,179.9099
28.7219,searching,0.0000,-0.2947,-0.3633,0.0000,0.0000,-1.5196,179.9993,0.0003,179.9099
28.7330,searching,0.0000,-0.2995,-0.3687,0.0000,0.0000,-1.5150,179.9988,-0.0006,179.9093
28.7444,searching,0.0000,-0.3042,-0.3738,0.0000,0.0000,-1.5105,179.9992,0.0003,179.9102
28.7529,searching,0.0000,-0.3094,-0.3795,0.0000,0.0000,-1.5061,179.9992,0.0003,179.9102
28.7619,searching,0.0000,-0.3160,-0.3857,0.0000,0.0000,-1.5018,179.9992,0.0003,179.9102
28.7729,searching,0.0000,-0.3223,-0.3917,0.0000,0.0000,-1.4976,179.9991,-0.0000,179.9097
28.7820,searching,0.0000,-0.3290,-0.3981,0.0000,0.0000,-1.4936,179.9991,-0.0000,179.9097
28.7919,searching,0.0000,-0.3356,-0.4045,0.0000,0.0000,-1.4897,179.9996,0.0012,179.9095
28.8028,searching,0.0000,-0.3420,-0.4106,0.0000,0.0000,-1.4859,179.9999,0.0019,179.9102
28.8138,searching,0.0000,-0.3484,-0.4170,0.0000,0.0000,-1.4822,179.9999,0.0019,179.9102
28.8223,searching,0.0000,-0.3555,-0.4235,0.0000,0.0000,-1.4787,-179.9999,0.0025,179.9103
28.8333,searching,0.0000,-0.3618,-0.4296,0.0000,0.0000,-1.4753,-179.9999,0.0025,179.9109
28.8447,searching,0.0000,-0.3679,-0.4356,0.0000,0.0000,-1.4720,-179.9999,0.0025,179.9109
28.8518,searching,0.0000,-0.3750,-0.4425,0.0000,0.0000,-1.4688,180.0000,0.0023,179.9106
28.8619,searching,0.0000,-0.3823,-0.4499,0.0000,0.0000,-1.4658,179.9989,-0.0002,179.9102
28.8727,searching,0.0000,-0.3892,-0.4569,0.0000,0.0000,-1.4630,179.9989,-0.0002,179.9102
28.8823,searching,0.0000,-0.3981,-0.4650,0.0000,0.0000,-1.4603,179.9990,-0.0000,179.9098
28.8918,searching,0.0000,-0.4062,-0.4726,0.0000,0.0000,-1.4577,179.9992,0.0006,179.9093
28.9018,searching,0.0000,-0.4155,-0.4811,0.0000,0.0000,-1.4553,179.9992,0.0006,179.9093
28.9120,searching,0.0000,-0.4250,-0.4894,0.0000,0.0000,-1.4531,-179.9998,0.0030,179.9099
28.9223,searching,0.0000,-0.4337,-0.4974,0.0000,0.0000,-1.4511,180.0000,0.0026,179.9097
28.9331,searching,0.0000,-0.4419,-0.5051,0.0000,0.0000,-1.4492,180.0000,0.0026,179.9097
28.9448,searching,0.0000,-0.4503,-0.5132,0.0000,0.0000,-1.4474,179.9998,0.0021,179.9098
28.9518,searching,0.0000,-0.4596,-0.5225,0.0000,0.0000,-1.4459,179.9993,-0.0003,179.9106
28.9619,searching,0.0000,-0.4693,-0.5322,0.0000,0.0000,-1.4445,179.9993,-0.0003,179.9106
28.9746,searching,0.0000,-0.4785,-0.5414,0.0000,0.0000,-1.4434,179.9992,-0.0004,179.9103
28.9824,searching,0.0000,-0.4881,-0.5509,0.0000,0.0000,-1.4424,179.9991,-0.0006,179.9106
28.9925,searching,0.2019,-0.4972,-0.5600,0.0000,0.0000,-1.4416,179.9991,-0.0006,179.9106
29.0022,searching,0.2060,-0.5071,-0.5695,0.0000,0.0000,-1.4410,179.9992,-0.0005,179.9103
29.0120,searching,0.2101,-0.5182,-0.5798,0.0000,0.0000,-1.4406,179.9989,-0.0011,179.9096
29.0239,searching,0.2139,-0.5287,-0.5897,0.0000,0.0000,-1.4404,179.9989,-0.0011,179.9096
29.0319,searching,0.2183,-0.5405,-0.6000,0.0000,0.0000,-1.4404,179.9988,-0.0013,179.9096
29.0423,searching,0.2224,-0.5517,-0.6098,0.0000,0.0000,-1.4406,179.9988,-0.0011,179.9100
29.0529,searching,0.2265,-0.5622,-0.6193,0.0000,0.0000,-1.4409,179.9988,-0.0011,179.9100
29.0626,searching,0.2306,-0.5721,-0.6287,0.0000,0.0000,-1.4415,179.9989,-0.0008,179.9108
29.0731,searching,0.2347,-0.5825,-0.6386,0.0000,0.0000,-1.4423,179.9995,0.0004,179.9112
29.0820,searching,0.2389,-0.5932,-0.6492,0.0000,0.0000,-1.4433,179.9995,0.0004,179.9112
29.0918,searching,0.2434,-0.6051,-0.6605,0.0000,0.0000,-1.4445,179.9994,0.0002,179.9115
29.1026,searching,0.2476,-0.6164,-0.6712,0.0000,0.0000,-1.4459,179.9996,0.0008,179.9108
29.1145,searching,0.2519,-0.6280,-0.6822,0.0000,0.0000,-1.4476,179.9996,0.0008,179.9108
29.1240,searching,0.2564,-0.6396,-0.6932,0.0000,0.0000,-1.4494,179.9993,0.0003,179.9104
29.1318,searching,0.2616,-0.6528,-0.7053,0.0000,0.0000,-1.4515,179.9993,0.0003,179.9104
29.1441,searching,0.2665,-0.6653,-0.7168,0.0000,0.0000,-1.4539,179.9993,0.0003,179.9104
29.1519,searching,0.2719,-0.6787,-0.7291,0.0000,0.0000,-1.4564,179.9995,0.0006,179.9091
29.1620,searching,0.2771,-0.6915,-0.7411,0.0000,0.0000,-1.4593,179.9996,0.0008,179.9079
29.1752,searching,0.2819,-0.7037,-0.7525,0.0000,0.0000,-1.4623,179.9996,0.0008,179.9079
29.1828,searching,0.2864,-0.7147,-0.7634,0.0000,0.0000,-1.4656,179.9998,0.0014,179.9086
29.1919,searching,0.2905,-0.7257,-0.7744,0.0000,0.0000,-1.4691,179.9999,0.0018,179.9100
29.2024,searching,0.2944,-0.7361,-0.7849,0.0000,0.0000,-1.4728,179.9999,0.0018,179.9100
29.2120,searching,0.2987,-0.7465,-0.7954,0.0000,0.0000,-1.4767,-179.9999,0.0021,179.9102
29.2239,searching,0.3028,-0.7563,-0.8054,0.0000,0.0000,-1.4808,-179.9998,0.0023,179.9100
29.2331,searching,0.3069,-0.7663,-0.8153,0.0000,0.0000,-1.4851,-179.9998,0.0023,179.9100
29.2425,searching,0.3106,-0.7755,-0.8245,0.0000,0.0000,-1.4896,-179.9999,0.0022,179.9098
29.2519,searching,0.3146,-0.7844,-0.8335,0.0000,0.0000,-1.4942,179.9994,0.0006,179.9091
29.2620,searching,0.3185,-0.7929,-0.8420,0.0000,0.0000,-1.4991,179.9994,0.0006,179.9091
29.2737,searching,0.3221,-0.8009,-0.8502,0.0000,0.0000,-1.5041,179.9996,0.0012,179.9104
29.2818,searching,0.3257,-0.8090,-0.8586,0.0000,0.0000,-1.5093,179.9990,-0.0002,179.9095
29.2930,searching,0.3292,-0.8166,-0.8665,0.0000,0.0000,-1.5146,179.9990,-0.0002,179.9095
29.3037,searching,0.3322,-0.8235,-0.8739,0.0000,0.0000,-1.5201,179.9987,-0.0008,179.9105
29.3118,searching,0.3350,-0.8297,-0.8808,0.0000,0.0000,-1.5257,179.9985,-0.0013,179.9116
29.3223,searching,0.3378,-0.8355,-0.8873,0.0000,0.0000,-1.5314,179.9985,-0.0013,179.9116
29.3321,searching,0.3404,-0.8409,-0.8931,0.0000,0.0000,-1.5373,179.9991,0.0001,179.9103
29.3428,searching,0.3429,-0.8460,-0.8986,0.0000,0.0000,-1.5433,179.9986,-0.0009,179.9098
29.3543,searching,0.3454,-0.8510,-0.9036,0.0000,0.0000,-1.5493,179.9986,-0.0009,179.9098
29.3645,searching,0.3481,-0.8555,-0.9080,0.0000,0.0000,-1.5555,179.9986,-0.0009,179.9098
29.3726,searching,0.3498,-0.8583,-0.9109,0.0000,0.0000,-1.5617,179.9998,0.0003,179.9098
29.3820,searching,0.3511,-0.8600,-0.9130,0.0000,0.0000,-1.5680,179.9998,0.0003,179.9098
29.3920,searching,0.3524,-0.8616,-0.9149,0.0000,0.0000,-1.5743,179.9992,-0.0009,179.9101
29.4019,searching,0.3522,-0.8606,-0.9148,0.0000,0.0000,-1.5806,179.9997,0.0003,179.9107
29.4128,searching,0.3521,-0.8597,-0.9148,0.0000,0.0000,-1.5869,179.9997,0.0003,179.9107
29.4229,searching,0.3517,-0.8572,-0.9135,0.0000,0.0000,-1.5931,179.9992,-0.0010,179.9111
29.4320,searching,0.3510,-0.8539,-0.9114,0.0000,0.0000,-1.5994,179.9993,-0.0008,179.9101
29.4445,searching,0.3503,-0.8509,-0.9094,0.0000,0.0000,-1.6056,179.9993,-0.0008,179.9101
29.4518,searching,0.3494,-0.8465,-0.9062,0.0000,0.0000,-1.6117,179.9982,-0.0033,179.9108
29.4620,searching,0.3486,-0.8423,-0.9030,0.0000,0.0000,-1.6177,179.9988,-0.0018,179.9103
29.4740,searching,0.3474,-0.8379,-0.8995,0.0000,0.0000,-1.6237,179.9988,-0.0018,179.9103
29.4844,searching,0.3465,-0.8330,-0.8955,0.0000,0.0000,-1.6296,179.9983,-0.0029,179.9102
29.4931,searching,0.3456,-0.8275,-0.8909,0.0000,0.0000,-1.6355,179.9988,-0.0018,179.9100
29.5020,searching,0.3440,-0.8208,-0.8852,0.0000,0.0000,-1.6412,179.9988,-0.0018,179.9100
29.5140,searching,0.3426,-0.8143,-0.8798,0.0000,0.0000,-1.6468,179.9984,-0.0027,179.9102
29.5218,searching,0.3400,-0.8065,-0.8733,0.0000,0.0000,-1.6522,179.9991,-0.0012,179.9098
29.5333,searching,0.3375,-0.7990,-0.8670,0.0000,0.0000,-1.6576,179.9991,-0.0012,179.9098
29.5439,searching,0.3352,-0.7910,-0.8603,0.0000,0.0000,-1.6628,179.9987,-0.0020,179.9091
29.5519,searching,0.3316,-0.7814,-0.8515,0.0000,0.0000,-1.6678,179.9987,-0.0021,179.9095
29.5643,searching,0.3282,-0.7724,-0.8431,0.0000,0.0000,-1.6727,179.9987,-0.0021,179.9095
29.5740,searching,0.3252,-0.7624,-0.8341,0.0000,0.0000,-1.6773,179.9979,-0.0039,179.9087
29.5818,searching,0.3213,-0.7516,-0.8237,0.0000,0.0000,-1.6818,179.9980,-0.0036,179.9087
29.5922,searching,0.3174,-0.7400,-0.8128,0.0000,0.0000,-1.6861,179.9980,-0.0036,179.9087
29.6025,searching,0.3137,-0.7290,-0.8024,0.0000,0.0000,-1.6901,179.9979,-0.0038,179.9098
29.6136,searching,0.3106,-0.7174,-0.7918,0.0000,0.0000,-1.6940,179.9992,-0.0008,179.9106
29.6219,searching,0.3060,-0.7039,-0.7792,0.0000,0.0000,-1.6975,179.9992,-0.0008,179.9106
29.6327,searching,0.3016,-0.6912,-0.7673,0.0000,0.0000,-1.7009,179.9995,-0.0001,179.9106
29.6442,searching,0.2974,-0.6777,-0.7550,0.0000,0.0000,-1.7040,179.9993,-0.0006,179.9103
29.6541,searching,0.2920,-0.6629,-0.7416,0.0000,0.0000,-1.7068,179.9993,-0.0006,179.9103
29.6658,searching,0.2869,-0.6488,-0.7288,0.0000,0.0000,-1.7094,179.9991,-0.0012,179.9107
29.6732,searching,0.2823,-0.6345,-0.7158,0.0000,0.0000,-1.7117,179.9998,0.0005,179.9102
29.6828,searching,0.2775,-0.6207,-0.7026,0.0000,0.0000,-1.7138,179.9998,0.0005,179.9102
29.6942,searching,0.2723,-0.6069,-0.6892,0.0000,0.0000,-1.7155,179.9997,0.0003,179.9105
29.7019,searching,0.2680,-0.5923,-0.6748,0.0000,0.0000,-1.7170,-179.9995,0.0022,179.9100
29.7141,searching,0.2639,-0.5785,-0.6611,0.0000,0.0000,-1.7183,-179.9995,0.0022,179.9100
29.7218,searching,0.2589,-0.5634,-0.6462,0.0000,0.0000,-1.7192,179.9995,-0.0003,179.9103
29.7323,searching,0.2541,-0.5486,-0.6315,0.0000,0.0000,-1.7198,179.9995,-0.0003,179.9103
29.7440,searching,0.2496,-0.5345,-0.6174,0.0000,0.0000,-1.7202,179.9995,-0.0003,179.9103
29.7545,searching,0.2441,-0.5202,-0.6030,0.0000,0.0000,-1.7202,-179.9999,0.0011,179.9097
29.7637,searching,0.2387,-0.5049,-0.5881,0.0000,0.0000,-1.7200,179.9996,0.0001,179.9096
29.7719,searching,0.2329,-0.4890,-0.5719,0.0000,0.0000,-1.7194,179.9996,0.0001,179.9096
29.7820,searching,0.2271,-0.4735,-0.5560,0.0000,0.0000,-1.7186,179.9992,0.0004,179.9088
29.7918,searching,0.2215,-0.4589,-0.5407,0.0000,0.0000,-1.7174,179.9989,-0.0003,179.9093
29.8028,searching,0.2161,-0.4451,-0.5262,0.0000,0.0000,-1.7159,179.9989,-0.0003,179.9093
29.8120,searching,0.2110,-0.4300,-0.5108,0.0000,0.0000,-1.7141,179.9993,0.0005,179.9091
29.8218,searching,0.2062,-0.4156,-0.4962,0.0000,0.0000,-1.7120,179.9998,0.0017,179.9093
29.8320,searching,0.2001,-0.4009,-0.4809,0.0000,0.0000,-1.7096,179.9998,0.0017,179.9093
29.8431,searching,0.0000,-0.3869,-0.4663,0.0000,0.0000,-1.7070,179.9993,0.0006,179.9095
29.8540,searching,0.0000,-0.3720,-0.4512,0.0000,0.0000,-1.7040,179.9988,-0.0006,179.9097
29.8655,searching,0.0000,-0.3572,-0.4365,0.0000,0.0000,-1.7007,179.9988,-0.0006,179.9097
29.8727,searching,0.0000,-0.3438,-0.4224,0.0000,0.0000,-1.6972,-179.9995,0.0034,179.9095
29.8821,searching,0.0000,-0.3304,-0.4083,0.0000,0.0000,-1.6933,-179.9998,0.0025,179.9092
29.8921,searching,0.0000,-0.3156,-0.3935,0.0000,0.0000,-1.6892,-179.9998,0.0025,179.9092
29.9021,searching,0.0000,-0.3016,-0.3794,0.0000,0.0000,-1.6848,-179.9995,0.0032,179.9089
29.9119,searching,0.0000,-0.2872,-0.3646,0.0000,0.0000,-1.6801,179.9985,-0.0014,179.9075
29.9223,searching,0.0000,-0.2740,-0.3510,0.0000,0.0000,-1.6751,179.9985,-0.0014,179.9075
29.9327,searching,0.0000,-0.2615,-0.3381,0.0000,0.0000,-1.6699,179.9990,-0.0004,179.9069
29.9420,searching,0.0000,-0.2493,-0.3257,0.0000,0.0000,-1.6644,179.9990,-0.0004,179.9069
29.9520,searching,0.0000,-0.2377,-0.3140,0.0000,0.0000,-1.6587,179.9990,-0.0004,179.9069
29.9643,searching,0.0000,-0.2270,-0.3027,0.0000,0.0000,-1.6527,179.9990,-0.0004,179.9069
29.9723,searching,0.0000,-0.2169,-0.2921,0.0000,0.0000,-1.6466,179.9992,0.0001,179.9081
29.9823,searching,0.0000,-0.2068,-0.2821,0.0000,0.0000,-1.6402,179.9992,0.0001,179.9081
29.9942,searching,0.0000,0.0000,-0.2732,0.0000,0.0000,-1.6337,179.9992,0.0001,179.9081
30.0042,searching,0.0000,0.0000,-0.2654,0.0000,0.0000,-1.6270,179.9997,0.0012,179.9087
30.0119,searching,0.0000,0.0000,-0.2586,0.0000,0.0000,-1.6202,179.9997,0.0012,179.9087
30.0221,searching,0.0000,0.0000,-0.2521,0.0000,0.0000,-1.6132,179.9992,0.0001,179.9087
30.0322,searching,0.0000,0.0000,-0.2467,0.0000,0.0000,-1.6061,-179.9998,0.0022,179.9085
30.0431,searching,0.0000,0.0000,-0.2417,0.0000,0.0000,-1.5990,-179.9998,0.0022,179.9085
30.0527,searching,0.0000,0.0000,-0.2373,0.0000,0.0000,-1.5917,179.9994,0.0003,179.9089
30.0634,searching,0.0000,0.0000,-0.2336,0.0000,0.0000,-1.5844,179.9994,0.0003,179.9089
30.0742,searching,0.0000,0.0000,-0.2302,0.0000,0.0000,-1.5770,179.9995,0.0006,179.9088
30.0832,searching,0.0000,0.0000,-0.2270,0.0000,0.0000,-1.5695,179.9991,-0.0003,179.9083
30.0939,searching,0.0000,0.0000,-0.2245,0.0000,0.0000,-1.5620,179.9994,0.0003,179.9086
30.1024,searching,0.0000,0.0000,-0.2223,0.0000,0.0000,-1.5545,179.9994,0.0003,179.9086
30.1142,searching,0.0000,0.0000,-0.2205,0.0000,0.0000,-1.5469,179.9994,0.0003,179.9086
30.1220,searching,0.0000,0.0000,-0.2196,0.0000,0.0000,-1.5393,179.9998,0.0012,179.9077
30.1334,searching,0.0000,0.0000,-0.2196,0.0000,0.0000,-1.5317,179.9998,0.0012,179.9077
30.1440,searching,0.0000,0.0000,-0.2204,0.0000,0.0000,-1.5241,-179.9999,0.0017,179.9078
30.1518,searching,0.0000,0.0000,-0.2235,0.0000,0.0000,-1.5165,179.9996,0.0004,179.9077
30.1621,searching,0.0000,0.0000,-0.2273,0.0000,0.0000,-1.5091,179.9996,0.0004,179.9077
30.1741,searching,0.0000,0.0000,-0.2309,0.0000,0.0000,-1.5017,179.9996,0.0004,179.9088
30.1822,searching,0.0000,0.0000,-0.2352,0.0000,0.0000,-1.4944,179.9994,-0.0001,179.9079
30.1924,searching,0.0000,0.0000,-0.2403,0.0000,0.0000,-1.4872,179.9994,-0.0001,179.9079
30.2021,searching,0.0000,0.0000,-0.2464,0.0000,0.0000,-1.4801,-179.9997,0.0019,179.9088
30.2130,searching,0.0000,0.0000,-0.2534,0.0000,0.0000,-1.4732,179.9999,0.0010,179.9071
30.2243,searching,0.0000,0.0000,-0.2612,0.0000,0.0000,-1.4664,179.9999,0.0010,179.9071
30.2318,searching,0.0000,0.0000,-0.2704,0.0000,0.0000,-1.4598,-179.9996,0.0020,179.9086
30.2436,searching,0.0000,0.0000,-0.2792,0.0000,0.0000,-1.4534,179.9996,0.0002,179.9086
30.2535,searching,0.0000,0.0000,-0.2882,0.0000,0.0000,-1.4472,179.9996,0.0002,179.9086
30.2623,searching,0.0000,0.0000,-0.2978,0.0000,0.0000,-1.4411,179.9997,0.0004,179.9091
30.2736,searching,0.0000,-0.2075,-0.3083,0.0000,0.0000,-1.4353,179.9993,-0.0005,179.9091
30.2844,searching,0.0000,-0.2160,-0.3194,0.0000,0.0000,-1.4297,179.9993,-0.0005,179.9091
30.2919,searching,0.0000,-0.2254,-0.3315,0.0000,0.0000,-1.4243,179.9997,0.0003,179.9074
30.3019,searching,0.0000,-0.2352,-0.3443,0.0000,0.0000,-1.4192,179.9997,0.0003,179.9074
30.3130,searching,0.0000,-0.2445,-0.3565,0.0000,0.0000,-1.4143,179.9997,0.0003,179.9074
30.3220,searching,0.0000,-0.2553,-0.3701,0.0000,0.0000,-1.4097,179.9997,0.0002,179.9084
30.3320,searching,0.0000,-0.2655,-0.3835,0.0000,0.0000,-1.4054,179.9997,0.0002,179.9084
30.3440,searching,0.0000,-0.2752,-0.3963,0.0000,0.0000,-1.4013,179.9997,0.0002,179.9084
30.3519,searching,0.0000,-0.2863,-0.4106,0.0000,0.0000,-1.3975,179.9986,-0.0010,179.9083
30.3621,searching,0.0000,-0.2968,-0.4242,0.0000,0.0000,-1.3940,179.9992,0.0003,179.9095
30.3756,searching,0.0000,-0.3076,-0.4384,0.0000,0.0000,-1.3908,179.9992,0.0003,179.9095
30.3828,searching,0.0000,-0.3201,-0.4548,0.0000,0.0000,-1.3879,179.9991,-0.0001,179.9091
30.3918,searching,0.0000,-0.3325,-0.4715,0.0000,0.0000,-1.3853,179.9998,0.0015,179.9092
30.4023,searching,0.0000,-0.3451,-0.4888,0.0000,0.0000,-1.3831,179.9998,0.0015,179.9092
30.4122,searching,0.0000,-0.3583,-0.5063,0.0000,0.0000,-1.3812,179.9993,0.0004,179.9091
30.4228,searching,0.0000,-0.3708,-0.5229,0.0000,0.0000,-1.3797,179.9997,0.0013,179.9090
30.4325,searching,0.0000,-0.3837,-0.5408,0.0000,0.0000,-1.3785,179.9997,0.0013,179.9090
30.4432,searching,0.0000,-0.3959,-0.5578,0.0000,0.0000,-1.3777,179.9993,0.0003,179.9077
30.4519,searching,0.0000,-0.4092,-0.5759,0.0000,0.0000,-1.3772,179.9996,0.0008,179.9078
30.4622,searching,0.0000,-0.4217,-0.5936,0.0000,0.0000,-1.3770,179.9996,0.0008,179.9078
30.4745,searching,0.0000,-0.4342,-0.6114,0.0000,0.0000,-1.3773,179.9994,0.0003,179.9073
30.4827,searching,0.0000,-0.4461,-0.6283,0.0000,0.0000,-1.3778,179.9994,0.0003,179.9073
30.4930,searching,0.0000,-0.4584,-0.6453,0.0000,0.0000,-1.3787,179.9994,0.0003,179.9073
30.5038,searching,0.0000,-0.4703,-0.6622,0.0000,0.0000,-1.3800,179.9989,-0.0010,179.9083
30.5142,searching,0.0000,-0.4840,-0.6805,0.0000,0.0000,-1.3816,179.9990,-0.0008,179.9081
30.5221,searching,0.2035,-0.4970,-0.6978,0.0000,0.0000,-1.3836,179.9990,-0.0008,179.9081
30.5319,searching,0.2078,-0.5096,-0.7151,0.0000,0.0000,-1.3859,179.9988,-0.0012,179.9075
30.5433,searching,0.2119,-0.5229,-0.7325,0.0000,0.0000,-1.3885,179.9990,-0.0008,179.9077
30.5537,searching,0.2159,-0.5355,-0.7491,0.0000,0.0000,-1.3915,179.9990,-0.0008,179.9077
30.5642,searching,0.2196,-0.5478,-0.7651,0.0000,0.0000,-1.3948,179.9991,-0.0007,179.9071
30.5728,searching,0.2233,-0.5597,-0.7807,0.0000,0.0000,-1.3984,179.9993,-0.0003,179.9091
30.5820,searching,0.2269,-0.5716,-0.7966,0.0000,0.0000,-1.4023,179.9993,-0.0003,179.9091
30.5918,searching,0.2303,-0.5829,-0.8122,0.0000,0.0000,-1.4066,179.9992,-0.0005,179.9096
30.6018,searching,0.2334,-0.5942,-0.8272,0.0000,0.0000,-1.4111,179.9993,-0.0005,179.9097
30.6129,searching,0.2364,-0.6049,-0.8414,0.0000,0.0000,-1.4160,179.9993,-0.0005,179.9097
30.6236,searching,0.2390,-0.6148,-0.8547,0.0000,0.0000,-1.4210,179.9990,-0.0011,179.9087
30.6321,searching,0.2413,-0.6248,-0.8680,0.0000,0.0000,-1.4264,179.9994,-0.0003,179.9081
30.6434,searching,0.2435,-0.6342,-0.8806,0.0000,0.0000,-1.4320,179.9994,-0.0003,179.9081
30.6538,searching,0.2456,-0.6439,-0.8930,0.0000,0.0000,-1.4379,179.9996,0.0002,179.9080
30.6639,searching,0.2476,-0.6526,-0.9049,0.0000,0.0000,-1.4440,179.9996,0.0002,179.9080
30.6740,searching,0.2493,-0.6611,-0.9163,0.0000,0.0000,-1.4503,179.9996,0.0002,179.9080
30.6826,searching,0.2506,-0.6695,-0.9272,0.0000,0.0000,-1.4568,179.9996,0.0002,179.9083
30.6922,searching,0.2517,-0.6770,-0.9373,0.0000,0.0000,-1.4636,179.9996,-0.0000,179.9087
30.7038,searching,0.2526,-0.6844,-0.9472,0.0000,0.0000,-1.4705,179.9996,-0.0000,179.9087
30.7119,searching,0.2530,-0.6911,-0.9561,0.0000,0.0000,-1.4777,179.9996,-0.0000,179.9087
30.7238,searching,0.2534,-0.6975,-0.9645,0.0000,0.0000,-1.4849,179.9996,0.0001,179.9079
30.7318,searching,0.2536,-0.7035,-0.9724,0.0000,0.0000,-1.4924,179.9996,0.0001,179.9079
30.7418,searching,0.2531,-0.7090,-0.9788,0.0000,0.0000,-1.5000,179.9995,-0.0003,179.9083
30.7524,searching,0.2527,-0.7141,-0.9849,0.0000,0.0000,-1.5077,179.9991,0.0003,179.9077
30.7641,searching,0.2519,-0.7186,-0.9901,0.0000,0.0000,-1.5155,179.9991,0.0003,179.9077
30.7722,searching,0.2508,-0.7228,-0.9946,0.0000,0.0000,-1.5234,179.9990,-0.0001,179.9077
30.7820,searching,0.2493,-0.7262,-0.9984,0.0000,0.0000,-1.5313,179.9990,-0.0003,179.9076
30.7920,searching,0.2480,-0.7296,-1.0018,0.0000,0.0000,-1.5394,179.9990,-0.0003,179.9076
30.8029,searching,0.2467,-0.7329,-1.0051,0.0000,0.0000,-1.5475,179.9987,-0.0009,179.9078
30.8131,searching,0.2452,-0.7357,-1.0079,0.0000,0.0000,-1.5556,179.9986,-0.0011,179.9081
30.8234,searching,0.2436,-0.7379,-1.0100,0.0000,0.0000,-1.5638,179.9986,-0.0011,179.9081
30.8319,searching,0.2421,-0.7402,-1.0118,0.0000,0.0000,-1.5721,179.9986,-0.0011,179.9090
30.8420,searching,0.2403,-0.7418,-1.0130,0.0000,0.0000,-1.5803,179.9984,-0.0017,179.9086
30.8543,searching,0.2382,-0.7428,-1.0131,0.0000,0.0000,-1.5886,179.9984,-0.0017,179.9086
30.8632,searching,0.2362,-0.7437,-1.0132,0.0000,0.0000,-1.5969,179.9984,-0.0017,179.9093
30.8727,searching,0.2336,-0.7438,-1.0125,0.0000,0.0000,-1.6051,179.9987,-0.0011,179.9090
30.8821,searching,0.2311,-0.7440,-1.0117,0.0000,0.0000,-1.6133,179.9987,-0.0011,179.9090
30.8926,searching,0.2288,-0.7437,-1.0103,0.0000,0.0000,-1.6215,179.9983,-0.0019,179.9088
30.9020,searching,0.2264,-0.7431,-1.0082,0.0000,0.0000,-1.6297,179.9986,-0.0013,179.9081
30.9120,searching,0.2237,-0.7420,-1.0057,0.0000,0.0000,-1.6378,179.9986,-0.0013,179.9081
30.9231,searching,0.2210,-0.7405,-1.0026,0.0000,0.0000,-1.6459,179.9986,-0.0014,179.9081
30.9341,searching,0.2186,-0.7390,-0.9992,0.0000,0.0000,-1.6539,179.9995,0.0005,179.9075
30.9422,searching,0.2158,-0.7370,-0.9954,0.0000,0.0000,-1.6618,179.9995,0.0005,179.9075
30.9536,searching,0.2130,-0.7347,-0.9912,0.0000,0.0000,-1.6696,179.9994,0.0004,179.9077
30.9619,searching,0.2104,-0.7323,-0.9868,0.0000,0.0000,-1.6773,179.9997,0.0010,179.9066
30.9720,searching,0.2075,-0.7297,-0.9819,0.0000,0.0000,-1.6850,179.9997,0.0010,179.9066
30.9819,searching,0.2044,-0.7267,-0.9767,0.0000,0.0000,-1.6925,179.9994,0.0003,179.9078
30.9923,searching,0.2014,-0.7234,-0.9711,0.0000,0.0000,-1.6999,-179.9999,0.0019,179.9078
31.0030,searching,0.0000,-0.7196,-0.9647,0.0000,0.0000,-1.7072,-179.9999,0.0019,179.9078
31.0134,searching,0.0000,-0.7152,-0.9578,0.0000,0.0000,-1.7144,-179.9997,0.0024,179.9082
31.0219,searching,0.0000,-0.7107,-0.9505,0.0000,0.0000,-1.7214,-179.9993,0.0031,179.9089
31.0328,searching,0.0000,-0.7057,-0.9424,0.0000,0.0000,-1.7282,-179.9993,0.0031,179.9089
31.0419,searching,0.0000,-0.7003,-0.9338,0.0000,0.0000,-1.7349,-179.9991,0.0037,179.9085
31.0526,searching,0.0000,-0.6947,-0.9249,0.0000,0.0000,-1.7414,-179.9991,0.0036,179.9077
31.0622,searching,0.0000,-0.6891,-0.9156,0.0000,0.0000,-1.7477,-179.9991,0.0036,179.9077
31.0731,searching,0.0000,-0.6827,-0.9055,0.0000,0.0000,-1.7538,-179.9999,0.0019,179.9084
31.0819,searching,0.0000,-0.6757,-0.8950,0.0000,0.0000,-1.7597,-179.9999,0.0019,179.9084
31.0919,searching,0.0000,-0.6687,-0.8843,0.0000,0.0000,-1.7654,-179.9999,0.0019,179.9084
31.1026,searching,0.0000,-0.6610,-0.8731,0.0000,0.0000,-1.7709,-179.9998,0.0021,179.9080
31.1149,searching,0.0000,-0.6522,-0.8609,0.0000,0.0000,-1.7761,179.9995,0.0005,179.9084
31.1236,searching,0.0000,-0.6431,-0.8484,0.0000,0.0000,-1.7811,179.9995,0.0005,179.9084
31.1333,searching,0.0000,-0.6333,-0.8350,0.0000,0.0000,-1.7858,-179.9997,0.0022,179.9083
31.1439,searching,0.0000,-0.6227,-0.8210,0.0000,0.0000,-1.7902,179.9993,-0.0000,179.9090
31.1519,searching,0.0000,-0.6125,-0.8073,0.0000,0.0000,-1.7943,179.9993,-0.0000,179.9090
31.1619,searching,0.0000,-0.6023,-0.7932,0.0000,0.0000,-1.7982,179.9998,0.0011,179.9087
31.1743,searching,0.0000,-0.5911,-0.7784,0.0000,0.0000,-1.8018,179.9998,0.0011,179.9089
31.1823,searching,0.0000,-0.5798,-0.7631,0.0000,0.0000,-1.8050,179.9998,0.0011,179.9089
31.1922,searching,0.0000,-0.5686,-0.7476,0.0000,0.0000,-1.8080,179.9996,0.0006,179.9082
31.2027,searching,0.0000,-0.5563,-0.7315,0.0000,0.0000,-1.8106,179.9991,-0.0004,179.9089
31.2145,searching,0.0000,-0.5434,-0.7149,0.0000,0.0000,-1.8129,179.9991,-0.0004,179.9089
31.2228,searching,0.0000,-0.5310,-0.6985,0.0000,0.0000,-1.8149,179.9996,0.0008,179.9089
31.2320,searching,0.0000,-0.5180,-0.6819,0.0000,0.0000,-1.8165,179.9993,-0.0000,179.9092
31.2427,searching,0.0000,-0.5047,-0.6651,0.0000,0.0000,-1.8178,179.9993,-0.0000,179.9092
31.2552,searching,0.0000,-0.4916,-0.6480,0.0000,0.0000,-1.8188,179.9999,0.0013,179.9085
31.2621,searching,0.0000,-0.4779,-0.6304,0.0000,0.0000,-1.8194,179.9991,-0.0003,179.9082
31.2741,searching,0.0000,-0.4637,-0.6123,0.0000,0.0000,-1.8196,179.9991,-0.0003,179.9082
31.2824,searching,0.0000,-0.4496,-0.5940,0.0000,0.0000,-1.8195,179.9992,-0.0003,179.9073
31.2920,searching,0.0000,-0.4352,-0.5754,0.0000,0.0000,-1.8190,179.9988,-0.0011,179.9074
31.3026,searching,0.0000,-0.4205,-0.5568,0.0000,0.0000,-1.8181,179.9988,-0.0011,179.9074
31.3126,searching,0.0000,-0.4069,-0.5389,0.0000,0.0000,-1.8169,179.9990,-0.0005,179.9075
31.3219,searching,0.0000,-0.3932,-0.5210,0.0000,0.0000,-1.8153,179.9998,0.0012,179.9080
31.3320,searching,0.0000,-0.3787,-0.5030,0.0000,0.0000,-1.8134,179.9998,0.0012,179.9080
31.3420,searching,0.0000,-0.3645,-0.4852,0.0000,0.0000,-1.8111,179.9998,0.0012,179.9075
31.3542,searching,0.0000,-0.3501,-0.4673,0.0000,0.0000,-1.8085,179.9993,-0.0000,179.9079
31.3647,searching,0.0000,-0.3349,-0.4492,0.0000,0.0000,-1.8054,179.9993,-0.0000,179.9079
31.3730,searching,0.0000,-0.3205,-0.4318,0.0000,0.0000,-1.8021,179.9994,0.0005,179.9079
31.3851,searching,0.0000,-0.3069,-0.4147,0.0000,0.0000,-1.7984,179.9987,-0.0012,179.9085
31.3919,searching,0.0000,-0.2922,-0.3970,0.0000,0.0000,-1.7943,179.9987,-0.0012,179.9085
31.4022,searching,0.0000,-0.2775,-0.3795,0.0000,0.0000,-1.7899,179.9991,-0.0002,179.9085
31.4120,searching,0.0000,-0.2637,-0.3622,0.0000,0.0000,-1.7851,179.9993,0.0003,179.9088
31.4239,searching,0.0000,-0.2491,-0.3447,0.0000,0.0000,-1.7800,179.9993,0.0003,179.9088
31.4332,searching,0.0000,-0.2350,-0.3280,0.0000,0.0000,-1.7746,179.9998,0.0014,179.9088
31.4419,searching,0.0000,-0.2222,-0.3120,0.0000,0.0000,-1.7688,179.9995,0.0007,179.9093
31.4521,searching,0.0000,-0.2091,-0.2960,0.0000,0.0000,-1.7628,179.9995,0.0007,179.9093
31.4643,searching,0.0000,0.0000,-0.2801,0.0000,0.0000,-1.7564,179.9995,0.0007,179.9093
31.4724,searching,0.0000,0.0000,-0.2646,0.0000,0.0000,-1.7497,179.9997,0.0013,179.9093
31.4822,searching,0.0000,0.0000,-0.2493,0.0000,0.0000,-1.7426,179.9997,0.0013,179.9093
31.4927,searching,0.0000,0.0000,-0.2347,0.0000,0.0000,-1.7353,179.9987,-0.0010,179.9099
31.5042,searching,0.0000,0.0000,-0.2209,0.0000,0.0000,-1.7278,179.9980,-0.0025,179.9098
31.5119,searching,0.0000,0.0000,-0.2071,0.0000,0.0000,-1.7199,179.9980,-0.0025,179.9098
31.5222,searching,0.0000,0.0000,0.0000,0.0000,0.0000,-1.7079,179.9997,0.0014,179.9098
31.5337,searching,0.0000,0.0000,0.0000,0.0000,0.0000,-1.6959,179.9999,0.0017,179.9092
31.5436,searching,0.0000,0.0000,0.0000,0.0000,0.0000,-1.6839,179.9999,0.0017,179.9092
31.5525,searching,0.0000,0.0000,0.0000,0.0000,0.0000,-1.6719,179.9993,0.0007,179.9085
31.5642,searching,0.0000,0.0000,0.0000,0.0000,0.0000,-1.6599,179.9999,0.0019,179.9082
31.5726,searching,0.0000,0.0000,0.0000,0.0000,0.0000,-1.6479,179.9999,0.0019,179.9082
31.5823,searching,0.0000,0.0000,0.0000,0.0000,0.0000,-1.6359,179.9988,-0.0004,179.9083
31.5921,searching,0.0000,0.0000,0.0000,0.0000,0.0000,-1.6239,179.9996,0.0014,179.9086
31.6020,searching,0.0000,0.0000,0.0000,0.0000,0.0000,-1.6119,179.9996,0.0014,179.9086
31.6132,searching,0.0000,0.0000,0.0000,0.0000,0.0000,-1.5999,179.9982,-0.0016,179.9082
31.6238,searching,0.0000,0.0000,0.0000,0.0000,0.0000,-1.5879,179.9980,-0.0020,179.9076
31.6323,searching,0.0000,0.0000,0.0000,0.0000,0.0000,-1.5759,179.9980,-0.0020,179.9076
31.6434,searching,0.0000,0.0000,0.0000,0.0000,0.0000,-1.5639,179.9986,-0.0007,179.9077
31.6540,searching,0.0000,0.0000,0.0000,0.0000,0.0000,-1.5519,179.9991,0.0006,179.9071
31.6647,searching,0.0000,0.0000,0.0000,0.0000,0.0000,-1.5399,179.9991,0.0006,179.9071
31.6743,searching,0.0000,0.0000,0.0000,0.0000,0.0000,-1.5279,179.9991,0.0006,179.9071
31.6834,searching,0.0000,0.0000,0.0000,0.0000,0.0000,-1.5159,179.9999,0.0023,179.9073
31.6925,searching,0.0000,0.0000,0.0000,0.0000,0.0000,-1.5039,179.9999,0.0023,179.9073
31.7035,searching,0.0000,0.0000,0.0000,0.0000,0.0000,-1.4919,179.9991,0.0007,179.9068
31.7141,searching,0.0000,0.0000,0.0000,0.0000,0.0000,-1.4799,179.9982,-0.0015,179.9064
31.7219,searching,0.0000,0.0000,0.0000,0.0000,0.0000,-1.4679,179.9982,-0.0015,179.9064
31.7320,searching,0.0000,0.0000,0.0000,0.0000,0.0000,-1.4559,179.9988,0.0001,179.9063
31.7446,searching,0.0000,0.0000,0.0000,0.0000,0.0000,-1.4439,179.9971,-0.0036,179.9049
31.7525,searching,0.0000,0.0000,0.0000,0.0000,0.0000,-1.4319,179.9971,-0.0036,179.9049
31.7620,searching,0.0000,0.0000,0.0000,0.0000,0.0000,-1.4199,179.9978,-0.0021,179.9047
31.7736,searching,0.0000,0.0000,0.0000,0.0000,0.0000,-1.4079,179.9990,0.0005,179.9060
31.7820,searching,0.0000,0.0000,0.0000,0.0000,0.0000,-1.3959,179.9990,0.0005,179.9060
31.7920,searching,0.0000,0.0000,0.0000,0.0000,0.0000,-1.3839,179.9991,0.0009,179.9072
31.8031,searching,0.0000,0.0000,0.0000,0.0000,0.0000,-1.3719,179.9990,0.0008,179.9070
31.8148,searching,0.0000,0.0000,0.0000,0.0000,0.0000,-1.3599,179.9990,0.0008,179.9070
31.8220,searching,0.0000,0.0000,0.0000,0.0000,0.0000,-1.3479,179.9989,0.0006,179.9077
31.8324,searching,0.0000,0.0000,0.0000,0.0000,0.0000,-1.3359,179.9983,-0.0006,179.9077
31.8430,searching,0.0000,0.0000,0.0000,0.0000,0.0000,-1.3239,179.9983,-0.0006,179.9077
31.8523,searching,0.0000,0.0000,0.0000,0.0000,0.0000,-1.3119,180.0000,0.0033,179.9077
31.8625,searching,0.0000,0.0000,0.0000,0.0000,0.0000,-1.2999,179.9993,0.0017,179.9079
31.8723,searching,0.0000,0.0000,0.0000,0.0000,0.0000,-1.2879,179.9993,0.0017,179.9079
31.8822,searching,0.0000,0.0000,0.0000,0.0000,0.0000,-1.2759,179.9992,0.0015,179.9080
31.8921,searching,0.0000,0.0000,0.0000,0.0000,0.0000,-1.2639,179.9996,0.0026,179.9094
31.9033,searching,0.0000,0.0000,0.0000,0.0000,0.0000,-1.2519,179.9996,0.0026,179.9094
31.9122,searching,0.0000,0.0000,0.0000,0.0000,0.0000,-1.2399,179.9986,0.0004,179.9084
31.9223,searching,0.0000,0.0000,0.0000,0.0000,0.0000,-1.2279,179.9986,0.0004,179.9084
31.9330,searching,0.0000,0.0000,0.0000,0.0000,0.0000,-1.2159,179.9986,0.0004,179.9084
31.9445,searching,0.0000,0.0000,0.0000,0.0000,0.0000,-1.2039,-179.9998,0.0027,179.9095
31.9519,searching,0.0000,0.0000,0.0000,0.0000,0.0000,-1.1919,179.9987,-0.0007,179.9094
31.9619,searching,0.0000,0.0000,-0.2019,0.0000,0.0000,-1.1839,179.9987,-0.0007,179.9094
31.9719,searching,0.0000,0.0000,-0.2231,0.0000,0.0000,-1.1764,179.9990,-0.0000,179.9096
31.9825,searching,0.0000,0.0000,-0.2458,0.0000,0.0000,-1.1693,179.9987,-0.0006,179.9092
31.9926,searching,0.0000,-0.2208,-0.2693,0.0000,0.0000,-1.1627,179.9987,-0.0006,179.9092
32.0019,searching,0.0000,-0.2446,-0.2937,0.0000,0.0000,-1.1566,179.9993,0.0009,179.9102
32.0144,searching,0.0000,-0.2691,-0.3189,0.0000,0.0000,-1.1509,179.9990,0.0001,179.9102
32.0220,searching,0.0000,-0.2954,-0.3454,0.0000,0.0000,-1.1459,179.9990,0.0001,179.9102
32.0323,searching,0.0000,-0.3219,-0.3722,0.0000,0.0000,-1.1413,179.9993,0.0009,179.9102
32.0422,searching,0.0000,-0.3493,-0.4002,0.0000,0.0000,-1.1373,179.9987,-0.0004,179.9103
32.0526,searching,0.0000,-0.3780,-0.4289,0.0000,0.0000,-1.1339,179.9987,-0.0004,179.9103
32.0638,searching,0.0000,-0.4070,-0.4578,0.0000,0.0000,-1.1310,179.9993,0.0010,179.9095
32.0722,searching,0.0000,-0.4361,-0.4870,0.0000,0.0000,-1.1288,179.9994,0.0013,179.9084
32.0822,searching,0.0000,-0.4660,-0.5165,0.0000,0.0000,-1.1271,179.9994,0.0013,179.9084
32.0928,searching,0.2066,-0.4955,-0.5456,0.0000,0.0000,-1.1260,179.9998,0.0010,179.9095
32.1025,searching,0.2177,-0.5251,-0.5749,0.0000,0.0000,-1.1255,179.9996,0.0005,179.9080
32.1129,searching,0.2284,-0.5556,-0.6045,0.0000,0.0000,-1.1256,179.9996,0.0005,179.9080
32.1223,searching,0.2393,-0.5861,-0.6344,0.0000,0.0000,-1.1263,179.9993,-0.0001,179.9092
32.1323,searching,0.2510,-0.6171,-0.6651,0.0000,0.0000,-1.1276,179.9993,-0.0001,179.9092
32.1421,searching,0.2625,-0.6486,-0.6963,0.0000,0.0000,-1.1295,179.9993,-0.0001,179.9092
32.1522,searching,0.2738,-0.6805,-0.7279,0.0000,0.0000,-1.1321,179.9995,0.0005,179.9097
32.1620,searching,0.2850,-0.7122,-0.7593,0.0000,0.0000,-1.1353,179.9997,0.0010,179.9098
32.1726,searching,0.2964,-0.7432,-0.7904,0.0000,0.0000,-1.1391,179.9997,0.0010,179.9098
32.1829,searching,0.3076,-0.7742,-0.8213,0.0000,0.0000,-1.1435,179.9989,-0.0008,179.9096
32.1926,searching,0.3184,-0.8053,-0.8519,0.0000,0.0000,-1.1485,179.9991,-0.0003,179.9090
32.2021,searching,0.3295,-0.8360,-0.8825,0.0000,0.0000,-1.1542,179.9991,-0.0003,179.9090
32.2121,searching,0.3411,-0.8670,-0.9130,0.0000,0.0000,-1.1605,179.9990,-0.0004,179.9101
32.2222,searching,0.3522,-0.8979,-0.9434,0.0000,0.0000,-1.1673,179.9989,-0.0007,179.9099
32.2323,searching,0.3628,-0.9278,-0.9730,0.0000,0.0000,-1.1748,179.9989,-0.0007,179.9099
32.2424,searching,0.3736,-0.9567,-1.0015,0.0000,0.0000,-1.1828,179.9990,-0.0003,179.9111
32.2519,searching,0.3837,-0.9851,-1.0295,0.0000,0.0000,-1.1914,179.9988,-0.0007,179.9100
32.2620,searching,0.3934,-1.0125,-1.0567,0.0000,0.0000,-1.2005,179.9988,-0.0007,179.9100
32.2739,searching,0.4033,-1.0393,-1.0835,0.0000,0.0000,-1.2102,179.9989,-0.0006,179.9094
32.2828,searching,0.4131,-1.0661,-1.1098,0.0000,0.0000,-1.2204,179.9991,-0.0001,179.9077
32.2922,searching,0.4228,-1.0920,-1.1354,0.0000,0.0000,-1.2311,179.9991,-0.0001,179.9077
32.3033,searching,0.4324,-1.1168,-1.1600,0.0000,0.0000,-1.2423,179.9992,0.0002,179.9082
32.3142,searching,0.4417,-1.1407,-1.1836,0.0000,0.0000,-1.2540,179.9995,0.0010,179.9091
32.3220,searching,0.4505,-1.1635,-1.2060,0.0000,0.0000,-1.2661,179.9995,0.0010,179.9091
32.3320,searching,0.4590,-1.1858,-1.2277,0.0000,0.0000,-1.2787,179.9994,0.0009,179.9096
32.3422,searching,0.4675,-1.2081,-1.2489,0.0000,0.0000,-1.2916,179.9998,0.0018,179.9091
32.3545,searching,0.4759,-1.2302,-1.2693,0.0000,0.0000,-1.3050,179.9998,0.0018,179.9091
32.3642,searching,0.4840,-1.2511,-1.2887,0.0000,0.0000,-1.3188,-179.9995,0.0022,179.9092
32.3722,searching,0.4918,-1.2716,-1.3077,0.0000,0.0000,-1.3329,-179.9991,0.0031,179.9092
32.3820,searching,0.4992,-1.2908,-1.3253,0.0000,0.0000,-1.3474,-179.9991,0.0031,179.9092
32.3920,searching,0.5065,-1.3087,-1.3418,0.0000,0.0000,-1.3623,-179.9994,0.0024,179.9097
32.4023,searching,0.5132,-1.3253,-1.3574,0.0000,0.0000,-1.3774,-179.9993,0.0027,179.9103
32.4134,searching,0.5191,-1.3404,-1.3717,0.0000,0.0000,-1.3929,-179.9993,0.0027,179.9103
32.4231,searching,0.5246,-1.3537,-1.3846,0.0000,0.0000,-1.4086,179.9999,0.0009,179.9104
32.4320,searching,0.5300,-1.3653,-1.3960,0.0000,0.0000,-1.4245,180.0000,0.0011,179.9100
32.4427,searching,0.5345,-1.3755,-1.4061,0.0000,0.0000,-1.4406,180.0000,0.0011,179.9100
32.4521,searching,0.5383,-1.3841,-1.4147,0.0000,0.0000,-1.4569,179.9999,0.0010,179.9101
32.4622,searching,0.5421,-1.3913,-1.4218,0.0000,0.0000,-1.4733,179.9999,0.0010,179.9102
32.4725,searching,0.5457,-1.3979,-1.4278,0.0000,0.0000,-1.4899,179.9999,0.0010,179.9102
32.4823,searching,0.5489,-1.4033,-1.4326,0.0000,0.0000,-1.5065,180.0000,0.0010,179.9097
32.4922,searching,0.5519,-1.4072,-1.4359,0.0000,0.0000,-1.5233,-179.9998,0.0017,179.9097
32.5024,searching,0.5543,-1.4098,-1.4381,0.0000,0.0000,-1.5400,-179.9998,0.0017,179.9097
32.5121,searching,0.5559,-1.4107,-1.4389,0.0000,0.0000,-1.5568,-179.9998,0.0017,179.9097
32.5223,searching,0.5570,-1.4099,-1.4379,0.0000,0.0000,-1.5736,-179.9999,0.0015,179.9104
32.5353,searching,0.5575,-1.4074,-1.4353,0.0000,0.0000,-1.5903,-179.9999,0.0015,179.9104
32.5421,searching,0.5572,-1.4036,-1.4316,0.0000,0.0000,-1.6069,-179.9995,0.0025,179.9099
32.5524,searching,0.5566,-1.3985,-1.4266,0.0000,0.0000,-1.6234,179.9998,0.0008,179.9098
32.5621,searching,0.5555,-1.3924,-1.4204,0.0000,0.0000,-1.6398,179.9998,0.0008,179.9098
32.5720,searching,0.5533,-1.3852,-1.4133,0.0000,0.0000,-1.6561,179.9998,0.0009,179.9087
32.5833,searching,0.5506,-1.3758,-1.4045,0.0000,0.0000,-1.6722,180.0000,0.0014,179.9094
32.5935,searching,0.5480,-1.3650,-1.3945,0.0000,0.0000,-1.6881,180.0000,0.0014,179.9094
32.6048,searching,0.5445,-1.3532,-1.3832,0.0000,0.0000,-1.7037,179.9999,0.0010,179.9088
32.6147,searching,0.5400,-1.3399,-1.3703,0.0000,0.0000,-1.7192,179.9995,0.0001,179.9097
32.6220,searching,0.5355,-1.3249,-1.3562,0.0000,0.0000,-1.7343,179.9995,0.0001,179.9097
32.6322,searching,0.5305,-1.3086,-1.3411,0.0000,0.0000,-1.7491,179.9998,0.0009,179.9104
32.6428,searching,0.5238,-1.2898,-1.3240,0.0000,0.0000,-1.7636,179.9989,-0.0011,179.9108
32.6532,searching,0.5168,-1.2683,-1.3049,0.0000,0.0000,-1.7777,179.9989,-0.0011,179.9108
32.6642,searching,0.5094,-1.2460,-1.2849,0.0000,0.0000,-1.7914,-179.9998,0.0017,179.9106
32.6761,searching,0.5008,-1.2227,-1.2637,0.0000,0.0000,-1.8046,-179.9999,0.0016,179.9102
32.6831,searching,0.4921,-1.1976,-1.2413,0.0000,0.0000,-1.8175,-179.9999,0.0016,179.9102
32.6922,searching,0.4837,-1.1717,-1.2180,0.0000,0.0000,-1.8298,179.9999,0.0011,179.9098
32.7031,searching,0.4745,-1.1454,-1.1937,0.0000,0.0000,-1.8417,179.9993,-0.0001,179.9100
32.7119,searching,0.4650,-1.1191,-1.1689,0.0000,0.0000,-1.8531,179.9993,-0.0001,179.9100
32.7234,searching,0.4553,-1.0918,-1.1430,0.0000,0.0000,-1.8639,179.9993,-0.0001,179.9100
32.7320,searching,0.4456,-1.0638,-1.1164,0.0000,0.0000,-1.8743,179.9996,0.0004,179.9092
32.7427,searching,0.4352,-1.0358,-1.0894,0.0000,0.0000,-1.8841,179.9996,0.0004,179.9092
32.7523,searching,0.4240,-1.0074,-1.0618,0.0000,0.0000,-1.8933,179.9996,0.0004,179.9095
32.7618,searching,0.4132,-0.9773,-1.0334,0.0000,0.0000,-1.9020,179.9983,-0.0026,179.9106
32.7723,searching,0.4026,-0.9469,-1.0047,0.0000,0.0000,-1.9101,179.9983,-0.0026,179.9106
32.7829,searching,0.3910,-0.9171,-0.9761,0.0000,0.0000,-1.9176,179.9983,-0.0026,179.9101
32.7935,searching,0.3794,-0.8873,-0.9474,0.0000,0.0000,-1.9245,179.9970,-0.0056,179.9101
32.8049,searching,0.3682,-0.8577,-0.9187,0.0000,0.0000,-1.9309,179.9970,-0.0056,179.9101
32.8147,searching,0.3565,-0.8281,-0.8897,0.0000,0.0000,-1.9367,179.9985,-0.0020,179.9097
32.8241,searching,0.3449,-0.7985,-0.8608,0.0000,0.0000,-1.9419,179.9997,0.0006,179.9099
32.8323,searching,0.3336,-0.7695,-0.8324,0.0000,0.0000,-1.9466,179.9997,0.0006,179.9099
32.8419,searching,0.3216,-0.7405,-0.8039,0.0000,0.0000,-1.9506,179.9996,0.0004,179.9095
32.8523,searching,0.3100,-0.7109,-0.7752,0.0000,0.0000,-1.9541,179.9988,-0.0016,179.9101
32.8622,searching,0.2994,-0.6815,-0.7468,0.0000,0.0000,-1.9571,179.9988,-0.0016,179.9101
32.8726,searching,0.2879,-0.6530,-0.7190,0.0000,0.0000,-1.9595,179.9992,-0.0006,179.9100
32.8837,searching,0.2765,-0.6252,-0.6918,0.0000,0.0000,-1.9613,179.9991,-0.0009,179.9100
32.8919,searching,0.2658,-0.5978,-0.6651,0.0000,0.0000,-1.9626,179.9991,-0.0009,179.9100
32.9020,searching,0.2550,-0.5711,-0.6388,0.0000,0.0000,-1.9634,-179.9998,0.0018,179.9098
32.9124,searching,0.2445,-0.5447,-0.6131,0.0000,0.0000,-1.9636,179.9993,-0.0004,179.9099
32.9228,searching,0.2346,-0.5188,-0.5878,0.0000,0.0000,-1.9634,179.9993,-0.0004,179.9099
32.9319,searching,0.2244,-0.4937,-0.5627,0.0000,0.0000,-1.9626,179.9994,-0.0002,179.9097
32.9419,searching,0.2148,-0.4693,-0.5383,0.0000,0.0000,-1.9614,179.9987,-0.0018,179.9093
32.9521,searching,0.2061,-0.4452,-0.5146,0.0000,0.0000,-1.9597,179.9987,-0.0018,179.9093
32.9642,searching,0.0000,-0.4221,-0.4918,0.0000,0.0000,-1.9575,179.9988,-0.0016,179.9093
32.9727,searching,0.0000,-0.4003,-0.4701,0.0000,0.0000,-1.9549,179.9993,-0.0005,179.9097
32.9821,searching,0.0000,-0.3801,-0.4501,0.0000,0.0000,-1.9519,179.9993,-0.0005,179.9097
32.9929,searching,0.0000,-0.3614,-0.4313,0.0000,0.0000,-1.9486,-179.9998,0.0016,179.9094
33.0021,searching,0.0000,-0.3434,-0.4132,0.0000,0.0000,-1.9448,-179.9996,0.0019,179.9094
33.0122,searching,0.0000,-0.3257,-0.3957,0.0000,0.0000,-1.9407,-179.9996,0.0019,179.9094
33.0237,searching,0.0000,-0.3095,-0.3794,0.0000,0.0000,-1.9363,180.0000,0.0011,179.9091
33.0329,searching,0.0000,-0.2933,-0.3632,0.0000,0.0000,-1.9316,179.9999,0.0006,179.9088
33.0422,searching,0.0000,-0.2763,-0.3471,0.0000,0.0000,-1.9265,179.9999,0.0006,179.9088
33.0527,searching,0.0000,-0.2609,-0.3325,0.0000,0.0000,-1.9212,179.9989,-0.0017,179.9081
33.0621,searching,0.0000,-0.2484,-0.3196,0.0000,0.0000,-1.9156,179.9982,-0.0032,179.9081
33.0744,searching,0.0000,-0.2359,-0.3073,0.0000,0.0000,-1.9097,179.9982,-0.0032,179.9081
33.0827,searching,0.0000,-0.2234,-0.2956,0.0000,0.0000,-1.9036,-179.9997,0.0016,179.9080
33.0942,searching,0.0000,-0.2121,-0.2844,0.0000,0.0000,-1.8973,179.9991,-0.0014,179.9090
33.1035,searching,0.0000,-0.2003,-0.2731,0.0000,0.0000,-1.8908,179.9991,-0.0014,179.9090
33.1141,searching,0.0000,0.0000,-0.2625,0.0000,0.0000,-1.8840,179.9991,-0.0014,179.9090
33.1219,searching,0.0000,0.0000,-0.2526,0.0000,0.0000,-1.8771,179.9998,0.0002,179.9095
33.1336,searching,0.0000,0.0000,-0.2424,0.0000,0.0000,-1.8699,179.9998,0.0002,179.9095
33.1430,searching,0.0000,0.0000,-0.2323,0.0000,0.0000,-1.8626,179.9990,-0.0017,179.9101
33.1524,searching,0.0000,0.0000,-0.2233,0.0000,0.0000,-1.8550,179.9994,-0.0008,179.9099
33.1622,searching,0.0000,0.0000,-0.2154,0.0000,0.0000,-1.8474,179.9994,-0.0008,179.9099
33.1734,searching,0.0000,0.0000,-0.2076,0.0000,0.0000,-1.8395,179.9996,-0.0005,179.9101
33.1818,searching,0.0000,0.0000,-0.2009,0.0000,0.0000,-1.8315,-179.9993,0.0022,179.9107
33.1920,searching,0.0000,0.0000,0.0000,0.0000,0.0000,-1.8195,-179.9993,0.0022,179.9107
33.2023,searching,0.0000,0.0000,0.0000,0.0000,0.0000,-1.8075,-179.9995,0.0016,179.9114
33.2128,searching,0.0000,0.0000,0.0000,0.0000,0.0000,-1.7955,179.9995,-0.0007,179.9110
33.2227,searching,0.0000,0.0000,0.0000,0.0000,0.0000,-1.7835,179.9995,-0.0007,179.9110
33.2335,searching,0.0000,0.0000,0.0000,0.0000,0.0000,-1.7715,179.9993,-0.0012,179.9110
33.2435,searching,0.0000,0.0000,0.0000,0.0000,0.0000,-1.7595,179.9995,-0.0010,179.9108
33.2522,searching,0.0000,0.0000,0.0000,0.0000,0.0000,-1.7475,179.9995,-0.0010,179.9108
33.2619,searching,0.0000,0.0000,0.0000,0.0000,0.0000,-1.7355,179.9991,-0.0005,179.9104
33.2728,searching,0.0000,0.0000,0.0000,0.0000,0.0000,-1.7235,-179.9991,0.0036,179.9106
33.2822,searching,0.0000,0.0000,0.0000,0.0000,0.0000,-1.7115,-179.9991,0.0036,179.9106
33.2936,searching,0.0000,0.0000,0.0000,0.0000,0.0000,-1.6995,179.9992,-0.0002,179.9103
33.3020,searching,0.0000,0.0000,0.0000,0.0000,0.0000,-1.6875,179.9996,0.0005,179.9096
33.3146,searching,0.0000,0.0000,0.0000,0.0000,0.0000,-1.6755,179.9996,0.0005,179.9096
33.3220,searching,0.0000,0.0000,0.0000,0.0000,0.0000,-1.6635,179.9996,0.0005,179.9096
33.3322,searching,0.0000,0.0000,0.0000,0.0000,0.0000,-1.6515,179.9987,-0.0015,179.9093
33.3446,searching,0.0000,0.0000,0.0000,0.0000,0.0000,-1.6395,179.9987,-0.0015,179.9093
33.3524,searching,0.0000,0.0000,0.0000,0.0000,0.0000,-1.6275,179.9996,0.0004,179.9091
33.3620,searching,0.0000,0.0000,0.0000,0.0000,0.0000,-1.6155,-179.9992,0.0031,179.9084
33.3743,searching,0.0000,0.0000,0.0000,0.0000,0.0000,-1.6035,-179.9992,0.0031,179.9084
33.3821,searching,0.0000,0.0000,0.0000,0.0000,0.0000,-1.5915,179.9994,-0.0001,179.9092
33.3929,searching,0.0000,0.0000,0.0000,0.0000,0.0000,-1.5795,179.9993,-0.0006,179.9086
33.4021,searching,0.0000,0.0000,0.0000,0.0000,0.0000,-1.5675,179.9993,-0.0006,179.9086
33.4136,searching,0.0000,0.0000,0.0000,0.0000,0.0000,-1.5555,-179.9998,0.0015,179.9082
33.4226,searching,0.0000,0.0000,0.0000,0.0000,0.0000,-1.5435,179.9991,-0.0011,179.9082
33.4320,searching,0.0000,0.0000,0.0000,0.0000,0.0000,-1.5315,179.9991,-0.0011,179.9082
33.4435,searching,0.0000,0.0000,0.0000,0.0000,0.0000,-1.5195,179.9999,0.0007,179.9082
33.4519,searching,0.0000,0.0000,0.0000,0.0000,0.0000,-1.5075,179.9996,-0.0000,179.9082
33.4627,searching,0.0000,0.0000,0.0000,0.0000,0.0000,-1.4955,179.9996,-0.0000,179.9082
33.4736,searching,0.0000,0.0000,0.0000,0.0000,0.0000,-1.4835,179.9995,-0.0004,179.9089
33.4824,searching,0.0000,0.0000,0.0000,0.0000,0.0000,-1.4715,179.9991,0.0001,179.9082
33.4925,searching,0.0000,0.0000,0.0000,0.0000,0.0000,-1.4595,179.9991,0.0001,179.9082
33.5020,searching,0.0000,0.0000,0.0000,0.0000,0.0000,-1.4475,179.9990,-0.0002,179.9096
33.5119,searching,0.0000,0.0000,-0.2010,0.0000,0.0000,-1.4395,179.9979,-0.0029,179.9085
33.5220,searching,0.0000,0.0000,-0.2104,0.0000,0.0000,-1.4318,179.9979,-0.0029,179.9085
33.5327,searching,0.0000,0.0000,-0.2214,0.0000,0.0000,-1.4242,179.9987,-0.0010,179.9094
33.5435,searching,0.0000,0.0000,-0.2325,0.0000,0.0000,-1.4168,179.9987,-0.0011,179.9080
33.5519,searching,0.0000,0.0000,-0.2439,0.0000,0.0000,-1.4097,179.9987,-0.0011,179.9080
33.5621,searching,0.0000,0.0000,-0.2557,0.0000,0.0000,-1.4028,179.9987,-0.0011,179.9080
33.5735,searching,0.0000,0.0000,-0.2684,0.0000,0.0000,-1.3962,-179.9999,0.0021,179.9082
33.5824,searching,0.0000,0.0000,-0.2814,0.0000,0.0000,-1.3898,-179.9999,0.0021,179.9082
33.5920,searching,0.0000,0.0000,-0.2951,0.0000,0.0000,-1.3837,179.9999,0.0015,179.9081
33.6021,searching,0.0000,0.0000,-0.3090,0.0000,0.0000,-1.3779,-179.9998,0.0021,179.9075
33.6121,searching,0.0000,-0.2032,-0.3236,0.0000,0.0000,-1.3724,-179.9998,0.0021,179.9075
33.6239,searching,0.0000,-0.2147,-0.3387,0.0000,0.0000,-1.3672,179.9994,0.0002,179.9087
33.6319,searching,0.0000,-0.2257,-0.3540,0.0000,0.0000,-1.3622,179.9996,0.0005,179.9086
33.6432,searching,0.0000,-0.2372,-0.3701,0.0000,0.0000,-1.3576,179.9996,0.0005,179.9086
33.6525,searching,0.0000,-0.2508,-0.3877,0.0000,0.0000,-1.3534,-179.9999,0.0017,179.9096
33.6621,searching,0.0000,-0.2650,-0.4055,0.0000,0.0000,-1.3495,179.9998,0.0009,179.9089
33.6727,searching,0.0000,-0.2791,-0.4234,0.0000,0.0000,-1.3460,179.9998,0.0009,179.9089
33.6824,searching,0.0000,-0.2939,-0.4417,0.0000,0.0000,-1.3428,-179.9997,0.0019,179.9101
33.6923,searching,0.0000,-0.3096,-0.4608,0.0000,0.0000,-1.3400,179.9995,0.0002,179.9082
33.7023,searching,0.0000,-0.3251,-0.4797,0.0000,0.0000,-1.3376,179.9995,0.0002,179.9082
33.7121,searching,0.0000,-0.3401,-0.4983,0.0000,0.0000,-1.3356,179.9996,0.0002,179.9079
33.7219,searching,0.0000,-0.3547,-0.5168,0.0000,0.0000,-1.3339,179.9994,-0.0002,179.9083
33.7320,searching,0.0000,-0.3686,-0.5348,0.0000,0.0000,-1.3326,179.9994,-0.0002,179.9083
33.7419,searching,0.0000,-0.3822,-0.5528,0.0000,0.0000,-1.3317,179.9994,-0.0002,179.9101
33.7521,searching,0.0000,-0.3955,-0.5707,0.0000,0.0000,-1.3311,179.9996,-0.0000,179.9102
33.7625,searching,0.0000,-0.4080,-0.5878,0.0000,0.0000,-1.3308,179.9996,-0.0000,179.9102
33.7724,searching,0.0000,-0.4208,-0.6054,0.0000,0.0000,-1.3309,179.9999,0.0006,179.9103
33.7829,searching,0.0000,-0.4343,-0.6232,0.0000,0.0000,-1.3314,179.9999,0.0006,179.9087
33.7938,searching,0.0000,-0.4477,-0.6406,0.0000,0.0000,-1.3322,179.9999,0.0006,179.9087
33.8019,searching,0.0000,-0.4610,-0.6578,0.0000,0.0000,-1.3334,179.9994,0.0008,179.9083
33.8121,searching,0.0000,-0.4748,-0.6751,0.0000,0.0000,-1.3349,179.9989,-0.0003,179.9078
33.8248,searching,0.0000,-0.4888,-0.6925,0.0000,0.0000,-1.3367,179.9989,-0.0003,179.9078
33.8336,searching,0.0000,-0.5020,-0.7096,0.0000,0.0000,-1.3389,179.9991,-0.0000,179.9084
33.8425,searching,0.0000,-0.5152,-0.7265,0.0000,0.0000,-1.3414,179.9993,0.0005,179.9083
33.8520,searching,0.0000,-0.5283,-0.7432,0.0000,0.0000,-1.3443,179.9993,0.0005,179.9083
33.8621,searching,0.0000,-0.5415,-0.7601,0.0000,0.0000,-1.3475,179.9991,-0.0001,179.9079
33.8719,searching,0.0000,-0.5543,-0.7763,0.0000,0.0000,-1.3510,179.9991,-0.0001,179.9074
33.8829,searching,0.0000,-0.5667,-0.7921,0.0000,0.0000,-1.3549,179.9991,-0.0001,179.9074
33.8932,searching,0.0000,-0.5793,-0.8075,0.0000,0.0000,-1.3590,179.9987,-0.0009,179.9076
33.9019,searching,0.0000,-0.5926,-0.8232,0.0000,0.0000,-1.3635,179.9988,-0.0009,179.9081
33.9144,searching,0.0000,-0.6054,-0.8384,0.0000,0.0000,-1.3683,179.9988,-0.0009,179.9081
33.9220,searching,0.0000,-0.6182,-0.8534,0.0000,0.0000,-1.3733,179.9984,-0.0017,179.9082
33.9325,searching,0.0000,-0.6313,-0.8681,0.0000,0.0000,-1.3787,179.9984,-0.0017,179.9082
33.9423,searching,0.0000,-0.6433,-0.8819,0.0000,0.0000,-1.3843,179.9984,-0.0017,179.9082
33.9543,searching,0.0000,-0.6545,-0.8952,0.0000,0.0000,-1.3902,179.9981,-0.0025,179.9092
33.9619,searching,0.0000,-0.6657,-0.9085,0.0000,0.0000,-1.3964,179.9978,-0.0032,179.9093
33.9720,searching,0.0000,-0.6765,-0.9216,0.0000,0.0000,-1.4028,179.9978,-0.0032,179.9093
33.9821,searching,0.0000,-0.6870,-0.9342,0.0000,0.0000,-1.4095,179.9978,-0.0033,179.9091
33.9930,searching,0.2009,-0.6981,-0.9469,0.0000,0.0000,-1.4165,179.9986,-0.0015,179.9082
34.0030,searching,0.2022,-0.7094,-0.9594,0.0000,0.0000,-1.4236,179.9986,-0.0015,179.9082
34.0121,searching,0.2035,-0.7201,-0.9712,0.0000,0.0000,-1.4311,179.9989,-0.0010,179.9076
34.0240,searching,0.2045,-0.7308,-0.9827,0.0000,0.0000,-1.4387,179.9994,0.0001,179.9076
34.0325,searching,0.2054,-0.7416,-0.9941,0.0000,0.0000,-1.4466,179.9994,0.0001,179.9076
34.0420,searching,0.2065,-0.7522,-1.0052,0.0000,0.0000,-1.4547,179.9993,-0.0001,179.9080
34.0537,searching,0.2074,-0.7626,-1.0160,0.0000,0.0000,-1.4630,179.9994,-0.0000,179.9081
34.0646,searching,0.2084,-0.7729,-1.0264,0.0000,0.0000,-1.4716,179.9994,-0.0000,179.9081
34.0747,searching,0.2094,-0.7820,-1.0357,0.0000,0.0000,-1.4803,179.9994,0.0001,179.9081
34.0821,searching,0.2101,-0.7906,-1.0442,0.0000,0.0000,-1.4892,180.0000,0.0015,179.9090
34.0920,searching,0.2107,-0.7989,-1.0522,0.0000,0.0000,-1.4982,180.0000,0.0015,179.9090
34.1021,searching,0.2116,-0.8068,-1.0596,0.0000,0.0000,-1.5074,179.9999,0.0012,179.9093
34.1119,searching,0.2123,-0.8146,-1.0665,0.0000,0.0000,-1.5167,-179.9999,0.0016,179.9080
34.1223,searching,0.2126,-0.8219,-1.0727,0.0000,0.0000,-1.5262,-179.9999,0.0016,179.9080
34.1326,searching,0.2127,-0.8280,-1.0776,0.0000,0.0000,-1.5357,179.9995,0.0002,179.9094
34.1428,searching,0.2126,-0.8333,-1.0817,0.0000,0.0000,-1.5454,180.0000,0.0014,179.9084
34.1536,searching,0.2120,-0.8381,-1.0849,0.0000,0.0000,-1.5551,180.0000,0.0014,179.9084
34.1630,searching,0.2109,-0.8415,-1.0869,0.0000,0.0000,-1.5648,179.9993,-0.0003,179.9093
34.1720,searching,0.2098,-0.8438,-1.0879,0.0000,0.0000,-1.5746,179.9996,0.0005,179.9096
34.1828,searching,0.2083,-0.8455,-1.0883,0.0000,0.0000,-1.5843,179.9996,0.0005,179.9096
34.1928,searching,0.2067,-0.8463,-1.0878,0.0000,0.0000,-1.5941,179.9992,-0.0005,179.9090
34.2037,searching,0.2053,-0.8464,-1.0862,0.0000,0.0000,-1.6038,179.9990,-0.0009,179.9088
34.2122,searching,0.2037,-0.8460,-1.0836,0.0000,0.0000,-1.6135,179.9990,-0.0009,179.9088
34.2232,searching,0.2022,-0.8446,-1.0797,0.0000,0.0000,-1.6231,179.9987,-0.0017,179.9083
34.2320,searching,0.2011,-0.8428,-1.0747,0.0000,0.0000,-1.6326,179.9990,-0.0011,179.9074
34.2422,searching,0.0000,-0.8406,-1.0694,0.0000,0.0000,-1.6420,179.9990,-0.0011,179.9074
34.2522,searching,0.0000,-0.8373,-1.0628,0.0000,0.0000,-1.6512,179.9993,-0.0004,179.9079
34.2619,searching,0.0000,-0.8327,-1.0549,0.0000,0.0000,-1.6603,-179.9998,0.0017,179.9082
34.2725,searching,0.0000,-0.8274,-1.0463,0.0000,0.0000,-1.6692,-179.9998,0.0017,179.9082
34.2850,searching,0.0000,-0.8204,-1.0362,0.0000,0.0000,-1.6780,-179.9999,0.0014,179.9077
34.2938,searching,0.0000,-0.8118,-1.0248,0.0000,0.0000,-1.6864,-179.9999,0.0014,179.9077
34.3020,searching,0.0000,-0.8028,-1.0126,0.0000,0.0000,-1.6947,-179.9999,0.0014,179.9077
34.3124,searching,0.0000,-0.7932,-0.9995,0.0000,0.0000,-1.7027,-179.9996,0.0021,179.9075
34.3222,searching,0.0000,-0.7827,-0.9858,0.0000,0.0000,-1.7104,179.9999,0.0009,179.9073
34.3321,searching,0.0000,-0.7727,-0.9717,0.0000,0.0000,-1.7178,179.9999,0.0009,179.9073
34.3446,searching,0.0000,-0.7622,-0.9566,0.0000,0.0000,-1.7250,-179.9995,0.0024,179.9072
34.3523,searching,0.0000,-0.7504,-0.9406,0.0000,0.0000,-1.7318,179.9994,-0.0002,179.9077
34.3620,searching,0.0000,-0.7378,-0.9236,0.0000,0.0000,-1.7383,179.9994,-0.0002,179.9077
34.3725,searching,0.0000,-0.7247,-0.9057,0.0000,0.0000,-1.7444,179.9996,0.0004,179.9081
34.3819,searching,0.0000,-0.7105,-0.8875,0.0000,0.0000,-1.7501,179.9995,0.0001,179.9088
34.3920,searching,0.0000,-0.6958,-0.8689,0.0000,0.0000,-1.7555,179.9995,0.0001,179.9088
34.4024,searching,0.0000,-0.6804,-0.8494,0.0000,0.0000,-1.7605,-179.9997,0.0019,179.9082
34.4124,searching,0.0000,-0.6637,-0.8290,0.0000,0.0000,-1.7651,-179.9998,0.0017,179.9086
34.4233,searching,0.0000,-0.6469,-0.8084,0.0000,0.0000,-1.7692,-179.9998,0.0017,179.9086
34.4321,searching,0.0000,-0.6311,-0.7880,0.0000,0.0000,-1.7730,-179.9995,0.0024,179.9086
34.4428,searching,0.0000,-0.6148,-0.7670,0.0000,0.0000,-1.7763,180.0000,0.0014,179.9087
34.4520,searching,0.0000,-0.5976,-0.7455,0.0000,0.0000,-1.7792,180.0000,0.0014,179.9087
34.4630,searching,0.0000,-0.5808,-0.7239,0.0000,0.0000,-1.7817,-179.9994,0.0026,179.9080
34.4722,searching,0.0000,-0.5636,-0.7021,0.0000,0.0000,-1.7838,180.0000,0.0012,179.9085
34.4824,searching,0.0000,-0.5453,-0.6796,0.0000,0.0000,-1.7854,180.0000,0.0012,179.9085
34.4920,searching,0.0000,-0.5276,-0.6575,0.0000,0.0000,-1.7865,179.9998,0.0010,179.9088
34.5038,searching,0.0000,-0.5095,-0.6356,0.0000,0.0000,-1.7872,-179.9996,0.0022,179.9085
34.5122,searching,0.0000,-0.4917,-0.6145,0.0000,0.0000,-1.7875,-179.9996,0.0022,179.9085
34.5221,searching,0.0000,-0.4755,-0.5946,0.0000,0.0000,-1.7874,-179.9995,0.0025,179.9085
34.5325,searching,0.0000,-0.4591,-0.5745,0.0000,0.0000,-1.7869,180.0000,0.0015,179.9080
34.5448,searching,0.0000,-0.4417,-0.5539,0.0000,0.0000,-1.7860,180.0000,0.0015,179.9080
34.5527,searching,0.0000,-0.4252,-0.5338,0.0000,0.0000,-1.7846,-179.9999,0.0017,179.9083
34.5638,searching,0.0000,-0.4094,-0.5137,0.0000,0.0000,-1.7829,179.9990,-0.0008,179.9087
34.5723,searching,0.0000,-0.3926,-0.4935,0.0000,0.0000,-1.7808,179.9990,-0.0008,179.9087
34.5826,searching,0.0000,-0.3772,-0.4744,0.0000,0.0000,-1.7783,179.9993,-0.0000,179.9090
34.5921,searching,0.0000,-0.3622,-0.4555,0.0000,0.0000,-1.7754,179.9993,-0.0000,179.9095
34.6025,searching,0.0000,-0.3460,-0.4367,0.0000,0.0000,-1.7721,179.9993,-0.0000,179.9095
34.6141,searching,0.0000,-0.3308,-0.4191,0.0000,0.0000,-1.7685,-179.9995,0.0026,179.9100
34.6222,searching,0.0000,-0.3167,-0.4020,0.0000,0.0000,-1.7645,179.9999,0.0015,179.9101
34.6343,searching,0.0000,-0.3013,-0.3846,0.0000,0.0000,-1.7602,179.9999,0.0015,179.9101
34.6436,searching,0.0000,-0.2864,-0.3678,0.0000,0.0000,-1.7556,179.9997,0.0010,179.9099
34.6521,searching,0.0000,-0.2734,-0.3516,0.0000,0.0000,-1.7506,179.9991,-0.0002,179.9086
34.6637,searching,0.0000,-0.2598,-0.3356,0.0000,0.0000,-1.7453,179.9991,-0.0002,179.9086
34.6735,searching,0.0000,-0.2466,-0.3207,0.0000,0.0000,-1.7397,179.9991,-0.0002,179.9086
34.6830,searching,0.0000,-0.2347,-0.3063,0.0000,0.0000,-1.7339,179.9997,0.0011,179.9085
34.6941,searching,0.0000,-0.2229,-0.2923,0.0000,0.0000,-1.7277,179.9997,0.0011,179.9085
34.7022,searching,0.0000,-0.2114,-0.2793,0.0000,0.0000,-1.7213,-179.9999,0.0021,179.9082
34.7119,searching,0.0000,-0.2017,-0.2677,0.0000,0.0000,-1.7147,-179.9991,0.0040,179.9080
34.7218,searching,0.0000,0.0000,-0.2561,0.0000,0.0000,-1.7078,-179.9991,0.0040,179.9080
34.7329,searching,0.0000,0.0000,-0.2446,0.0000,0.0000,-1.7007,180.0000,0.0020,179.9074
34.7432,searching,0.0000,0.0000,-0.2337,0.0000,0.0000,-1.6933,179.9993,0.0006,179.9062
34.7522,searching,0.0000,0.0000,-0.2229,0.0000,0.0000,-1.6858,179.9993,0.0006,179.9062
34.7620,searching,0.0000,0.0000,-0.2131,0.0000,0.0000,-1.6781,179.9990,-0.0001,179.9061
34.7742,searching,0.0000,0.0000,-0.2043,0.0000,0.0000,-1.6701,179.9987,-0.0007,179.9064
34.7824,searching,0.0000,0.0000,0.0000,0.0000,0.0000,-1.6581,179.9987,-0.0007,179.9064
34.7923,searching,0.0000,0.0000,0.0000,0.0000,0.0000,-1.6461,179.9989,-0.0002,179.9067
34.8025,searching,0.0000,0.0000,0.0000,0.0000,0.0000,-1.6341,-179.9995,0.0033,179.9068
34.8123,searching,0.0000,0.0000,0.0000,0.0000,0.0000,-1.6221,-179.9995,0.0033,179.9068
34.8238,searching,0.0000,0.0000,0.0000,0.0000,0.0000,-1.6101,179.9997,0.0017,179.9067
34.8323,searching,0.0000,0.0000,0.0000,0.0000,0.0000,-1.5981,179.9995,0.0012,179.9071
34.8421,searching,0.0000,0.0000,0.0000,0.0000,0.0000,-1.5861,179.9995,0.0012,179.9071
34.8525,searching,0.0000,0.0000,0.0000,0.0000,0.0000,-1.5741,179.9990,0.0003,179.9079
34.8620,searching,0.0000,0.0000,0.0000,0.0000,0.0000,-1.5621,179.9987,-0.0004,179.9086
34.8728,searching,0.0000,0.0000,0.0000,0.0000,0.0000,-1.5501,179.9987,-0.0004,179.9086
34.8820,searching,0.0000,0.0000,0.0000,0.0000,0.0000,-1.5381,179.9981,-0.0016,179.9087
34.8921,searching,0.0000,0.0000,0.0000,0.0000,0.0000,-1.5261,179.9989,0.0003,179.9093
34.9043,searching,0.0000,0.0000,0.0000,0.0000,0.0000,-1.5141,179.9989,0.0003,179.9093
34.9120,searching,0.0000,0.0000,0.0000,0.0000,0.0000,-1.5021,179.9992,0.0009,179.9090
34.9236,searching,0.0000,0.0000,0.0000,0.0000,0.0000,-1.4901,-179.9999,0.0031,179.9100
34.9320,searching,0.0000,0.0000,0.0000,0.0000,0.0000,-1.4781,-179.9999,0.0031,179.9100
34.9428,searching,0.0000,0.0000,0.0000,0.0000,0.0000,-1.4661,-179.9996,0.0036,179.9100
34.9535,searching,0.0000,0.0000,0.0000,0.0000,0.0000,-1.4541,-179.9998,0.0033,179.9099
34.9635,searching,0.0000,0.0000,0.0000,0.0000,0.0000,-1.4421,-179.9998,0.0033,179.9099
34.9726,searching,0.0000,0.0000,0.0000,0.0000,0.0000,-1.4301,179.9995,0.0020,179.9099
34.9818,searching,0.0000,0.0000,0.0000,0.0000,0.0000,-1.4181,179.9995,0.0019,179.9088
34.9940,searching,0.0000,0.0000,0.0000,0.0000,0.0000,-1.4061,179.9995,0.0019,179.9088
35.0019,searching,0.0000,0.0000,0.0000,0.0000,0.0000,-1.3941,179.9995,0.0019,179.9091
35.0124,searching,0.0000,0.0000,0.0000,0.0000,0.0000,-1.3821,179.9995,0.0021,179.9098
35.0229,searching,0.0000,0.0000,0.0000,0.0000,0.0000,-1.3701,179.9995,0.0021,179.9098
35.0319,searching,0.0000,0.0000,0.0000,0.0000,0.0000,-1.3581,179.9986,0.0002,179.9096
35.0429,searching,0.0000,0.0000,0.0000,0.0000,0.0000,-1.3461,179.9986,0.0002,179.9096
35.0520,searching,0.0000,0.0000,0.0000,0.0000,0.0000,-1.3341,179.9986,0.0002,179.9096
35.0630,searching,0.0000,0.0000,0.0000,0.0000,0.0000,-1.3221,179.9990,0.0011,179.9099
35.0722,searching,0.0000,0.0000,0.0000,0.0000,0.0000,-1.3101,179.9983,-0.0004,179.9086
35.0831,searching,0.0000,0.0000,0.0000,0.0000,0.0000,-1.2981,179.9983,-0.0004,179.9086
35.0923,searching,0.0000,0.0000,0.0000,0.0000,0.0000,-1.2861,179.9990,0.0012,179.9091
35.1026,searching,0.0000,0.0000,0.0000,0.0000,0.0000,-1.2741,179.9991,0.0015,179.9079
35.1121,searching,0.0000,0.0000,0.0000,0.0000,0.0000,-1.2621,179.9991,0.0015,179.9079
35.1228,searching,0.0000,0.0000,0.0000,0.0000,0.0000,-1.2501,179.9994,0.0010,179.9093
35.1323,searching,0.0000,0.0000,0.0000,0.0000,0.0000,-1.2381,179.9988,-0.0004,179.9091
35.1428,searching,0.0000,0.0000,0.0000,0.0000,0.0000,-1.2261,179.9988,-0.0004,179.9091
35.1524,searching,0.0000,0.0000,0.0000,0.0000,0.0000,-1.2141,179.9990,0.0001,179.9099
35.1619,searching,0.0000,0.0000,0.0000,0.0000,0.0000,-1.2021,179.9984,-0.0011,179.9098
35.1721,searching,0.0000,0.0000,0.0000,0.0000,0.0000,-1.1901,179.9984,-0.0011,179.9098
35.1827,searching,0.0000,0.0000,0.0000,0.0000,0.0000,-1.1781,179.9986,-0.0005,179.9102
35.1934,searching,0.0000,0.0000,0.0000,0.0000,0.0000,-1.1661,179.9986,-0.0005,179.9090
35.2020,searching,0.0000,0.0000,0.0000,0.0000,0.0000,-1.1541,179.9986,-0.0005,179.9090
35.2123,searching,0.0000,0.0000,0.0000,0.0000,0.0000,-1.1421,179.9990,0.0005,179.9104
35.2221,searching,0.0000,0.0000,0.0000,0.0000,0.0000,-1.1301,179.9996,0.0006,179.9087
35.2329,searching,0.0000,0.0000,0.0000,0.0000,0.0000,-1.1181,179.9996,0.0006,179.9087
35.2426,searching,0.0000,0.0000,0.0000,0.0000,0.0000,-1.1061,179.9996,0.0006,179.9087
35.2519,searching,0.0000,0.0000,0.0000,0.0000,0.0000,-1.0941,179.9986,-0.0016,179.9086
35.2626,searching,0.0000,0.0000,0.0000,0.0000,0.0000,-1.0821,179.9986,-0.0016,179.9086
35.2730,searching,0.0000,0.0000,0.0000,0.0000,0.0000,-1.0701,179.9989,-0.0008,179.9085
35.2823,searching,0.0000,0.0000,0.0000,0.0000,0.0000,-1.0581,179.9990,-0.0004,179.9090
35.2933,searching,0.0000,0.0000,0.0000,0.0000,0.0000,-1.0461,179.9990,-0.0004,179.9090
35.3033,searching,0.0000,0.0000,0.0000,0.0000,0.0000,-1.0341,179.9992,0.0001,179.9102
35.3123,searching,0.0000,0.0000,0.0000,0.0000,0.0000,-1.0221,179.9992,0.0001,179.9097
35.3224,searching,0.0000,0.0000,0.0000,0.0000,0.0000,-1.0101,179.9992,0.0001,179.9097
35.3333,searching,0.0000,0.0000,0.0000,0.0000,0.0000,-0.9981,179.9993,0.0003,179.9090
35.3426,searching,0.0000,0.0000,0.0000,0.0000,0.0000,-0.9861,179.9988,-0.0007,179.9085
35.3539,searching,0.2070,0.0000,0.0000,0.0000,0.0000,-0.9741,179.9988,-0.0007,179.9085
35.3623,searching,0.2229,0.0000,0.0000,0.0000,0.0000,-0.9621,179.9997,-0.0000,179.9095
35.3722,searching,0.2395,0.0000,-0.2003,0.0000,0.0000,-0.9542,179.9995,-0.0005,179.9097
35.3820,searching,0.2573,0.0000,-0.2123,0.0000,0.0000,-0.9464,179.9995,-0.0005,179.9097
35.3931,searching,0.2767,-0.2009,-0.2256,0.0000,0.0000,-0.9389,179.9995,-0.0004,179.9094
35.4031,searching,0.2970,-0.2195,-0.2399,0.0000,0.0000,-0.9317,179.9995,-0.0003,179.9083
35.4123,searching,0.3185,-0.2389,-0.2546,0.0000,0.0000,-0.9248,179.9995,-0.0003,179.9083
35.4237,searching,0.3415,-0.2591,-0.2692,0.0000,0.0000,-0.9182,179.9996,-0.0000,179.9086
35.4322,searching,0.3639,-0.2799,-0.2842,0.0000,0.0000,-0.9119,179.9996,-0.0000,179.9086
35.4426,searching,0.3855,-0.3000,-0.2986,0.0000,0.0000,-0.9058,179.9996,-0.0000,179.9086
35.4525,searching,0.4067,-0.3200,-0.3130,0.0000,0.0000,-0.9001,-179.9997,0.0003,179.9094
35.4623,searching,0.4275,-0.3410,-0.3275,0.0000,0.0000,-0.8947,-179.9996,0.0006,179.9083
35.4740,searching,0.4482,-0.3614,-0.3413,0.0000,0.0000,-0.8895,-179.9996,0.0006,179.9083
35.4822,searching,0.4677,-0.3803,-0.3542,0.0000,0.0000,-0.8846,-179.9989,0.0023,179.9090
35.4924,searching,0.4861,-0.3989,-0.3665,0.0000,0.0000,-0.8799,-179.9985,0.0033,179.9093
35.5019,searching,0.5037,-0.4163,-0.3778,0.0000,0.0000,-0.8754,-179.9985,0.0033,179.9093
35.5130,searching,0.5208,-0.4324,-0.3883,0.0000,0.0000,-0.8712,-179.9984,0.0036,179.9099
35.5223,searching,0.5378,-0.4486,-0.3989,0.0000,0.0000,-0.8672,-179.9986,0.0032,179.9105
35.5342,searching,0.5542,-0.4649,-0.4093,0.0000,0.0000,-0.8634,-179.9986,0.0032,179.9105
35.5421,searching,0.5705,-0.4812,-0.4193,0.0000,0.0000,-0.8598,-179.9987,0.0030,179.9095
35.5520,searching,0.5873,-0.4983,-0.4293,0.0000,0.0000,-0.8564,-179.9986,0.0033,179.9087
35.5627,searching,0.6038,-0.5156,-0.4388,0.0000,0.0000,-0.8531,-179.9986,0.0033,179.9087
35.5729,searching,0.6197,-0.5328,-0.4482,0.0000,0.0000,-0.8501,-179.9988,0.0029,179.9083
35.5820,searching,0.6349,-0.5501,-0.4573,0.0000,0.0000,-0.8472,-179.9998,0.0006,179.9088
35.5930,searching,0.6494,-0.5672,-0.4660,0.0000,0.0000,-0.8446,-179.9998,0.0006,179.9088
35.6024,searching,0.6635,-0.5837,-0.4740,0.0000,0.0000,-0.8420,-179.9997,0.0008,179.9094
35.6120,searching,0.6768,-0.5996,-0.4814,0.0000,0.0000,-0.8397,179.9998,-0.0003,179.9101
35.6234,searching,0.6892,-0.6148,-0.4879,0.0000,0.0000,-0.8374,179.9998,-0.0003,179.9101
35.6329,searching,0.7006,-0.6288,-0.4934,0.0000,0.0000,-0.8353,179.9998,-0.0003,179.9093
35.6420,searching,0.7117,-0.6420,-0.4982,0.0000,0.0000,-0.8333,179.9991,-0.0018,179.9084
35.6522,searching,0.7225,-0.6548,-0.5023,0.0000,0.0000,-0.8313,179.9991,-0.0018,179.9084
35.6629,searching,0.7333,-0.6676,-0.5062,0.0000,0.0000,-0.8294,179.9995,-0.0009,179.9085
35.6723,searching,0.7436,-0.6807,-0.5095,0.0000,0.0000,-0.8276,179.9984,-0.0033,179.9079
35.6819,searching,0.7529,-0.6930,-0.5119,0.0000,0.0000,-0.8259,179.9984,-0.0033,179.9079
35.6924,searching,0.7609,-0.7040,-0.5133,0.0000,0.0000,-0.8241,179.9993,-0.0014,179.9098
35.7020,searching,0.7682,-0.7140,-0.5141,0.0000,0.0000,-0.8224,179.9987,-0.0026,179.9098
35.7127,searching,0.7748,-0.7226,-0.5140,0.0000,0.0000,-0.8207,179.9987,-0.0026,179.9098
35.7231,searching,0.7798,-0.7301,-0.5137,0.0000,0.0000,-0.8190,179.9987,-0.0025,179.9103
35.7319,searching,0.7852,-0.7375,-0.5136,0.0000,0.0000,-0.8172,179.9984,-0.0033,179.9103
35.7419,searching,0.7922,-0.7455,-0.5139,0.0000,0.0000,-0.8155,179.9984,-0.0033,179.9103
35.7532,searching,0.7998,-0.7533,-0.5141,0.0000,0.0000,-0.8138,179.9990,-0.0018,179.9100
35.7625,searching,0.8081,-0.7607,-0.5141,0.0000,0.0000,-0.8121,179.9996,-0.0005,179.9088
35.7725,searching,0.8177,-0.7683,-0.5142,0.0000,0.0000,-0.8104,179.9996,-0.0005,179.9088
35.7819,searching,0.8291,-0.7774,-0.5147,0.0000,0.0000,-0.8086,-179.9994,0.0018,179.9089
35.7941,searching,0.8419,-0.7877,-0.5161,0.0000,0.0000,-0.8070,-179.9994,0.0018,179.9089
35.8019,searching,0.8555,-0.7986,-0.5181,0.0000,0.0000,-0.8053,-179.9994,0.0018,179.9089
35.8121,searching,0.8698,-0.8100,-0.5205,0.0000,0.0000,-0.8037,-179.9998,0.0009,179.9094
35.8229,searching,0.8843,-0.8215,-0.5230,0.0000,0.0000,-0.8022,179.9997,-0.0001,179.9093
35.8325,searching,0.8991,-0.8323,-0.5257,0.0000,0.0000,-0.8007,179.9997,-0.0001,179.9093
35.8437,searching,0.9138,-0.8422,-0.5285,0.0000,0.0000,-0.7993,179.9994,-0.0010,179.9099
35.8518,searching,0.9278,-0.8513,-0.5313,0.0000,0.0000,-0.7979,-179.9998,0.0009,179.9099
35.8640,searching,0.9419,-0.8595,-0.5341,0.0000,0.0000,-0.7966,-179.9998,0.0009,179.9099
35.8721,searching,0.9569,-0.8674,-0.5368,0.0000,0.0000,-0.7953,179.9994,-0.0009,179.9104
35.8822,searching,0.9725,-0.8755,-0.5395,0.0000,0.0000,-0.7941,-179.9997,0.0011,179.9096
35.8937,searching,0.9890,-0.8832,-0.5423,0.0000,0.0000,-0.7930,-179.9997,0.0011,179.9096
35.9029,searching,1.0058,-0.8900,-0.5449,0.0000,0.0000,-0.7919,179.9997,-0.0001,179.9095
35.9130,searching,1.0220,-0.8973,-0.5478,0.0000,0.0000,-0.7908,179.9994,-0.0009,179.9091
35.9222,searching,1.0383,-0.9041,-0.5509,0.0000,0.0000,-0.7898,179.9994,-0.0009,179.9091
35.9322,searching,1.0551,-0.9099,-0.5540,0.0000,0.0000,-0.7889,179.9990,-0.0019,179.9098
35.9419,searching,1.0716,-0.9154,-0.5574,0.0000,0.0000,-0.7881,-179.9996,0.0013,179.9093
35.9523,searching,1.0875,-0.9204,-0.5607,0.0000,0.0000,-0.7873,-179.9996,0.0013,179.9093
35.9633,searching,1.1024,-0.9244,-0.5641,0.0000,0.0000,-0.7866,179.9997,-0.0003,179.9096
35.9719,searching,1.1168,-0.9278,-0.5675,0.0000,0.0000,-0.7859,-179.9997,0.0011,179.9089
35.9819,searching,1.1317,-0.9304,-0.5709,0.0000,0.0000,-0.7853,-179.9997,0.0011,179.9089
35.9939,searching,1.1472,-0.9322,-0.5738,0.0000,0.0000,-0.7848,179.9996,-0.0006,179.9087
36.0019,searching,1.1626,-0.9336,-0.5767,0.0000,0.0000,-0.7843,179.9991,-0.0018,179.9091
36.0142,searching,1.1768,-0.9349,-0.5795,0.0000,0.0000,-0.7839,179.9991,-0.0018,179.9091
36.0237,searching,1.1910,-0.9348,-0.5815,0.0000,0.0000,-0.7836,179.9991,-0.0018,179.9091
36.0323,searching,1.2053,-0.9335,-0.5825,0.0000,0.0000,-0.7832,179.9994,-0.0011,179.9092
36.0419,searching,1.2190,-0.9319,-0.5838,0.0000,0.0000,-0.7829,179.9994,-0.0011,179.9092
36.0519,searching,1.2319,-0.9297,-0.5851,0.0000,0.0000,-0.7826,179.9993,-0.0013,179.9091
36.0619,searching,1.2436,-0.9269,-0.5864,0.0000,0.0000,-0.7823,179.9986,-0.0029,179.9090
36.0732,searching,1.2537,-0.9235,-0.5876,0.0000,0.0000,-0.7821,179.9986,-0.0029,179.9090
36.0845,searching,1.2629,-0.9180,-0.5880,0.0000,0.0000,-0.7818,-179.9997,0.0009,179.9099
36.0935,searching,1.2719,-0.9104,-0.5871,0.0000,0.0000,-0.7816,179.9996,-0.0008,179.9095
36.1019,searching,1.2806,-0.9023,-0.5858,0.0000,0.0000,-0.7813,179.9996,-0.0008,179.9095
36.1146,searching,1.2882,-0.8936,-0.5840,0.0000,0.0000,-0.7810,179.9989,-0.0024,179.9091
36.1219,searching,1.2954,-0.8833,-0.5812,0.0000,0.0000,-0.7806,179.9986,-0.0030,179.9091
36.1321,searching,1.3021,-0.8738,-0.5790,0.0000,0.0000,-0.7802,179.9986,-0.0030,179.9091
36.1431,searching,1.3081,-0.8644,-0.5767,0.0000,0.0000,-0.7797,-179.9999,0.0004,179.9090
36.1527,searching,1.3138,-0.8538,-0.5738,0.0000,0.0000,-0.7792,179.9992,-0.0018,179.9081
36.1619,searching,1.3190,-0.8431,-0.5710,0.0000,0.0000,-0.7786,179.9992,-0.0018,179.9081
36.1720,searching,1.3231,-0.8319,-0.5680,0.0000,0.0000,-0.7780,179.9999,-0.0002,179.9082
36.1837,searching,1.3263,-0.8185,-0.5636,0.0000,0.0000,-0.7772,179.9986,-0.0020,179.9081
36.1933,searching,1.3289,-0.8040,-0.5586,0.0000,0.0000,-0.7764,179.9986,-0.0020,179.9081
36.2025,searching,1.3305,-0.7896,-0.5533,0.0000,0.0000,-0.7755,179.9988,-0.0013,179.9082
36.2141,searching,1.3322,-0.7740,-0.5472,0.0000,0.0000,-0.7744,179.9989,-0.0012,179.9080
36.2222,searching,1.3341,-0.7581,-0.5406,0.0000,0.0000,-0.7732,179.9989,-0.0012,179.9080
36.2328,searching,1.3353,-0.7428,-0.5341,0.0000,0.0000,-0.7719,-179.9992,0.0031,179.9092
36.2424,searching,1.3362,-0.7266,-0.5272,0.0000,0.0000,-0.7705,-179.9998,0.0016,179.9089
36.2535,searching,1.3372,-0.7100,-0.5201,0.0000,0.0000,-0.7689,-179.9998,0.0016,179.9089
36.2634,searching,1.3379,-0.6931,-0.5127,0.0000,0.0000,-0.7671,179.9996,0.0003,179.9096
36.2720,searching,1.3381,-0.6746,-0.5040,0.0000,0.0000,-0.7652,179.9981,-0.0034,179.9102
36.2828,searching,1.3379,-0.6552,-0.4946,0.0000,0.0000,-0.7631,179.9981,-0.0034,179.9102
36.2923,searching,1.3370,-0.6359,-0.4856,0.0000,0.0000,-0.7608,179.9990,-0.0013,179.9109
36.3031,searching,1.3354,-0.6166,-0.4765,0.0000,0.0000,-0.7583,179.9984,-0.0027,179.9107
36.3128,searching,1.3344,-0.5964,-0.4670,0.0000,0.0000,-0.7557,179.9984,-0.0027,179.9107
36.3227,searching,1.3332,-0.5770,-0.4578,0.0000,0.0000,-0.7528,-179.9999,0.0011,179.9112
36.3324,searching,1.3315,-0.5583,-0.4488,0.0000,0.0000,-0.7498,179.9995,-0.0004,179.9112
36.3432,searching,1.3301,-0.5389,-0.4393,0.0000,0.0000,-0.7466,179.9995,-0.0004,179.9112
36.3521,searching,1.3291,-0.5194,-0.4296,0.0000,0.0000,-0.7432,179.9993,-0.0008,179.9106
36.3620,searching,1.3285,-0.5003,-0.4202,0.0000,0.0000,-0.7396,179.9979,-0.0043,179.9114
36.3720,searching,1.3281,-0.4807,-0.4108,0.0000,0.0000,-0.7358,179.9979,-0.0043,179.9114
36.3825,searching,1.3275,-0.4617,-0.4016,0.0000,0.0000,-0.7318,179.9989,-0.0020,179.9115
36.3937,searching,1.3265,-0.4438,-0.3931,0.0000,0.0000,-0.7277,179.9989,-0.0020,179.9115
36.4028,searching,1.3252,-0.4251,-0.3841,0.0000,0.0000,-0.7234,179.9989,-0.0020,179.9115
36.4123,searching,1.3245,-0.4063,-0.3754,0.0000,0.0000,-0.7189,179.9991,-0.0002,179.9108
36.4227,searching,1.3236,-0.3888,-0.3673,0.0000,0.0000,-0.7142,179.9999,0.0016,179.9105
36.4328,searching,1.3230,-0.3700,-0.3582,0.0000,0.0000,-0.7094,179.9999,0.0016,179.9105
36.4422,searching,1.3231,-0.3504,-0.3486,0.0000,0.0000,-0.7044,179.9995,0.0007,179.9089
36.4522,searching,1.3233,-0.3318,-0.3395,0.0000,0.0000,-0.6991,179.9988,-0.0011,179.9097
36.4624,searching,1.3230,-0.3136,-0.3302,0.0000,0.0000,-0.6937,179.9988,-0.0011,179.9097
36.4723,searching,1.3227,-0.2947,-0.3207,0.0000,0.0000,-0.6882,179.9985,-0.0019,179.9091
36.4826,searching,1.3224,-0.2772,-0.3123,0.0000,0.0000,-0.6824,179.9999,0.0014,179.9092
36.4945,searching,1.3212,-0.2608,-0.3044,0.0000,0.0000,-0.6765,179.9999,0.0014,179.9092
36.5035,searching,1.3201,-0.2429,-0.2961,0.0000,0.0000,-0.6704,179.9994,-0.0000,179.9090
36.5124,searching,1.3193,-0.2249,-0.2880,0.0000,0.0000,-0.6642,-179.9997,0.0021,179.9095
36.5226,searching,1.3177,-0.2069,-0.2801,0.0000,0.0000,-0.6578,-179.9997,0.0021,179.9095
36.5323,searching,1.3162,0.0000,-0.2714,0.0000,0.0000,-0.6512,179.9990,-0.0010,179.9091
36.5419,searching,1.3145,0.0000,-0.2629,0.0000,0.0000,-0.6445,179.9994,0.0012,179.9098
36.5523,searching,1.3122,0.0000,-0.2545,0.0000,0.0000,-0.6376,179.9994,0.0012,179.9098
36.5644,searching,1.3103,0.0000,-0.2461,0.0000,0.0000,-0.6305,179.9987,-0.0003,179.9088
36.5743,searching,1.3088,0.0000,-0.2385,0.0000,0.0000,-0.6232,179.9991,0.0006,179.9097
36.5819,searching,1.3068,0.0000,-0.2318,0.0000,0.0000,-0.6159,179.9991,0.0006,179.9097
36.5942,searching,1.3050,0.0000,-0.2245,0.0000,0.0000,-0.6084,179.9991,0.0003,179.9086
36.6020,searching,1.3035,0.0000,-0.2164,0.0000,0.0000,-0.6007,179.9992,0.0006,179.9090
36.6120,searching,1.3019,0.0000,-0.2090,0.0000,0.0000,-0.5929,179.9992,0.0006,179.9090
36.6223,searching,1.3006,0.0000,-0.2013,0.0000,0.0000,-0.5849,179.9992,0.0006,179.9090
36.6333,searching,1.2996,0.0000,0.0000,0.0000,0.0000,-0.5729,179.9984,-0.0014,179.9078
36.6419,searching,1.2979,0.0000,0.0000,0.0000,0.0000,-0.5609,179.9984,-0.0014,179.9078
36.6533,searching,1.2961,0.0000,0.0000,0.0000,0.0000,-0.5489,179.9990,-0.0001,179.9086
36.6622,searching,1.2945,0.0000,0.0000,0.0000,0.0000,-0.5369,179.9981,-0.0022,179.9082
36.6731,searching,1.2929,0.0000,0.0000,0.0000,0.0000,-0.5249,179.9981,-0.0022,179.9082
36.6829,searching,1.2913,0.0000,0.0000,0.0000,0.0000,-0.5129,179.9995,0.0009,179.9098
36.6943,searching,1.2896,0.0000,0.0000,0.0000,0.0000,-0.5009,179.9994,0.0005,179.9102
36.7031,searching,1.2882,0.0000,0.0000,0.0000,0.0000,-0.4889,179.9994,0.0005,179.9102
36.7133,searching,1.2868,0.0000,0.0000,0.0000,0.0000,-0.4769,-179.9997,0.0025,179.9088
36.7221,searching,1.2856,0.0000,0.0000,0.0000,0.0000,-0.4649,-179.9997,0.0023,179.9099
36.7337,searching,1.2843,0.2167,0.0000,0.0000,0.0000,-0.4529,-179.9997,0.0023,179.9099
36.7425,searching,1.2826,0.2372,0.0000,0.0000,0.0000,-0.4409,179.9999,0.0015,179.9074
36.7525,searching,1.2806,0.2578,0.0000,0.0000,0.0000,-0.4289,-179.9999,0.0019,179.9096
36.7638,searching,1.2788,0.2795,0.0000,0.0000,0.0000,-0.4169,-179.9999,0.0019,179.9096
36.7727,searching,1.2773,0.3013,0.0000,0.0000,0.0000,-0.4049,179.9995,0.0004,179.9097
36.7824,searching,1.2757,0.3231,0.0000,0.0000,0.0000,-0.3929,-179.9999,0.0018,179.9107
36.7922,searching,1.2744,0.3447,0.0000,0.0000,0.0000,-0.3809,-179.9999,0.0018,179.9107
36.8025,searching,1.2730,0.3659,0.0000,0.0000,0.0000,-0.3689,179.9992,-0.0003,179.9090
36.8132,searching,1.2712,0.3862,0.0000,0.0000,0.0000,-0.3569,179.9994,-0.0001,179.9084
36.8222,searching,1.2695,0.4061,0.0000,0.0000,0.0000,-0.3449,179.9994,-0.0001,179.9084
36.8322,searching,1.2674,0.4252,0.0000,0.0000,0.0000,-0.3329,179.9991,-0.0009,179.9096
36.8427,searching,1.2650,0.4435,0.0000,0.0000,0.0000,-0.3209,179.9992,-0.0006,179.9084
36.8525,searching,1.2624,0.4618,0.0000,0.0000,0.0000,-0.3089,179.9992,-0.0006,179.9084
36.8623,searching,1.2591,0.4799,0.0000,0.0000,0.0000,-0.2969,179.9994,-0.0003,179.9072
36.8732,searching,1.2551,0.4974,0.0000,0.0000,0.0000,-0.2849,179.9992,-0.0009,179.9092
36.8819,searching,1.2506,0.5153,0.0000,0.0000,0.0000,-0.2729,179.9992,-0.0009,179.9092
36.8921,searching,1.2449,0.5335,0.0000,0.0000,0.0000,-0.2609,179.9987,-0.0005,179.9105
36.9023,searching,1.2383,0.5505,0.0000,0.0000,0.0000,-0.2489,179.9990,-0.0000,179.9117
36.9122,searching,1.2310,0.5676,0.0000,0.0000,0.0000,-0.2369,179.9990,-0.0000,179.9117
36.9240,searching,1.2227,0.5844,0.0000,0.0000,0.0000,-0.2249,179.9991,0.0001,179.9104
36.9319,searching,1.2135,0.5999,0.0000,0.0000,0.0000,-0.2129,179.9994,0.0008,179.9091
36.9432,searching,1.2038,0.6145,0.0000,0.0000,0.0000,-0.2009,179.9994,0.0008,179.9091
36.9520,searching,1.1931,0.6285,0.0000,0.0000,0.0000,-0.1889,179.9990,-0.0001,179.9093
36.9628,searching,1.1813,0.6417,0.0000,0.0000,0.0000,-0.1769,179.9991,-0.0000,179.9096
36.9727,searching,1.1685,0.6543,0.0000,0.0000,0.0000,-0.1649,179.9991,-0.0000,179.9096
36.9819,searching,1.1546,0.6674,0.0000,0.0000,0.0000,-0.1529,179.9991,-0.0000,179.9096
36.9919,searching,1.1391,0.6813,0.0000,0.0000,0.0000,-0.1409,179.9993,0.0003,179.9095
37.0023,searching,1.1221,0.6951,0.0000,0.0000,0.0000,-0.1289,179.9993,0.0003,179.9095
37.0131,searching,1.1038,0.7093,0.0000,0.0000,0.0000,-0.1169,179.9998,0.0014,179.9095
37.0221,searching,1.0841,0.7236,0.0000,0.0000,0.0000,-0.1049,-179.9996,0.0027,179.9112
37.0321,searching,1.0630,0.7368,0.0000,0.0000,0.0000,-0.0929,-179.9996,0.0027,179.9112
37.0436,searching,1.0407,0.7491,0.0000,0.0000,0.0000,-0.0809,-179.9993,0.0033,179.9096
37.0523,searching,1.0173,0.7607,0.0000,0.0000,0.0000,-0.0689,-179.9990,0.0040,179.9098
37.0648,searching,0.9927,0.7713,0.0000,0.0000,0.0000,-0.0569,-179.9990,0.0040,179.9098
37.0727,searching,0.9669,0.7806,0.0000,0.0000,0.0000,-0.0449,-179.9998,0.0020,179.9100
37.0830,searching,0.9397,0.7891,0.0000,0.0000,0.0000,-0.0329,-179.9999,0.0019,179.9094
37.0922,searching,0.9112,0.7970,0.0000,0.0000,0.0000,-0.0209,-179.9999,0.0019,179.9094
37.1019,searching,0.8815,0.8040,0.0000,0.0000,0.0000,-0.0089,179.9990,0.0006,179.9099
37.1119,searching,0.8508,0.8106,0.0000,0.0000,0.0000,0.0031,179.9993,0.0013,179.9090
37.1225,searching,0.8186,0.8167,0.0000,0.0000,0.0000,0.0151,179.9993,0.0013,179.9090
37.1323,searching,0.7852,0.8224,0.0000,0.0000,0.0000,0.0271,179.9992,0.0010,179.9091
37.1426,searching,0.7512,0.8275,0.0000,0.0000,0.0000,0.0391,-179.9996,0.0037,179.9085
37.1524,searching,0.7165,0.8308,0.0000,0.0000,0.0000,0.0511,-179.9996,0.0037,179.9085
37.1622,searching,0.6812,0.8330,0.0000,0.0000,0.0000,0.0631,179.9998,0.0023,179.9083
37.1724,searching,0.6453,0.8345,0.0000,0.0000,0.0000,0.0751,179.9997,0.0020,179.9092
37.1823,searching,0.6084,0.8345,0.0000,0.0000,0.0000,0.0871,179.9997,0.0020,179.9092
37.1923,searching,0.5714,0.8329,0.0000,0.0000,0.0000,0.0991,179.9997,0.0020,179.9092
37.2042,searching,0.5344,0.8301,0.0000,0.0000,0.0000,0.1111,179.9998,0.0022,179.9098
37.2123,searching,0.4967,0.8267,0.0000,0.0000,0.0000,0.1231,179.9998,0.0022,179.9098
37.2237,searching,0.4587,0.8226,0.0000,0.0000,0.0000,0.1351,179.9998,0.0022,179.9098
37.2322,searching,0.4202,0.8181,0.0000,0.0000,0.0000,0.1471,179.9993,0.0011,179.9102
37.2421,searching,0.3812,0.8126,0.0000,0.0000,0.0000,0.1591,179.9993,0.0011,179.9102
37.2541,searching,0.3423,0.8060,0.0000,0.0000,0.0000,0.1711,179.9999,0.0023,179.9102
37.2622,searching,0.3039,0.7983,0.0000,0.0000,0.0000,0.1831,179.9994,0.0013,179.9107
37.2745,searching,0.2657,0.7892,0.0000,0.0000,0.0000,0.1951,179.9994,0.0013,179.9107
37.2820,searching,0.2279,0.7786,0.0000,0.0000,0.0000,0.2071,179.9999,0.0022,179.9100
37.2919,searching,0.0000,0.7670,0.0000,0.0000,0.0000,0.2191,179.9995,0.0013,179.9104
37.3020,searching,0.0000,0.7534,0.0000,0.0000,0.0000,0.2311,179.9995,0.0013,179.9104
37.3119,searching,0.0000,0.7383,0.0000,0.0000,0.0000,0.2431,179.9996,0.0016,179.9089
37.3228,searching,0.0000,0.7229,-0.2036,0.0000,0.0000,0.2510,179.9988,-0.0003,179.9082
37.3332,searching,0.0000,0.7069,-0.2251,0.0000,0.0000,0.2585,179.9988,-0.0003,179.9082
37.3423,searching,0.0000,0.6900,-0.2474,0.0000,0.0000,0.2656,179.9993,0.0009,179.9086
37.3537,searching,0.0000,0.6734,-0.2695,0.0000,0.0000,0.2722,179.9982,-0.0016,179.9090
37.3623,searching,0.0000,0.6568,-0.2919,0.0000,0.0000,0.2783,179.9982,-0.0016,179.9090
37.3744,searching,0.0000,0.6390,-0.3149,0.0000,0.0000,0.2840,179.9997,0.0018,179.9088
37.3821,searching,0.0000,0.6209,-0.3379,0.0000,0.0000,0.2893,179.9985,-0.0010,179.9089
37.3929,searching,0.0000,0.6028,-0.3604,0.0000,0.0000,0.2941,179.9985,-0.0010,179.9089
37.4024,searching,0.0000,0.5838,-0.3832,0.0000,0.0000,0.2984,179.9998,0.0019,179.9082
37.4132,searching,-0.2081,0.5645,-0.4062,0.0000,0.0000,0.3023,179.9994,0.0011,179.9085
37.4220,searching,-0.2361,0.5445,-0.4295,0.0000,0.0000,0.3057,179.9994,0.0011,179.9085
37.4347,searching,-0.2628,0.5236,-0.4533,0.0000,0.0000,0.3086,179.9994,0.0011,179.9085
37.4419,searching,-0.2883,0.5029,-0.4770,0.0000,0.0000,0.3111,179.9998,0.0020,179.9082
37.4538,searching,-0.3129,0.4830,-0.5003,0.0000,0.0000,0.3131,179.9998,0.0020,179.9082
37.4621,searching,-0.3375,0.4618,-0.5243,0.0000,0.0000,0.3146,179.9993,0.0023,179.9087
37.4719,searching,-0.3617,0.4403,-0.5483,0.0000,0.0000,0.3156,179.9978,-0.0012,179.9081
37.4827,searching,-0.3853,0.4199,-0.5713,0.0000,0.0000,0.3162,179.9978,-0.0012,179.9081
37.4923,searching,-0.4075,0.3996,-0.5939,0.0000,0.0000,0.3163,179.9983,-0.0001,179.9082
37.5019,searching,-0.4292,0.3791,-0.6162,0.0000,0.0000,0.3160,179.9990,0.0014,179.9083
37.5132,searching,-0.4494,0.3593,-0.6376,0.0000,0.0000,0.3153,179.9990,0.0014,179.9083
37.5220,searching,-0.4688,0.3397,-0.6583,0.0000,0.0000,0.3141,179.9977,-0.0013,179.9080
37.5319,searching,-0.4868,0.3190,-0.6788,0.0000,0.0000,0.3125,179.9990,0.0015,179.9090
37.5422,searching,-0.5035,0.2989,-0.6985,0.0000,0.0000,0.3105,179.9990,0.0015,179.9090
37.5527,searching,-0.5188,0.2792,-0.7174,0.0000,0.0000,0.3082,179.9983,-0.0000,179.9081
37.5651,searching,-0.5337,0.2590,-0.7360,0.0000,0.0000,0.3055,179.9989,0.0014,179.9082
37.5723,searching,-0.5478,0.2391,-0.7542,0.0000,0.0000,0.3024,179.9989,0.0014,179.9082
37.5820,searching,-0.5614,0.2197,-0.7715,0.0000,0.0000,0.2990,179.9979,-0.0007,179.9078
37.5938,searching,-0.5745,0.0000,-0.7890,0.0000,0.0000,0.2952,179.9986,0.0008,179.9090
37.6021,searching,-0.5869,0.0000,-0.8054,0.0000,0.0000,0.2911,179.9986,0.0008,179.9090
37.6142,searching,-0.5987,0.0000,-0.8206,0.0000,0.0000,0.2867,179.9979,-0.0008,179.9095
37.6225,searching,-0.6101,0.0000,-0.8354,0.0000,0.0000,0.2820,179.9992,0.0022,179.9092
37.6319,searching,-0.6212,0.0000,-0.8489,0.0000,0.0000,0.2770,179.9992,0.0022,179.9092
37.6438,searching,-0.6312,0.0000,-0.8602,0.0000,0.0000,0.2718,179.9980,-0.0004,179.9087
37.6535,searching,-0.6409,0.0000,-0.8713,0.0000,0.0000,0.2663,179.9991,0.0020,179.9089
37.6629,searching,-0.6501,0.0000,-0.8816,0.0000,0.0000,0.2607,179.9991,0.0020,179.9089
37.6737,searching,-0.6594,0.0000,-0.8902,0.0000,0.0000,0.2549,179.9987,0.0012,179.9086
37.6827,searching,-0.6682,0.0000,-0.8982,0.0000,0.0000,0.2489,179.9993,0.0025,179.9086
37.6936,searching,-0.6768,0.0000,-0.9055,0.0000,0.0000,0.2428,179.9993,0.0025,179.9086
37.7019,searching,-0.6847,0.0000,-0.9109,0.0000,0.0000,0.2366,179.9979,-0.0006,179.9086
37.7120,searching,-0.6918,0.0000,-0.9147,0.0000,0.0000,0.2303,179.9984,0.0006,179.9091
37.7228,searching,-0.6986,0.0000,-0.9174,0.0000,0.0000,0.2240,179.9984,0.0006,179.9091
37.7322,searching,-0.7054,0.0000,-0.9185,0.0000,0.0000,0.2176,179.9988,0.0002,179.9096
37.7420,searching,-0.7121,0.0000,-0.9187,0.0000,0.0000,0.2112,-179.9994,0.0043,179.9102
37.7522,searching,-0.7188,0.0000,-0.9179,0.0000,0.0000,0.2049,-179.9994,0.0043,179.9102
37.7621,searching,-0.7247,0.0000,-0.9157,0.0000,0.0000,0.1986,179.9999,0.0027,179.9105
37.7719,searching,-0.7304,0.0000,-0.9122,0.0000,0.0000,0.1923,180.0000,0.0030,179.9117
37.7828,searching,-0.7354,0.0000,-0.9079,0.0000,0.0000,0.1862,180.0000,0.0030,179.9117
37.7921,searching,-0.7404,0.0000,-0.9022,0.0000,0.0000,0.1801,179.9987,0.0001,179.9123
37.8023,searching,-0.7454,0.0000,-0.8949,0.0000,0.0000,0.1742,179.9987,0.0001,179.9123
37.8125,searching,-0.7507,0.0000,-0.8873,0.0000,0.0000,0.1685,179.9987,0.0001,179.9123
37.8219,searching,-0.7562,0.0000,-0.8784,0.0000,0.0000,0.1629,179.9983,-0.0007,179.9120
37.8318,searching,-0.7618,0.0000,-0.8681,0.0000,0.0000,0.1575,179.9983,-0.0007,179.9120
37.8423,searching,-0.7680,0.0000,-0.8572,0.0000,0.0000,0.1524,179.9983,-0.0007,179.9120
37.8528,searching,-0.7751,0.0000,-0.8450,0.0000,0.0000,0.1475,179.9996,0.0024,179.9118
37.8620,searching,-0.7821,0.0000,-0.8316,0.0000,0.0000,0.1429,179.9990,0.0011,179.9112
37.8729,searching,-0.7894,0.0000,-0.8177,0.0000,0.0000,0.1385,179.9990,0.0011,179.9112
37.8822,searching,-0.7968,0.0000,-0.8031,0.0000,0.0000,0.1344,179.9987,0.0005,179.9115
37.8922,searching,-0.8040,0.0000,-0.7867,0.0000,0.0000,0.1307,179.9978,-0.0016,179.9102
37.9029,searching,-0.8107,0.0000,-0.7701,0.0000,0.0000,0.1273,179.9978,-0.0016,179.9102
37.9125,searching,-0.8179,0.0000,-0.7538,0.0000,0.0000,0.1242,179.9982,-0.0006,179.9106
37.9232,searching,-0.8255,0.0000,-0.7365,0.0000,0.0000,0.1215,179.9972,-0.0028,179.9095
37.9323,searching,-0.8327,0.0000,-0.7187,0.0000,0.0000,0.1191,179.9972,-0.0028,179.9095
37.9423,searching,-0.8396,0.0000,-0.7016,0.0000,0.0000,0.1171,179.9995,0.0025,179.9106
37.9523,searching,-0.8466,0.0000,-0.6845,0.0000,0.0000,0.1154,179.9980,-0.0007,179.9105
37.9619,searching,-0.8532,0.0000,-0.6666,0.0000,0.0000,0.1141,179.9980,-0.0007,179.9105
37.9731,searching,-0.8590,0.0000,-0.6487,0.0000,0.0000,0.1131,179.9993,0.0023,179.9093
37.9819,searching,-0.8655,0.0000,-0.6307,0.0000,0.0000,0.1125,179.9997,0.0032,179.9103
37.9919,searching,-0.8719,0.0000,-0.6123,0.0000,0.0000,0.1122,179.9997,0.0032,179.9103
38.0024,searching,-0.8777,0.0000,-0.5943,0.0000,0.0000,0.1124,179.9990,0.0016,179.9089
38.0125,searching,-0.8834,0.0000,-0.5774,0.0000,0.0000,0.1128,179.9993,0.0024,179.9109
38.0221,searching,-0.8892,0.0000,-0.5602,0.0000,0.0000,0.1136,179.9993,0.0024,179.9109
38.0321,searching,-0.8945,0.0000,-0.5431,0.0000,0.0000,0.1147,179.9975,-0.0030,179.9092
38.0420,searching,-0.9000,0.0000,-0.5266,0.0000,0.0000,0.1162,179.9991,0.0007,179.9097
38.0520,searching,-0.9056,0.0000,-0.5102,0.0000,0.0000,0.1180,179.9991,0.0007,179.9097
38.0650,searching,-0.9108,0.0000,-0.4935,0.0000,0.0000,0.1201,179.9984,-0.0007,179.9092
38.0725,searching,-0.9153,0.0000,-0.4776,0.0000,0.0000,0.1226,180.0000,0.0030,179.9090
38.0823,searching,-0.9196,0.0000,-0.4631,0.0000,0.0000,0.1253,180.0000,0.0030,179.9090
38.0923,searching,-0.9241,0.0000,-0.4501,0.0000,0.0000,0.1283,179.9993,0.0015,179.9099
38.1033,searching,-0.9283,0.0000,-0.4382,0.0000,0.0000,0.1316,179.9998,0.0026,179.9097
38.1142,searching,-0.9318,0.0000,-0.4267,0.0000,0.0000,0.1350,179.9998,0.0026,179.9097
38.1228,searching,-0.9349,0.0000,-0.4164,0.0000,0.0000,0.1387,179.9984,-0.0004,179.9096
38.1320,searching,-0.9380,0.0000,-0.4073,0.0000,0.0000,0.1425,179.9979,-0.0014,179.9112
38.1440,searching,-0.9407,0.0000,-0.3989,0.0000,0.0000,0.1466,179.9979,-0.0014,179.9112
38.1527,searching,-0.9430,0.0000,-0.3912,0.0000,0.0000,0.1507,179.9980,-0.0012,179.9114
38.1623,searching,-0.9451,0.0000,-0.3840,0.0000,0.0000,0.1551,179.9990,-0.0001,179.9106
38.1744,searching,-0.9468,0.0000,-0.3772,0.0000,0.0000,0.1595,179.9990,-0.0001,179.9106
38.1837,searching,-0.9480,0.0000,-0.3706,0.0000,0.0000,0.1641,179.9990,-0.0001,179.9106
38.1920,searching,-0.9486,0.0000,-0.3647,0.0000,0.0000,0.1688,179.9985,-0.0012,179.9092
38.2019,searching,-0.9493,0.0000,-0.3594,0.0000,0.0000,0.1736,179.9985,-0.0012,179.9092
38.2125,searching,-0.9491,0.0000,-0.3539,0.0000,0.0000,0.1785,179.9992,0.0005,179.9083
38.2239,searching,-0.9485,0.0000,-0.3487,0.0000,0.0000,0.1836,179.9993,0.0007,179.9088
38.2322,searching,-0.9480,0.0000,-0.3447,0.0000,0.0000,0.1887,179.9993,0.0007,179.9088
38.2428,searching,-0.9475,0.0000,-0.3407,0.0000,0.0000,0.1939,179.9994,0.0011,179.9095
38.2525,searching,-0.9460,0.0000,-0.3363,0.0000,0.0000,0.1991,179.9986,-0.0006,179.9086
38.2625,searching,-0.9445,0.0000,-0.3329,0.0000,0.0000,0.2045,179.9986,-0.0006,179.9086
38.2720,searching,-0.9433,0.0000,-0.3298,0.0000,0.0000,0.2099,179.9987,-0.0004,179.9078
38.2820,searching,-0.9412,0.0000,-0.3264,0.0000,0.0000,0.2154,179.9987,-0.0017,179.9068
38.2934,searching,-0.9384,0.0000,-0.3236,0.0000,0.0000,0.2209,179.9987,-0.0017,179.9068
38.3029,searching,-0.9358,-0.2005,-0.3214,0.0000,0.0000,0.2265,179.9990,-0.0010,179.9082
38.3122,searching,-0.9326,-0.2051,-0.3190,0.0000,0.0000,0.2321,179.9993,-0.0001,179.9079
38.3220,searching,-0.9286,-0.2101,-0.3171,0.0000,0.0000,0.2377,179.9993,-0.0001,179.9079
38.3323,searching,-0.9247,-0.2164,-0.3160,0.0000,0.0000,0.2434,179.9999,0.0012,179.9091
38.3421,searching,-0.9203,-0.2219,-0.3146,0.0000,0.0000,0.2491,179.9989,-0.0009,179.9093
38.3523,searching,-0.9148,-0.2268,-0.3133,0.0000,0.0000,0.2549,179.9989,-0.0009,179.9093
38.3645,searching,-0.9090,-0.2328,-0.3124,0.0000,0.0000,0.2606,179.9992,-0.0001,179.9098
38.3725,searching,-0.9025,-0.2389,-0.3114,0.0000,0.0000,0.2664,179.9987,-0.0012,179.9088
38.3821,searching,-0.8954,-0.2436,-0.3095,0.0000,0.0000,0.2722,179.9987,-0.0012,179.9088
38.3921,searching,-0.8875,-0.2480,-0.3074,0.0000,0.0000,0.2780,179.9985,-0.0015,179.9082
38.4020,searching,-0.8787,-0.2522,-0.3050,0.0000,0.0000,0.2839,179.9986,-0.0012,179.9083
38.4123,searching,-0.8695,-0.2564,-0.3028,0.0000,0.0000,0.2899,179.9986,-0.0012,179.9083
38.4226,searching,-0.8594,-0.2619,-0.3014,0.0000,0.0000,0.2959,179.9987,-0.0008,179.9091
38.4319,searching,-0.8482,-0.2673,-0.2999,0.0000,0.0000,0.3019,179.9993,-0.0009,179.9087
38.4422,searching,-0.8360,-0.2721,-0.2984,0.0000,0.0000,0.3079,179.9993,-0.0009,179.9087
38.4519,searching,-0.8230,-0.2777,-0.2972,0.0000,0.0000,0.3140,179.9996,-0.0002,179.9092
38.4637,searching,-0.8092,-0.2843,-0.2963,0.0000,0.0000,0.3200,179.9992,-0.0009,179.9083
38.4725,searching,-0.7943,-0.2902,-0.2952,0.0000,0.0000,0.3261,179.9992,-0.0009,179.9083
38.4824,searching,-0.7785,-0.2969,-0.2949,0.0000,0.0000,0.3322,179.9993,-0.0007,179.9085
38.4922,searching,-0.7619,-0.3048,-0.2952,0.0000,0.0000,0.3383,179.9991,-0.0012,179.9095
38.5021,searching,-0.7444,-0.3126,-0.2957,0.0000,0.0000,0.3444,179.9991,-0.0012,179.9095
38.5120,searching,-0.7260,-0.3208,-0.2967,0.0000,0.0000,0.3505,179.9993,-0.0004,179.9108
38.5225,searching,-0.7068,-0.3299,-0.2982,0.0000,0.0000,0.3565,179.9991,-0.0010,179.9091
38.5324,searching,-0.6870,-0.3387,-0.2996,0.0000,0.0000,0.3625,179.9991,-0.0010,179.9091
38.5426,searching,-0.6665,-0.3477,-0.3010,0.0000,0.0000,0.3685,179.9994,-0.0014,179.9085
38.5530,searching,-0.6452,-0.3572,-0.3027,0.0000,0.0000,0.3744,179.9994,-0.0014,179.9089
38.5622,searching,-0.6231,-0.3673,-0.3045,0.0000,0.0000,0.3804,179.9994,-0.0014,179.9089
38.5733,searching,-0.6002,-0.3780,-0.3069,0.0000,0.0000,0.3862,179.9994,-0.0014,179.9089
38.5821,searching,-0.5766,-0.3894,-0.3097,0.0000,0.0000,0.3920,179.9996,-0.0010,179.9094
38.5927,searching,-0.5527,-0.4008,-0.3127,0.0000,0.0000,0.3978,179.9996,-0.0010,179.9094
38.6027,searching,-0.5286,-0.4113,-0.3154,0.0000,0.0000,0.4035,179.9999,-0.0001,179.9082
38.6119,searching,-0.5042,-0.4223,-0.3182,0.0000,0.0000,0.4091,-179.9996,0.0012,179.9090
38.6231,searching,-0.4796,-0.4329,-0.3209,0.0000,0.0000,0.4147,-179.9996,0.0012,179.9090
38.6323,searching,-0.4543,-0.4433,-0.3238,0.0000,0.0000,0.4202,-179.9994,0.0017,179.9103
38.6432,searching,-0.4282,-0.4544,-0.3272,0.0000,0.0000,0.4257,-179.9985,0.0038,179.9109
38.6531,searching,-0.4017,-0.4664,-0.3313,0.0000,0.0000,0.4310,-179.9985,0.0038,179.9109
38.6635,searching,-0.3745,-0.4789,-0.3359,0.0000,0.0000,0.4363,-179.9982,0.0044,179.9093
38.6747,searching,-0.3462,-0.4922,-0.3411,0.0000,0.0000,0.4415,-179.9980,0.0048,179.9090
38.6838,searching,-0.3172,-0.5067,-0.3472,0.0000,0.0000,0.4465,-179.9980,0.0048,179.9090
38.6926,searching,-0.2874,-0.5217,-0.3539,0.0000,0.0000,0.4515,-179.9980,0.0051,179.9080
38.7031,searching,-0.2571,-0.5374,-0.3614,0.0000,0.0000,0.4562,-179.9988,0.0032,179.9095
38.7121,searching,-0.2265,-0.5532,-0.3693,0.0000,0.0000,0.4609,-179.9988,0.0032,179.9095
38.7230,searching,0.0000,-0.5685,-0.3773,0.0000,0.0000,0.4653,-179.9987,0.0034,179.9086
38.7343,searching,0.0000,-0.5833,-0.3853,0.0000,0.0000,0.4696,-179.9996,0.0016,179.9085
38.7419,searching,0.0000,-0.5980,-0.3936,0.0000,0.0000,0.4737,-179.9996,0.0016,179.9085
38.7524,searching,0.0000,-0.6121,-0.4020,0.0000,0.0000,0.4777,-179.9995,0.0019,179.9085
38.7619,searching,0.0000,-0.6254,-0.4102,0.0000,0.0000,0.4815,179.9998,0.0003,179.9100
38.7725,searching,0.0000,-0.6380,-0.4182,0.0000,0.0000,0.4851,179.9998,0.0003,179.9100
38.7836,searching,0.0000,-0.6504,-0.4261,0.0000,0.0000,0.4886,-179.9996,0.0016,179.9100
38.7925,searching,0.0000,-0.6631,-0.4345,0.0000,0.0000,0.4919,180.0000,0.0007,179.9093
38.8042,searching,0.0000,-0.6753,-0.4423,0.0000,0.0000,0.4951,180.0000,0.0007,179.9093
38.8119,searching,0.0000,-0.6874,-0.4501,0.0000,0.0000,0.4981,-179.9994,0.0022,179.9086
38.8219,searching,0.0000,-0.6993,-0.4579,0.0000,0.0000,0.5009,179.9998,0.0004,179.9080
38.8328,searching,0.0000,-0.7114,-0.4660,0.0000,0.0000,0.5036,179.9998,0.0004,179.9080
38.8425,searching,0.0000,-0.7228,-0.4739,0.0000,0.0000,0.5061,-179.9995,0.0021,179.9081
38.8520,searching,0.0000,-0.7334,-0.4819,0.0000,0.0000,0.5085,-179.9996,0.0019,179.9097
38.8626,searching,0.2269,-0.7434,-0.4896,0.0000,0.0000,0.5107,-179.9996,0.0019,179.9097
38.8721,searching,0.2562,-0.7532,-0.4974,0.0000,0.0000,0.5127,179.9995,-0.0003,179.9094
38.8819,searching,0.2854,-0.7626,-0.5049,0.0000,0.0000,0.5146,179.9995,-0.0003,179.9086
38.8920,searching,0.3148,-0.7717,-0.5119,0.0000,0.0000,0.5164,179.9995,-0.0003,179.9086
38.9035,searching,0.3448,-0.7818,-0.5194,0.0000,0.0000,0.5180,179.9996,-0.0000,179.9087
38.9123,searching,0.3742,-0.7924,-0.5272,0.0000,0.0000,0.5195,179.9996,-0.0000,179.9083
38.9221,searching,0.4036,-0.8025,-0.5347,0.0000,0.0000,0.5208,179.9996,-0.0000,179.9083
38.9322,searching,0.4323,-0.8122,-0.5419,0.0000,0.0000,0.5219,-179.9996,0.0019,179.9083
38.9421,searching,0.4603,-0.8213,-0.5488,0.0000,0.0000,0.5230,-179.9996,0.0019,179.9083
38.9521,searching,0.4877,-0.8283,-0.5543,0.0000,0.0000,0.5239,-179.9996,0.0019,179.9083
38.9649,searching,0.5143,-0.8340,-0.5590,0.0000,0.0000,0.5247,179.9989,-0.0015,179.9083
38.9738,searching,0.5394,-0.8383,-0.5629,0.0000,0.0000,0.5254,179.9995,-0.0001,179.9089
38.9823,searching,0.5638,-0.8407,-0.5656,0.0000,0.0000,0.5261,179.9995,-0.0001,179.9089
38.9920,searching,0.5874,-0.8425,-0.5680,0.0000,0.0000,0.5268,179.9991,-0.0011,179.9081
39.0020,searching,0.6103,-0.8441,-0.5702,0.0000,0.0000,0.5274,180.0000,0.0011,179.9082
39.0122,searching,0.6331,-0.8447,-0.5717,0.0000,0.0000,0.5279,180.0000,0.0011,179.9082
39.0244,searching,0.6557,-0.8450,-0.5725,0.0000,0.0000,0.5285,179.9991,-0.0010,179.9082
39.0342,searching,0.6774,-0.8456,-0.5730,0.0000,0.0000,0.5290,180.0000,0.0010,179.9098
39.0420,searching,0.6982,-0.8444,-0.5721,0.0000,0.0000,0.5296,180.0000,0.0010,179.9098
39.0545,searching,0.7188,-0.8423,-0.5708,0.0000,0.0000,0.5302,179.9987,-0.0020,179.9105
39.0620,searching,0.7394,-0.8404,-0.5697,0.0000,0.0000,0.5308,179.9995,-0.0002,179.9112
39.0720,searching,0.7592,-0.8388,-0.5689,0.0000,0.0000,0.5314,179.9995,-0.0002,179.9112
39.0857,searching,0.7779,-0.8372,-0.5683,0.0000,0.0000,0.5320,179.9994,-0.0004,179.9113
39.0921,searching,0.7955,-0.8351,-0.5672,0.0000,0.0000,0.5327,-179.9998,0.0016,179.9107
39.1042,searching,0.8124,-0.8324,-0.5656,0.0000,0.0000,0.5334,-179.9998,0.0016,179.9107
39.1142,searching,0.8293,-0.8286,-0.5633,0.0000,0.0000,0.5341,-179.9997,0.0018,179.9107
39.1228,searching,0.8461,-0.8246,-0.5605,0.0000,0.0000,0.5349,179.9987,-0.0021,179.9093
39.1321,searching,0.8621,-0.8203,-0.5573,0.0000,0.0000,0.5357,179.9987,-0.0021,179.9093
39.1428,searching,0.8773,-0.8156,-0.5537,0.0000,0.0000,0.5367,179.9978,-0.0041,179.9095
39.1520,searching,0.8925,-0.8106,-0.5500,0.0000,0.0000,0.5377,179.9991,-0.0011,179.9095
39.1625,searching,0.9071,-0.8057,-0.5464,0.0000,0.0000,0.5387,179.9991,-0.0011,179.9095
39.1721,searching,0.9197,-0.8006,-0.5428,0.0000,0.0000,0.5399,179.9989,-0.0002,179.9092
39.1820,searching,0.9317,-0.7940,-0.5385,0.0000,0.0000,0.5411,179.9992,0.0005,179.9091
39.1933,searching,0.9432,-0.7868,-0.5342,0.0000,0.0000,0.5424,179.9992,0.0005,179.9091
39.2032,searching,0.9536,-0.7787,-0.5297,0.0000,0.0000,0.5438,179.9993,0.0007,179.9102
39.2122,searching,0.9633,-0.7701,-0.5246,0.0000,0.0000,0.5453,179.9975,-0.0037,179.9090
39.2234,searching,0.9727,-0.7614,-0.5196,0.0000,0.0000,0.5469,179.9975,-0.0037,179.9090
39.2322,searching,0.9818,-0.7521,-0.5140,0.0000,0.0000,0.5487,-179.9999,0.0023,179.9097
39.2425,searching,0.9900,-0.7421,-0.5081,0.0000,0.0000,0.5505,179.9980,-0.0025,179.9092
39.2533,searching,0.9977,-0.7331,-0.5028,0.0000,0.0000,0.5524,179.9980,-0.0025,179.9092
39.2630,searching,1.0047,-0.7242,-0.4976,0.0000,0.0000,0.5545,179.9984,-0.0018,179.9092
39.2720,searching,1.0116,-0.7140,-0.4917,0.0000,0.0000,0.5567,179.9979,-0.0028,179.9094
39.2822,searching,1.0184,-0.7032,-0.4854,0.0000,0.0000,0.5590,179.9979,-0.0028,179.9094
39.2936,searching,1.0245,-0.6923,-0.4790,0.0000,0.0000,0.5614,179.9979,-0.0028,179.9086
39.3019,searching,1.0290,-0.6809,-0.4720,0.0000,0.0000,0.5639,179.9986,-0.0014,179.9079
39.3122,searching,1.0329,-0.6694,-0.4650,0.0000,0.0000,0.5666,179.9986,-0.0014,179.9079
39.3248,searching,1.0358,-0.6582,-0.4582,0.0000,0.0000,0.5695,179.9986,-0.0014,179.9079
39.3335,searching,1.0383,-0.6468,-0.4513,0.0000,0.0000,0.5724,-179.9997,0.0026,179.9068
39.3423,searching,1.0411,-0.6355,-0.4445,0.0000,0.0000,0.5756,-179.9997,0.0026,179.9068
39.3520,searching,1.0430,-0.6245,-0.4380,0.0000,0.0000,0.5788,179.9999,0.0016,179.9068
39.3620,searching,1.0436,-0.6131,-0.4308,0.0000,0.0000,0.5822,179.9988,-0.0011,179.9076
39.3740,searching,1.0438,-0.5995,-0.4219,0.0000,0.0000,0.5857,179.9988,-0.0011,179.9076
39.3832,searching,1.0443,-0.5848,-0.4123,0.0000,0.0000,0.5895,179.9980,-0.0029,179.9090
39.3925,searching,1.0440,-0.5698,-0.4025,0.0000,0.0000,0.5934,179.9991,-0.0005,179.9095
39.4025,searching,1.0428,-0.5543,-0.3924,0.0000,0.0000,0.5976,179.9991,-0.0005,179.9095
39.4120,searching,1.0408,-0.5391,-0.3829,0.0000,0.0000,0.6019,179.9994,0.0002,179.9092
39.4234,searching,1.0380,-0.5240,-0.3736,0.0000,0.0000,0.6065,-179.9991,0.0037,179.9101
39.4323,searching,1.0357,-0.5076,-0.3636,0.0000,0.0000,0.6112,-179.9991,0.0037,179.9101
39.4429,searching,1.0336,-0.4902,-0.3530,0.0000,0.0000,0.6161,179.9996,0.0006,179.9095
39.4532,searching,1.0307,-0.4728,-0.3422,0.0000,0.0000,0.6213,179.9992,-0.0004,179.9094
39.4634,searching,1.0267,-0.4545,-0.3305,0.0000,0.0000,0.6267,179.9992,-0.0004,179.9094
39.4724,searching,1.0235,-0.4348,-0.3185,0.0000,0.0000,0.6323,179.9973,-0.0050,179.9094
39.4822,searching,1.0200,-0.4160,-0.3068,0.0000,0.0000,0.6382,179.9989,-0.0014,179.9093
39.4924,searching,1.0158,-0.3971,-0.2951,0.0000,0.0000,0.6443,179.9989,-0.0014,179.9093
39.5031,searching,1.0121,-0.3771,-0.2829,0.0000,0.0000,0.6506,179.9982,-0.0030,179.9089
39.5146,searching,1.0088,-0.3574,-0.2707,0.0000,0.0000,0.6572,179.9982,-0.0030,179.9089
39.5235,searching,1.0051,-0.3375,-0.2582,0.0000,0.0000,0.6640,179.9993,-0.0005,179.9085
39.5323,searching,1.0017,-0.3166,-0.2452,0.0000,0.0000,0.6711,179.9985,-0.0026,179.9075
39.5437,searching,0.9986,-0.2967,-0.2329,0.0000,0.0000,0.6785,179.9990,-0.0013,179.9071
39.5522,searching,0.9950,-0.2770,-0.2204,0.0000,0.0000,0.6861,179.9990,-0.0013,179.9071
39.5619,searching,0.9916,-0.2563,-0.2074,0.0000,0.0000,0.6939,179.9985,-0.0027,179.9063
39.5722,searching,0.9878,-0.2369,0.0000,0.0000,0.0000,0.7059,179.9995,-0.0004,179.9074
39.5822,searching,0.9829,-0.2192,0.0000,0.0000,0.0000,0.7179,179.9995,-0.0004,179.9074
39.5925,searching,0.9777,-0.2000,0.0000,0.0000,0.0000,0.7299,179.9995,-0.0006,179.9074
39.6022,searching,0.9729,0.0000,0.0000,0.0000,0.0000,0.7419,-179.9996,0.0030,179.9081
39.6123,searching,0.9674,0.0000,0.0000,0.0000,0.0000,0.7539,-179.9996,0.0030,179.9081
39.6232,searching,0.9621,0.0000,0.0000,0.0000,0.0000,0.7659,179.9989,-0.0006,179.9085
39.6330,searching,0.9571,0.0000,0.0000,0.0000,0.0000,0.7779,180.0000,0.0019,179.9094
39.6421,searching,0.9515,0.0000,0.0000,0.0000,0.0000,0.7899,180.0000,0.0019,179.9094
39.6530,searching,0.9459,0.0000,0.0000,0.0000,0.0000,0.8019,179.9990,-0.0006,179.9095
39.6625,searching,0.9411,0.0000,0.0000,0.0000,0.0000,0.8139,179.9990,-0.0006,179.9095
39.6725,searching,0.9362,0.0000,0.0000,0.0000,0.0000,0.8259,179.9990,-0.0006,179.9095
39.6824,searching,0.9311,0.0000,0.0000,0.0000,0.0000,0.8379,180.0000,0.0017,179.9094
39.6919,searching,0.9268,0.0000,0.0000,0.0000,0.0000,0.8499,179.9996,0.0007,179.9081
39.7020,searching,0.9227,0.0000,0.0000,0.0000,0.0000,0.8619,179.9996,0.0007,179.9081
39.7124,searching,0.9180,0.0000,0.0000,0.0000,0.0000,0.8739,179.9995,0.0003,179.9091
39.7238,searching,0.9134,0.0000,0.0000,0.0000,0.0000,0.8859,179.9989,-0.0013,179.9082
39.7319,searching,0.9086,0.0000,0.0000,0.0000,0.0000,0.8979,179.9989,-0.0013,179.9082
39.7432,searching,0.9031,0.0000,0.0000,0.0000,0.0000,0.9099,179.9998,0.0007,179.9099
39.7519,searching,0.8969,0.0000,0.0000,0.0000,0.0000,0.9219,179.9987,-0.0019,179.9096
39.7622,searching,0.8911,0.0000,0.0000,0.0000,0.0000,0.9339,179.9987,-0.0019,179.9096
39.7729,searching,0.8846,0.0000,0.0000,0.0000,0.0000,0.9459,179.9998,0.0006,179.9097
39.7821,searching,0.8778,0.0000,0.0000,0.0000,0.0000,0.9579,179.9983,-0.0017,179.9095
39.7922,searching,0.8706,0.0000,0.0000,0.0000,0.0000,0.9699,179.9983,-0.0017,179.9095
39.8021,searching,0.8626,0.0000,0.0000,0.0000,0.0000,0.9819,179.9992,0.0004,179.9081
39.8121,searching,0.8539,0.0000,0.0000,0.0000,0.0000,0.9939,179.9991,-0.0000,179.9082
39.8239,searching,0.8445,0.2081,0.0000,0.0000,0.0000,1.0059,179.9991,-0.0000,179.9082
39.8326,searching,0.8342,0.2238,0.0000,0.0000,0.0000,1.0179,-179.9999,0.0022,179.9085
39.8431,searching,0.8233,0.2399,0.0000,0.0000,0.0000,1.0299,179.9998,0.0015,179.9102
39.8522,searching,0.8125,0.2569,0.0000,0.0000,0.0000,1.0419,179.9998,0.0015,179.9102
39.8619,searching,0.8008,0.2723,0.0000,0.0000,0.0000,1.0539,179.9997,0.0012,179.9097
39.8728,searching,0.7890,0.2876,0.0000,0.0000,0.0000,1.0659,179.9997,0.0012,179.9097
39.8820,searching,0.7775,0.3039,0.0000,0.0000,0.0000,1.0779,179.9997,0.0012,179.9097
39.8927,searching,0.7656,0.3188,0.0000,0.0000,0.0000,1.0899,179.9997,0.0010,179.9086
39.9036,searching,0.7537,0.3327,0.0000,0.0000,0.0000,1.1019,179.9999,0.0015,179.9087
39.9122,searching,0.7419,0.3477,0.0000,0.0000,0.0000,1.1139,179.9999,0.0015,179.9087
39.9223,searching,0.7296,0.3623,0.0000,0.0000,0.0000,1.1259,179.9992,-0.0002,179.9092
39.9322,searching,0.7168,0.3759,0.0000,0.0000,0.0000,1.1379,179.9997,0.0009,179.9099
39.9430,searching,0.7036,0.3902,0.0000,0.0000,0.0000,1.1499,179.9997,0.0009,179.9099
39.9534,searching,0.6897,0.4041,0.0000,0.0000,0.0000,1.1619,179.9990,-0.0008,179.9084
39.9621,searching,0.6753,0.4173,0.0000,0.0000,0.0000,1.1739,179.9997,0.0006,179.9095
39.9731,searching,0.6605,0.4314,0.0000,0.0000,0.0000,1.1859,179.9997,0.0006,179.9095
39.9822,searching,0.6454,0.4451,0.0000,0.0000,0.0000,1.1979,179.9992,-0.0005,179.9090
39.9924,searching,0.6293,0.4572,0.0000,0.0000,0.0000,1.2099,179.9997,0.0004,179.9085
40.0028,searching,0.6127,0.4689,0.0000,0.0000,0.0000,1.2219,179.9997,0.0004,179.9085
40.0145,searching,0.5955,0.4815,0.0000,0.0000,0.0000,1.2339,179.9998,0.0007,179.9082
40.0238,searching,0.5777,0.4932,0.0000,0.0000,0.0000,1.2459,179.9995,0.0013,179.9091
40.0321,searching,0.5593,0.5036,0.0000,0.0000,0.0000,1.2579,179.9995,0.0013,179.9091
40.0421,searching,0.5405,0.5140,0.0000,0.0000,0.0000,1.2699,179.9996,0.0012,179.9112
40.0519,searching,0.5220,0.5230,0.0000,0.0000,0.0000,1.2819,179.9993,0.0007,179.9103
40.0620,searching,0.5031,0.5306,0.0000,0.0000,0.0000,1.2939,179.9993,0.0007,179.9103
40.0726,searching,0.4841,0.5379,0.0000,0.0000,0.0000,1.3059,179.9993,0.0006,179.9084
40.0827,searching,0.4651,0.5438,0.0000,0.0000,0.0000,1.3179,179.9994,0.0007,179.9099
40.0926,searching,0.4458,0.5478,0.0000,0.0000,0.0000,1.3299,179.9994,0.0007,179.9099
40.1025,searching,0.4259,0.5513,0.0000,0.0000,0.0000,1.3419,179.9992,0.0001,179.9093
40.1121,searching,0.4060,0.5537,0.0000,0.0000,0.0000,1.3539,179.9992,0.0001,179.9093
40.1222,searching,0.3861,0.5545,0.0000,0.0000,0.0000,1.3659,179.9992,0.0001,179.9093
40.1320,searching,0.3658,0.5545,0.0000,0.0000,0.0000,1.3779,179.9988,-0.0008,179.9088
40.1439,searching,0.3455,0.5535,0.0000,0.0000,0.0000,1.3899,179.9988,-0.0009,179.9101
40.1548,searching,0.3252,0.5508,0.0000,0.0000,0.0000,1.4019,179.9988,-0.0009,179.9101
40.1619,searching,0.3049,0.5480,0.0000,0.0000,0.0000,1.4139,179.9997,0.0011,179.9087
40.1740,searching,0.2845,0.5442,0.0000,0.0000,0.0000,1.4259,179.9999,0.0014,179.9097
40.1822,searching,0.2642,0.5387,0.0000,0.0000,0.0000,1.4379,179.9999,0.0014,179.9097
40.1919,searching,0.2436,0.5325,0.0000,0.0000,0.0000,1.4499,179.9997,0.0009,179.9086
40.2024,searching,0.2225,0.5263,0.0000,0.0000,0.0000,1.4619,179.9991,-0.0005,179.9094
40.2128,searching,0.2013,0.5184,0.0000,0.0000,0.0000,1.4739,179.9991,-0.0005,179.9094
40.2230,searching,0.0000,0.5094,0.0000,0.0000,0.0000,1.4859,179.9992,-0.0002,179.9088
40.2340,searching,0.0000,0.5003,0.0000,0.0000,0.0000,1.4979,179.9992,-0.0002,179.9088
40.2422,searching,0.0000,0.4902,0.0000,0.0000,0.0000,1.5099,179.9992,-0.0002,179.9088
40.2519,searching,0.0000,0.4790,0.0000,0.0000,0.0000,1.5219,179.9990,-0.0009,179.9092
40.2620,searching,0.0000,0.4670,0.0000,0.0000,0.0000,1.5339,179.9983,-0.0010,179.9072
40.2719,searching,0.0000,0.4542,0.0000,0.0000,0.0000,1.5459,179.9983,-0.0010,179.9072
40.2825,searching,0.0000,0.4413,-0.2167,0.0000,0.0000,1.5536,179.9986,-0.0006,179.9086
40.2942,searching,0.0000,0.4279,-0.2454,0.0000,0.0000,1.5607,179.9992,0.0009,179.9099
40.3019,searching,0.0000,0.4139,-0.2745,0.0000,0.0000,1.5672,179.9992,0.0009,179.9099
40.3120,searching,0.0000,0.3988,-0.3048,0.0000,0.0000,1.5731,179.9985,-0.0008,179.9102
40.3220,searching,0.0000,0.3829,-0.3357,0.0000,0.0000,1.5784,179.9993,0.0010,179.9108
40.3327,searching,0.0000,0.3662,-0.3671,0.0000,0.0000,1.5830,179.9993,0.0010,179.9108
40.3434,searching,0.0000,0.3483,-0.3992,0.0000,0.0000,1.5870,179.9988,-0.0001,179.9098
40.3522,searching,0.0000,0.3297,-0.4318,0.0000,0.0000,1.5904,179.9989,-0.0001,179.9092
40.3626,searching,0.0000,0.3109,-0.4647,0.0000,0.0000,1.5931,179.9989,-0.0001,179.9092
40.3720,searching,0.0000,0.2918,-0.4979,0.0000,0.0000,1.5952,179.9994,0.0011,179.9108
40.3819,searching,0.0000,0.2731,-0.5312,0.0000,0.0000,1.5965,179.9994,0.0010,179.9090
40.3925,searching,0.0000,0.2545,-0.5646,0.0000,0.0000,1.5972,179.9994,0.0010,179.9090
40.4032,searching,-0.2088,0.2349,-0.5985,0.0000,0.0000,1.5973,179.9990,0.0001,179.9089
40.4122,searching,-0.2278,0.2147,-0.6326,0.0000,0.0000,1.5966,179.9989,-0.0000,179.9083
40.4244,searching,-0.2467,0.0000,-0.6665,0.0000,0.0000,1.5953,179.9989,-0.0000,179.9083
40.4321,searching,-0.2652,0.0000,-0.7002,0.0000,0.0000,1.5933,179.9987,-0.0005,179.9094
40.4419,searching,-0.2833,0.0000,-0.7332,0.0000,0.0000,1.5906,179.9997,0.0016,179.9091
40.4522,searching,-0.3011,0.0000,-0.7663,0.0000,0.0000,1.5873,179.9997,0.0016,179.9091
40.4651,searching,-0.3182,0.0000,-0.7991,0.0000,0.0000,1.5833,179.9988,-0.0005,179.9095
40.4726,searching,-0.3347,0.0000,-0.8316,0.0000,0.0000,1.5787,179.9988,-0.0005,179.9095
40.4842,searching,-0.3512,0.0000,-0.8641,0.0000,0.0000,1.5734,179.9988,-0.0005,179.9095
40.4923,searching,-0.3674,0.0000,-0.8958,0.0000,0.0000,1.5675,179.9989,-0.0001,179.9093
40.5022,searching,-0.3831,0.0000,-0.9269,0.0000,0.0000,1.5610,179.9982,-0.0019,179.9094
40.5126,searching,-0.3986,0.0000,-0.9575,0.0000,0.0000,1.5538,179.9982,-0.0019,179.9094
40.5250,searching,-0.4138,0.0000,-0.9874,0.0000,0.0000,1.5461,179.9997,0.0015,179.9095
40.5335,searching,-0.4280,0.0000,-1.0166,0.0000,0.0000,1.5377,179.9989,-0.0003,179.9097
40.5438,searching,-0.4416,0.0000,-1.0453,0.0000,0.0000,1.5288,179.9989,-0.0003,179.9097
40.5520,searching,-0.4552,0.0000,-1.0730,0.0000,0.0000,1.5194,-179.9999,0.0025,179.9092
40.5619,searching,-0.4684,0.0000,-1.0992,0.0000,0.0000,1.5094,179.9989,-0.0003,179.9092
40.5719,searching,-0.4812,0.0000,-1.1244,0.0000,0.0000,1.4989,179.9989,-0.0003,179.9092
40.5833,searching,-0.4932,0.0000,-1.1487,0.0000,0.0000,1.4879,179.9993,0.0007,179.9095
40.5938,searching,-0.5042,0.0000,-1.1717,0.0000,0.0000,1.4765,179.9989,-0.0003,179.9089
40.6022,searching,-0.5144,0.0000,-1.1941,0.0000,0.0000,1.4646,179.9989,-0.0003,179.9089
40.6138,searching,-0.5248,0.0000,-1.2159,0.0000,0.0000,1.4523,179.9997,0.0015,179.9087
40.6218,searching,-0.5355,-0.2048,-1.2369,0.0000,0.0000,1.4395,179.9987,-0.0006,179.9091
40.6332,searching,-0.5459,-0.2225,-1.2565,0.0000,0.0000,1.4264,179.9987,-0.0006,179.9091
40.6429,searching,-0.5564,-0.2394,-1.2747,0.0000,0.0000,1.4129,-179.9999,0.0025,179.9090
40.6529,searching,-0.5667,-0.2547,-1.2911,0.0000,0.0000,1.3991,179.9987,-0.0008,179.9084
40.6645,searching,-0.5770,-0.2693,-1.3062,0.0000,0.0000,1.3850,179.9987,-0.0008,179.9084
40.6735,searching,-0.5871,-0.2836,-1.3198,0.0000,0.0000,1.3706,179.9987,-0.0006,179.9080
40.6832,searching,-0.5954,-0.2965,-1.3312,0.0000,0.0000,1.3559,179.9987,-0.0006,179.9080
40.6922,searching,-0.6020,-0.3088,-1.3411,0.0000,0.0000,1.3411,179.9987,-0.0006,179.9080
40.7020,searching,-0.6095,-0.3216,-1.3499,0.0000,0.0000,1.3261,179.9997,0.0015,179.9068
40.7120,searching,-0.6172,-0.3334,-1.3571,0.0000,0.0000,1.3110,179.9985,-0.0010,179.9064
40.7224,searching,-0.6242,-0.3435,-1.3626,0.0000,0.0000,1.2957,179.9985,-0.0010,179.9064
40.7326,searching,-0.6306,-0.3540,-1.3670,0.0000,0.0000,1.2804,179.9982,-0.0017,179.9073
40.7419,searching,-0.6381,-0.3644,-1.3707,0.0000,0.0000,1.2650,179.9985,-0.0010,179.9078
40.7521,searching,-0.6461,-0.3731,-1.3727,0.0000,0.0000,1.2495,179.9985,-0.0010,179.9078
40.7624,searching,-0.6538,-0.3803,-1.3728,0.0000,0.0000,1.2341,179.9973,-0.0038,179.9081
40.7719,searching,-0.6616,-0.3866,-1.3713,0.0000,0.0000,1.2186,-179.9998,0.0027,179.9085
40.7822,searching,-0.6693,-0.3904,-1.3674,0.0000,0.0000,1.2033,-179.9998,0.0027,179.9085
40.7938,searching,-0.6769,-0.3938,-1.3624,0.0000,0.0000,1.1880,179.9982,-0.0016,179.9081
40.8021,searching,-0.6842,-0.3977,-1.3565,0.0000,0.0000,1.1729,179.9995,0.0013,179.9078
40.8122,searching,-0.6913,-0.4004,-1.3491,0.0000,0.0000,1.1579,179.9995,0.0013,179.9078
40.8221,searching,-0.6977,-0.4023,-1.3403,0.0000,0.0000,1.1431,179.9988,-0.0003,179.9084
40.8333,searching,-0.7047,-0.4049,-1.3310,0.0000,0.0000,1.1285,179.9995,0.0015,179.9089
40.8432,searching,-0.7123,-0.4064,-1.3200,0.0000,0.0000,1.1141,179.9995,0.0015,179.9089
40.8542,searching,-0.7196,-0.4063,-1.3075,0.0000,0.0000,1.1000,179.9986,-0.0005,179.9089
40.8620,searching,-0.7268,-0.4068,-1.2948,0.0000,0.0000,1.0861,-179.9995,0.0038,179.9097
40.8720,searching,-0.7343,-0.4067,-1.2811,0.0000,0.0000,1.0724,-179.9995,0.0038,179.9097
40.8821,searching,-0.7422,-0.4058,-1.2663,0.0000,0.0000,1.0591,179.9985,-0.0006,179.9097
40.8920,searching,-0.7497,-0.4042,-1.2507,0.0000,0.0000,1.0461,179.9993,0.0013,179.9111
40.9033,searching,-0.7569,-0.4022,-1.2341,0.0000,0.0000,1.0334,179.9993,0.0013,179.9111
40.9124,searching,-0.7638,-0.3993,-1.2164,0.0000,0.0000,1.0211,179.9988,-0.0000,179.9106
40.9247,searching,-0.7697,-0.3957,-1.1975,0.0000,0.0000,1.0091,179.9990,0.0006,179.9093
40.9328,searching,-0.7752,-0.3922,-1.1784,0.0000,0.0000,0.9976,179.9990,0.0006,179.9093
40.9427,searching,-0.7813,-0.3895,-1.1595,0.0000,0.0000,0.9864,179.9989,0.0006,179.9092
40.9521,searching,-0.7878,-0.3871,-1.1399,0.0000,0.0000,0.9756,179.9984,-0.0020,179.9078
40.9635,searching,-0.7937,-0.3837,-1.1195,0.0000,0.0000,0.9652,179.9984,-0.0020,179.9078
40.9720,searching,-0.7986,-0.3797,-1.0988,0.0000,0.0000,0.9552,-179.9998,0.0021,179.9086
40.9822,searching,-0.8045,-0.3767,-1.0789,0.0000,0.0000,0.9456,179.9983,-0.0021,179.9073
40.9922,searching,-0.8113,-0.3734,-1.0585,0.0000,0.0000,0.9365,179.9983,-0.0021,179.9073
41.0023,searching,-0.8174,-0.3676,-1.0364,0.0000,0.0000,0.9277,179.9988,-0.0009,179.9070
41.0145,searching,-0.8234,-0.3615,-1.0138,0.0000,0.0000,0.9195,179.9995,0.0008,179.9067
41.0229,searching,-0.8300,-0.3564,-0.9913,0.0000,0.0000,0.9116,179.9995,0.0008,179.9067
41.0324,searching,-0.8363,-0.3501,-0.9680,0.0000,0.0000,0.9043,179.9989,-0.0005,179.9057
41.0436,searching,-0.8413,-0.3427,-0.9440,0.0000,0.0000,0.8974,-179.9999,0.0023,179.9079
41.0541,searching,-0.8461,-0.3365,-0.9206,0.0000,0.0000,0.8910,-179.9999,0.0023,179.9079
41.0635,searching,-0.8513,-0.3304,-0.8971,0.0000,0.0000,0.8850,179.9988,-0.0006,179.9073
41.0723,searching,-0.8563,-0.3236,-0.8734,0.0000,0.0000,0.8796,179.9988,-0.0006,179.9073
41.0824,searching,-0.8612,-0.3177,-0.8504,0.0000,0.0000,0.8746,179.9988,-0.0006,179.9073
41.0924,searching,-0.8660,-0.3117,-0.8274,0.0000,0.0000,0.8700,-179.9992,0.0039,179.9088
41.1036,searching,-0.8704,-0.3047,-0.8043,0.0000,0.0000,0.8659,179.9991,0.0002,179.9085
41.1125,searching,-0.8746,-0.2986,-0.7820,0.0000,0.0000,0.8623,179.9991,0.0002,179.9085
41.1243,searching,-0.8792,-0.2925,-0.7596,0.0000,0.0000,0.8591,179.9995,0.0012,179.9090
41.1319,searching,-0.8827,-0.2848,-0.7368,0.0000,0.0000,0.8564,179.9988,-0.0003,179.9087
41.1419,searching,-0.8858,-0.2786,-0.7154,0.0000,0.0000,0.8541,179.9988,-0.0003,179.9087
41.1529,searching,-0.8890,-0.2747,-0.6956,0.0000,0.0000,0.8521,179.9990,0.0002,179.9102
41.1636,searching,-0.8920,-0.2696,-0.6752,0.0000,0.0000,0.8506,179.9989,-0.0000,179.9092
41.1747,searching,-0.8939,-0.2637,-0.6548,0.0000,0.0000,0.8495,179.9989,-0.0000,179.9092
41.1820,searching,-0.8954,-0.2587,-0.6354,0.0000,0.0000,0.8488,-179.9994,0.0040,179.9092
41.1932,searching,-0.8974,-0.2542,-0.6163,0.0000,0.0000,0.8485,179.9984,-0.0007,179.9093
41.2019,searching,-0.8994,-0.2482,-0.5969,0.0000,0.0000,0.8486,179.9984,-0.0007,179.9093
41.2123,searching,-0.9008,-0.2425,-0.5779,0.0000,0.0000,0.8490,179.9992,0.0010,179.9085
41.2223,searching,-0.9025,-0.2372,-0.5593,0.0000,0.0000,0.8498,179.9999,0.0014,179.9085
41.2324,searching,-0.9046,-0.2316,-0.5411,0.0000,0.0000,0.8510,179.9999,0.0014,179.9085
41.2436,searching,-0.9063,-0.2259,-0.5230,0.0000,0.0000,0.8526,179.9999,0.0014,179.9085
41.2524,searching,-0.9077,-0.2196,-0.5053,0.0000,0.0000,0.8544,-179.9995,0.0028,179.9090
41.2620,searching,-0.9089,-0.2132,-0.4883,0.0000,0.0000,0.8567,-179.9995,0.0028,179.9090
41.2721,searching,-0.9108,-0.2081,-0.4722,0.0000,0.0000,0.8592,-179.9994,0.0032,179.9085
41.2822,searching,-0.9123,-0.2035,-0.4565,0.0000,0.0000,0.8621,179.9992,0.0002,179.9093
41.2937,searching,-0.9132,0.0000,-0.4411,0.0000,0.0000,0.8653,179.9992,0.0002,179.9093
41.3042,searching,-0.9136,0.0000,-0.4269,0.0000,0.0000,0.8687,179.9990,-0.0003,179.9088
41.3123,searching,-0.9137,0.0000,-0.4139,0.0000,0.0000,0.8725,179.9994,0.0007,179.9084
41.3224,searching,-0.9128,0.0000,-0.4013,0.0000,0.0000,0.8764,179.9994,0.0007,179.9084
41.3320,searching,-0.9117,0.0000,-0.3897,0.0000,0.0000,0.8806,179.9982,-0.0019,179.9082
41.3424,searching,-0.9103,0.0000,-0.3793,0.0000,0.0000,0.8851,179.9998,0.0018,179.9095
41.3529,searching,-0.9081,0.0000,-0.3687,0.0000,0.0000,0.8897,179.9998,0.0018,179.9095
41.3639,searching,-0.9055,0.0000,-0.3592,0.0000,0.0000,0.8945,179.9993,0.0007,179.9099
41.3720,searching,-0.9028,0.0000,-0.3507,0.0000,0.0000,0.8995,179.9995,0.0014,179.9096
41.3848,searching,-0.9000,0.0000,-0.3421,0.0000,0.0000,0.9047,179.9995,0.0014,179.9096
41.3920,searching,-0.8967,0.0000,-0.3342,0.0000,0.0000,0.9100,179.9982,-0.0014,179.9076
41.4028,searching,-0.8933,0.0000,-0.3267,0.0000,0.0000,0.9154,179.9987,-0.0017,179.9088
41.4128,searching,-0.8897,0.0000,-0.3192,0.0000,0.0000,0.9210,179.9987,-0.0017,179.9088
41.4224,searching,-0.8853,0.0000,-0.3126,0.0000,0.0000,0.9268,179.9987,-0.0016,179.9085
41.4319,searching,-0.8809,0.0000,-0.3070,0.0000,0.0000,0.9327,179.9992,-0.0004,179.9077
41.4419,searching,-0.8757,0.0000,-0.3014,0.0000,0.0000,0.9386,179.9992,-0.0004,179.9077
41.4535,searching,-0.8696,0.0000,-0.2956,0.0000,0.0000,0.9447,179.9987,-0.0014,179.9067
41.4625,searching,-0.8630,0.0000,-0.2912,0.0000,0.0000,0.9509,179.9991,-0.0002,179.9085
41.4732,searching,-0.8561,0.0000,-0.2882,0.0000,0.0000,0.9571,179.9991,-0.0002,179.9085
41.4820,searching,-0.8482,-0.2040,-0.2856,0.0000,0.0000,0.9634,179.9983,-0.0022,179.9087
41.4920,searching,-0.8397,-0.2105,-0.2843,0.0000,0.0000,0.9697,179.9992,-0.0001,179.9095
41.5030,searching,-0.8308,-0.2195,-0.2843,0.0000,0.0000,0.9760,179.9992,-0.0001,179.9095
41.5120,searching,-0.8211,-0.2290,-0.2847,0.0000,0.0000,0.9824,179.9988,-0.0008,179.9096
41.5223,searching,-0.8104,-0.2393,-0.2858,0.0000,0.0000,0.9886,179.9991,-0.0001,179.9088
41.5325,searching,-0.7989,-0.2506,-0.2874,0.0000,0.0000,0.9949,179.9991,-0.0001,179.9088
41.5442,searching,-0.7867,-0.2611,-0.2887,0.0000,0.0000,1.0011,179.9991,-0.0012,179.9085
41.5519,searching,-0.7736,-0.2726,-0.2911,0.0000,0.0000,1.0073,179.9994,-0.0004,179.9087
41.5619,searching,-0.7601,-0.2857,-0.2943,0.0000,0.0000,1.0134,179.9994,-0.0004,179.9087
41.5724,searching,-0.7459,-0.2977,-0.2974,0.0000,0.0000,1.0195,179.9996,0.0001,179.9082
41.5825,searching,-0.7312,-0.3089,-0.3003,0.0000,0.0000,1.0255,179.9991,-0.0009,179.9102
41.5942,searching,-0.7162,-0.3212,-0.3039,0.0000,0.0000,1.0314,179.9991,-0.0009,179.9102
41.6022,searching,-0.7009,-0.3343,-0.3081,0.0000,0.0000,1.0372,179.9991,-0.0009,179.9102
41.6139,searching,-0.6851,-0.3468,-0.3123,0.0000,0.0000,1.0430,179.9991,-0.0009,179.9088
41.6220,searching,-0.6689,-0.3607,-0.3174,0.0000,0.0000,1.0486,179.9991,-0.0009,179.9088
41.6320,searching,-0.6521,-0.3759,-0.3229,0.0000,0.0000,1.0542,179.9994,-0.0001,179.9081
41.6449,searching,-0.6347,-0.3906,-0.3281,0.0000,0.0000,1.0596,179.9994,-0.0002,179.9090
41.6521,searching,-0.6167,-0.4057,-0.3337,0.0000,0.0000,1.0649,179.9994,-0.0002,179.9090
41.6635,searching,-0.5981,-0.4214,-0.3398,0.0000,0.0000,1.0701,179.9995,0.0003,179.9097
41.6735,searching,-0.5790,-0.4363,-0.3457,0.0000,0.0000,1.0752,179.9992,-0.0003,179.9087
41.6832,searching,-0.5590,-0.4515,-0.3521,0.0000,0.0000,1.0802,179.9992,-0.0003,179.9087
41.6934,searching,-0.5385,-0.4670,-0.3589,0.0000,0.0000,1.0850,179.9987,-0.0014,179.9081
41.7020,searching,-0.5177,-0.4818,-0.3656,0.0000,0.0000,1.0897,179.9985,-0.0018,179.9095
41.7140,searching,-0.4961,-0.4966,-0.3725,0.0000,0.0000,1.0942,179.9985,-0.0018,179.9095
41.7220,searching,-0.4741,-0.5119,-0.3791,0.0000,0.0000,1.0987,179.9989,-0.0008,179.9095
41.7322,searching,-0.4514,-0.5266,-0.3853,0.0000,0.0000,1.1029,179.9992,-0.0002,179.9080
41.7436,searching,-0.4280,-0.5412,-0.3913,0.0000,0.0000,1.1071,179.9992,-0.0002,179.9080
41.7520,searching,-0.4043,-0.5561,-0.3972,0.0000,0.0000,1.1112,180.0000,0.0004,179.9082
41.7634,searching,-0.3805,-0.5704,-0.4029,0.0000,0.0000,1.1151,-179.9993,0.0020,179.9094
41.7720,searching,-0.3568,-0.5831,-0.4078,0.0000,0.0000,1.1190,-179.9993,0.0020,179.9094
41.7825,searching,-0.3333,-0.5948,-0.4123,0.0000,0.0000,1.1227,-179.9985,0.0040,179.9088
41.7921,searching,-0.3100,-0.6059,-0.4170,0.0000,0.0000,1.1264,-179.9979,0.0056,179.9093
41.8019,searching,-0.2866,-0.6155,-0.4213,0.0000,0.0000,1.1300,-179.9979,0.0056,179.9093
41.8120,searching,-0.2629,-0.6242,-0.4253,0.0000,0.0000,1.1334,-179.9981,0.0050,179.9103
41.8219,searching,-0.2393,-0.6330,-0.4295,0.0000,0.0000,1.1369,-179.9980,0.0054,179.9105
41.8338,searching,-0.2155,-0.6417,-0.4339,0.0000,0.0000,1.1402,-179.9980,0.0054,179.9105
41.8426,searching,0.0000,-0.6511,-0.4387,0.0000,0.0000,1.1434,-179.9989,0.0033,179.9087
41.8524,searching,0.0000,-0.6606,-0.4434,0.0000,0.0000,1.1465,-179.9987,0.0040,179.9066
41.8627,searching,0.0000,-0.6699,-0.4479,0.0000,0.0000,1.1496,-179.9987,0.0040,179.9066
41.8735,searching,0.0000,-0.6795,-0.4526,0.0000,0.0000,1.1525,-179.9992,0.0028,179.9082
41.8823,searching,0.0000,-0.6894,-0.4577,0.0000,0.0000,1.1554,-179.9990,0.0033,179.9092
41.8922,searching,0.0000,-0.6986,-0.4630,0.0000,0.0000,1.1581,-179.9990,0.0033,179.9092
41.9025,searching,0.0000,-0.7071,-0.4683,0.0000,0.0000,1.1607,180.0000,0.0011,179.9107
41.9124,searching,0.0000,-0.7156,-0.4739,0.0000,0.0000,1.1633,-179.9998,0.0016,179.9088
41.9226,searching,0.0000,-0.7231,-0.4789,0.0000,0.0000,1.1657,-179.9998,0.0016,179.9088
41.9319,searching,0.0000,-0.7299,-0.4836,0.0000,0.0000,1.1680,179.9998,0.0006,179.9094
41.9419,searching,0.0000,-0.7369,-0.4884,0.0000,0.0000,1.1703,-179.9996,0.0021,179.9086
41.9521,searching,0.0000,-0.7442,-0.4931,0.0000,0.0000,1.1724,-179.9996,0.0021,179.9086
41.9629,searching,0.0000,-0.7517,-0.4979,0.0000,0.0000,1.1744,180.0000,0.0011,179.9079
41.9728,searching,0.0000,-0.7599,-0.5033,0.0000,0.0000,1.1764,180.0000,0.0011,179.9079
41.9822,searching,0.0000,-0.7687,-0.5091,0.0000,0.0000,1.1782,180.0000,0.0011,179.9079
41.9938,searching,0.0000,-0.7771,-0.5148,0.0000,0.0000,1.1799,-179.9997,0.0019,179.9084
42.0019,searching,0.2032,-0.7852,-0.5208,0.0000,0.0000,1.1815,179.9989,-0.0013,179.9090
42.0122,searching,0.2269,-0.7938,-0.5271,0.0000,0.0000,1.1829,179.9989,-0.0013,179.9090
42.0240,searching,0.2496,-0.8019,-0.5336,0.0000,0.0000,1.1843,179.9998,0.0008,179.9089
42.0324,searching,0.2718,-0.8095,-0.5403,0.0000,0.0000,1.1855,179.9994,-0.0001,179.9094
42.0436,searching,0.2934,-0.8169,-0.5469,0.0000,0.0000,1.1865,179.9994,-0.0001,179.9094
42.0520,searching,0.3148,-0.8243,-0.5536,0.0000,0.0000,1.1874,-179.9996,0.0023,179.9079
42.0620,searching,0.3364,-0.8315,-0.5601,0.0000,0.0000,1.1882,179.9996,0.0004,179.9072
42.0719,searching,0.3578,-0.8396,-0.5671,0.0000,0.0000,1.1889,179.9996,0.0004,179.9072
42.0828,searching,0.3788,-0.8479,-0.5742,0.0000,0.0000,1.1894,179.9999,0.0012,179.9079
42.0923,searching,0.4000,-0.8556,-0.5806,0.0000,0.0000,1.1898,179.9998,0.0009,179.9092
42.1023,searching,0.4209,-0.8640,-0.5873,0.0000,0.0000,1.1901,179.9998,0.0009,179.9092
42.1121,searching,0.4411,-0.8725,-0.5943,0.0000,0.0000,1.1902,-179.9997,0.0021,179.9099
42.1219,searching,0.4611,-0.8797,-0.6008,0.0000,0.0000,1.1902,179.9996,0.0004,179.9108
42.1319,searching,0.4805,-0.8867,-0.6072,0.0000,0.0000,1.1900,179.9996,0.0004,179.9108
42.1444,searching,0.4988,-0.8932,-0.6131,0.0000,0.0000,1.1897,179.9995,0.0001,179.9103
42.1525,searching,0.5166,-0.8980,-0.6180,0.0000,0.0000,1.1894,179.9989,-0.0012,179.9098
42.1621,searching,0.5345,-0.9032,-0.6234,0.0000,0.0000,1.1889,179.9989,-0.0012,179.9098
42.1748,searching,0.5518,-0.9090,-0.6289,0.0000,0.0000,1.1883,-179.9998,0.0019,179.9091
42.1819,searching,0.5683,-0.9140,-0.6340,0.0000,0.0000,1.1877,179.9990,-0.0010,179.9097
42.1920,searching,0.5849,-0.9190,-0.6389,0.0000,0.0000,1.1869,179.9990,-0.0010,179.9097
42.2024,searching,0.6008,-0.9245,-0.6440,0.0000,0.0000,1.1860,180.0000,0.0014,179.9093
42.2123,searching,0.6161,-0.9286,-0.6480,0.0000,0.0000,1.1850,179.9990,-0.0010,179.9099
42.2242,searching,0.6313,-0.9322,-0.6520,0.0000,0.0000,1.1840,179.9990,-0.0010,179.9099
42.2322,searching,0.6461,-0.9362,-0.6562,0.0000,0.0000,1.1829,179.9993,-0.0003,179.9099
42.2419,searching,0.6599,-0.9392,-0.6599,0.0000,0.0000,1.1817,179.9984,-0.0025,179.9097
42.2539,searching,0.6738,-0.9410,-0.6635,0.0000,0.0000,1.1804,179.9984,-0.0025,179.9097
42.2624,searching,0.6874,-0.9429,-0.6672,0.0000,0.0000,1.1791,179.9995,0.0003,179.9097
42.2730,searching,0.6999,-0.9444,-0.6706,0.0000,0.0000,1.1777,179.9997,-0.0008,179.9090
42.2827,searching,0.7117,-0.9448,-0.6735,0.0000,0.0000,1.1762,179.9997,-0.0008,179.9090
42.2928,searching,0.7228,-0.9457,-0.6765,0.0000,0.0000,1.1747,-179.9996,0.0007,179.9088
42.3022,searching,0.7332,-0.9464,-0.6795,0.0000,0.0000,1.1731,-179.9999,-0.0000,179.9089
42.3122,searching,0.7434,-0.9462,-0.6825,0.0000,0.0000,1.1714,-179.9999,-0.0000,179.9089
42.3220,searching,0.7534,-0.9467,-0.6862,0.0000,0.0000,1.1697,179.9990,-0.0026,179.9093
42.3336,searching,0.7620,-0.9469,-0.6897,0.0000,0.0000,1.1679,179.9986,-0.0035,179.9093
42.3450,searching,0.7703,-0.9453,-0.6923,0.0000,0.0000,1.1661,179.9986,-0.0035,179.9093
42.3543,searching,0.7776,-0.9440,-0.6954,0.0000,0.0000,1.1641,179.9986,-0.0035,179.9093
42.3622,searching,0.7835,-0.9432,-0.6987,0.0000,0.0000,1.1622,179.9999,-0.0006,179.9085
42.3730,searching,0.7892,-0.9412,-0.7013,0.0000,0.0000,1.1601,179.9999,-0.0006,179.9085
42.3822,searching,0.7945,-0.9392,-0.7039,0.0000,0.0000,1.1581,179.9999,-0.0006,179.9085
42.3921,searching,0.7988,-0.9374,-0.7065,0.0000,0.0000,1.1559,-179.9982,0.0037,179.9085
42.4025,searching,0.8025,-0.9339,-0.7083,0.0000,0.0000,1.1538,-179.9982,0.0037,179.9085
42.4127,searching,0.8060,-0.9304,-0.7102,0.0000,0.0000,1.1516,179.9995,-0.0016,179.9088
42.4219,searching,0.8080,-0.9275,-0.7120,0.0000,0.0000,1.1493,179.9993,-0.0022,179.9086
42.4320,searching,0.8095,-0.9220,-0.7124,0.0000,0.0000,1.1471,179.9993,-0.0022,179.9086
42.4424,searching,0.8106,-0.9160,-0.7130,0.0000,0.0000,1.1448,179.9982,-0.0048,179.9084
42.4523,searching,0.8105,-0.9114,-0.7140,0.0000,0.0000,1.1425,179.9998,-0.0011,179.9086
42.4629,searching,0.8093,-0.9045,-0.7135,0.0000,0.0000,1.1403,179.9998,-0.0011,179.9086
42.4728,searching,0.8081,-0.8958,-0.7122,0.0000,0.0000,1.1380,-179.9993,0.0024,179.9083
42.4819,searching,0.8064,-0.8880,-0.7113,0.0000,0.0000,1.1358,-179.9993,0.0024,179.9083
42.4921,searching,0.8034,-0.8793,-0.7092,0.0000,0.0000,1.1336,-179.9993,0.0024,179.9083
42.5019,searching,0.7997,-0.8686,-0.7057,0.0000,0.0000,1.1315,179.9996,-0.0003,179.9091
42.5127,searching,0.7954,-0.8584,-0.7021,0.0000,0.0000,1.1295,-179.9988,0.0034,179.9105
42.5245,searching,0.7901,-0.8472,-0.6975,0.0000,0.0000,1.1275,-179.9988,0.0034,179.9105
42.5321,searching,0.7841,-0.8337,-0.6915,0.0000,0.0000,1.1257,-179.9996,0.0013,179.9116
42.5435,searching,0.7773,-0.8208,-0.6856,0.0000,0.0000,1.1240,179.9998,-0.0000,179.9116
42.5520,searching,0.7687,-0.8073,-0.6784,0.0000,0.0000,1.1224,179.9998,-0.0000,179.9116
42.5619,searching,0.7593,-0.7913,-0.6697,0.0000,0.0000,1.1210,-179.9996,0.0011,179.9122
42.5719,searching,0.7494,-0.7749,-0.6605,0.0000,0.0000,1.1198,-179.9985,0.0037,179.9117
42.5823,searching,0.7388,-0.7588,-0.6509,0.0000,0.0000,1.1188,-179.9985,0.0037,179.9117
42.5926,searching,0.7282,-0.7409,-0.6404,0.0000,0.0000,1.1180,179.9993,-0.0001,179.9111
42.6028,searching,0.7165,-0.7227,-0.6291,0.0000,0.0000,1.1174,-179.9997,0.0021,179.9112
42.6120,searching,0.7033,-0.7044,-0.6165,0.0000,0.0000,1.1171,-179.9997,0.0021,179.9112
42.6234,searching,0.6896,-0.6837,-0.6022,0.0000,0.0000,1.1170,179.9994,-0.0000,179.9104
42.6318,searching,0.6759,-0.6630,-0.5876,0.0000,0.0000,1.1173,179.9996,0.0005,179.9105
42.6422,searching,0.6609,-0.6431,-0.5728,0.0000,0.0000,1.1178,179.9996,0.0005,179.9105
42.6541,searching,0.6457,-0.6212,-0.5566,0.0000,0.0000,1.1187,179.9985,-0.0022,179.9095
42.6657,searching,0.6305,-0.5987,-0.5402,0.0000,0.0000,1.1199,179.9988,-0.0015,179.9100
42.6731,searching,0.6145,-0.5773,-0.5240,0.0000,0.0000,1.1214,179.9988,-0.0015,179.9100
42.6832,searching,0.5986,-0.5546,-0.5069,0.0000,0.0000,1.1232,179.9987,-0.0020,179.9097
42.6926,searching,0.5826,-0.5313,-0.4897,0.0000,0.0000,1.1254,180.0000,0.0011,179.9097
42.7020,searching,0.5656,-0.5094,-0.4725,0.0000,0.0000,1.1280,180.0000,0.0011,179.9097
42.7135,searching,0.5484,-0.4862,-0.4543,0.0000,0.0000,1.1309,179.9996,-0.0001,179.9089
42.7223,searching,0.5316,-0.4621,-0.4359,0.0000,0.0000,1.1342,179.9998,0.0017,179.9093
42.7330,searching,0.5143,-0.4401,-0.4188,0.0000,0.0000,1.1378,179.9998,0.0017,179.9093
42.7420,searching,0.4966,-0.4180,-0.4011,0.0000,0.0000,1.1418,179.9998,0.0017,179.9093
42.7521,searching,0.4796,-0.3939,-0.3826,0.0000,0.0000,1.1461,179.9982,-0.0020,179.9077
42.7634,searching,0.4627,-0.3712,-0.3651,0.0000,0.0000,1.1508,179.9982,-0.0020,179.9077
42.7745,searching,0.4455,-0.3502,-0.3484,0.0000,0.0000,1.1559,179.9988,-0.0008,179.9080
42.7820,searching,0.4284,-0.3290,-0.3315,0.0000,0.0000,1.1612,179.9990,-0.0004,179.9076
42.7920,searching,0.4121,-0.3088,-0.3156,0.0000,0.0000,1.1669,179.9990,-0.0004,179.9076
42.8030,searching,0.3963,-0.2894,-0.3002,0.0000,0.0000,1.1729,180.0000,0.0018,179.9079
42.8118,searching,0.3808,-0.2694,-0.2848,0.0000,0.0000,1.1792,179.9996,0.0008,179.9091
42.8220,searching,0.3654,-0.2510,-0.2704,0.0000,0.0000,1.1858,179.9996,0.0008,179.9091
42.8326,searching,0.3496,-0.2338,-0.2568,0.0000,0.0000,1.1927,179.9995,0.0005,179.9102
42.8443,searching,0.3348,-0.2151,-0.2426,0.0000,0.0000,1.1998,179.9988,-0.0013,179.9095
42.8530,searching,0.3207,0.0000,-0.2295,0.0000,0.0000,1.2072,179.9988,-0.0013,179.9095
42.8638,searching,0.3061,0.0000,-0.2178,0.0000,0.0000,1.2149,179.9995,0.0002,179.9104
42.8718,searching,0.2921,0.0000,-0.2060,0.0000,0.0000,1.2228,179.9992,-0.0006,179.9098
42.8825,searching,0.2790,0.0000,0.0000,0.0000,0.0000,1.2348,179.9992,-0.0006,179.9098
42.8919,searching,0.2659,0.0000,0.0000,0.0000,0.0000,1.2468,179.9998,0.0009,179.9100
42.9027,searching,0.2536,0.0000,0.0000,0.0000,0.0000,1.2588,179.9987,-0.0019,179.9099
42.9131,searching,0.2422,0.0000,0.0000,0.0000,0.0000,1.2708,179.9987,-0.0019,179.9099
42.9222,searching,0.2307,0.0000,0.0000,0.0000,0.0000,1.2828,179.9988,-0.0018,179.9100
42.9326,searching,0.2197,0.0000,0.0000,0.0000,0.0000,1.2948,179.9993,-0.0008,179.9094
42.9419,searching,0.2099,0.0000,0.0000,0.0000,0.0000,1.3068,179.9993,-0.0008,179.9094
42.9524,searching,0.2001,0.0000,0.0000,0.0000,0.0000,1.3188,179.9993,-0.0008,179.9094
42.9652,searching,0.0000,0.0000,0.0000,0.0000,0.0000,1.3308,180.0000,0.0010,179.9106
42.9721,searching,0.0000,0.0000,0.0000,0.0000,0.0000,1.3428,180.0000,0.0010,179.9106
42.9829,searching,0.0000,0.0000,0.0000,0.0000,0.0000,1.3548,179.9994,0.0008,179.9092
42.9923,searching,0.0000,0.0000,0.0000,0.0000,0.0000,1.3668,-179.9996,0.0030,179.9098
43.0021,searching,0.0000,0.0000,0.0000,0.0000,0.0000,1.3788,-179.9996,0.0030,179.9098
43.0127,searching,0.0000,0.0000,0.0000,0.0000,0.0000,1.3908,179.9995,0.0008,179.9102
43.0225,searching,0.0000,0.0000,0.0000,0.0000,0.0000,1.4028,179.9984,-0.0017,179.9098
43.0322,searching,0.0000,0.0000,0.0000,0.0000,0.0000,1.4148,179.9984,-0.0017,179.9098
43.0434,searching,0.0000,0.0000,0.0000,0.0000,0.0000,1.4268,179.9981,-0.0026,179.9088
43.0518,searching,0.0000,0.0000,0.0000,0.0000,0.0000,1.4388,179.9989,-0.0010,179.9094
43.0630,searching,0.0000,0.0000,0.0000,0.0000,0.0000,1.4508,179.9989,-0.0010,179.9094
43.0721,searching,0.0000,0.0000,0.0000,0.0000,0.0000,1.4628,179.9993,-0.0002,179.9097
43.0822,searching,0.0000,0.0000,0.0000,0.0000,0.0000,1.4748,-179.9999,0.0017,179.9103
43.0945,searching,0.0000,0.0000,0.0000,0.0000,0.0000,1.4868,-179.9999,0.0017,179.9103
43.1032,searching,0.0000,0.0000,0.0000,0.0000,0.0000,1.4988,179.9995,0.0002,179.9094
43.1139,searching,0.0000,0.0000,0.0000,0.0000,0.0000,1.5108,179.9993,-0.0003,179.9087
43.1219,searching,0.0000,0.0000,0.0000,0.0000,0.0000,1.5228,179.9993,-0.0003,179.9087
43.1322,searching,0.0000,0.0000,0.0000,0.0000,0.0000,1.5348,179.9996,0.0001,179.9089
43.1443,searching,0.0000,0.0000,0.0000,0.0000,0.0000,1.5468,179.9996,0.0002,179.9084
43.1531,searching,0.0000,0.0000,0.0000,0.0000,0.0000,1.5588,179.9996,0.0002,179.9084
43.1623,searching,0.0000,0.0000,0.0000,0.0000,0.0000,1.5708,179.9996,-0.0000,179.9084
43.1734,searching,0.0000,0.0000,0.0000,0.0000,0.0000,1.5828,-179.9998,0.0014,179.9114
43.1823,searching,0.0000,0.0000,0.0000,0.0000,0.0000,1.5948,-179.9998,0.0014,179.9114
43.1923,searching,0.0000,0.0000,0.0000,0.0000,0.0000,1.6068,-179.9998,0.0012,179.9104
43.2024,searching,0.0000,0.0000,0.0000,0.0000,0.0000,1.6188,-179.9997,0.0014,179.9105
43.2137,searching,0.0000,0.0000,0.0000,0.0000,0.0000,1.6308,-179.9997,0.0014,179.9105
43.2241,searching,0.0000,0.0000,0.0000,0.0000,0.0000,1.6428,179.9989,-0.0005,179.9089
43.2322,searching,0.0000,0.0000,0.0000,0.0000,0.0000,1.6548,179.9986,-0.0011,179.9091
43.2419,searching,0.0000,0.0000,0.0000,0.0000,0.0000,1.6668,179.9986,-0.0011,179.9091
43.2522,searching,0.0000,0.0000,0.0000,0.0000,0.0000,1.6788,179.9988,-0.0009,179.9092
43.2621,searching,0.0000,0.0000,0.0000,0.0000,0.0000,1.6908,179.9994,0.0004,179.9072
43.2722,searching,0.0000,0.0000,0.0000,0.0000,0.0000,1.7028,179.9994,0.0004,179.9072
43.2835,searching,0.0000,0.0000,0.0000,0.0000,0.0000,1.7148,-179.9999,0.0019,179.9084
43.2919,searching,0.0000,0.0000,0.0000,0.0000,0.0000,1.7268,-179.9994,0.0030,179.9096
43.3020,searching,0.0000,0.0000,0.0000,0.0000,0.0000,1.7388,-179.9994,0.0030,179.9096
43.3142,searching,0.0000,0.0000,0.0000,0.0000,0.0000,1.7508,-179.9999,0.0019,179.9097
43.3244,searching,0.0000,0.0000,0.0000,0.0000,0.0000,1.7628,-179.9999,0.0019,179.9097
43.3321,searching,0.0000,0.0000,0.0000,0.0000,0.0000,1.7748,-179.9999,0.0019,179.9097
43.3421,searching,0.0000,0.0000,0.0000,0.0000,0.0000,1.7868,179.9997,0.0009,179.9096
43.3537,searching,0.0000,0.0000,0.0000,0.0000,0.0000,1.7988,179.9998,0.0011,179.9095
43.3620,searching,0.0000,0.0000,0.0000,0.0000,0.0000,1.8108,179.9998,0.0011,179.9095
43.3722,searching,0.0000,0.0000,0.0000,0.0000,0.0000,1.8228,179.9999,0.0011,179.9081
43.3827,searching,0.0000,0.0000,0.0000,0.0000,0.0000,1.8348,-179.9998,0.0017,179.9093
43.3940,searching,0.0000,0.0000,0.0000,0.0000,0.0000,1.8468,-179.9998,0.0017,179.9093
43.4052,searching,0.0000,0.0000,0.0000,0.0000,0.0000,1.8588,179.9996,0.0005,179.9094
43.4142,searching,0.0000,0.0000,0.0000,0.0000,0.0000,1.8708,179.9999,0.0010,179.9093
43.4220,searching,0.0000,0.0000,0.0000,0.0000,0.0000,1.8828,179.9999,0.0010,179.9093
43.4319,searching,0.0000,0.0000,0.0000,0.0000,0.0000,1.8948,179.9997,0.0005,179.9096
43.4424,searching,0.0000,0.0000,0.0000,0.0000,0.0000,1.9068,180.0000,0.0012,179.9099
43.4540,searching,0.0000,0.0000,0.0000,0.0000,0.0000,1.9188,180.0000,0.0012,179.9099
43.4624,searching,0.0000,0.0000,0.0000,0.0000,0.0000,1.9308,179.9993,-0.0005,179.9100
43.4732,searching,0.0000,0.0000,0.0000,0.0000,0.0000,1.9428,-179.9998,0.0014,179.9113
43.4821,searching,0.0000,0.0000,0.0000,0.0000,0.0000,1.9548,-179.9998,0.0014,179.9113
43.4926,searching,0.0000,0.0000,0.0000,0.0000,0.0000,1.9668,179.9996,-0.0000,179.9111
43.5021,searching,0.0000,0.0000,0.0000,0.0000,0.0000,1.9788,180.0000,0.0010,179.9103
43.5130,searching,0.0000,0.0000,0.0000,0.0000,0.0000,1.9908,180.0000,0.0010,179.9103
43.5221,searching,0.0000,0.0000,0.0000,0.0000,0.0000,2.0028,180.0000,0.0010,179.9095
43.5337,searching,0.0000,0.0000,0.0000,0.0000,0.0000,2.0148,180.0000,0.0010,179.9095
43.5443,searching,0.0000,0.0000,0.0000,0.0000,0.0000,2.0268,180.0000,0.0010,179.9095
43.5520,searching,0.0000,0.0000,0.0000,0.0000,0.0000,2.0388,-179.9999,0.0012,179.9089
43.5619,searching,0.0000,0.0000,0.0000,0.0000,0.0000,2.0508,179.9994,-0.0005,179.9099
43.5724,searching,0.0000,0.0000,0.0000,0.0000,0.0000,2.0628,179.9994,-0.0005,179.9099
43.5824,searching,0.0000,0.0000,0.0000,0.0000,0.0000,2.0748,179.9999,0.0005,179.9094
43.5938,searching,0.0000,0.0000,0.0000,0.0000,0.0000,2.0868,179.9988,-0.0005,179.9095
43.6021,searching,0.0000,0.0000,0.0000,0.0000,0.0000,2.0988,179.9988,-0.0005,179.9095
43.6120,searching,0.0000,0.0000,0.0000,0.0000,0.0000,2.1108,179.9996,0.0013,179.9089
43.6236,searching,0.0000,0.0000,0.0000,0.0000,0.0000,2.1228,179.9992,0.0004,179.9090
43.6329,searching,0.0000,0.0000,0.0000,0.0000,0.0000,2.1348,179.9992,0.0004,179.9090
43.6446,searching,0.0000,0.0000,-0.2029,0.0000,0.0000,2.1427,179.9999,0.0019,179.9097
43.6530,searching,0.0000,0.0000,-0.2096,0.0000,0.0000,2.1505,179.9988,-0.0005,179.9101
43.6627,searching,0.0000,0.0000,-0.2162,0.0000,0.0000,2.1582,179.9988,-0.0005,179.9101
43.6726,searching,0.0000,0.0000,-0.2228,0.0000,0.0000,2.1657,179.9990,-0.0001,179.9097
43.6820,searching,0.0000,0.0000,-0.2293,0.0000,0.0000,2.1732,179.9995,0.0009,179.9104
43.6925,searching,0.0000,0.0000,-0.2361,0.0000,0.0000,2.1804,179.9995,0.0009,179.9104
43.7023,searching,0.0000,0.0000,-0.2426,0.0000,0.0000,2.1876,-179.9993,0.0037,179.9097
43.7123,searching,0.0000,0.0000,-0.2494,0.0000,0.0000,2.1946,179.9998,0.0017,179.9087
43.7242,searching,0.0000,0.0000,-0.2570,0.0000,0.0000,2.2015,179.9998,0.0017,179.9087
43.7322,searching,0.0000,0.0000,-0.2645,0.0000,0.0000,2.2082,179.9995,0.0009,179.9078
43.7436,searching,0.0000,0.0000,-0.2713,0.0000,0.0000,2.2147,179.9989,-0.0003,179.9084
43.7522,searching,0.0000,0.0000,-0.2782,0.0000,0.0000,2.2212,179.9989,-0.0003,179.9084
43.7622,searching,0.0000,0.0000,-0.2851,0.0000,0.0000,2.2275,179.9996,0.0012,179.9072
43.7742,searching,0.0000,0.0000,-0.2916,0.0000,0.0000,2.2336,179.9992,0.0003,179.9076
43.7826,searching,0.0000,0.0000,-0.2988,0.0000,0.0000,2.2397,179.9992,0.0003,179.9076
43.7935,searching,0.0000,0.0000,-0.3061,0.0000,0.0000,2.2455,-179.9997,0.0028,179.9075
43.8021,searching,0.0000,0.0000,-0.3119,0.0000,0.0000,2.2513,179.9997,0.0015,179.9077
43.8119,searching,0.0000,0.0000,-0.3171,0.0000,0.0000,2.2570,179.9997,0.0015,179.9077
43.8230,searching,0.0000,-0.2009,-0.3225,0.0000,0.0000,2.2625,179.9996,0.0013,179.9080
43.8328,searching,0.0000,-0.2065,-0.3277,0.0000,0.0000,2.2680,179.9986,-0.0008,179.9078
43.8420,searching,0.0000,-0.2111,-0.3324,0.0000,0.0000,2.2733,179.9986,-0.0008,179.9078
43.8545,searching,0.0000,-0.2169,-0.3377,0.0000,0.0000,2.2786,179.9998,0.0018,179.9079
43.8621,searching,0.0000,-0.2227,-0.3431,0.0000,0.0000,2.2837,179.9983,-0.0015,179.9084
43.8722,searching,0.0000,-0.2275,-0.3482,0.0000,0.0000,2.2887,179.9983,-0.0015,179.9084
43.8855,searching,0.0000,-0.2332,-0.3538,0.0000,0.0000,2.2937,179.9992,0.0006,179.9080
43.8923,searching,0.0000,-0.2391,-0.3591,0.0000,0.0000,2.2985,179.9984,-0.0011,179.9081
43.9031,searching,0.0000,-0.2430,-0.3632,0.0000,0.0000,2.3032,179.9984,-0.0011,179.9081
43.9122,searching,0.0000,-0.2466,-0.3671,0.0000,0.0000,2.3079,179.9984,-0.0011,179.9081
43.9231,searching,0.0000,-0.2509,-0.3712,0.0000,0.0000,2.3124,179.9998,0.0020,179.9083
43.9335,searching,0.0000,-0.2540,-0.3742,0.0000,0.0000,2.3170,179.9998,0.0020,179.9083
43.9433,searching,0.0000,-0.2575,-0.3773,0.0000,0.0000,2.3214,179.9991,0.0005,179.9082
43.9527,searching,0.0000,-0.2633,-0.3816,0.0000,0.0000,2.3258,-179.9998,0.0030,179.9085
43.9635,searching,0.0000,-0.2693,-0.3858,0.0000,0.0000,2.3301,-179.9998,0.0030,179.9085
43.9728,searching,0.0000,-0.2738,-0.3891,0.0000,0.0000,2.3343,-179.9993,0.0041,179.9082
43.9821,searching,0.0000,-0.2783,-0.3923,0.0000,0.0000,2.3384,-179.9993,0.0041,179.9086
43.9923,searching,0.0000,-0.2820,-0.3950,0.0000,0.0000,2.3425,-179.9993,0.0041,179.9086
44.0037,searching,0.0000,-0.2852,-0.3977,0.0000,0.0000,2.3466,179.9983,-0.0011,179.9091
44.0136,searching,0.0000,-0.2893,-0.4005,0.0000,0.0000,2.3506,179.9981,-0.0015,179.9098
44.0224,searching,0.0000,-0.2932,-0.4029,0.0000,0.0000,2.3545,179.9981,-0.0015,179.9098
44.0326,searching,0.0000,-0.2961,-0.4046,0.0000,0.0000,2.3584,179.9995,0.0015,179.9095
44.0419,searching,0.0000,-0.2997,-0.4069,0.0000,0.0000,2.3623,-179.9993,0.0044,179.9102
44.0540,searching,0.0000,-0.3040,-0.4091,0.0000,0.0000,2.3661,-179.9993,0.0044,179.9102
44.0628,searching,0.0000,-0.3070,-0.4104,0.0000,0.0000,2.3699,179.9991,0.0008,179.9097
44.0723,searching,0.0000,-0.3107,-0.4122,0.0000,0.0000,2.3737,179.9992,0.0012,179.9087
44.0849,searching,0.0000,-0.3148,-0.4140,0.0000,0.0000,2.3774,179.9992,0.0012,179.9087
44.0921,searching,0.0000,-0.3173,-0.4147,0.0000,0.0000,2.3811,179.9992,0.0012,179.9087
44.1039,searching,0.0000,-0.3202,-0.4158,0.0000,0.0000,2.3848,179.9971,-0.0033,179.9077
44.1119,searching,0.0000,-0.3243,-0.4175,0.0000,0.0000,2.3884,179.9971,-0.0033,179.9077
44.1220,searching,0.0000,-0.3274,-0.4186,0.0000,0.0000,2.3920,179.9987,0.0002,179.9074
44.1339,searching,0.0000,-0.3302,-0.4197,0.0000,0.0000,2.3956,179.9991,0.0011,179.9069
44.1447,searching,0.0000,-0.3347,-0.4218,0.0000,0.0000,2.3992,179.9991,0.0011,179.9069
44.1535,searching,0.0000,-0.3383,-0.4233,0.0000,0.0000,2.4027,-179.9995,0.0042,179.9069
44.1650,searching,0.0000,-0.3420,-0.4248,0.0000,0.0000,2.4063,179.9980,-0.0010,179.9065
44.1722,searching,0.0000,-0.3470,-0.4268,0.0000,0.0000,2.4097,179.9980,-0.0010,179.9065
44.1820,searching,0.0000,-0.3516,-0.4282,0.0000,0.0000,2.4131,179.9998,0.0030,179.9070
44.1919,searching,0.0000,-0.3554,-0.4297,0.0000,0.0000,2.4166,179.9986,0.0003,179.9064
44.2024,searching,0.0000,-0.3612,-0.4325,0.0000,0.0000,2.4199,179.9986,0.0003,179.9064
44.2131,searching,0.0000,-0.3668,-0.4352,0.0000,0.0000,2.4232,179.9994,0.0021,179.9076
44.2225,searching,0.0000,-0.3718,-0.4378,0.0000,0.0000,2.4264,179.9987,0.0008,179.9087
44.2319,searching,0.0000,-0.3789,-0.4420,0.0000,0.0000,2.4296,179.9987,0.0008,179.9087
44.2420,searching,0.0000,-0.3871,-0.4466,0.0000,0.0000,2.4327,179.9995,0.0025,179.9096
44.2539,searching,0.0000,-0.3934,-0.4499,0.0000,0.0000,2.4357,179.9993,0.0007,179.9098
44.2648,searching,0.0000,-0.3986,-0.4528,0.0000,0.0000,2.4386,179.9993,0.0007,179.9098
44.2724,searching,0.0000,-0.4052,-0.4564,0.0000,0.0000,2.4415,-179.9999,0.0027,179.9101
44.2834,searching,0.0000,-0.4112,-0.4597,0.0000,0.0000,2.4443,179.9984,-0.0010,179.9100
44.2932,searching,0.0000,-0.4174,-0.4632,0.0000,0.0000,2.4470,179.9984,-0.0010,179.9100
44.3021,searching,0.0000,-0.4247,-0.4671,0.0000,0.0000,2.4497,179.9990,0.0005,179.9105
44.3124,searching,0.0000,-0.4311,-0.4705,0.0000,0.0000,2.4523,179.9996,0.0020,179.9098
44.3221,searching,0.0000,-0.4370,-0.4742,0.0000,0.0000,2.4548,179.9996,0.0020,179.9098
44.3332,searching,0.0000,-0.4441,-0.4787,0.0000,0.0000,2.4572,-179.9996,0.0037,179.9091
44.3441,searching,0.0000,-0.4507,-0.4825,0.0000,0.0000,2.4596,179.9992,0.0012,179.9088
44.3550,searching,0.0000,-0.4565,-0.4864,0.0000,0.0000,2.4618,179.9992,0.0012,179.9088
44.3621,searching,0.0000,-0.4641,-0.4914,0.0000,0.0000,2.4640,179.9996,0.0021,179.9095
44.3739,searching,0.0000,-0.4721,-0.4962,0.0000,0.0000,2.4661,179.9988,0.0005,179.9089
44.3820,searching,0.0000,-0.4792,-0.5008,0.0000,0.0000,2.4681,179.9988,0.0005,179.9089
44.3920,searching,0.0000,-0.4878,-0.5064,0.0000,0.0000,2.4699,180.0000,0.0018,179.9092
44.4022,searching,0.0000,-0.4971,-0.5120,0.0000,0.0000,2.4717,179.9996,0.0011,179.9082
44.4132,searching,0.0000,-0.5046,-0.5172,0.0000,0.0000,2.4734,179.9996,0.0011,179.9082
44.4246,searching,0.0000,-0.5116,-0.5221,0.0000,0.0000,2.4749,179.9996,0.0011,179.9082
44.4320,searching,0.0000,-0.5218,-0.5292,0.0000,0.0000,2.4763,-179.9989,0.0044,179.9091
44.4425,searching,0.0000,-0.5315,-0.5358,0.0000,0.0000,2.4776,-179.9989,0.0044,179.9091
44.4519,searching,0.0000,-0.5412,-0.5425,0.0000,0.0000,2.4788,179.9989,-0.0004,179.9086
44.4620,searching,0.0000,-0.5506,-0.5493,0.0000,0.0000,2.4798,179.9996,0.0013,179.9089
44.4729,searching,0.0000,-0.5588,-0.5557,0.0000,0.0000,2.4807,179.9996,0.0013,179.9089
44.4831,searching,0.2033,-0.5668,-0.5623,0.0000,0.0000,2.4814,179.9989,-0.0000,179.9090
44.4939,searching,0.2070,-0.5757,-0.5691,0.0000,0.0000,2.4820,179.9983,-0.0014,179.9112
44.5038,searching,0.2106,-0.5842,-0.5756,0.0000,0.0000,2.4825,179.9983,-0.0014,179.9112
44.5140,searching,0.2150,-0.5919,-0.5818,0.0000,0.0000,2.4829,179.9999,0.0023,179.9105
44.5219,searching,0.2186,-0.6011,-0.5884,0.0000,0.0000,2.4831,179.9989,0.0002,179.9080
44.5321,searching,0.2223,-0.6101,-0.5945,0.0000,0.0000,2.4832,179.9989,0.0002,179.9080
44.5429,searching,0.2264,-0.6170,-0.5992,0.0000,0.0000,2.4833,179.9988,0.0002,179.9081
44.5519,searching,0.2305,-0.6240,-0.6044,0.0000,0.0000,2.4832,179.9995,0.0003,179.9092
44.5622,searching,0.2343,-0.6322,-0.6102,0.0000,0.0000,2.4830,179.9995,0.0003,179.9092
44.5721,searching,0.2381,-0.6396,-0.6155,0.0000,0.0000,2.4827,179.9987,-0.0013,179.9083
44.5819,searching,0.2418,-0.6467,-0.6210,0.0000,0.0000,2.4822,179.9994,0.0004,179.9074
44.5927,searching,0.2453,-0.6538,-0.6264,0.0000,0.0000,2.4817,179.9994,0.0004,179.9074
44.6026,searching,0.2493,-0.6598,-0.6314,0.0000,0.0000,2.4811,179.9984,-0.0017,179.9088
44.6119,searching,0.2533,-0.6665,-0.6369,0.0000,0.0000,2.4803,179.9990,-0.0004,179.9097
44.6241,searching,0.2569,-0.6735,-0.6423,0.0000,0.0000,2.4795,179.9990,-0.0004,179.9097
44.6324,searching,0.2608,-0.6793,-0.6468,0.0000,0.0000,2.4786,179.9990,-0.0004,179.9097
44.6432,searching,0.2645,-0.6853,-0.6518,0.0000,0.0000,2.4775,179.9983,-0.0019,179.9094
44.6541,searching,0.2679,-0.6922,-0.6567,0.0000,0.0000,2.4764,179.9983,-0.0019,179.9094
44.6632,searching,0.2717,-0.6978,-0.6609,0.0000,0.0000,2.4752,179.9984,-0.0014,179.9092
44.6732,searching,0.2752,-0.7030,-0.6650,0.0000,0.0000,2.4739,179.9984,-0.0015,179.9091
44.6821,searching,0.2783,-0.7089,-0.6692,0.0000,0.0000,2.4725,179.9984,-0.0015,179.9091
44.6920,searching,0.2819,-0.7139,-0.6730,0.0000,0.0000,2.4710,179.9989,-0.0001,179.9088
44.7020,searching,0.2858,-0.7183,-0.6768,0.0000,0.0000,2.4695,179.9988,-0.0003,179.9081
44.7146,searching,0.2896,-0.7224,-0.6804,0.0000,0.0000,2.4679,179.9988,-0.0003,179.9081
44.7220,searching,0.2924,-0.7261,-0.6831,0.0000,0.0000,2.4662,179.9992,0.0007,179.9091
44.7323,searching,0.2954,-0.7280,-0.6848,0.0000,0.0000,2.4645,179.9989,-0.0000,179.9090
44.7440,searching,0.2980,-0.7296,-0.6861,0.0000,0.0000,2.4628,179.9989,-0.0000,179.9090
44.7520,searching,0.3003,-0.7318,-0.6874,0.0000,0.0000,2.4611,179.9993,-0.0003,179.9101
44.7640,searching,0.3028,-0.7348,-0.6888,0.0000,0.0000,2.4593,179.9992,-0.0006,179.9085
44.7718,searching,0.3058,-0.7383,-0.6900,0.0000,0.0000,2.4575,179.9992,-0.0006,179.9085
44.7828,searching,0.3094,-0.7418,-0.6913,0.0000,0.0000,2.4557,179.9994,-0.0000,179.9083
44.7943,searching,0.3129,-0.7448,-0.6922,0.0000,0.0000,2.4538,179.9995,0.0002,179.9095
44.8029,searching,0.3161,-0.7476,-0.6932,0.0000,0.0000,2.4519,179.9995,0.0002,179.9095
44.8120,searching,0.3191,-0.7499,-0.6939,0.0000,0.0000,2.4501,180.0000,0.0016,179.9085
44.8219,searching,0.3220,-0.7506,-0.6942,0.0000,0.0000,2.4482,179.9997,0.0009,179.9080
44.8320,searching,0.3246,-0.7499,-0.6940,0.0000,0.0000,2.4463,179.9997,0.0009,179.9080
44.8439,searching,0.3270,-0.7493,-0.6937,0.0000,0.0000,2.4444,179.9996,0.0009,179.9095
44.8523,searching,0.3293,-0.7494,-0.6941,0.0000,0.0000,2.4425,179.9997,0.0011,179.9092
44.8633,searching,0.3316,-0.7488,-0.6938,0.0000,0.0000,2.4407,179.9997,0.0011,179.9092
44.8736,searching,0.3342,-0.7490,-0.6940,0.0000,0.0000,2.4388,179.9998,0.0014,179.9083
44.8818,searching,0.3366,-0.7498,-0.6941,0.0000,0.0000,2.4369,179.9999,0.0017,179.9079
44.8919,searching,0.3391,-0.7504,-0.6937,0.0000,0.0000,2.4350,179.9999,0.0017,179.9079
44.9020,searching,0.3414,-0.7510,-0.6934,0.0000,0.0000,2.4332,-179.9996,0.0029,179.9090
44.9142,searching,0.3438,-0.7508,-0.6926,0.0000,0.0000,2.4313,-179.9996,0.0031,179.9089
44.9245,searching,0.3458,-0.7498,-0.6915,0.0000,0.0000,2.4295,-179.9996,0.0031,179.9089
44.9319,searching,0.3479,-0.7487,-0.6906,0.0000,0.0000,2.4277,179.9999,0.0019,179.9099
44.9437,searching,0.3498,-0.7472,-0.6895,0.0000,0.0000,2.4259,179.9998,0.0018,179.9094
44.9519,searching,0.3514,-0.7449,-0.6882,0.0000,0.0000,2.4241,179.9998,0.0018,179.9094
44.9619,searching,0.3529,-0.7426,-0.6871,0.0000,0.0000,2.4224,179.9989,-0.0002,179.9110
44.9743,searching,0.3545,-0.7406,-0.6858,0.0000,0.0000,2.4207,179.9992,0.0004,179.9095
44.9842,searching,0.3558,-0.7383,-0.6844,0.0000,0.0000,2.4190,179.9992,0.0004,179.9095
44.9940,searching,0.3570,-0.7363,-0.6830,0.0000,0.0000,2.4173,179.9981,-0.0020,179.9078
45.0032,searching,0.3586,-0.7344,-0.6815,0.0000,0.0000,2.4157,179.9981,-0.0020,179.9078
45.0120,searching,0.3606,-0.7330,-0.6802,0.0000,0.0000,2.4141,179.9981,-0.0020,179.9078
45.0219,searching,0.3624,-0.7320,-0.6791,0.0000,0.0000,2.4125,179.9991,-0.0010,179.9075
45.0321,searching,0.3637,-0.7305,-0.6777,0.0000,0.0000,2.4109,179.9982,-0.0031,179.9090
45.0426,searching,0.3645,-0.7278,-0.6759,0.0000,0.0000,2.4094,179.9982,-0.0031,179.9090
45.0521,searching,0.3652,-0.7239,-0.6736,0.0000,0.0000,2.4079,179.9985,-0.0022,179.9104
45.0637,searching,0.3659,-0.7190,-0.6709,0.0000,0.0000,2.4065,179.9986,-0.0020,179.9101
45.0723,searching,0.3666,-0.7143,-0.6684,0.0000,0.0000,2.4052,179.9986,-0.0020,179.9101
45.0821,searching,0.3663,-0.7090,-0.6658,0.0000,0.0000,2.4038,179.9981,-0.0031,179.9097
45.0946,searching,0.3668,-0.7041,-0.6630,0.0000,0.0000,2.4026,179.9977,-0.0041,179.9086
45.1027,searching,0.3678,-0.7000,-0.6603,0.0000,0.0000,2.4014,179.9977,-0.0041,179.9086
45.1123,searching,0.3686,-0.6962,-0.6577,0.0000,0.0000,2.4002,179.9989,-0.0013,179.9089
45.1220,searching,0.3695,-0.6922,-0.6549,0.0000,0.0000,2.3991,179.9983,-0.0026,179.9078
45.1320,searching,0.3704,-0.6888,-0.6526,0.0000,0.0000,2.3981,179.9983,-0.0026,179.9078
45.1424,searching,0.3708,-0.6845,-0.6497,0.0000,0.0000,2.3971,179.9988,-0.0014,179.9088
45.1518,searching,0.3710,-0.6791,-0.6465,0.0000,0.0000,2.3962,179.9988,-0.0014,179.9083
45.1627,searching,0.3712,-0.6740,-0.6434,0.0000,0.0000,2.3953,179.9988,-0.0014,179.9083
45.1723,searching,0.3716,-0.6682,-0.6401,0.0000,0.0000,2.3945,179.9988,-0.0014,179.9083
45.1831,searching,0.3718,-0.6624,-0.6368,0.0000,0.0000,2.3937,179.9983,-0.0026,179.9076
45.1946,searching,0.3716,-0.6565,-0.6334,0.0000,0.0000,2.3931,179.9983,-0.0026,179.9076
45.2019,searching,0.3718,-0.6516,-0.6307,0.0000,0.0000,2.3925,179.9996,0.0006,179.9078
45.2121,searching,0.3720,-0.6470,-0.6281,0.0000,0.0000,2.3919,179.9997,0.0009,179.9081
45.2228,searching,0.3728,-0.6422,-0.6252,0.0000,0.0000,2.3914,179.9997,0.0009,179.9081
45.2321,searching,0.3728,-0.6381,-0.6223,0.0000,0.0000,2.3910,179.9992,-0.0002,179.9079
45.2426,searching,0.3731,-0.6330,-0.6188,0.0000,0.0000,2.3906,179.9989,-0.0011,179.9098
45.2523,searching,0.3733,-0.6283,-0.6154,0.0000,0.0000,2.3903,179.9989,-0.0011,179.9098
45.2618,searching,0.3737,-0.6234,-0.6120,0.0000,0.0000,2.3900,180.0000,0.0015,179.9108
45.2719,searching,0.3741,-0.6187,-0.6087,0.0000,0.0000,2.3899,179.9989,-0.0011,179.9107
45.2845,searching,0.3738,-0.6129,-0.6052,0.0000,0.0000,2.3898,179.9989,-0.0011,179.9107
45.2949,searching,0.3736,-0.6074,-0.6020,0.0000,0.0000,2.3897,-179.9988,0.0043,179.9098
45.3019,searching,0.3724,-0.6022,-0.5987,0.0000,0.0000,2.3897,179.9999,0.0013,179.9096
45.3120,searching,0.3713,-0.5963,-0.5951,0.0000,0.0000,2.3898,179.9999,0.0013,179.9096
45.3220,searching,0.3705,-0.5912,-0.5919,0.0000,0.0000,2.3900,179.9994,0.0002,179.9078
45.3319,searching,0.3697,-0.5860,-0.5885,0.0000,0.0000,2.3902,179.9981,-0.0029,179.9092
45.3446,searching,0.3689,-0.5812,-0.5852,0.0000,0.0000,2.3905,179.9981,-0.0029,179.9092
45.3529,searching,0.3689,-0.5756,-0.5816,0.0000,0.0000,2.3909,179.9986,-0.0017,179.9093
45.3620,searching,0.3676,-0.5717,-0.5790,0.0000,0.0000,2.3913,179.9986,-0.0017,179.9093
45.3737,searching,0.3664,-0.5681,-0.5765,0.0000,0.0000,2.3918,179.9986,-0.0017,179.9093
45.3821,searching,0.3655,-0.5639,-0.5741,0.0000,0.0000,2.3923,179.9986,-0.0017,179.9093
45.3919,searching,0.3638,-0.5595,-0.5714,0.0000,0.0000,2.3929,180.0000,0.0014,179.9097
45.4027,searching,0.3621,-0.5553,-0.5688,0.0000,0.0000,2.3935,180.0000,0.0014,179.9097
45.4130,searching,0.3609,-0.5498,-0.5659,0.0000,0.0000,2.3942,179.9987,-0.0016,179.9098
45.4233,searching,0.3590,-0.5450,-0.5629,0.0000,0.0000,2.3949,179.9984,-0.0023,179.9095
45.4319,searching,0.3578,-0.5394,-0.5598,0.0000,0.0000,2.3957,179.9984,-0.0023,179.9095
45.4420,searching,0.3573,-0.5353,-0.5578,0.0000,0.0000,2.3966,179.9970,-0.0056,179.9094
45.4536,searching,0.3561,-0.5325,-0.5562,0.0000,0.0000,2.3974,179.9995,0.0003,179.9098
45.4655,searching,0.3551,-0.5299,-0.5546,0.0000,0.0000,2.3984,179.9995,0.0003,179.9098
45.4722,searching,0.3537,-0.5267,-0.5528,0.0000,0.0000,2.3993,179.9988,-0.0015,179.9088
45.4825,searching,0.3524,-0.5235,-0.5511,0.0000,0.0000,2.4003,-179.9996,0.0022,179.9095
45.4945,searching,0.3513,-0.5199,-0.5496,0.0000,0.0000,2.4013,-179.9996,0.0022,179.9095
45.5033,searching,0.3502,-0.5163,-0.5481,0.0000,0.0000,2.4023,179.9986,-0.0022,179.9091
45.5145,searching,0.3492,-0.5121,-0.5464,0.0000,0.0000,2.4034,179.9995,-0.0000,179.9083
45.5218,searching,0.3471,-0.5078,-0.5447,0.0000,0.0000,2.4045,179.9995,-0.0000,179.9083
45.5343,searching,0.3460,-0.5041,-0.5437,0.0000,0.0000,2.4056,179.9978,-0.0040,179.9087
45.5440,searching,0.3449,-0.5005,-0.5427,0.0000,0.0000,2.4068,180.0000,0.0011,179.9087
45.5518,searching,0.3438,-0.4979,-0.5423,0.0000,0.0000,2.4079,180.0000,0.0011,179.9087
45.5628,searching,0.3435,-0.4946,-0.5418,0.0000,0.0000,2.4091,-179.9995,0.0022,179.9086
45.5718,searching,0.3432,-0.4928,-0.5419,0.0000,0.0000,2.4103,179.9989,-0.0015,179.9087
45.5833,searching,0.3421,-0.4900,-0.5414,0.0000,0.0000,2.4114,179.9989,-0.0015,179.9087
45.5927,searching,0.3411,-0.4874,-0.5409,0.0000,0.0000,2.4126,179.9993,-0.0008,179.9073
45.6032,searching,0.3410,-0.4837,-0.5402,0.0000,0.0000,2.4138,179.9993,-0.0008,179.9073
45.6127,searching,0.3391,-0.4815,-0.5405,0.0000,0.0000,2.4150,179.9993,-0.0008,179.9073
45.6230,searching,0.3373,-0.4795,-0.5408,0.0000,0.0000,2.4162,179.9976,-0.0048,179.9051
45.6319,searching,0.3365,-0.4765,-0.5411,0.0000,0.0000,2.4174,-179.9995,0.0020,179.9056
45.6432,searching,0.3357,-0.4736,-0.5415,0.0000,0.0000,2.4185,-179.9995,0.0020,179.9056
45.6535,searching,0.3341,-0.4724,-0.5425,0.0000,0.0000,2.4197,179.9997,0.0001,179.9059
45.6651,searching,0.3325,-0.4704,-0.5430,0.0000,0.0000,2.4208,-179.9991,0.0026,179.9069
45.6730,searching,0.3314,-0.4682,-0.5437,0.0000,0.0000,2.4219,-179.9991,0.0026,179.9069
45.6840,searching,0.3297,-0.4664,-0.5442,0.0000,0.0000,2.4231,179.9995,-0.0007,179.9072
45.6936,searching,0.3286,-0.4630,-0.5444,0.0000,0.0000,2.4242,179.9996,-0.0004,179.9082
45.7020,searching,0.3261,-0.4603,-0.5445,0.0000,0.0000,2.4253,179.9996,-0.0004,179.9082
45.7143,searching,0.3238,-0.4577,-0.5446,0.0000,0.0000,2.4264,179.9984,-0.0034,179.9075
45.7218,searching,0.3224,-0.4530,-0.5442,0.0000,0.0000,2.4275,179.9997,-0.0004,179.9082
45.7321,searching,0.3210,-0.4486,-0.5439,0.0000,0.0000,2.4286,179.9997,-0.0004,179.9082
45.7441,searching,0.3186,-0.4456,-0.5439,0.0000,0.0000,2.4297,179.9994,-0.0011,179.9082
45.7529,searching,0.3165,-0.4393,-0.5418,0.0000,0.0000,2.4309,179.9994,-0.0011,179.9082
45.7628,searching,0.3140,-0.4339,-0.5401,0.0000,0.0000,2.4321,179.9994,-0.0011,179.9082
45.7721,searching,0.3112,-0.4284,-0.5383,0.0000,0.0000,2.4333,-179.9994,0.0016,179.9077
45.7823,searching,0.3089,-0.4218,-0.5361,0.0000,0.0000,2.4346,179.9999,-0.0002,179.9075
45.7921,searching,0.3067,-0.4154,-0.5340,0.0000,0.0000,2.4359,179.9999,-0.0002,179.9075
45.8022,searching,0.3041,-0.4098,-0.5324,0.0000,0.0000,2.4373,179.9999,-0.0002,179.9079
45.8128,searching,0.3008,-0.4041,-0.5303,0.0000,0.0000,2.4387,179.9989,-0.0027,179.9086
45.8239,searching,0.2977,-0.3979,-0.5284,0.0000,0.0000,2.4401,179.9989,-0.0027,179.9086
45.8319,searching,0.2952,-0.3910,-0.5258,0.0000,0.0000,2.4416,179.9990,-0.0026,179.9083
45.8422,searching,0.2928,-0.3843,-0.5233,0.0000,0.0000,2.4431,179.9994,-0.0017,179.9087
45.8519,searching,0.2895,-0.3776,-0.5210,0.0000,0.0000,2.4447,179.9994,-0.0017,179.9087
45.8644,searching,0.2864,-0.3713,-0.5188,0.0000,0.0000,2.4463,179.9994,-0.0003,179.9085
45.8745,searching,0.2830,-0.3655,-0.5167,0.0000,0.0000,2.4480,179.9992,-0.0010,179.9073
45.8823,searching,0.2805,-0.3590,-0.5147,0.0000,0.0000,2.4497,179.9992,-0.0010,179.9073
45.8945,searching,0.2781,-0.3529,-0.5128,0.0000,0.0000,2.4515,179.9996,-0.0000,179.9075
45.9019,searching,0.2756,-0.3462,-0.5102,0.0000,0.0000,2.4533,179.9992,-0.0011,179.9069
45.9121,searching,0.2737,-0.3397,-0.5081,0.0000,0.0000,2.4551,179.9992,-0.0011,179.9069
45.9243,searching,0.2720,-0.3336,-0.5062,0.0000,0.0000,2.4570,-179.9999,0.0008,179.9083
45.9327,searching,0.2696,-0.3280,-0.5044,0.0000,0.0000,2.4589,179.9990,-0.0017,179.9075
45.9428,searching,0.2673,-0.3227,-0.5027,0.0000,0.0000,2.4608,179.9990,-0.0017,179.9075
45.9529,searching,0.2646,-0.3181,-0.5019,0.0000,0.0000,2.4628,179.9994,0.0005,179.9093
45.9637,searching,0.2623,-0.3126,-0.5004,0.0000,0.0000,2.4648,179.9990,-0.0006,179.9086
45.9721,searching,0.2602,-0.3064,-0.4987,0.0000,0.0000,2.4668,179.9990,-0.0006,179.9086
45.9822,searching,0.2582,-0.3005,-0.4971,0.0000,0.0000,2.4689,179.9994,0.0004,179.9100
45.9935,searching,0.2555,-0.2962,-0.4963,0.0000,0.0000,2.4709,179.9986,-0.0017,179.9088
46.0034,searching,0.2530,-0.2916,-0.4955,0.0000,0.0000,2.4730,179.9986,-0.0017,179.9088
46.0134,searching,0.2508,-0.2874,-0.4955,0.0000,0.0000,2.4751,179.9998,0.0010,179.9100
46.0229,searching,0.2488,-0.2834,-0.4956,0.0000,0.0000,2.4772,179.9985,-0.0021,179.9093
46.0321,searching,0.2468,-0.2782,-0.4947,0.0000,0.0000,2.4793,179.9985,-0.0021,179.9093
46.0419,searching,0.2447,-0.2740,-0.4943,0.0000,0.0000,2.4814,179.9993,-0.0004,179.9096
46.0519,searching,0.2426,-0.2710,-0.4948,0.0000,0.0000,2.4835,179.9993,-0.0004,179.9096
46.0622,searching,0.2410,-0.2678,-0.4955,0.0000,0.0000,2.4856,179.9993,-0.0004,179.9096
46.0726,searching,0.2394,-0.2647,-0.4962,0.0000,0.0000,2.4877,179.9993,-0.0006,179.9104
46.0821,searching,0.2376,-0.2616,-0.4965,0.0000,0.0000,2.4898,179.9991,-0.0012,179.9094
46.0933,searching,0.2359,-0.2587,-0.4968,0.0000,0.0000,2.4918,179.9991,-0.0012,179.9094
46.1026,searching,0.2344,-0.2555,-0.4969,0.0000,0.0000,2.4939,179.9993,-0.0008,179.9096
46.1119,searching,0.2325,-0.2539,-0.4980,0.0000,0.0000,2.4959,179.9980,-0.0024,179.9092
46.1234,searching,0.2308,-0.2524,-0.4991,0.0000,0.0000,2.4980,179.9980,-0.0024,179.9092
46.1333,searching,0.2292,-0.2496,-0.4995,0.0000,0.0000,2.5000,179.9980,-0.0024,179.9092
46.1423,searching,0.2271,-0.2482,-0.5008,0.0000,0.0000,2.5019,179.9990,-0.0002,179.9103
46.1540,searching,0.2247,-0.2482,-0.5026,0.0000,0.0000,2.5039,179.9990,-0.0002,179.9103
46.1618,searching,0.2221,-0.2471,-0.5037,0.0000,0.0000,2.5058,179.9990,-0.0004,179.9096
46.1732,searching,0.2197,-0.2460,-0.5048,0.0000,0.0000,2.5077,180.0000,0.0019,179.9105
46.1818,searching,0.2172,-0.2449,-0.5053,0.0000,0.0000,2.5096,180.0000,0.0019,179.9105
46.1928,searching,0.2148,-0.2439,-0.5058,0.0000,0.0000,2.5115,179.9997,0.0011,179.9078
46.2027,searching,0.2126,-0.2423,-0.5064,0.0000,0.0000,2.5134,179.9997,0.0011,179.9078
