t_sec,phase,F_ext_x,F_ext_y,F_ext_z,correction_x_mm,correction_y_mm,correction_z_mm,tool_rot_x_deg,tool_rot_y_deg,tool_rot_z_deg
0.0010,approaching,0.0000,0.0000,0.0000,0.0000,0.0000,0.0000,179.9992,0.0004,179.9081
0.0026,approaching,0.0000,0.0000,0.0000,0.0000,0.0000,0.0000,179.9991,-0.0000,179.9081
0.0136,approaching,0.0000,0.0000,0.0000,0.0000,0.0000,0.0000,179.9992,0.0004,179.9081
0.0228,approaching,0.0000,0.0000,0.0000,0.0000,0.0000,0.0000,179.9992,0.0004,179.9081
0.0331,approaching,0.0000,0.0000,0.0000,0.0000,0.0000,0.0000,179.9992,0.0004,179.9081
0.0430,approaching,0.0000,0.0000,0.0000,0.0000,0.0000,0.0000,179.9992,0.0004,179.9081
0.0529,approaching,0.0000,0.0000,0.0000,0.0000,0.0000,0.0000,179.9991,-0.0000,179.9081
0.0633,approaching,0.0000,0.0000,0.0000,0.0000,0.0000,0.0000,179.9991,-0.0000,179.9081
0.0729,approaching,0.0000,0.0000,0.0000,0.0000,0.0000,0.0000,179.9991,-0.0000,179.9081
0.0830,approaching,0.0000,0.0000,0.0000,0.0000,0.0000,0.0000,179.9991,-0.0000,179.9081
0.0934,approaching,0.0000,0.0000,0.0000,0.0000,0.0000,0.0000,179.9991,-0.0000,179.9081
0.1035,approaching,0.0000,0.0000,0.0000,0.0000,0.0000,0.0000,179.9986,-0.0011,179.9081
0.1133,approaching,0.0000,0.2095,0.0000,0.0000,0.0000,0.0000,179.9984,-0.0016,179.9081
0.1234,approaching,0.0000,0.2205,0.0000,0.0000,0.0000,0.0000,179.9984,-0.0016,179.9081
0.1335,approaching,0.0000,0.2310,0.0000,0.0000,0.0000,0.0000,179.9981,-0.0021,179.9080
0.1434,approaching,0.0000,0.2410,0.2037,0.0000,0.0000,0.0000,179.9981,-0.0021,179.9080
0.1544,approaching,0.0000,0.2505,0.2117,0.0000,0.0000,0.0000,179.9981,-0.0021,179.9080
0.1633,approaching,0.0000,0.2595,0.2193,0.0000,0.0000,0.0000,179.9983,-0.0017,179.9080
0.1732,approaching,0.0000,0.2680,0.2265,0.0000,0.0000,0.0000,179.9984,-0.0014,179.9079
0.1835,approaching,0.0000,0.2761,0.2334,0.0000,0.0000,0.0000,179.9984,-0.0014,179.9079
0.1942,approaching,0.0000,0.2838,0.2399,0.0000,0.0000,0.0000,179.9991,0.0001,179.9079
0.2031,approaching,0.0000,0.2912,0.2461,0.0000,0.0000,0.0000,179.9992,0.0004,179.9082
0.2137,approaching,0.0000,0.2981,0.2520,0.0000,0.0000,0.0000,179.9992,0.0004,179.9082
0.2236,approaching,0.0000,0.3047,0.2576,0.0000,0.0000,0.0000,179.9992,0.0004,179.9082
0.2333,approaching,0.0000,0.3110,0.2629,0.0000,0.0000,0.0000,179.9989,-0.0003,179.9078
0.2438,approaching,0.0000,0.3170,0.2679,0.0000,0.0000,0.0000,179.9989,-0.0003,179.9078
0.2534,approaching,0.0000,0.3227,0.2727,0.0000,0.0000,0.0000,179.9991,0.0002,179.9077
0.2635,approaching,0.0000,0.3281,0.2773,0.0000,0.0000,0.0000,179.9990,-0.0000,179.9077
0.2747,approaching,0.0000,0.3332,0.2816,0.0000,0.0000,0.0000,179.9990,-0.0000,179.9077
0.2833,approaching,0.0000,0.3380,0.2857,0.0000,0.0000,0.0000,179.9991,0.0003,179.9077
0.2936,approaching,0.0000,0.3427,0.2896,0.0000,0.0000,0.0000,179.9995,0.0012,179.9076
0.3037,approaching,0.0000,0.3471,0.2933,0.0000,0.0000,0.0000,179.9995,0.0012,179.9076
0.3134,approaching,0.0000,0.3512,0.2968,0.0000,0.0000,0.0000,179.9998,0.0019,179.9076
0.3235,approaching,0.0000,0.3552,0.3002,0.0000,0.0000,0.0000,179.9994,0.0011,179.9076
0.3336,approaching,0.0000,0.3589,0.3034,0.0000,0.0000,0.0000,179.9994,0.0011,179.9076
0.3438,approaching,0.0000,0.3625,0.3064,0.0000,0.0000,0.0000,179.9991,0.0004,179.9075
0.3532,approaching,0.0000,0.3659,0.3093,0.0000,0.0000,0.0000,179.9984,-0.0013,179.9075
0.3638,approaching,0.0000,0.3691,0.3120,0.0000,0.0000,0.0000,179.9984,-0.0013,179.9075
0.3735,approaching,0.0000,0.3722,0.3146,0.0000,0.0000,0.0000,179.9983,-0.0015,179.9075
0.3834,approaching,0.0000,0.3751,0.3170,0.0000,0.0000,0.0000,179.9989,-0.0000,179.9074
0.3937,approaching,0.0000,0.3779,0.3194,0.0000,0.0000,0.0000,179.9989,-0.0000,179.9074
0.4039,approaching,0.0000,0.3805,0.3216,0.0000,0.0000,0.0000,179.9993,0.0009,179.9074
0.4132,approaching,0.0000,0.3830,0.3237,0.0000,0.0000,0.0000,179.9994,0.0012,179.9073
0.4231,approaching,0.0000,0.3854,0.3257,0.0000,0.0000,0.0000,179.9994,0.0012,179.9073
0.4337,approaching,0.0000,0.3876,0.3276,0.0000,0.0000,0.0000,179.9993,0.0008,179.9073
0.4433,approaching,0.0000,0.3898,0.3294,0.0000,0.0000,0.0000,179.9989,0.0002,179.9073
0.4536,approaching,0.0000,0.3918,0.3311,0.0000,0.0000,0.0000,179.9989,0.0002,179.9073
0.4635,approaching,0.0000,0.3937,0.3328,0.0000,0.0000,0.0000,179.9991,0.0004,179.9072
0.4733,approaching,0.0000,0.3956,0.3343,0.0000,0.0000,0.0000,179.9986,-0.0006,179.9077
0.4837,approaching,0.0000,0.3973,0.3358,0.0000,0.0000,0.0000,179.9986,-0.0006,179.9077
0.4934,approaching,0.0000,0.3990,0.3372,0.0000,0.0000,0.0000,179.9990,0.0002,179.9077
0.5035,approaching,0.0000,0.4005,0.3385,0.0000,0.0000,0.0000,179.9989,0.0002,179.9077
0.5133,approaching,0.0000,0.4020,0.3398,0.0000,0.0000,0.0000,179.9989,0.0002,179.9077
0.5236,approaching,0.0000,0.4035,0.3410,0.0000,0.0000,0.0000,179.9989,0.0002,179.9077
0.5332,approaching,0.0000,0.4048,0.3421,0.0000,0.0000,0.0000,179.9987,-0.0003,179.9076
0.5435,approaching,0.0000,0.4061,0.3432,0.0000,0.0000,0.0000,179.9987,-0.0003,179.9076
0.5534,approaching,0.0000,0.4073,0.3442,0.0000,0.0000,0.0000,179.9984,-0.0009,179.9076
0.5634,approaching,0.0000,0.4085,0.3452,0.0000,0.0000,0.0000,179.9987,-0.0001,179.9081
0.5735,approaching,0.0000,0.4096,0.3461,0.0000,0.0000,0.0000,179.9987,-0.0001,179.9081
0.5837,approaching,0.0000,0.4106,0.3470,0.0000,0.0000,0.0000,179.9985,-0.0007,179.9081
0.5932,approaching,0.0000,0.4116,0.3479,0.0000,0.0000,0.0000,179.9988,-0.0000,179.9081
0.6035,approaching,0.0000,0.4125,0.3487,0.0000,0.0000,0.0000,179.9988,-0.0000,179.9081
0.6137,approaching,0.0000,0.4134,0.3494,0.0000,0.0000,0.0000,179.9986,-0.0004,179.9080
0.6232,approaching,0.0000,0.4143,0.3501,0.0000,0.0000,0.0000,179.9987,-0.0001,179.9080
0.6336,approaching,0.0000,0.4151,0.3508,0.0000,0.0000,0.0000,179.9987,-0.0001,179.9080
0.6436,approaching,0.0000,0.4159,0.3515,0.0000,0.0000,0.0000,179.9988,-0.0000,179.9079
0.6534,approaching,0.0000,0.4166,0.3521,0.0000,0.0000,0.0000,179.9988,0.0001,179.9079
0.6634,approaching,0.0000,0.4173,0.3527,0.0000,0.0000,0.0000,179.9988,0.0001,179.9079
0.6734,approaching,0.0000,0.4179,0.3532,0.0000,0.0000,0.0000,179.9988,0.0002,179.9079
0.6831,approaching,0.0000,0.4186,0.3538,0.0000,0.0000,0.0000,179.9989,0.0003,179.9084
0.6936,approaching,0.0000,0.4192,0.3543,0.0000,0.0000,0.0000,179.9989,0.0003,179.9084
0.7026,approaching,0.0000,0.4197,0.3547,0.0000,0.0000,0.0000,179.9990,0.0006,179.9084
0.7128,approaching,0.0000,0.4203,0.3552,0.0000,0.0000,0.0000,179.9989,0.0004,179.9083
0.7233,approaching,0.0000,0.4208,0.3556,0.0000,0.0000,0.0000,179.9989,0.0004,179.9083
0.7336,approaching,0.0000,0.4212,0.3560,0.0000,0.0000,0.0000,179.9990,0.0006,179.9083
0.7433,approaching,0.0000,0.4217,0.3564,0.0000,0.0000,0.0000,179.9992,0.0012,179.9082
0.7537,approaching,0.0000,0.4221,0.3568,0.0000,0.0000,0.0000,179.9992,0.0012,179.9082
0.7635,approaching,0.0000,0.4226,0.3571,0.0000,0.0000,0.0000,179.9990,0.0007,179.9082
0.7736,approaching,0.0000,0.4229,0.3575,0.0000,0.0000,0.0000,179.9989,0.0006,179.9082
0.7839,approaching,0.0000,0.4233,0.3578,0.0000,0.0000,0.0000,179.9989,0.0006,179.9082
0.7935,approaching,0.0000,0.4237,0.3581,0.0000,0.0000,0.0000,179.9994,0.0003,179.9081
0.8036,approaching,0.0000,0.4240,0.3584,0.0000,0.0000,0.0000,179.9997,0.0010,179.9081
0.8140,approaching,0.0000,0.4243,0.3586,0.0000,0.0000,0.0000,179.9997,0.0010,179.9081
0.8235,approaching,0.0000,0.4246,0.3589,0.0000,0.0000,0.0000,179.9995,0.0006,179.9081
0.8332,approaching,0.0000,0.4249,0.3591,0.0000,0.0000,0.0000,179.9996,0.0007,179.9086
0.8433,approaching,0.0000,0.4252,0.3594,0.0000,0.0000,0.0000,179.9996,0.0007,179.9086
0.8532,approaching,0.0000,0.4255,0.3596,0.0000,0.0000,0.0000,179.9994,0.0003,179.9085
0.8632,approaching,0.0000,0.4257,0.3598,0.0000,0.0000,0.0000,179.9993,0.0001,179.9085
0.8734,approaching,0.0000,0.4260,0.3600,0.0000,0.0000,0.0000,179.9993,0.0001,179.9085
0.8834,approaching,0.0000,0.4262,0.3602,0.0000,0.0000,0.0000,179.9991,-0.0003,179.9085
0.8932,approaching,0.0000,0.4264,0.3604,0.0000,0.0000,0.0000,179.9989,-0.0006,179.9084
0.9038,approaching,0.0000,0.4266,0.3605,0.0000,0.0000,0.0000,179.9989,-0.0006,179.9084
0.9134,approaching,0.0000,0.4268,0.3607,0.0000,0.0000,0.0000,179.9989,-0.0006,179.9084
0.9233,approaching,0.0000,0.4270,0.3609,0.0000,0.0000,0.0000,179.9991,-0.0002,179.9084
0.9337,approaching,0.0000,0.4271,0.3610,0.0000,0.0000,0.0000,179.9991,-0.0002,179.9084
0.9433,approaching,0.0000,0.4273,0.3611,0.0000,0.0000,0.0000,179.9990,-0.0004,179.9084
0.9534,approaching,0.0000,0.4275,0.3613,0.0000,0.0000,0.0000,179.9987,-0.0011,179.9083
0.9635,approaching,0.0000,0.4276,0.3614,0.0000,0.0000,0.0000,179.9987,-0.0011,179.9083
0.9734,approaching,0.0000,0.4277,0.3615,0.0000,0.0000,0.0000,179.9990,-0.0003,179.9083
0.9831,approaching,0.0000,0.4053,0.3428,0.0000,0.0000,0.0000,179.9997,0.0011,179.9082
0.9936,approaching,0.0000,0.3842,0.3252,0.0000,0.0000,0.0000,179.9997,0.0011,179.9082
1.0032,approaching,0.0000,0.3643,0.3084,0.0000,0.0000,0.0000,179.9997,0.0013,179.9082
1.0133,approaching,0.0000,0.3451,0.2922,0.0000,0.0000,0.0000,179.9995,0.0007,179.9082
1.0237,approaching,0.0000,0.3270,0.2772,0.0000,0.0000,0.0000,179.9995,0.0007,179.9082
1.0327,approaching,0.0000,0.3100,0.2627,0.0000,0.0000,0.0000,179.9988,-0.0007,179.9081
1.0426,approaching,0.0000,0.2936,0.2488,0.0000,0.0000,0.0000,179.9987,-0.0009,179.9081
1.0527,approaching,0.0000,0.2781,0.2359,0.0000,0.0000,0.0000,179.9987,-0.0009,179.9081
1.0637,approaching,0.0000,0.2636,0.2235,0.0000,0.0000,0.0000,179.9995,0.0010,179.9081
1.0728,approaching,0.0000,0.2492,0.2113,0.0000,0.0000,0.0000,179.9996,0.0011,179.9080
1.0827,approaching,0.0000,0.2351,0.0000,0.0000,0.0000,0.0000,179.9996,0.0011,179.9080
1.0927,approaching,0.0000,0.2222,0.0000,0.0000,0.0000,0.0000,179.9993,0.0006,179.9080
1.1035,approaching,0.0000,0.2097,0.0000,0.0000,0.0000,0.0000,179.9992,0.0002,179.9079
1.1131,approaching,0.0000,0.0000,0.0000,0.0000,0.0000,0.0000,179.9992,0.0002,179.9079
1.1230,approaching,0.0000,0.0000,0.0000,0.0000,0.0000,0.0000,179.9991,-0.0000,179.9079
1.1327,approaching,0.0000,0.0000,0.0000,0.0000,0.0000,0.0000,179.9989,-0.0004,179.9079
1.1426,approaching,0.0000,0.0000,0.0000,0.0000,0.0000,0.0000,179.9989,-0.0004,179.9079
1.1534,approaching,0.0000,0.0000,0.0000,0.0000,0.0000,0.0000,179.9990,-0.0002,179.9079
1.1626,approaching,0.0000,0.0000,0.0000,0.0000,0.0000,0.0000,179.9988,-0.0005,179.9078
1.1728,approaching,0.0000,0.0000,0.0000,0.0000,0.0000,0.0000,179.9988,-0.0005,179.9078
1.1826,approaching,0.0000,0.0000,0.0000,0.0000,0.0000,0.0000,179.9989,-0.0002,179.9078
1.1929,approaching,0.0000,0.0000,0.0000,0.0000,0.0000,0.0000,179.9987,-0.0006,179.9081
1.2027,approaching,0.0000,0.0000,0.0000,0.0000,0.0000,0.0000,179.9987,-0.0006,179.9081
1.2126,approaching,0.0000,0.0000,0.0000,0.0000,0.0000,0.0000,179.9989,-0.0003,179.9081
1.2231,approaching,0.0000,0.0000,0.0000,0.0000,0.0000,0.0000,179.9986,-0.0009,179.9080
1.2329,approaching,0.0000,0.0000,0.0000,0.0000,0.0000,0.0000,179.9986,-0.0009,179.9080
1.2434,approaching,0.0000,0.0000,0.0000,0.0000,0.0000,0.0000,179.9988,-0.0004,179.9080
1.2526,approaching,0.0000,0.0000,0.0000,0.0000,0.0000,0.0000,179.9987,-0.0007,179.9079
1.2627,approaching,0.0000,0.0000,0.0000,0.0000,0.0000,0.0000,179.9987,-0.0007,179.9079
1.2728,approaching,0.0000,0.0000,0.0000,0.0000,0.0000,0.0000,179.9987,-0.0007,179.9079
1.2834,approaching,0.0000,0.0000,0.0000,0.0000,0.0000,0.0000,179.9989,-0.0003,179.9079
1.2927,approaching,0.0000,0.0000,0.0000,0.0000,0.0000,0.0000,179.9989,-0.0003,179.9079
1.3027,approaching,0.0000,0.0000,0.0000,0.0000,0.0000,0.0000,179.9988,-0.0003,179.9079
1.3126,approaching,0.0000,0.0000,0.0000,0.0000,0.0000,0.0000,179.9986,-0.0009,179.9078
1.3233,approaching,0.0000,0.0000,0.0000,0.0000,0.0000,0.0000,179.9986,-0.0009,179.9078
1.3328,approaching,0.0000,0.0000,0.0000,0.0000,0.0000,0.0000,179.9987,-0.0006,179.9083
1.3426,approaching,0.0000,0.0000,0.0000,0.0000,0.0000,0.0000,179.9991,0.0004,179.9083
1.3527,approaching,0.0000,0.0000,0.0000,0.0000,0.0000,0.0000,179.9991,0.0004,179.9083
1.3628,approaching,0.0000,0.0000,0.0000,0.0000,0.0000,0.0000,179.9991,0.0003,179.9083
1.3737,approaching,0.0000,0.0000,0.0000,0.0000,0.0000,0.0000,179.9990,0.0001,179.9082
1.3827,approaching,0.0000,0.0000,0.0000,0.0000,0.0000,0.0000,179.9990,0.0001,179.9082
1.3927,approaching,0.0000,0.0000,0.0000,0.0000,0.0000,0.0000,179.9986,-0.0006,179.9082
1.4027,approaching,0.0000,0.0000,0.0000,0.0000,0.0000,0.0000,179.9986,-0.0008,179.9082
1.4133,approaching,0.0000,0.0000,0.0000,0.0000,0.0000,0.0000,179.9986,-0.0008,179.9082
1.4227,approaching,0.0000,0.0000,0.0000,0.0000,0.0000,0.0000,179.9989,-0.0014,179.9081
1.4326,approaching,0.0000,0.0000,0.0000,0.0000,0.0000,0.0000,179.9992,-0.0007,179.9086
1.4427,approaching,0.0000,0.0000,0.0000,0.0000,0.0000,0.0000,179.9992,-0.0007,179.9086
1.4529,approaching,0.0000,0.0000,0.0000,0.0000,0.0000,0.0000,179.9990,-0.0011,179.9086
1.4627,approaching,0.0000,0.0000,0.0000,0.0000,0.0000,0.0000,179.9994,-0.0002,179.9086
1.4726,approaching,0.0000,0.0000,0.0000,0.0000,0.0000,0.0000,179.9994,-0.0002,179.9086
1.4827,approaching,0.0000,0.0000,0.0000,0.0000,0.0000,0.0000,179.9994,-0.0003,179.9085
1.4926,approaching,0.0000,0.0000,0.0000,0.0000,0.0000,0.0000,179.9996,0.0004,179.9085
1.5033,approaching,0.0000,0.0000,0.0000,0.0000,0.0000,0.0000,179.9996,0.0004,179.9085
1.5128,approaching,0.0000,0.0000,0.0000,0.0000,0.0000,0.0000,179.9993,-0.0004,179.9084
1.5229,approaching,0.0000,0.0000,0.0000,0.0000,0.0000,0.0000,179.9993,-0.0004,179.9084
1.5327,approaching,0.0000,0.0000,0.0000,0.0000,0.0000,0.0000,179.9993,-0.0004,179.9084
1.5427,approaching,0.0000,0.0000,0.0000,0.0000,0.0000,0.0000,179.9994,-0.0002,179.9084
1.5528,approaching,0.0000,0.0000,0.0000,0.0000,0.0000,0.0000,179.9995,-0.0000,179.9084
1.5636,approaching,0.0000,0.0000,0.0000,0.0000,0.0000,0.0000,179.9995,-0.0000,179.9084
1.5733,approaching,0.0000,0.0000,0.0000,0.0000,0.0000,0.0000,179.9989,-0.0012,179.9083
1.5826,approaching,0.0000,0.0000,0.0000,0.0000,0.0000,0.0000,179.9993,-0.0004,179.9083
1.5926,approaching,0.0000,0.0000,0.0000,0.0000,0.0000,0.0000,179.9993,-0.0004,179.9083
1.6047,approaching,0.0000,0.0000,0.0000,0.0000,0.0000,0.0000,179.9989,-0.0011,179.9082
1.6126,approaching,0.0000,0.0000,0.0000,0.0000,0.0000,0.0000,179.9990,-0.0010,179.9082
1.6227,approaching,0.0000,0.0000,0.0000,0.0000,0.0000,0.0000,179.9990,-0.0010,179.9082
1.6327,approaching,0.0000,0.0000,0.0000,0.0000,0.0000,0.0000,179.9984,-0.0023,179.9082
1.6429,approaching,0.0000,0.0000,0.0000,0.0000,0.0000,0.0000,179.9984,-0.0023,179.9082
1.6528,approaching,0.0000,0.0000,0.0000,0.0000,0.0000,0.0000,179.9984,-0.0023,179.9082
1.6626,approaching,0.0000,0.0000,0.0000,0.0000,0.0000,0.0000,179.9984,-0.0023,179.9082
1.6729,approaching,0.0000,0.0000,0.0000,0.0000,0.0000,0.0000,179.9987,-0.0016,179.9081
1.6827,approaching,0.0000,0.0000,0.0000,0.0000,0.0000,0.0000,179.9987,-0.0016,179.9081
1.6932,approaching,0.0000,0.0000,0.0000,0.0000,0.0000,0.0000,179.9989,-0.0010,179.9086
1.7026,approaching,0.0000,0.0000,0.0000,0.0000,0.0000,0.0000,179.9988,-0.0012,179.9086
1.7130,approaching,0.0000,0.0000,0.0000,0.0000,0.0000,0.0000,179.9988,-0.0012,179.9086
1.7226,approaching,0.0000,0.0000,0.0000,0.0000,0.0000,0.0000,179.9991,-0.0006,179.9085
1.7334,approaching,0.0000,0.0000,0.0000,0.0000,0.0000,0.0000,179.9986,-0.0016,179.9085
1.7431,approaching,0.0000,0.0000,0.0000,0.0000,0.0000,0.0000,179.9986,-0.0016,179.9085
1.7529,approaching,0.0000,0.0000,0.0000,0.0000,0.0000,0.0000,179.9992,-0.0002,179.9084
1.7626,approaching,0.0000,0.0000,0.0000,0.0000,0.0000,0.0000,179.9992,-0.0002,179.9084
1.7727,approaching,0.0000,0.0000,0.0000,0.0000,0.0000,0.0000,179.9992,-0.0002,179.9084
1.7830,approaching,0.0000,0.0000,0.0000,0.0000,0.0000,0.0000,179.9991,-0.0004,179.9084
1.7928,approaching,0.0000,0.0000,0.0000,0.0000,0.0000,0.0000,179.9993,-0.0000,179.9083
1.8031,approaching,0.0000,0.0000,0.0000,0.0000,0.0000,0.0000,179.9993,-0.0000,179.9083
1.8129,approaching,0.0000,0.0000,0.0000,0.0000,0.0000,0.0000,179.9992,-0.0002,179.9083
1.8231,approaching,0.0000,0.0000,0.0000,0.0000,0.0000,0.0000,179.9990,-0.0007,179.9083
1.8327,approaching,0.0000,0.0000,0.0000,0.0000,0.0000,0.0000,179.9990,-0.0007,179.9083
1.8428,approaching,0.0000,0.0000,0.0000,0.0000,0.0000,0.0000,179.9992,-0.0001,179.9082
1.8526,approaching,0.0000,0.0000,0.0000,0.0000,0.0000,0.0000,179.9991,-0.0004,179.9082
1.8628,approaching,0.0000,0.0000,0.0000,0.0000,0.0000,0.0000,179.9991,-0.0004,179.9082
1.8736,approaching,0.0000,0.0000,0.0000,0.0000,0.0000,0.0000,179.9993,0.0001,179.9082
1.8826,approaching,0.0000,0.0000,0.0000,0.0000,0.0000,0.0000,179.9997,0.0010,179.9081
1.8929,approaching,0.0000,0.0000,0.0000,0.0000,0.0000,0.0000,179.9997,0.0010,179.9081
1.9027,approaching,0.0000,0.0000,0.0000,0.0000,0.0000,0.0000,179.9996,0.0008,179.9081
1.9139,approaching,0.0000,0.0000,0.0000,0.0000,0.0000,0.0000,179.9995,0.0005,179.9081
1.9229,approaching,0.0000,0.0000,0.0000,0.0000,0.0000,0.0000,179.9995,0.0005,179.9081
1.9328,approaching,0.0000,0.0000,0.0000,0.0000,0.0000,0.0000,179.9992,-0.0001,179.9080
1.9426,approaching,0.0000,0.0000,0.0000,0.0000,0.0000,0.0000,179.9989,-0.0008,179.9080
1.9530,approaching,0.0000,0.0000,0.0000,0.0000,0.0000,0.0000,179.9989,-0.0008,179.9080
1.9627,approaching,0.0000,0.0000,0.0000,0.0000,0.0000,0.0000,179.9992,-0.0001,179.9079
1.9727,approaching,0.0000,0.0000,0.0000,0.0000,0.0000,0.0000,179.9992,-0.0001,179.9079
1.9826,approaching,0.0000,0.0000,0.0000,0.0000,0.0000,0.0000,179.9992,-0.0001,179.9079
1.9927,approaching,0.0000,0.0000,0.0000,0.0000,0.0000,0.0000,179.9992,-0.0000,179.9079
2.0033,approaching,0.0000,0.0000,0.0000,0.0000,0.0000,0.0000,179.9992,-0.0000,179.9084
2.0127,approaching,0.0000,0.0000,0.0000,0.0000,0.0000,0.0000,179.9992,-0.0000,179.9084
2.0226,approaching,0.0000,0.0000,0.0000,0.0000,0.0000,0.0000,179.9990,-0.0004,179.9084
2.0326,approaching,0.0000,0.0000,0.0000,0.0000,0.0000,0.0000,179.9990,-0.0004,179.9084
2.0432,approaching,0.0000,0.0000,0.0000,0.0000,0.0000,0.0000,179.9990,-0.0004,179.9084
2.0549,approaching,0.0000,0.0000,0.0000,0.0000,0.0000,0.0000,179.9996,0.0011,179.9083
2.0626,approaching,0.0000,0.0000,0.0000,0.0000,0.0000,0.0000,179.9997,0.0011,179.9083
2.0727,approaching,0.0000,0.0000,0.0000,0.0000,0.0000,0.0000,179.9997,0.0011,179.9083
2.0838,approaching,0.0000,0.0000,0.0000,0.0000,0.0000,0.0000,179.9992,-0.0000,179.9079
2.0929,approaching,0.0000,0.0000,0.0000,0.0000,0.0000,0.0000,179.9992,-0.0000,179.9079
2.1028,approaching,0.0000,0.0000,0.0000,0.0000,0.0000,0.0000,179.9992,-0.0000,179.9079
2.1128,approaching,0.0000,0.0000,0.0000,0.0000,0.0000,0.0000,179.9992,0.0001,179.9078
2.1228,approaching,0.0000,0.0000,0.0000,0.0000,0.0000,0.0000,179.9986,-0.0011,179.9078
2.1326,approaching,0.0000,0.0000,0.0000,0.0000,0.0000,0.0000,179.9986,-0.0011,179.9078
2.1433,approaching,0.0000,0.0000,0.0000,0.0000,0.0000,0.0000,179.9987,-0.0010,179.9081
2.1527,approaching,0.0000,0.0000,0.0000,0.0000,0.0000,0.0000,179.9984,-0.0017,179.9081
2.1628,approaching,0.0000,0.0000,0.0000,0.0000,0.0000,0.0000,179.9984,-0.0017,179.9081
2.1727,approaching,0.0000,0.0000,0.0000,0.0000,0.0000,0.0000,179.9981,-0.0022,179.9086
2.1828,approaching,0.0000,0.0000,0.0000,0.0000,0.0000,0.0000,179.9983,-0.0017,179.9086
2.1929,approaching,0.0000,0.0000,0.0000,0.0000,0.0000,0.0000,179.9983,-0.0017,179.9086
2.2027,approaching,0.0000,0.0000,0.0000,0.0000,0.0000,0.0000,179.9986,-0.0012,179.9085
2.2126,approaching,0.0000,0.0000,0.0000,0.0000,0.0000,0.0000,179.9982,-0.0020,179.9085
2.2227,approaching,0.0000,0.0000,0.0000,0.0000,0.0000,0.0000,179.9982,-0.0020,179.9085
2.2338,approaching,0.0000,0.0000,0.0000,0.0000,0.0000,0.0000,179.9984,-0.0016,179.9085
2.2426,approaching,0.0000,0.0000,0.0000,0.0000,0.0000,0.0000,179.9981,-0.0022,179.9084
2.2526,approaching,0.0000,0.0000,0.0000,0.0000,0.0000,0.0000,179.9981,-0.0022,179.9084
2.2627,approaching,0.0000,0.0000,0.0000,0.0000,0.0000,0.0000,179.9987,-0.0009,179.9084
2.2730,approaching,0.0000,0.0000,0.0000,0.0000,0.0000,0.0000,179.9981,-0.0021,179.9083
2.2827,approaching,0.0000,0.0000,0.0000,0.0000,0.0000,0.0000,179.9981,-0.0021,179.9083
2.2927,approaching,0.0000,0.0000,0.0000,0.0000,0.0000,0.0000,179.9985,-0.0012,179.9083
2.3026,approaching,0.0000,0.0000,0.0000,0.0000,0.0000,0.0000,179.9986,-0.0011,179.9083
2.3127,approaching,0.0000,0.0000,0.0000,0.0000,0.0000,0.0000,179.9986,-0.0011,179.9083
2.3238,approaching,0.0000,0.0000,0.0000,0.0000,0.0000,0.0000,179.9988,-0.0006,179.9082
2.3326,approaching,0.0000,0.0000,0.0000,0.0000,0.0000,0.0000,179.9993,0.0006,179.9082
2.3426,approaching,0.0000,0.0000,0.0000,0.0000,0.0000,0.0000,179.9993,0.0006,179.9082
2.3527,approaching,0.0000,0.0000,0.0000,0.0000,0.0000,0.0000,179.9994,0.0009,179.9082
2.3632,approaching,0.0000,0.0000,0.0000,0.0000,0.0000,0.0000,179.9990,-0.0000,179.9081
2.3732,approaching,0.0000,0.0000,0.0000,0.0000,0.0000,0.0000,179.9990,-0.0000,179.9081
2.3826,approaching,0.0000,0.0000,0.0000,0.0000,0.0000,0.0000,179.9992,0.0004,179.9081
2.3926,approaching,0.0000,0.0000,0.0000,0.0000,0.0000,0.0000,179.9999,0.0008,179.9080
2.4028,approaching,0.0000,0.0000,0.0000,0.0000,0.0000,0.0000,179.9999,0.0008,179.9080
2.4129,approaching,0.0000,0.0000,0.0000,0.0000,0.0000,0.0000,179.9999,0.0008,179.9080
2.4228,approaching,0.0000,0.0000,0.0000,0.0000,0.0000,0.0000,179.9996,-0.0000,179.9080
2.4330,approaching,0.0000,0.0000,0.0000,0.0000,0.0000,0.0000,179.9996,-0.0000,179.9080
2.4426,approaching,0.0000,0.0000,0.0000,0.0000,0.0000,0.0000,179.9997,0.0004,179.9080
2.4529,approaching,0.0000,0.0000,0.0000,0.0000,0.0000,0.0000,179.9997,0.0003,179.9079
2.4628,approaching,0.0000,0.0000,0.0000,0.0000,0.0000,0.0000,179.9997,0.0003,179.9079
2.4732,approaching,0.0000,0.0000,0.0000,0.0000,0.0000,0.0000,179.9994,-0.0004,179.9079
2.4826,approaching,0.0000,0.0000,0.0000,0.0000,0.0000,0.0000,179.9994,-0.0004,179.9079
2.4928,approaching,0.0000,0.0000,0.0000,0.0000,0.0000,0.0000,179.9994,-0.0004,179.9079
2.5030,approaching,0.0000,0.0000,0.0000,0.0000,0.0000,0.0000,179.9994,-0.0003,179.9078
2.5126,approaching,0.0000,0.0000,0.0000,0.0000,0.0000,0.0000,179.9992,-0.0007,179.9078
2.5228,approaching,0.0000,0.0000,0.0000,0.0000,0.0000,0.0000,179.9992,-0.0007,179.9078
2.5327,approaching,0.0000,0.0000,0.0000,0.0000,0.0000,0.0000,179.9993,-0.0004,179.9078
2.5432,approaching,0.0000,0.0000,0.0000,0.0000,0.0000,0.0000,179.9992,-0.0007,179.9077
2.5532,approaching,0.0000,0.0000,0.0000,0.0000,0.0000,0.0000,179.9992,-0.0007,179.9077
2.5627,approaching,0.0000,0.0000,0.0000,0.0000,0.0000,0.0000,179.9992,-0.0006,179.9082
2.5726,approaching,0.0000,0.0000,0.0000,0.0000,0.0000,0.0000,179.9991,-0.0008,179.9082
2.5826,approaching,0.0000,0.0000,0.0000,0.0000,0.0000,0.0000,179.9991,-0.0008,179.9082
2.5936,approaching,0.0000,0.0000,0.0000,0.0000,0.0000,0.0000,179.9995,-0.0001,179.9082
2.6027,approaching,0.0000,0.0000,0.0000,0.0000,0.0000,0.0000,179.9992,-0.0006,179.9081
2.6128,approaching,0.0000,0.0000,0.0000,0.0000,0.0000,0.0000,179.9992,-0.0006,179.9081
2.6227,approaching,0.0000,0.0000,0.0000,0.0000,0.0000,0.0000,179.9993,-0.0003,179.9081
2.6326,approaching,0.0000,0.0000,0.0000,0.0000,0.0000,0.0000,179.9991,-0.0009,179.9080
2.6432,approaching,0.0000,0.0000,0.0000,0.0000,0.0000,0.0000,179.9991,-0.0009,179.9080
2.6527,approaching,0.0000,0.0000,0.0000,0.0000,0.0000,0.0000,179.9990,-0.0011,179.9080
2.6626,approaching,0.0000,0.0000,0.0000,0.0000,0.0000,0.0000,179.9989,-0.0012,179.9085
2.6727,approaching,0.0000,0.0000,0.0000,0.0000,0.0000,0.0000,179.9989,-0.0012,179.9085
2.6830,approaching,0.0000,0.0000,0.0000,0.0000,0.0000,0.0000,179.9989,-0.0012,179.9085
2.6936,approaching,0.0000,0.0000,0.0000,0.0000,0.0000,0.0000,179.9987,-0.0015,179.9085
2.7027,approaching,0.0000,0.0000,0.0000,0.0000,0.0000,0.0000,179.9987,-0.0015,179.9085
2.7128,approaching,0.0000,0.0000,0.0000,0.0000,0.0000,0.0000,179.9986,-0.0020,179.9084
2.7227,approaching,0.0000,0.0000,0.0000,0.0000,0.0000,0.0000,179.9986,-0.0019,179.9084
2.7335,approaching,0.0000,0.0000,0.0000,0.0000,0.0000,0.0000,179.9986,-0.0019,179.9084
2.7428,approaching,0.0000,0.0000,0.0000,0.0000,0.0000,0.0000,179.9988,-0.0014,179.9083
2.7526,approaching,0.0000,0.0000,0.0000,0.0000,0.0000,0.0000,179.9991,-0.0006,179.9083
2.7626,approaching,0.0000,0.0000,0.0000,0.0000,0.0000,0.0000,179.9991,-0.0006,179.9083
2.7726,approaching,0.0000,0.0000,0.0000,0.0000,0.0000,0.0000,179.9993,-0.0001,179.9083
2.7831,approaching,0.0000,0.0000,0.0000,0.0000,0.0000,0.0000,179.9993,-0.0001,179.9083
2.7927,approaching,0.0000,0.0000,0.0000,0.0000,0.0000,0.0000,179.9993,-0.0001,179.9083
2.8027,approaching,0.0000,0.0000,0.0000,0.0000,0.0000,0.0000,179.9991,-0.0005,179.9082
2.8126,approaching,0.0000,0.0000,0.0000,0.0000,0.0000,0.0000,179.9993,-0.0000,179.9082
2.8232,approaching,0.0000,0.0000,0.0000,0.0000,0.0000,0.0000,179.9993,-0.0000,179.9082
2.8327,approaching,0.0000,0.0000,0.0000,0.0000,0.0000,0.0000,179.9991,-0.0006,179.9082
2.8426,approaching,0.0000,0.0000,0.0000,0.0000,0.0000,0.0000,179.9993,-0.0000,179.9081
2.8527,approaching,0.0000,0.0000,0.0000,0.0000,0.0000,0.0000,179.9993,-0.0000,179.9081
2.8629,approaching,0.0000,0.0000,0.0000,0.0000,0.0000,0.0000,179.9994,0.0001,179.9081
2.8731,approaching,0.0000,0.0000,0.0000,0.0000,0.0000,0.0000,179.9996,0.0006,179.9081
2.8827,approaching,0.0000,0.0000,0.0000,0.0000,0.0000,0.0000,179.9996,0.0006,179.9081
2.8928,approaching,0.0000,0.0000,0.0000,0.0000,0.0000,0.0000,179.9999,0.0012,179.9080
2.9026,approaching,0.0000,0.0000,0.0000,0.0000,0.0000,0.0000,179.9996,0.0007,179.9080
2.9130,approaching,0.0000,0.0000,0.0000,0.0000,0.0000,0.0000,179.9996,0.0007,179.9080
2.9230,approaching,0.0000,0.0000,0.0000,0.0000,0.0000,0.0000,179.9994,0.0002,179.9079
2.9326,approaching,0.0000,0.0000,0.0000,0.0000,0.0000,0.0000,179.9990,-0.0008,179.9079
2.9426,approaching,0.0000,0.0000,0.0000,0.0000,0.0000,0.0000,179.9990,-0.0008,179.9079
2.9534,approaching,0.0000,0.0000,0.0000,0.0000,0.0000,0.0000,179.9988,-0.0012,179.9079
2.9627,approaching,0.0000,0.0000,0.0000,0.0000,0.0000,0.0000,179.9994,0.0003,179.9078
2.9728,approaching,0.0000,0.0000,0.0000,0.0000,0.0000,0.0000,179.9994,0.0003,179.9078
2.9827,approaching,0.0000,0.0000,0.0000,0.0000,0.0000,0.0000,179.9992,-0.0002,179.9078
2.9928,approaching,0.0000,0.0000,0.0000,0.0000,0.0000,0.0000,179.9997,0.0010,179.9078
3.0028,approaching,0.0000,0.0000,0.0000,0.0000,0.0000,0.0000,179.9997,0.0010,179.9078
3.0127,approaching,0.0000,0.0000,0.0000,0.0000,0.0000,0.0000,179.9996,0.0006,179.9077
3.0226,approaching,0.0000,0.0000,0.0000,0.0000,0.0000,0.0000,179.9989,-0.0008,179.9077
3.0328,approaching,0.0000,0.0000,0.0000,0.0000,0.0000,0.0000,179.9989,-0.0008,179.9077
3.0432,approaching,0.0000,0.0000,0.0000,0.0000,0.0000,0.0000,179.9989,-0.0008,179.9082
3.0538,approaching,0.0000,0.0000,0.0000,0.0000,0.0000,0.0000,179.9987,-0.0012,179.9082
3.0627,approaching,0.0000,0.0000,0.0000,0.0000,0.0000,0.0000,179.9987,-0.0012,179.9082
3.0728,approaching,0.0000,0.0000,0.0000,0.0000,0.0000,0.0000,179.9992,-0.0001,179.9081
3.0827,approaching,0.0000,0.0000,0.0000,0.0000,0.0000,0.0000,179.9992,-0.0001,179.9081
3.0932,approaching,0.0000,0.0000,0.0000,0.0000,0.0000,0.0000,179.9992,-0.0001,179.9081
3.1032,approaching,0.0000,0.0000,0.0000,0.0000,0.0000,0.0000,179.9993,-0.0000,179.9081
3.1127,approaching,0.0000,0.0000,0.0000,0.0000,0.0000,0.0000,179.9989,-0.0007,179.9080
3.1228,approaching,0.0000,0.0000,0.0000,0.0000,0.0000,0.0000,179.9989,-0.0007,179.9080
3.1327,approaching,0.0000,0.0000,0.0000,0.0000,0.0000,0.0000,179.9995,0.0006,179.9080
3.1435,approaching,0.0000,0.0000,0.0000,0.0000,0.0000,0.0000,179.9990,-0.0006,179.9079
3.1527,approaching,0.0000,0.0000,0.0000,0.0000,0.0000,0.0000,179.9990,-0.0006,179.9079
3.1627,approaching,0.0000,0.0000,0.0000,0.0000,0.0000,0.0000,179.9990,-0.0006,179.9079
3.1727,approaching,0.0000,0.0000,0.0000,0.0000,0.0000,0.0000,179.9991,-0.0001,179.9079
3.1835,approaching,0.0000,0.0000,0.0000,0.0000,0.0000,0.0000,179.9991,-0.0001,179.9079
3.1927,approaching,0.0000,0.0000,0.0000,0.0000,0.0000,0.0000,179.9991,-0.0002,179.9084
3.2026,approaching,0.0000,0.0000,0.0000,0.0000,0.0000,0.0000,179.9990,-0.0004,179.9084
3.2128,approaching,0.0000,0.0000,0.0000,0.0000,0.0000,0.0000,179.9990,-0.0004,179.9084
3.2231,approaching,0.0000,0.0000,0.0000,0.0000,0.0000,0.0000,179.9990,-0.0003,179.9084
3.2327,approaching,0.0000,0.0000,0.0000,0.0000,0.0000,0.0000,179.9991,-0.0002,179.9083
3.2427,approaching,0.0000,0.0000,0.0000,0.0000,0.0000,0.0000,179.9991,-0.0002,179.9083
3.2527,approaching,0.0000,0.0000,0.0000,0.0000,0.0000,0.0000,179.9987,-0.0010,179.9083
3.2627,approaching,0.0000,0.0000,0.0000,0.0000,0.0000,0.0000,179.9990,-0.0003,179.9083
3.2738,approaching,0.0000,0.0000,0.0000,0.0000,0.0000,0.0000,179.9990,-0.0003,179.9083
3.2828,approaching,0.0000,0.0000,0.0000,0.0000,0.0000,0.0000,179.9988,-0.0007,179.9082
3.2926,approaching,0.0000,0.0000,0.0000,0.0000,0.0000,0.0000,179.9991,-0.0001,179.9082
3.3027,approaching,0.0000,0.0000,0.0000,0.0000,0.0000,0.0000,179.9991,-0.0001,179.9082
3.3137,approaching,0.0000,0.0000,0.0000,0.0000,0.0000,0.0000,179.9988,-0.0008,179.9082
3.3230,approaching,0.0000,0.0000,0.0000,0.0000,0.0000,0.0000,179.9987,-0.0010,179.9081
3.3328,approaching,0.0000,0.0000,0.0000,0.0000,0.0000,0.0000,179.9987,-0.0010,179.9081
3.3427,approaching,0.0000,0.0000,0.0000,0.0000,0.0000,0.0000,179.9985,-0.0014,179.9081
3.3528,approaching,0.0000,0.0000,0.0000,0.0000,0.0000,0.0000,179.9988,-0.0007,179.9080
3.3635,approaching,0.0000,0.0000,0.0000,0.0000,0.0000,0.0000,179.9988,-0.0007,179.9080
3.3731,approaching,0.0000,0.0000,0.0000,0.0000,0.0000,0.0000,179.9987,-0.0008,179.9083
3.3826,approaching,0.0000,0.0000,0.0000,0.0000,0.0000,0.0000,179.9991,-0.0000,179.9083
3.3926,approaching,0.0000,0.0000,0.0000,0.0000,0.0000,0.0000,179.9991,-0.0000,179.9083
3.4026,approaching,0.0000,0.0000,0.0000,0.0000,0.0000,0.0000,179.9989,-0.0004,179.9083
3.4132,approaching,0.0000,0.0000,0.0000,0.0000,0.0000,0.0000,179.9986,-0.0010,179.9082
3.4228,approaching,0.0000,0.0000,0.0000,0.0000,0.0000,0.0000,179.9986,-0.0010,179.9082
3.4328,approaching,0.0000,0.0000,0.0000,0.0000,0.0000,0.0000,179.9988,-0.0006,179.9082
3.4427,approaching,0.0000,0.0000,0.0000,0.0000,0.0000,0.0000,179.9986,-0.0010,179.9082
3.4535,approaching,0.0000,0.0000,0.0000,0.0000,0.0000,0.0000,179.9986,-0.0010,179.9082
3.4627,approaching,0.0000,0.0000,0.0000,0.0000,0.0000,0.0000,179.9986,-0.0011,179.9081
3.4728,approaching,0.0000,0.0000,0.0000,0.0000,0.0000,0.0000,179.9986,-0.0010,179.9081
3.4826,approaching,0.0000,0.0000,0.0000,0.0000,0.0000,0.0000,179.9986,-0.0010,179.9081
3.4926,approaching,0.0000,0.0000,0.0000,0.0000,0.0000,0.0000,179.9989,-0.0004,179.9081
3.5028,approaching,0.0000,0.0000,0.0000,0.0000,0.0000,0.0000,179.9989,-0.0002,179.9080
3.5127,approaching,0.0000,0.0000,0.0000,0.0000,0.0000,0.0000,179.9989,-0.0002,179.9080
3.5229,approaching,0.0000,0.0000,0.0000,0.0000,0.0000,0.0000,179.9989,-0.0002,179.9080
3.5326,approaching,0.0000,0.0000,0.0000,0.0000,0.0000,0.0000,179.9986,-0.0011,179.9080
3.5437,approaching,0.0000,0.0000,0.0000,0.0000,0.0000,0.0000,179.9986,-0.0011,179.9080
3.5529,approaching,0.0000,0.0000,0.0000,0.0000,0.0000,0.0000,179.9985,-0.0012,179.9079
3.5626,approaching,0.0000,0.0000,0.0000,0.0000,0.0000,0.0000,179.9987,-0.0006,179.9079
3.5730,approaching,0.0000,0.0000,0.0000,0.0000,0.0000,0.0000,179.9987,-0.0006,179.9079
3.5830,approaching,0.0000,0.0000,0.0000,0.0000,0.0000,0.0000,179.9985,-0.0011,179.9084
3.5936,approaching,0.0000,0.0000,0.0000,0.0000,0.0000,0.0000,179.9986,-0.0009,179.9084
3.6027,approaching,0.0000,0.0000,0.0000,0.0000,0.0000,0.0000,179.9986,-0.0009,179.9084
3.6127,approaching,0.0000,0.0000,0.0000,0.0000,0.0000,0.0000,179.9981,-0.0020,179.9084
3.6227,approaching,0.0000,0.0000,0.0000,0.0000,0.0000,0.0000,179.9980,-0.0021,179.9083
3.6333,approaching,0.0000,0.0000,0.0000,0.0000,0.0000,0.0000,179.9980,-0.0021,179.9083
3.6427,approaching,0.0000,0.0000,0.0000,0.0000,0.0000,0.0000,179.9989,-0.0002,179.9083
3.6526,approaching,0.0000,0.0000,0.0000,0.0000,0.0000,0.0000,179.9988,-0.0003,179.9082
3.6627,approaching,0.0000,0.0000,0.0000,0.0000,0.0000,0.0000,179.9988,-0.0003,179.9082
3.6728,approaching,0.0000,0.0000,0.0000,0.0000,0.0000,0.0000,179.9988,-0.0003,179.9082
3.6828,approaching,0.0000,0.0000,0.0000,0.0000,0.0000,0.0000,179.9988,-0.0004,179.9082
3.6927,approaching,0.0000,0.0000,0.0000,0.0000,0.0000,0.0000,179.9988,-0.0004,179.9082
3.7026,approaching,0.0000,0.0000,0.0000,0.0000,0.0000,0.0000,179.9987,-0.0006,179.9087
3.7126,approaching,0.0000,0.0000,0.0000,0.0000,0.0000,0.0000,179.9987,-0.0006,179.9086
3.7242,approaching,0.0000,0.0000,0.0000,0.0000,0.0000,0.0000,179.9987,-0.0006,179.9086
3.7327,approaching,0.0000,0.0000,0.0000,0.0000,0.0000,0.0000,179.9988,-0.0002,179.9086
3.7426,approaching,0.0000,0.0000,0.0000,0.0000,0.0000,0.0000,179.9988,-0.0003,179.9086
3.7527,approaching,0.0000,0.0000,0.0000,0.0000,0.0000,0.0000,179.9988,-0.0003,179.9086
3.7644,approaching,0.0000,0.0000,0.0000,0.0000,0.0000,0.0000,179.9989,-0.0000,179.9086
3.7734,approaching,0.0000,0.0000,0.0000,0.0000,0.0000,0.0000,179.9987,-0.0004,179.9085
3.7827,approaching,0.0000,0.0000,0.0000,0.0000,0.0000,0.0000,179.9987,-0.0004,179.9085
3.7926,approaching,0.0000,0.0000,0.0000,0.0000,0.0000,0.0000,179.9986,-0.0006,179.9085
3.8027,approaching,0.0000,0.0000,0.0000,0.0000,0.0000,0.0000,179.9986,-0.0006,179.9085
3.8129,approaching,0.0000,0.0000,0.0000,0.0000,0.0000,0.0000,179.9986,-0.0006,179.9085
3.8236,approaching,0.0000,0.0000,0.0000,0.0000,0.0000,0.0000,179.9986,-0.0007,179.9084
3.8326,approaching,0.0000,0.0000,0.0000,0.0000,0.0000,0.0000,179.9986,-0.0007,179.9084
3.8427,approaching,0.0000,0.0000,0.0000,0.0000,0.0000,0.0000,179.9986,-0.0007,179.9084
3.8539,approaching,0.0000,0.0000,0.0000,0.0000,0.0000,0.0000,179.9988,-0.0002,179.9084
3.8626,approaching,0.0000,0.0000,0.0000,0.0000,0.0000,0.0000,179.9984,-0.0011,179.9083
3.8735,approaching,0.0000,0.0000,0.0000,0.0000,0.0000,0.0000,179.9984,-0.0011,179.9083
3.8828,approaching,0.0000,0.0000,0.0000,0.0000,0.0000,0.0000,179.9985,-0.0008,179.9083
3.8927,approaching,0.0000,0.0000,0.0000,0.0000,0.0000,0.0000,179.9983,-0.0012,179.9082
3.9029,approaching,0.0000,0.0000,0.0000,0.0000,0.0000,0.0000,179.9983,-0.0012,179.9082
3.9131,approaching,0.0000,0.0000,0.0000,0.0000,0.0000,0.0000,179.9985,-0.0007,179.9082
3.9229,approaching,0.0000,0.0000,0.0000,0.0000,0.0000,0.0000,179.9993,0.0010,179.9082
3.9327,approaching,0.0000,0.0000,0.0000,0.0000,0.0000,0.0000,179.9993,0.0010,179.9082
3.9435,approaching,0.0000,0.0000,0.0000,0.0000,0.0000,0.0000,179.9993,0.0011,179.9081
3.9527,approaching,0.0000,0.0000,0.0000,0.0000,0.0000,0.0000,179.9989,0.0001,179.9081
3.9627,approaching,0.0000,0.0000,0.0000,0.0000,0.0000,0.0000,179.9989,0.0001,179.9081
3.9728,approaching,0.0000,0.0000,0.0000,0.0000,0.0000,0.0000,179.9987,-0.0003,179.9081
3.9826,approaching,0.0000,0.0000,0.0000,0.0000,0.0000,0.0000,179.9985,-0.0007,179.9080
3.9929,approaching,0.0000,0.0000,0.0000,0.0000,0.0000,0.0000,179.9985,-0.0007,179.9080
4.0027,approaching,0.0000,0.0000,0.0000,0.0000,0.0000,0.0000,179.9986,-0.0005,179.9080
4.0126,approaching,0.0000,0.0000,0.0000,0.0000,0.0000,0.0000,179.9984,-0.0008,179.9080
4.0232,approaching,0.0000,0.0000,0.0000,0.0000,0.0000,0.0000,179.9984,-0.0008,179.9080
4.0341,approaching,0.0000,0.0000,0.0000,0.0000,0.0000,0.0000,179.9987,-0.0002,179.9079
4.0426,approaching,0.0000,0.0000,0.0000,0.0000,0.0000,0.0000,179.9988,0.0001,179.9079
4.0526,approaching,0.0000,0.0000,0.0000,0.0000,0.0000,0.0000,179.9988,0.0001,179.9079
4.0630,approaching,0.0000,0.0000,0.0000,0.0000,0.0000,0.0000,179.9987,-0.0001,179.9084
4.0735,approaching,0.0000,0.0000,0.0000,0.0000,0.0000,0.0000,179.9986,-0.0005,179.9084
4.0828,approaching,0.0000,0.0000,0.0000,0.0000,0.0000,0.0000,179.9986,-0.0005,179.9084
4.0927,approaching,0.0000,0.0000,0.0000,0.0000,0.0000,0.0000,179.9986,-0.0005,179.9084
4.1026,approaching,0.0000,0.0000,0.0000,0.0000,0.0000,0.0000,179.9987,-0.0002,179.9083
4.1127,approaching,0.0000,0.0000,0.0000,0.0000,0.0000,0.0000,179.9987,-0.0002,179.9083
4.1233,approaching,0.0000,0.0000,0.0000,0.0000,0.0000,0.0000,179.9992,-0.0004,179.9083
4.1326,approaching,0.0000,0.0000,0.0000,0.0000,0.0000,0.0000,179.9991,-0.0006,179.9083
4.1427,approaching,0.0000,0.0000,0.0000,0.0000,0.0000,0.0000,179.9991,-0.0006,179.9083
4.1527,approaching,0.0000,0.0000,0.0000,0.0000,0.0000,0.0000,179.9995,0.0004,179.9082
4.1626,approaching,0.0000,0.0000,0.0000,0.0000,0.0000,0.0000,179.9995,0.0003,179.9082
4.1739,approaching,0.0000,0.0000,0.0000,0.0000,0.0000,0.0000,179.9995,0.0003,179.9082
4.1827,approaching,0.0000,0.0000,0.0000,0.0000,0.0000,0.0000,179.9993,-0.0000,179.9081
4.1926,approaching,0.0000,0.0000,0.0000,0.0000,0.0000,0.0000,179.9994,0.0003,179.9086
4.2027,approaching,0.0000,0.0000,0.0000,0.0000,0.0000,0.0000,179.9994,0.0003,179.9086
4.2140,approaching,0.0000,0.0000,0.0000,0.0000,0.0000,0.0000,179.9994,0.0003,179.9086
4.2227,approaching,0.0000,0.0000,0.0000,0.0000,0.0000,0.0000,179.9995,0.0004,179.9086
4.2327,approaching,0.0000,0.0000,0.0000,0.0000,0.0000,0.0000,179.9995,0.0004,179.9086
4.2428,approaching,0.0000,0.0000,0.0000,0.0000,0.0000,0.0000,179.9994,0.0003,179.9086
4.2531,approaching,0.0000,0.0000,0.0000,0.0000,0.0000,0.0000,179.9993,0.0001,179.9085
4.2628,approaching,0.0000,0.0000,0.0000,0.0000,0.0000,0.0000,179.9993,0.0001,179.9085
4.2735,approaching,0.0000,0.0000,0.0000,0.0000,0.0000,0.0000,179.9993,0.0001,179.9085
4.2827,approaching,0.0000,0.0000,0.0000,0.0000,0.0000,0.0000,179.9987,-0.0013,179.9084
4.2931,approaching,0.0000,0.0000,0.0000,0.0000,0.0000,0.0000,179.9987,-0.0013,179.9084
4.3028,approaching,0.0000,0.0000,0.0000,0.0000,0.0000,0.0000,179.9992,-0.0002,179.9084
4.3126,approaching,0.0000,0.0000,0.0000,0.0000,0.0000,0.0000,179.9991,-0.0004,179.9084
4.3229,approaching,0.0000,0.0000,0.0000,0.0000,0.0000,0.0000,179.9991,-0.0004,179.9084
4.3327,approaching,0.0000,0.0000,0.0000,0.0000,0.0000,0.0000,179.9990,-0.0007,179.9083
4.3427,approaching,0.0000,0.0000,0.0000,0.0000,0.0000,0.0000,179.9996,-0.0006,179.9083
4.3527,approaching,0.0000,0.0000,0.0000,0.0000,0.0000,0.0000,179.9996,-0.0006,179.9083
4.3627,approaching,0.0000,0.0000,0.0000,0.0000,0.0000,0.0000,179.9991,-0.0016,179.9083
4.3727,approaching,0.0000,0.0000,0.0000,0.0000,0.0000,0.0000,179.9988,-0.0022,179.9082
4.3837,approaching,0.0000,0.0000,0.0000,0.0000,0.0000,0.0000,179.9988,-0.0022,179.9082
4.3926,approaching,0.0000,0.0000,0.0000,0.0000,0.0000,0.0000,179.9991,-0.0016,179.9082
4.4026,approaching,0.0000,0.0000,0.0000,0.0000,0.0000,0.0000,179.9987,-0.0026,179.9082
4.4127,approaching,0.0000,0.0000,0.0000,0.0000,0.0000,0.0000,179.9987,-0.0026,179.9082
4.4235,approaching,0.0000,0.0000,0.0000,0.0000,0.0000,0.0000,179.9988,-0.0023,179.9081
4.4327,approaching,0.0000,0.0000,0.0000,0.0000,0.0000,0.0000,179.9990,-0.0019,179.9081
4.4426,approaching,0.0000,0.0000,0.0000,0.0000,0.0000,0.0000,179.9990,-0.0019,179.9081
4.4526,approaching,0.0000,0.0000,0.0000,0.0000,0.0000,0.0000,179.9990,-0.0019,179.9081
4.4627,approaching,0.0000,0.0000,0.0000,0.0000,0.0000,0.0000,179.9987,-0.0026,179.9081
4.4739,approaching,0.0000,0.0000,0.0000,0.0000,0.0000,0.0000,179.9987,-0.0026,179.9081
4.4828,approaching,0.0000,0.0000,0.0000,0.0000,0.0000,0.0000,179.9988,-0.0022,179.9080
4.4926,approaching,0.0000,0.0000,0.0000,0.0000,0.0000,0.0000,179.9987,-0.0024,179.9080
4.5027,approaching,0.0000,0.0000,0.0000,0.0000,0.0000,0.0000,179.9987,-0.0024,179.9080
4.5132,approaching,0.0000,0.0000,0.0000,0.0000,0.0000,0.0000,179.9988,-0.0023,179.9079
4.5231,approaching,0.0000,0.0000,0.0000,0.0000,0.0000,0.0000,179.9991,-0.0015,179.9079
4.5326,approaching,0.0000,0.0000,0.0000,0.0000,0.0000,0.0000,179.9991,-0.0015,179.9079
4.5426,approaching,0.0000,0.0000,0.0000,0.0000,0.0000,0.0000,179.9991,-0.0015,179.9082
4.5527,approaching,0.0000,0.0000,0.0000,0.0000,0.0000,0.0000,179.9989,-0.0020,179.9082
4.5632,approaching,0.0000,0.0000,0.0000,0.0000,0.0000,0.0000,179.9989,-0.0020,179.9082
4.5738,approaching,0.0000,0.0000,0.0000,0.0000,0.0000,0.0000,179.9991,-0.0015,179.9078
4.5826,approaching,0.0000,0.0000,0.0000,0.0000,0.0000,0.0000,179.9994,-0.0008,179.9077
4.5927,approaching,0.0000,0.0000,0.0000,0.0000,0.0000,0.0000,179.9994,-0.0008,179.9077
4.6027,approaching,0.0000,0.0000,0.0000,0.0000,0.0000,0.0000,179.9993,-0.0010,179.9077
4.6128,approaching,0.0000,0.0000,0.0000,0.0000,0.0000,0.0000,179.9992,-0.0012,179.9086
4.6231,approaching,0.0000,0.0000,0.0000,0.0000,0.0000,0.0000,179.9992,-0.0012,179.9086
4.6327,approaching,0.0000,0.0000,0.0000,0.0000,0.0000,0.0000,179.9993,-0.0010,179.9086
4.6428,approaching,0.0000,0.0000,0.0000,0.0000,0.0000,0.0000,179.9994,-0.0007,179.9085
4.6527,approaching,0.0000,0.0000,0.0000,0.0000,0.0000,0.0000,179.9994,-0.0007,179.9085
4.6634,approaching,0.0000,0.0000,0.0000,0.0000,0.0000,0.0000,179.9992,-0.0011,179.9085
4.6730,approaching,0.0000,0.0000,0.0000,0.0000,0.0000,0.0000,179.9994,-0.0006,179.9084
4.6827,approaching,0.0000,0.0000,0.0000,0.0000,0.0000,0.0000,179.9994,-0.0006,179.9084
4.6928,approaching,0.0000,0.0000,0.0000,0.0000,0.0000,0.0000,179.9995,-0.0003,179.9080
4.7026,approaching,0.0000,0.0000,0.0000,0.0000,0.0000,0.0000,179.9995,-0.0004,179.9086
4.7129,approaching,0.0000,0.0000,0.0000,0.0000,0.0000,0.0000,179.9995,-0.0004,179.9086
4.7227,approaching,0.0000,0.0000,0.0000,0.0000,0.0000,0.0000,179.9990,-0.0015,179.9085
4.7331,approaching,0.0000,0.0000,0.0000,0.0000,0.0000,0.0000,179.9990,-0.0015,179.9085
4.7427,approaching,0.0000,0.0000,0.0000,0.0000,0.0000,0.0000,179.9990,-0.0015,179.9085
4.7530,approaching,0.0000,0.0000,0.0000,0.0000,0.0000,0.0000,179.9994,-0.0007,179.9088
4.7627,approaching,0.0000,0.0000,0.0000,0.0000,0.0000,0.0000,179.9996,-0.0002,179.9088
4.7729,approaching,0.0000,0.0000,0.0000,0.0000,0.0000,0.0000,179.9996,-0.0002,179.9088
4.7827,approaching,0.0000,0.0000,0.0000,0.0000,0.0000,0.0000,179.9990,-0.0015,179.9088
4.7927,approaching,0.0000,0.0000,0.0000,0.0000,0.0000,0.0000,179.9989,-0.0017,179.9088
4.8029,approaching,0.0000,0.0000,0.0000,0.0000,0.0000,0.0000,179.9989,-0.0017,179.9088
4.8127,approaching,0.0000,0.0000,0.0000,0.0000,0.0000,0.0000,179.9990,-0.0016,179.9087
4.8226,approaching,0.0000,0.0000,0.0000,0.0000,0.0000,0.0000,179.9991,-0.0012,179.9087
4.8327,approaching,0.0000,0.0000,0.0000,0.0000,0.0000,0.0000,179.9991,-0.0012,179.9087
4.8431,approaching,0.0000,0.0000,0.0000,0.0000,0.0000,0.0000,179.9987,-0.0020,179.9086
4.8526,approaching,0.0000,0.0000,0.0000,0.0000,0.0000,0.0000,179.9992,-0.0010,179.9086
4.8628,approaching,0.0000,0.0000,0.0000,0.0000,0.0000,0.0000,179.9992,-0.0010,179.9086
4.8727,approaching,0.0000,0.0000,0.0000,0.0000,0.0000,0.0000,179.9991,-0.0011,179.9086
4.8830,approaching,0.0000,0.0000,0.0000,0.0000,0.0000,0.0000,179.9989,-0.0015,179.9086
4.8928,approaching,0.0000,0.0000,0.0000,0.0000,0.0000,0.0000,179.9989,-0.0015,179.9086
4.9027,approaching,0.0000,0.0000,0.0000,0.0000,0.0000,0.0000,179.9991,-0.0012,179.9085
4.9128,approaching,0.0000,0.0000,0.0000,0.0000,0.0000,0.0000,179.9988,-0.0018,179.9085
4.9228,approaching,0.0000,0.0000,0.0000,0.0000,0.0000,0.0000,179.9988,-0.0018,179.9085
4.9328,approaching,0.0000,0.0000,0.0000,0.0000,0.0000,0.0000,179.9986,-0.0022,179.9084
4.9426,approaching,0.0000,0.0000,0.0000,0.0000,0.0000,0.0000,179.9991,-0.0011,179.9084
4.9528,approaching,0.0000,0.0000,0.0000,0.0000,0.0000,0.0000,179.9991,-0.0011,179.9084
4.9627,approaching,0.0000,0.0000,0.0000,0.0000,0.0000,0.0000,179.9991,-0.0010,179.9083
4.9738,approaching,0.0000,0.0000,0.0000,0.0000,0.0000,0.0000,179.9989,-0.0014,179.9083
4.9826,approaching,0.0000,0.0000,0.0000,0.0000,0.0000,0.0000,179.9989,-0.0014,179.9083
4.9929,approaching,0.0000,0.0000,0.0000,0.0000,0.0000,0.0000,179.9993,-0.0006,179.9083
5.0026,approaching,0.0000,0.0000,0.0000,0.0000,0.0000,0.0000,179.9991,-0.0011,179.9082
5.0136,approaching,0.0000,0.0000,0.0000,0.0000,0.0000,0.0000,179.9991,-0.0011,179.9082
5.0228,approaching,0.0000,0.0000,0.0000,0.0000,0.0000,0.0000,179.9991,-0.0010,179.9082
5.0330,approaching,0.0000,0.0000,0.0000,0.0000,0.0000,0.0000,179.9995,-0.0001,179.9082
5.0426,approaching,0.0000,0.0000,0.0000,0.0000,0.0000,0.0000,179.9995,-0.0001,179.9082
5.0526,approaching,0.0000,0.0000,0.0000,0.0000,0.0000,0.0000,179.9990,-0.0012,179.9081
5.0633,approaching,0.0000,0.0000,0.0000,0.0000,0.0000,0.0000,179.9993,-0.0004,179.9081
5.0735,approaching,0.0000,0.0000,0.0000,0.0000,0.0000,0.0000,179.9993,-0.0004,179.9081
5.0831,approaching,0.0000,0.0000,0.0000,0.0000,0.0000,0.0000,179.9997,0.0004,179.9086
5.0940,approaching,0.0000,0.0000,0.0000,0.0000,0.0000,0.0000,179.9995,-0.0001,179.9086
5.1029,approaching,0.0000,0.0000,0.0000,0.0000,0.0000,0.0000,179.9995,-0.0001,179.9086
5.1128,approaching,0.0000,0.0000,0.0000,0.0000,0.0000,0.0000,179.9995,-0.0001,179.9086
5.1230,approaching,0.0000,0.0000,0.0000,0.0000,0.0000,0.0000,179.9997,0.0005,179.9085
5.1326,approaching,0.0000,0.0000,0.0000,0.0000,0.0000,0.0000,179.9997,0.0005,179.9085
5.1427,approaching,0.0000,0.0000,0.0000,0.0000,0.0000,0.0000,179.9996,0.0002,179.9085
5.1531,approaching,0.0000,0.0000,0.0000,0.0000,0.0000,0.0000,179.9997,0.0004,179.9085
5.1627,approaching,0.0000,0.0000,0.0000,0.0000,0.0000,0.0000,179.9997,0.0004,179.9085
5.1731,approaching,0.0000,0.0000,0.0000,0.0000,0.0000,0.0000,179.9996,0.0002,179.9084
5.1828,approaching,0.0000,0.0000,0.0000,0.0000,0.0000,0.0000,179.9996,0.0002,179.9084
5.1925,approaching,0.0000,0.0000,0.0000,0.0000,0.0000,0.0000,179.9996,0.0002,179.9084
5.2035,approaching,0.0000,0.0000,0.0000,0.0000,0.0000,0.0000,179.9997,0.0005,179.9089
5.2126,approaching,0.0000,0.0000,0.0000,0.0000,0.0000,0.0000,179.9993,-0.0003,179.9089
5.2228,approaching,0.0000,0.0000,0.0000,0.0000,0.0000,0.0000,179.9993,-0.0003,179.9089
5.2327,approaching,0.0000,0.0000,0.0000,0.0000,0.0000,0.0000,179.9993,-0.0003,179.9088
5.2429,approaching,0.0000,0.0000,0.0000,0.0000,0.0000,0.0000,179.9997,0.0006,179.9088
5.2529,approaching,0.0000,0.0000,0.0000,0.0000,0.0000,0.0000,179.9997,0.0006,179.9088
5.2625,approaching,0.0000,0.0000,0.0000,0.0000,0.0000,0.0000,179.9993,-0.0004,179.9088
5.2727,approaching,0.0000,0.0000,0.0000,0.0000,0.0000,0.0000,179.9994,-0.0001,179.9087
5.2826,approaching,0.0000,0.0000,0.0000,0.0000,0.0000,0.0000,179.9994,-0.0001,179.9087
5.2931,approaching,0.0000,0.0000,0.0000,0.0000,0.0000,0.0000,179.9996,0.0003,179.9087
5.3026,approaching,0.0000,0.0000,0.0000,0.0000,0.0000,0.0000,179.9994,-0.0001,179.9087
5.3126,approaching,0.0000,0.0000,0.0000,0.0000,0.0000,0.0000,179.9994,-0.0001,179.9087
5.3227,approaching,0.0000,0.0000,0.0000,0.0000,0.0000,0.0000,179.9995,-0.0000,179.9086
5.3337,approaching,0.0000,0.0000,0.0000,0.0000,0.0000,0.0000,179.9994,-0.0001,179.9086
5.3427,approaching,0.0000,0.0000,0.0000,0.0000,0.0000,0.0000,179.9994,-0.0001,179.9086
5.3527,approaching,0.0000,0.0000,0.0000,0.0000,0.0000,0.0000,179.9996,0.0004,179.9086
5.3626,approaching,0.0000,0.0000,0.0000,0.0000,0.0000,0.0000,179.9997,0.0007,179.9085
5.3734,approaching,0.0000,0.0000,0.0000,0.0000,0.0000,0.0000,179.9997,0.0007,179.9085
5.3831,approaching,0.0000,0.0000,0.0000,0.0000,0.0000,0.0000,179.9994,-0.0000,179.9085
5.3926,approaching,0.0000,0.0000,0.0000,0.0000,0.0000,0.0000,179.9992,-0.0005,179.9085
5.4027,approaching,0.0000,0.0000,0.0000,0.0000,0.0000,0.0000,179.9992,-0.0005,179.9085
5.4129,approaching,0.0000,0.0000,0.0000,0.0000,0.0000,0.0000,179.9989,-0.0011,179.9084
5.4231,approaching,0.0000,0.0000,0.0000,0.0000,0.0000,0.0000,179.9989,-0.0011,179.9084
5.4330,approaching,0.0000,0.0000,0.0000,0.0000,0.0000,0.0000,179.9989,-0.0011,179.9084
5.4430,approaching,0.0000,0.0000,0.0000,0.0000,0.0000,0.0000,179.9987,-0.0015,179.9083
5.4529,approaching,0.0000,0.0000,0.0000,0.0000,0.0000,0.0000,179.9987,-0.0014,179.9083
5.4637,approaching,0.0000,0.0000,0.0000,0.0000,0.0000,0.0000,179.9987,-0.0014,179.9083
5.4728,approaching,0.0000,0.0000,0.0000,0.0000,0.0000,0.0000,179.9986,-0.0018,179.9083
5.4826,approaching,0.0000,0.0000,0.0000,0.0000,0.0000,0.0000,179.9986,-0.0018,179.9083
5.4932,approaching,0.0000,0.0000,0.0000,0.0000,0.0000,0.0000,179.9986,-0.0018,179.9083
5.5032,approaching,0.0000,0.0000,0.0000,0.0000,0.0000,0.0000,179.9989,-0.0011,179.9082
5.5126,approaching,0.0000,0.0000,0.0000,0.0000,0.0000,0.0000,179.9987,-0.0015,179.9082
5.5228,approaching,0.0000,0.0000,0.0000,0.0000,0.0000,0.0000,179.9987,-0.0015,179.9082
5.5326,approaching,0.0000,0.0000,0.0000,0.0000,0.0000,0.0000,179.9990,-0.0008,179.9082
5.5425,approaching,0.0000,0.0000,0.0000,0.0000,0.0000,0.0000,179.9987,-0.0014,179.9081
5.5529,approaching,0.0000,0.0000,0.0000,0.0000,0.0000,0.0000,179.9987,-0.0014,179.9081
5.5627,approaching,0.0000,0.0000,0.0000,0.0000,0.0000,0.0000,179.9986,-0.0016,179.9081
5.5727,approaching,0.0000,0.0000,0.0000,0.0000,0.0000,0.0000,179.9984,-0.0022,179.9081
5.5828,approaching,0.0000,0.0000,0.0000,0.0000,0.0000,0.0000,179.9984,-0.0022,179.9081
5.5933,approaching,0.0000,0.0000,0.0000,0.0000,0.0000,0.0000,179.9988,-0.0011,179.9080
5.6045,approaching,0.0000,0.0000,0.0000,0.0000,0.0000,0.0000,179.9988,-0.0011,179.9080
5.6132,approaching,0.0000,0.0000,0.0000,0.0000,0.0000,0.0000,179.9988,-0.0011,179.9080
5.6230,approaching,0.0000,0.0000,0.0000,0.0000,0.0000,0.0000,179.9990,-0.0006,179.9079
5.6328,approaching,0.0000,0.0000,0.0000,0.0000,0.0000,0.0000,179.9989,-0.0009,179.9079
5.6436,approaching,0.0000,0.0000,0.0000,0.0000,0.0000,0.0000,179.9989,-0.0009,179.9079
5.6528,approaching,0.0000,0.0000,0.0000,0.0000,0.0000,0.0000,179.9991,-0.0005,179.9084
5.6626,approaching,0.0000,0.0000,0.0000,0.0000,0.0000,0.0000,179.9992,-0.0002,179.9084
5.6727,approaching,0.0000,0.0000,0.0000,0.0000,0.0000,0.0000,179.9992,-0.0002,179.9084
5.6829,approaching,0.0000,0.0000,0.0000,0.0000,0.0000,0.0000,179.9987,-0.0012,179.9084
5.6931,approaching,0.0000,0.0000,0.0000,0.0000,0.0000,0.0000,179.9991,-0.0004,179.9083
5.7027,approaching,0.0000,0.0000,0.0000,0.0000,0.0000,0.0000,179.9991,-0.0004,179.9083
5.7127,approaching,0.0000,0.0000,0.0000,0.0000,0.0000,0.0000,179.9993,-0.0000,179.9083
5.7226,approaching,0.0000,0.0000,0.0000,0.0000,0.0000,0.0000,179.9990,-0.0005,179.9086
5.7329,approaching,0.0000,0.0000,0.0000,0.0000,0.0000,0.0000,179.9990,-0.0005,179.9086
5.7433,approaching,0.0000,0.0000,0.0000,0.0000,0.0000,0.0000,179.9989,-0.0009,179.9091
5.7526,approaching,0.0000,0.0000,0.0000,0.0000,0.0000,0.0000,179.9984,-0.0019,179.9091
5.7627,approaching,0.0000,0.0000,0.0000,0.0000,0.0000,0.0000,179.9984,-0.0019,179.9091
5.7727,approaching,0.0000,0.0000,0.0000,0.0000,0.0000,0.0000,179.9986,-0.0015,179.9091
5.7830,approaching,0.0000,0.0000,0.0000,0.0000,0.0000,0.0000,179.9987,-0.0013,179.9090
5.7927,approaching,0.0000,0.0000,0.0000,0.0000,0.0000,0.0000,179.9987,-0.0013,179.9090
5.8026,approaching,0.0000,0.0000,0.0000,0.0000,0.0000,0.0000,179.9987,-0.0012,179.9090
5.8126,approaching,0.0000,0.0000,0.0000,0.0000,0.0000,0.0000,179.9987,-0.0012,179.9089
5.8231,approaching,0.0000,0.0000,0.0000,0.0000,0.0000,0.0000,179.9987,-0.0012,179.9089
5.8327,approaching,0.0000,0.0000,0.0000,0.0000,0.0000,0.0000,179.9987,-0.0012,179.9089
5.8426,approaching,0.0000,0.0000,0.0000,0.0000,0.0000,0.0000,179.9986,-0.0013,179.9089
5.8527,approaching,0.0000,0.0000,0.0000,0.0000,0.0000,0.0000,179.9986,-0.0013,179.9089
5.8628,approaching,0.0000,0.0000,0.0000,0.0000,0.0000,0.0000,179.9986,-0.0013,179.9089
5.8729,approaching,0.0000,0.0000,0.0000,0.0000,0.0000,0.0000,179.9989,-0.0008,179.9088
5.8829,approaching,0.0000,0.0000,0.0000,0.0000,0.0000,0.0000,179.9989,-0.0008,179.9088
5.8930,approaching,0.0000,0.0000,0.0000,0.0000,0.0000,0.0000,179.9987,-0.0012,179.9088
5.9029,approaching,0.0000,0.0000,0.0000,0.0000,0.0000,0.0000,179.9987,-0.0011,179.9088
5.9135,approaching,0.0000,0.0000,0.0000,0.0000,0.0000,0.0000,179.9987,-0.0011,179.9088
5.9232,approaching,0.0000,0.0000,0.0000,0.0000,0.0000,0.0000,179.9985,-0.0015,179.9087
5.9329,approaching,0.0000,0.0000,0.0000,0.0000,0.0000,0.0000,179.9982,-0.0022,179.9087
5.9430,approaching,0.0000,0.0000,0.0000,0.0000,0.0000,0.0000,179.9982,-0.0022,179.9087
5.9535,approaching,0.0000,0.0000,0.0000,0.0000,0.0000,0.0000,179.9984,-0.0018,179.9087
5.9630,approaching,0.0000,0.0000,0.0000,0.0000,0.0000,0.0000,179.9982,-0.0023,179.9086
5.9729,approaching,0.0000,0.0000,0.0000,0.0000,0.0000,0.0000,179.9982,-0.0023,179.9086
5.9827,approaching,0.0000,0.0000,0.0000,0.0000,0.0000,0.0000,179.9980,-0.0025,179.9086
5.9927,approaching,0.0000,0.0000,0.0000,0.0000,0.0000,0.0000,179.9981,-0.0024,179.9082
6.0028,approaching,0.0000,0.0000,0.0000,0.0000,0.0000,0.0000,179.9981,-0.0024,179.9082
6.0130,approaching,0.0000,0.0000,0.0000,0.0000,0.0000,0.0000,179.9986,-0.0013,179.9085
6.0229,approaching,0.0000,0.0000,0.0000,0.0000,0.0000,0.0000,179.9989,-0.0006,179.9085
6.0332,approaching,0.0000,0.0000,0.0000,0.0000,0.0000,0.0000,179.9989,-0.0006,179.9085
6.0436,approaching,0.0000,0.0000,0.0000,0.0000,0.0000,0.0000,179.9985,-0.0014,179.9084
6.0527,approaching,0.0000,0.0000,0.0000,0.0000,0.0000,0.0000,179.9984,-0.0016,179.9084
6.0630,approaching,0.0000,0.0000,0.0000,0.0000,0.0000,0.0000,179.9984,-0.0016,179.9084
6.0731,approaching,0.0000,0.0000,0.0000,0.0000,0.0000,0.0000,179.9985,-0.0014,179.9084
6.0831,approaching,0.0000,0.0000,0.0000,0.0000,0.0000,0.0000,179.9988,-0.0007,179.9083
6.0941,approaching,0.0000,0.0000,0.0000,0.0000,0.0000,0.0000,179.9988,-0.0007,179.9083
6.1029,approaching,0.0000,0.0000,0.0000,0.0000,0.0000,0.0000,179.9989,-0.0006,179.9088
6.1126,approaching,0.0000,0.0000,0.0000,0.0000,0.0000,0.0000,179.9988,-0.0006,179.9088
6.1226,approaching,0.0000,0.0000,0.0000,0.0000,0.0000,0.0000,179.9988,-0.0006,179.9088
6.1332,approaching,0.0000,0.0000,0.0000,0.0000,0.0000,0.0000,179.9991,-0.0001,179.9088
6.1430,approaching,0.0000,0.0000,0.0000,0.0000,0.0000,0.0000,179.9991,-0.0001,179.9088
6.1529,approaching,0.0000,0.0000,0.0000,0.0000,0.0000,0.0000,179.9991,-0.0001,179.9088
6.1629,approaching,0.0000,0.0000,0.0000,0.0000,0.0000,0.0000,179.9989,-0.0004,179.9087
6.1726,approaching,0.0000,0.0000,0.0000,0.0000,0.0000,0.0000,179.9990,-0.0002,179.9087
6.1833,approaching,0.0000,0.0000,0.0000,0.0000,0.0000,0.0000,179.9990,-0.0002,179.9087
6.1927,approaching,0.0000,0.0000,0.0000,0.0000,0.0000,0.0000,179.9990,-0.0002,179.9087
6.2029,approaching,0.0000,0.0000,0.0000,0.0000,0.0000,0.0000,179.9989,-0.0004,179.9086
6.2132,approaching,0.0000,0.0000,0.0000,0.0000,0.0000,0.0000,179.9989,-0.0004,179.9086
6.2229,approaching,0.0000,0.0000,0.0000,0.0000,0.0000,0.0000,179.9992,0.0003,179.9086
6.2327,approaching,0.0000,0.0000,0.0000,0.0000,0.0000,0.0000,179.9988,-0.0006,179.9085
6.2430,approaching,0.0000,0.0000,0.0000,0.0000,0.0000,0.0000,179.9988,-0.0006,179.9085
6.2530,approaching,0.0000,0.0000,0.0000,0.0000,0.0000,0.0000,179.9990,-0.0001,179.9091
6.2628,approaching,0.0000,0.0000,0.0000,0.0000,0.0000,0.0000,179.9993,0.0005,179.9090
6.2741,approaching,0.0000,0.0000,0.0000,0.0000,0.0000,0.0000,179.9993,0.0005,179.9090
6.2835,approaching,0.0000,0.0000,0.0000,0.0000,0.0000,0.0000,179.9990,-0.0002,179.9090
6.2930,approaching,0.0000,0.0000,0.0000,0.0000,0.0000,0.0000,179.9992,0.0004,179.9090
6.3029,approaching,0.0000,0.0000,0.0000,0.0000,0.0000,0.0000,179.9992,0.0004,179.9090
6.3135,approaching,0.0000,0.0000,0.0000,0.0000,0.0000,0.0000,179.9991,0.0002,179.9089
6.3230,approaching,0.0000,0.0000,0.0000,0.0000,0.0000,0.0000,179.9991,0.0001,179.9089
6.3327,approaching,0.0000,0.0000,0.0000,0.0000,0.0000,0.0000,179.9991,0.0001,179.9089
6.3426,approaching,0.0000,0.0000,0.0000,0.0000,0.0000,0.0000,179.9987,-0.0008,179.9088
6.3526,approaching,0.0000,0.0000,0.0000,0.0000,0.0000,0.0000,179.9988,-0.0004,179.9088
6.3637,approaching,0.0000,0.0000,0.0000,0.0000,0.0000,0.0000,179.9988,-0.0004,179.9088
6.3733,approaching,0.0000,0.0000,0.0000,0.0000,0.0000,0.0000,179.9987,-0.0007,179.9088
6.3826,approaching,0.0000,0.0000,0.0000,0.0000,0.0000,0.0000,179.9990,-0.0000,179.9087
6.3926,approaching,0.0000,0.0000,0.0000,0.0000,0.0000,0.0000,179.9990,-0.0000,179.9087
6.4027,approaching,0.0000,0.0000,0.0000,0.0000,0.0000,0.0000,179.9994,0.0009,179.9087
6.4136,approaching,0.0000,0.0000,0.0000,0.0000,0.0000,0.0000,179.9990,0.0001,179.9087
6.4229,approaching,0.0000,0.0000,0.0000,0.0000,0.0000,0.0000,179.9990,0.0001,179.9087
6.4327,approaching,0.0000,0.0000,0.0000,0.0000,0.0000,0.0000,179.9988,-0.0003,179.9086
6.4426,approaching,0.0000,0.0000,0.0000,0.0000,0.0000,0.0000,179.9987,-0.0005,179.9086
6.4535,approaching,0.0000,0.0000,0.0000,0.0000,0.0000,0.0000,179.9987,-0.0005,179.9086
6.4632,approaching,0.0000,0.0000,0.0000,0.0000,0.0000,0.0000,179.9990,0.0001,179.9086
6.4726,approaching,0.0000,0.0000,0.0000,0.0000,0.0000,0.0000,179.9990,0.0001,179.9085
6.4826,approaching,0.0000,0.0000,0.0000,0.0000,0.0000,0.0000,179.9990,0.0001,179.9085
6.4930,approaching,0.0000,0.0000,0.0000,0.0000,0.0000,0.0000,179.9993,0.0007,179.9085
6.5030,approaching,0.0000,0.0000,0.0000,0.0000,0.0000,0.0000,179.9998,0.0006,179.9084
6.5129,approaching,0.0000,0.0000,0.0000,0.0000,0.0000,0.0000,179.9998,0.0006,179.9084
6.5233,approaching,0.0000,0.0000,0.0000,0.0000,0.0000,0.0000,179.9998,0.0006,179.9084
6.5326,approaching,0.0000,0.0000,0.0000,0.0000,0.0000,0.0000,179.9996,-0.0000,179.9084
6.5433,approaching,0.0000,0.0000,0.0000,0.0000,0.0000,0.0000,179.9996,-0.0000,179.9084
6.5531,approaching,0.0000,0.0000,0.0000,0.0000,0.0000,0.0000,179.9993,-0.0006,179.9084
6.5626,approaching,0.0000,0.0000,0.0000,0.0000,0.0000,0.0000,179.9997,0.0003,179.9083
6.5727,approaching,0.0000,0.0000,0.0000,0.0000,0.0000,0.0000,179.9997,0.0003,179.9083
6.5841,approaching,0.0000,0.0000,0.0000,0.0000,0.0000,0.0000,179.9998,0.0005,179.9083
6.5931,approaching,0.0000,0.0000,0.0000,0.0000,0.0000,0.0000,179.9997,0.0003,179.9083
6.6026,approaching,0.0000,0.0000,0.0000,0.0000,0.0000,0.0000,179.9997,0.0003,179.9083
6.6126,approaching,0.0000,0.0000,0.0000,0.0000,0.0000,0.0000,179.9993,-0.0004,179.9082
6.6226,approaching,0.0000,0.0000,0.0000,0.0000,0.0000,0.0000,179.9989,-0.0013,179.9082
6.6335,approaching,0.0000,0.0000,0.0000,0.0000,0.0000,0.0000,179.9989,-0.0013,179.9082
6.6428,approaching,0.0000,0.0000,0.0000,0.0000,0.0000,0.0000,179.9987,-0.0017,179.9082
6.6527,approaching,0.0000,0.0000,0.0000,0.0000,0.0000,0.0000,179.9987,-0.0019,179.9087
6.6626,approaching,0.0000,0.0000,0.0000,0.0000,0.0000,0.0000,179.9987,-0.0019,179.9087
6.6728,approaching,0.0000,0.0000,0.0000,0.0000,0.0000,0.0000,179.9988,-0.0015,179.9087
6.6837,approaching,0.0000,0.0000,0.0000,0.0000,0.0000,0.0000,179.9992,-0.0007,179.9086
6.6927,approaching,0.0000,0.0000,0.0000,0.0000,0.0000,0.0000,179.9992,-0.0007,179.9086
6.7027,approaching,0.0000,0.0000,0.0000,0.0000,0.0000,0.0000,179.9994,-0.0002,179.9086
6.7126,approaching,0.0000,0.0000,0.0000,0.0000,0.0000,0.0000,179.9995,-0.0000,179.9085
6.7232,approaching,0.0000,0.0000,0.0000,0.0000,0.0000,0.0000,179.9995,-0.0000,179.9085
6.7328,approaching,0.0000,0.0000,0.0000,0.0000,0.0000,0.0000,179.9989,-0.0014,179.9085
6.7427,approaching,0.0000,0.0000,0.0000,0.0000,0.0000,0.0000,179.9986,-0.0019,179.9085
6.7527,approaching,0.0000,0.0000,0.0000,0.0000,0.0000,0.0000,179.9986,-0.0019,179.9085
6.7629,approaching,0.0000,0.0000,0.0000,0.0000,0.0000,0.0000,179.9987,-0.0016,179.9090
6.7733,approaching,0.0000,0.0000,0.0000,0.0000,0.0000,0.0000,179.9992,-0.0007,179.9090
6.7829,approaching,0.0000,0.0000,0.0000,0.0000,0.0000,0.0000,179.9992,-0.0007,179.9090
6.7931,approaching,0.0000,0.0000,0.0000,0.0000,0.0000,0.0000,179.9993,-0.0004,179.9089
6.8029,approaching,0.0000,0.0000,0.0000,0.0000,0.0000,0.0000,179.9993,-0.0003,179.9089
6.8134,approaching,0.0000,0.0000,0.0000,0.0000,0.0000,0.0000,179.9993,-0.0003,179.9089
6.8232,approaching,0.0000,0.0000,0.0000,0.0000,0.0000,0.0000,179.9995,-0.0000,179.9088
6.8329,approaching,0.0000,0.0000,0.0000,0.0000,0.0000,0.0000,179.9991,-0.0009,179.9088
6.8429,approaching,0.0000,0.0000,0.0000,0.0000,0.0000,0.0000,179.9991,-0.0009,179.9088
6.8542,approaching,0.0000,0.0000,0.0000,0.0000,0.0000,0.0000,179.9991,-0.0009,179.9088
6.8629,approaching,0.0000,0.0000,0.0000,0.0000,0.0000,0.0000,179.9984,-0.0024,179.9087
6.8735,approaching,0.0000,0.0000,0.0000,0.0000,0.0000,0.0000,179.9984,-0.0024,179.9087
6.8834,approaching,0.0000,0.0000,0.0000,0.0000,0.0000,0.0000,179.9986,-0.0020,179.9087
6.8929,approaching,0.0000,0.0000,0.0000,0.0000,0.0000,0.0000,179.9986,-0.0020,179.9087
6.9029,approaching,0.0000,0.0000,0.0000,0.0000,0.0000,0.0000,179.9986,-0.0020,179.9087
6.9127,approaching,0.0000,0.0000,0.0000,0.0000,0.0000,0.0000,179.9990,-0.0010,179.9086
6.9227,approaching,0.0000,0.0000,0.0000,0.0000,0.0000,0.0000,179.9987,-0.0017,179.9086
6.9326,approaching,0.0000,0.0000,0.0000,0.0000,0.0000,0.0000,179.9987,-0.0017,179.9086
6.9436,approaching,0.0000,0.0000,0.0000,0.0000,0.0000,0.0000,179.9990,-0.0009,179.9086
6.9527,approaching,0.0000,0.0000,0.0000,0.0000,0.0000,0.0000,179.9990,-0.0010,179.9086
6.9626,approaching,0.0000,0.0000,0.0000,0.0000,0.0000,0.0000,179.9990,-0.0010,179.9086
6.9733,approaching,0.0000,0.0000,0.0000,0.0000,0.0000,0.0000,179.9992,-0.0004,179.9085
6.9828,approaching,0.0000,0.0000,0.0000,0.0000,0.0000,0.0000,179.9991,-0.0006,179.9085
6.9932,approaching,0.0000,0.0000,0.0000,0.0000,0.0000,0.0000,179.9991,-0.0006,179.9085
7.0027,approaching,0.0000,0.0000,0.0000,0.0000,0.0000,0.0000,179.9991,-0.0006,179.9085
7.0127,approaching,0.0000,0.0000,0.0000,0.0000,0.0000,0.0000,179.9989,-0.0012,179.9084
7.0226,approaching,0.0000,0.0000,0.0000,0.0000,0.0000,0.0000,179.9989,-0.0012,179.9084
7.0328,approaching,0.0000,0.0000,0.0000,0.0000,0.0000,0.0000,179.9991,-0.0006,179.9084
7.0426,approaching,0.0000,0.0000,0.0000,0.0000,0.0000,0.0000,179.9994,-0.0000,179.9084
7.0528,approaching,0.0000,0.0000,0.0000,0.0000,0.0000,0.0000,179.9994,-0.0000,179.9084
7.0627,approaching,0.0000,0.0000,0.0000,0.0000,0.0000,0.0000,179.9992,-0.0004,179.9083
7.0737,approaching,0.0000,0.0000,0.0000,0.0000,0.0000,0.0000,179.9991,-0.0006,179.9083
7.0827,approaching,0.0000,0.0000,0.0000,0.0000,0.0000,0.0000,179.9991,-0.0006,179.9083
7.0928,approaching,0.0000,0.0000,0.0000,0.0000,0.0000,0.0000,179.9990,-0.0008,179.9082
7.1030,approaching,0.0000,0.0000,0.0000,0.0000,0.0000,0.0000,179.9984,-0.0021,179.9082
7.1134,approaching,0.0000,0.0000,0.0000,0.0000,0.0000,0.0000,179.9984,-0.0021,179.9082
7.1233,approaching,0.0000,0.0000,0.0000,0.0000,0.0000,0.0000,179.9987,-0.0014,179.9082
7.1326,approaching,0.0000,0.0000,0.0000,0.0000,0.0000,0.0000,179.9988,-0.0012,179.9081
7.1426,approaching,0.0000,0.0000,0.0000,0.0000,0.0000,0.0000,179.9988,-0.0012,179.9081
7.1526,approaching,0.0000,0.0000,0.0000,0.0000,0.0000,0.0000,179.9989,-0.0010,179.9081
7.1633,approaching,0.0000,0.0000,0.0000,0.0000,0.0000,0.0000,179.9989,-0.0010,179.9086
7.1727,approaching,0.0000,0.0000,0.0000,0.0000,0.0000,0.0000,179.9989,-0.0010,179.9086
7.1827,approaching,0.0000,0.0000,0.0000,0.0000,0.0000,0.0000,179.9987,-0.0013,179.9086
7.1926,approaching,0.0000,0.0000,0.0000,0.0000,0.0000,0.0000,179.9985,-0.0019,179.9085
7.2029,approaching,0.0000,0.0000,0.0000,0.0000,0.0000,0.0000,179.9985,-0.0019,179.9085
7.2128,approaching,0.0000,0.0000,0.0000,0.0000,0.0000,0.0000,179.9984,-0.0020,179.9085
7.2226,approaching,0.0000,0.0000,0.0000,0.0000,0.0000,0.0000,179.9988,-0.0012,179.9085
7.2327,approaching,0.0000,0.0000,0.0000,0.0000,0.0000,0.0000,179.9988,-0.0012,179.9085
7.2432,approaching,0.0000,0.0000,0.0000,0.0000,0.0000,0.0000,179.9991,-0.0005,179.9084
7.2538,approaching,0.0000,0.0000,0.0000,0.0000,0.0000,0.0000,179.9991,-0.0005,179.9084
7.2629,approaching,0.0000,0.0000,0.0000,0.0000,0.0000,0.0000,179.9991,-0.0005,179.9084
7.2726,approaching,0.0000,0.0000,0.0000,0.0000,0.0000,0.0000,179.9994,0.0002,179.9089
7.2826,approaching,0.0000,0.0000,0.0000,0.0000,0.0000,0.0000,179.9987,-0.0014,179.9089
7.2932,approaching,0.0000,0.0000,0.0000,0.0000,0.0000,0.0000,179.9987,-0.0014,179.9089
7.3049,approaching,0.0000,0.0000,0.0000,0.0000,0.0000,0.0000,179.9981,-0.0026,179.9088
7.3126,approaching,0.0000,0.0000,0.0000,0.0000,0.0000,0.0000,179.9985,-0.0017,179.9088
7.3227,approaching,0.0000,0.0000,0.0000,0.0000,0.0000,0.0000,179.9985,-0.0017,179.9088
7.3328,approaching,0.0000,0.0000,0.0000,0.0000,0.0000,0.0000,179.9989,-0.0009,179.9088
7.3439,approaching,0.0000,0.0000,0.0000,0.0000,0.0000,0.0000,179.9993,-0.0000,179.9087
7.3527,approaching,0.0000,0.0000,0.0000,0.0000,0.0000,0.0000,179.9993,-0.0000,179.9087
7.3627,approaching,0.0000,0.0000,0.0000,0.0000,0.0000,0.0000,179.9989,-0.0007,179.9087
7.3726,approaching,0.0000,0.0000,0.0000,0.0000,0.0000,0.0000,179.9989,-0.0007,179.9087
7.3833,approaching,0.0000,0.0000,0.0000,0.0000,0.0000,0.0000,179.9989,-0.0007,179.9087
7.3931,approaching,0.0000,0.0000,0.0000,0.0000,0.0000,0.0000,179.9989,-0.0008,179.9087
7.4028,approaching,0.0000,0.0000,0.0000,0.0000,0.0000,0.0000,179.9984,-0.0018,179.9086
7.4130,approaching,0.0000,0.0000,0.0000,0.0000,0.0000,0.0000,179.9984,-0.0018,179.9086
7.4229,approaching,0.0000,0.0000,0.0000,0.0000,0.0000,0.0000,179.9981,-0.0026,179.9086
7.4334,approaching,0.0000,0.0000,0.0000,0.0000,0.0000,0.0000,179.9984,-0.0018,179.9086
7.4426,approaching,0.0000,0.0000,0.0000,0.0000,0.0000,0.0000,179.9984,-0.0018,179.9086
7.4527,approaching,0.0000,0.0000,0.0000,0.0000,0.0000,0.0000,179.9988,-0.0009,179.9085
7.4626,approaching,0.0000,0.0000,0.0000,0.0000,0.0000,0.0000,179.9991,-0.0002,179.9085
7.4731,approaching,0.0000,0.0000,0.0000,0.0000,0.0000,0.0000,179.9991,-0.0002,179.9085
7.4846,approaching,0.0000,0.0000,0.0000,0.0000,0.0000,0.0000,179.9995,0.0007,179.9085
7.4926,approaching,0.0000,0.0000,0.0000,0.0000,0.0000,0.0000,179.9996,0.0008,179.9084
7.5027,approaching,0.0000,0.0000,0.0000,0.0000,0.0000,0.0000,179.9996,0.0008,179.9084
7.5126,approaching,0.0000,0.0000,0.0000,0.0000,0.0000,0.0000,179.9995,0.0007,179.9084
7.5231,approaching,0.0000,0.0000,0.0000,0.0000,0.0000,0.0000,179.9991,-0.0002,179.9084
7.5331,approaching,0.0000,0.0000,0.0000,0.0000,0.0000,0.0000,179.9991,-0.0002,179.9084
7.5427,approaching,0.0000,0.0000,0.0000,0.0000,0.0000,0.0000,179.9996,0.0010,179.9083
7.5526,approaching,0.0000,0.0000,0.0000,0.0000,0.0000,0.0000,179.9996,0.0010,179.9083
7.5627,approaching,0.0000,0.0000,0.0000,0.0000,0.0000,0.0000,179.9996,0.0010,179.9083
7.5734,approaching,0.0000,0.0000,0.0000,0.0000,0.0000,0.0000,179.9993,0.0002,179.9082
7.5826,approaching,0.0000,0.0000,0.0000,0.0000,0.0000,0.0000,179.9993,0.0002,179.9082
7.5926,approaching,0.0000,0.0000,0.0000,0.0000,0.0000,0.0000,179.9993,0.0002,179.9082
7.6026,approaching,0.0000,0.0000,0.0000,0.0000,0.0000,0.0000,179.9991,-0.0002,179.9082
7.6129,approaching,0.0000,0.0000,0.0000,0.0000,0.0000,0.0000,179.9993,0.0002,179.9081
7.6255,approaching,0.0000,0.0000,0.0000,0.0000,0.0000,0.0000,179.9993,0.0002,179.9081
7.6328,approaching,0.0000,0.0000,0.0000,0.0000,0.0000,0.0000,179.9993,0.0003,179.9081
7.6426,approaching,0.0000,0.0000,0.0000,0.0000,0.0000,0.0000,179.9996,0.0011,179.9081
7.6527,approaching,0.0000,0.0000,0.0000,0.0000,0.0000,0.0000,179.9996,0.0011,179.9081
7.6629,approaching,0.0000,0.0000,0.0000,0.0000,0.0000,0.0000,179.9994,0.0005,179.9080
7.6737,approaching,0.0000,0.0000,0.0000,0.0000,0.0000,0.0000,179.9994,0.0005,179.9080
7.6826,approaching,0.0000,0.0000,0.0000,0.0000,0.0000,0.0000,179.9994,0.0005,179.9080
7.6927,approaching,0.0000,0.0000,0.0000,0.0000,0.0000,0.0000,179.9987,-0.0009,179.9085
7.7026,approaching,0.0000,0.0000,0.0000,0.0000,0.0000,0.0000,179.9987,-0.0010,179.9085
7.7132,approaching,0.0000,0.0000,0.0000,0.0000,0.0000,0.0000,179.9987,-0.0010,179.9085
7.7236,approaching,0.0000,0.0000,0.0000,0.0000,0.0000,0.0000,179.9987,-0.0009,179.9085
7.7327,approaching,0.0000,0.0000,0.0000,0.0000,0.0000,0.0000,179.9991,-0.0001,179.9084
7.7427,approaching,0.0000,0.0000,0.0000,0.0000,0.0000,0.0000,179.9991,-0.0001,179.9084
7.7529,approaching,0.0000,0.0000,0.0000,0.0000,0.0000,0.0000,179.9989,-0.0005,179.9084
7.7636,approaching,0.0000,0.0000,0.0000,0.0000,0.0000,0.0000,179.9989,-0.0005,179.9084
7.7732,approaching,0.0000,0.0000,0.0000,0.0000,0.0000,0.0000,179.9989,-0.0005,179.9084
7.7827,approaching,0.0000,0.0000,0.0000,0.0000,0.0000,0.0000,179.9987,-0.0009,179.9083
7.7927,approaching,0.0000,0.0000,0.0000,0.0000,0.0000,0.0000,179.9985,-0.0014,179.9083
7.8032,approaching,0.0000,0.0000,0.0000,0.0000,0.0000,0.0000,179.9985,-0.0014,179.9083
7.8127,approaching,0.0000,0.0000,0.0000,0.0000,0.0000,0.0000,179.9984,-0.0017,179.9083
7.8226,approaching,0.0000,0.0000,0.0000,0.0000,0.0000,0.0000,179.9980,-0.0024,179.9088
7.8327,approaching,0.0000,0.0000,0.0000,0.0000,0.0000,0.0000,179.9980,-0.0024,179.9088
7.8426,approaching,0.0000,0.0000,0.0000,0.0000,0.0000,0.0000,179.9984,-0.0017,179.9087
7.8528,approaching,0.0000,0.0000,0.0000,0.0000,0.0000,0.0000,179.9983,-0.0017,179.9087
7.8626,approaching,0.0000,0.0000,0.0000,0.0000,0.0000,0.0000,179.9983,-0.0017,179.9087
7.8727,approaching,0.0000,0.0000,0.0000,0.0000,0.0000,0.0000,179.9984,-0.0015,179.9087
7.8826,approaching,0.0000,0.0000,0.0000,0.0000,0.0000,0.0000,179.9987,-0.0009,179.9086
7.8935,approaching,0.0000,0.0000,0.0000,0.0000,0.0000,0.0000,179.9987,-0.0009,179.9086
7.9029,approaching,0.0000,0.0000,0.0000,0.0000,0.0000,0.0000,179.9990,-0.0001,179.9086
7.9126,approaching,0.0000,0.0000,0.0000,0.0000,0.0000,0.0000,179.9991,0.0001,179.9086
7.9227,approaching,0.0000,0.0000,0.0000,0.0000,0.0000,0.0000,179.9991,0.0001,179.9086
7.9330,approaching,0.0000,0.0000,0.0000,0.0000,0.0000,0.0000,179.9993,0.0005,179.9085
7.9428,approaching,0.0000,0.0000,0.0000,0.0000,0.0000,0.0000,179.9990,-0.0001,179.9085
7.9528,approaching,0.0000,0.0000,0.0000,0.0000,0.0000,0.0000,179.9990,-0.0001,179.9085
7.9627,approaching,0.0000,0.0000,0.0000,0.0000,0.0000,0.0000,179.9985,-0.0013,179.9085
7.9727,approaching,0.0000,0.0000,0.0000,0.0000,0.0000,0.0000,179.9982,-0.0018,179.9084
7.9833,approaching,0.0000,0.0000,0.0000,0.0000,0.0000,0.0000,179.9982,-0.0018,179.9084
7.9927,approaching,0.0000,0.0000,0.0000,0.0000,0.0000,0.0000,179.9983,-0.0017,179.9084
8.0027,approaching,0.0000,0.0000,0.0000,0.0000,0.0000,0.0000,179.9988,-0.0006,179.9084
8.0127,approaching,0.0000,0.0000,0.0000,0.0000,0.0000,0.0000,179.9988,-0.0006,179.9084
8.0235,approaching,0.0000,0.0000,0.0000,0.0000,0.0000,0.0000,179.9992,0.0003,179.9083
8.0329,approaching,0.0000,0.0000,0.0000,0.0000,0.0000,0.0000,179.9994,0.0009,179.9083
8.0429,approaching,0.0000,0.0000,0.0000,0.0000,0.0000,0.0000,179.9994,0.0009,179.9083
8.0531,approaching,0.0000,0.0000,0.0000,0.0000,0.0000,0.0000,179.9992,0.0003,179.9082
8.0626,approaching,0.0000,0.0000,0.0000,0.0000,0.0000,0.0000,179.9987,-0.0008,179.9082
8.0742,approaching,0.0000,0.0000,0.0000,0.0000,0.0000,0.0000,179.9987,-0.0008,179.9082
8.0826,approaching,0.0000,0.0000,0.0000,0.0000,0.0000,0.0000,179.9984,-0.0014,179.9082
8.0931,approaching,0.0000,0.0000,0.0000,0.0000,0.0000,0.0000,179.9987,-0.0006,179.9081
8.1029,approaching,0.0000,0.0000,0.0000,0.0000,0.0000,0.0000,179.9987,-0.0006,179.9081
8.1132,approaching,0.0000,0.0000,0.0000,0.0000,0.0000,0.0000,179.9991,0.0002,179.9081
8.1243,approaching,0.0000,0.0000,0.0000,0.0000,0.0000,0.0000,179.9994,0.0009,179.9081
8.1326,approaching,0.0000,0.0000,0.0000,0.0000,0.0000,0.0000,179.9994,0.0009,179.9081
8.1427,approaching,0.0000,0.0000,0.0000,0.0000,0.0000,0.0000,179.9994,0.0009,179.9081
8.1526,approaching,0.0000,0.0000,0.0000,0.0000,0.0000,0.0000,179.9995,0.0012,179.9080
8.1632,approaching,0.0000,0.0000,0.0000,0.0000,0.0000,0.0000,179.9995,0.0012,179.9080
8.1731,approaching,0.0000,0.0000,0.0000,0.0000,0.0000,0.0000,179.9989,-0.0002,179.9080
8.1826,approaching,0.0000,0.0000,0.0000,0.0000,0.0000,0.0000,179.9987,-0.0007,179.9080
8.1927,approaching,0.0000,0.0000,0.0000,0.0000,0.0000,0.0000,179.9987,-0.0007,179.9080
8.2027,approaching,0.0000,0.0000,0.0000,0.0000,0.0000,0.0000,179.9983,-0.0016,179.9085
8.2134,approaching,0.0000,0.0000,0.0000,0.0000,0.0000,0.0000,179.9984,-0.0012,179.9085
8.2226,approaching,0.0000,0.0000,0.0000,0.0000,0.0000,0.0000,179.9984,-0.0012,179.9085
8.2327,approaching,0.0000,0.0000,0.0000,0.0000,0.0000,0.0000,179.9990,0.0001,179.9084
8.2426,approaching,0.0000,0.0000,0.0000,0.0000,0.0000,0.0000,179.9989,-0.0002,179.9084
8.2527,approaching,0.0000,0.0000,0.0000,0.0000,0.0000,0.0000,179.9989,-0.0002,179.9084
8.2631,approaching,0.0000,0.0000,0.0000,0.0000,0.0000,0.0000,179.9986,-0.0009,179.9083
8.2729,approaching,0.0000,0.0000,0.0000,0.0000,0.0000,0.0000,179.9987,-0.0006,179.9083
8.2827,approaching,0.0000,0.0000,0.0000,0.0000,0.0000,0.0000,179.9987,-0.0006,179.9083
8.2925,approaching,0.0000,0.0000,0.0000,0.0000,0.0000,0.0000,179.9979,-0.0024,179.9088
8.3040,approaching,0.0000,0.0000,0.0000,0.0000,0.0000,0.0000,179.9979,-0.0024,179.9088
8.3129,approaching,0.0000,0.0000,0.0000,0.0000,0.0000,0.0000,179.9979,-0.0024,179.9088
8.3234,approaching,0.0000,0.0000,0.0000,0.0000,0.0000,0.0000,179.9982,-0.0017,179.9087
8.3326,approaching,0.0000,0.0000,0.0000,0.0000,0.0000,0.0000,179.9982,-0.0018,179.9087
8.3431,approaching,0.0000,0.0000,0.0000,0.0000,0.0000,0.0000,179.9982,-0.0018,179.9087
8.3530,approaching,0.0000,0.0000,0.0000,0.0000,0.0000,0.0000,179.9982,-0.0017,179.9087
8.3626,approaching,0.0000,0.0000,0.0000,0.0000,0.0000,0.0000,179.9984,-0.0013,179.9086
8.3726,approaching,0.0000,0.0000,0.0000,0.0000,0.0000,0.0000,179.9984,-0.0013,179.9086
8.3827,approaching,0.0000,0.0000,0.0000,0.0000,0.0000,0.0000,179.9982,-0.0015,179.9086
8.3932,approaching,0.0000,0.0000,0.0000,0.0000,0.0000,0.0000,179.9984,-0.0011,179.9086
8.4027,approaching,0.0000,0.0000,0.0000,0.0000,0.0000,0.0000,179.9984,-0.0011,179.9086
8.4126,approaching,0.0000,0.0000,0.0000,0.0000,0.0000,0.0000,179.9984,-0.0011,179.9086
8.4226,approaching,0.0000,0.0000,0.0000,0.0000,0.0000,0.0000,179.9984,-0.0013,179.9085
8.4333,approaching,0.0000,0.0000,0.0000,0.0000,0.0000,0.0000,179.9984,-0.0013,179.9085
8.4431,approaching,0.0000,0.0000,0.0000,0.0000,0.0000,0.0000,179.9987,-0.0004,179.9085
8.4526,approaching,0.0000,0.0000,0.0000,0.0000,0.0000,0.0000,179.9992,0.0007,179.9085
8.4626,approaching,0.0000,0.0000,0.0000,0.0000,0.0000,0.0000,179.9992,0.0007,179.9085
8.4729,approaching,0.0000,0.0000,0.0000,0.0000,0.0000,0.0000,179.9995,0.0013,179.9084
8.4826,approaching,0.0000,0.0000,0.0000,0.0000,0.0000,0.0000,179.9991,0.0004,179.9084
8.4926,approaching,0.0000,0.0000,0.0000,0.0000,0.0000,0.0000,179.9991,0.0004,179.9084
8.5027,approaching,0.0000,0.0000,0.0000,0.0000,0.0000,0.0000,179.9987,-0.0003,179.9083
8.5126,approaching,0.0000,0.0000,0.0000,0.0000,0.0000,0.0000,179.9985,-0.0008,179.9083
8.5236,approaching,0.0000,0.0000,0.0000,0.0000,0.0000,0.0000,179.9985,-0.0008,179.9083
8.5326,approaching,0.0000,0.0000,0.0000,0.0000,0.0000,0.0000,179.9986,-0.0006,179.9083
8.5426,approaching,0.0000,0.0000,0.0000,0.0000,0.0000,0.0000,179.9991,0.0004,179.9082
8.5527,approaching,0.0000,0.0000,0.0000,0.0000,0.0000,0.0000,179.9991,0.0004,179.9082
8.5635,approaching,0.0000,0.0000,0.0000,0.0000,0.0000,0.0000,179.9990,0.0004,179.9082
8.5730,approaching,0.0000,0.0000,0.0000,0.0000,0.0000,0.0000,179.9987,-0.0003,179.9082
8.5830,approaching,0.0000,0.0000,0.0000,0.0000,0.0000,0.0000,179.9987,-0.0003,179.9082
8.5929,approaching,0.0000,0.0000,0.0000,0.0000,0.0000,0.0000,179.9988,-0.0000,179.9081
8.6028,approaching,0.0000,0.0000,0.0000,0.0000,0.0000,0.0000,179.9990,0.0004,179.9081
8.6129,approaching,0.0000,0.0000,0.0000,0.0000,0.0000,0.0000,179.9990,0.0004,179.9081
8.6227,approaching,0.0000,0.0000,0.0000,0.0000,0.0000,0.0000,179.9988,-0.0000,179.9081
8.6326,approaching,0.0000,0.0000,0.0000,0.0000,0.0000,0.0000,179.9989,-0.0000,179.9080
8.6426,approaching,0.0000,0.0000,0.0000,0.0000,0.0000,0.0000,179.9989,-0.0000,179.9080
8.6533,approaching,0.0000,0.0000,0.0000,0.0000,0.0000,0.0000,179.9991,0.0007,179.9080
8.6630,approaching,0.0000,0.0000,0.0000,0.0000,0.0000,0.0000,179.9992,0.0009,179.9080
8.6727,approaching,0.0000,0.0000,0.0000,0.0000,0.0000,0.0000,179.9992,0.0009,179.9080
8.6828,approaching,0.0000,0.0000,0.0000,0.0000,0.0000,0.0000,179.9990,0.0004,179.9079
8.6927,approaching,0.0000,0.0000,0.0000,0.0000,0.0000,0.0000,179.9987,-0.0004,179.9079
8.7032,approaching,0.0000,0.0000,0.0000,0.0000,0.0000,0.0000,179.9987,-0.0004,179.9079
8.7136,approaching,0.0000,0.0000,0.0000,0.0000,0.0000,0.0000,179.9988,-0.0001,179.9079
8.7232,approaching,0.0000,0.0000,0.0000,0.0000,0.0000,0.0000,179.9987,-0.0003,179.9078
8.7327,approaching,0.0000,0.0000,0.0000,0.0000,0.0000,0.0000,179.9987,-0.0003,179.9078
8.7430,approaching,0.0000,0.0000,0.0000,0.0000,0.0000,0.0000,179.9987,-0.0003,179.9083
8.7529,approaching,0.0000,0.0000,0.0000,0.0000,0.0000,0.0000,179.9986,-0.0004,179.9083
8.7627,approaching,0.0000,0.0000,0.0000,0.0000,0.0000,0.0000,179.9986,-0.0004,179.9083
8.7732,approaching,0.0000,0.0000,0.0000,0.0000,0.0000,0.0000,179.9986,-0.0004,179.9083
8.7827,approaching,0.0000,0.0000,0.0000,0.0000,0.0000,0.0000,179.9986,-0.0004,179.9082
8.7933,approaching,0.0000,0.0000,0.0000,0.0000,0.0000,0.0000,179.9986,-0.0004,179.9082
8.8029,approaching,0.0000,0.0000,0.0000,0.0000,0.0000,0.0000,179.9984,-0.0008,179.9082
8.8129,approaching,0.0000,0.0000,0.0000,0.0000,0.0000,0.0000,179.9983,-0.0011,179.9082
8.8228,approaching,0.0000,0.0000,0.0000,0.0000,0.0000,0.0000,179.9983,-0.0011,179.9082
8.8331,approaching,0.0000,0.0000,0.0000,0.0000,0.0000,0.0000,179.9987,-0.0003,179.9081
8.8428,approaching,0.0000,0.0000,0.0000,0.0000,0.0000,0.0000,179.9986,-0.0004,179.9081
8.8527,approaching,0.0000,0.0000,0.0000,0.0000,0.0000,0.0000,179.9986,-0.0004,179.9081
8.8626,approaching,0.0000,0.0000,0.0000,0.0000,0.0000,0.0000,179.9984,-0.0009,179.9086
8.8730,approaching,0.0000,0.0000,0.0000,0.0000,0.0000,0.0000,179.9985,-0.0007,179.9086
8.8844,approaching,0.0000,0.0000,0.0000,0.0000,0.0000,0.0000,179.9985,-0.0007,179.9086
8.8926,approaching,0.0000,0.0000,0.0000,0.0000,0.0000,0.0000,179.9977,-0.0025,179.9086
8.9027,approaching,0.0000,0.0000,0.0000,0.0000,0.0000,0.0000,179.9981,-0.0015,179.9085
8.9127,approaching,0.0000,0.0000,0.0000,0.0000,0.0000,0.0000,179.9981,-0.0015,179.9085
8.9234,approaching,0.0000,0.0000,0.0000,0.0000,0.0000,0.0000,179.9983,-0.0010,179.9085
8.9330,approaching,0.0000,0.0000,0.0000,0.0000,0.0000,0.0000,179.9988,0.0002,179.9084
8.9427,approaching,0.0000,0.0000,0.0000,0.0000,0.0000,0.0000,179.9988,0.0002,179.9084
8.9526,approaching,0.0000,0.0000,0.0000,0.0000,0.0000,0.0000,179.9986,-0.0002,179.9084
8.9626,approaching,0.0000,0.0000,0.0000,0.0000,0.0000,0.0000,179.9990,-0.0008,179.9084
8.9735,approaching,0.0000,0.0000,0.0000,0.0000,0.0000,0.0000,179.9990,-0.0008,179.9084
8.9830,approaching,0.0000,0.0000,0.0000,0.0000,0.0000,0.0000,179.9987,-0.0016,179.9083
8.9928,approaching,0.0000,0.0000,0.0000,0.0000,0.0000,0.0000,179.9987,-0.0015,179.9083
9.0032,approaching,0.0000,0.0000,0.0000,0.0000,0.0000,0.0000,179.9987,-0.0015,179.9083
9.0134,approaching,0.0000,0.0000,0.0000,0.0000,0.0000,0.0000,179.9995,0.0003,179.9083
9.0226,approaching,0.0000,0.0000,0.0000,0.0000,0.0000,0.0000,179.9994,0.0001,179.9082
9.0328,approaching,0.0000,0.0000,0.0000,0.0000,0.0000,0.0000,179.9994,0.0001,179.9082
9.0426,approaching,0.0000,0.0000,0.0000,0.0000,0.0000,0.0000,179.9993,-0.0000,179.9082
9.0529,approaching,0.0000,0.0000,0.0000,0.0000,0.0000,0.0000,179.9993,-0.0000,179.9082
9.0627,approaching,0.0000,0.0000,0.0000,0.0000,0.0000,0.0000,179.9993,-0.0000,179.9082
9.0726,approaching,0.0000,0.0000,0.0000,0.0000,0.0000,0.0000,179.9995,0.0003,179.9082
9.0828,approaching,0.0000,0.0000,0.0000,0.0000,0.0000,0.0000,179.9989,-0.0009,179.9081
9.0926,approaching,0.0000,0.0000,0.0000,0.0000,0.0000,0.0000,179.9989,-0.0009,179.9081
9.1032,approaching,0.0000,0.0000,0.0000,0.0000,0.0000,0.0000,179.9989,-0.0024,179.9081
9.1126,approaching,0.0000,0.0000,0.0000,0.0000,0.0000,0.0000,179.9991,-0.0018,179.9081
9.1233,approaching,0.0000,0.0000,0.0000,0.0000,0.0000,0.0000,179.9991,-0.0018,179.9081
9.1329,approaching,0.0000,0.0000,0.0000,0.0000,0.0000,0.0000,179.9993,-0.0014,179.9080
9.1429,approaching,0.0000,0.0000,0.0000,0.0000,0.0000,0.0000,179.9996,-0.0006,179.9086
9.1528,approaching,0.0000,0.0000,0.0000,0.0000,0.0000,0.0000,179.9996,-0.0006,179.9086
9.1631,approaching,0.0000,0.0000,0.0000,0.0000,0.0000,0.0000,179.9994,-0.0011,179.9085
9.1726,approaching,0.0000,0.0000,0.0000,0.0000,0.0000,0.0000,179.9997,-0.0005,179.9085
9.1826,approaching,0.0000,0.0000,0.0000,0.0000,0.0000,0.0000,179.9997,-0.0005,179.9085
9.1953,approaching,0.0000,0.0000,0.0000,0.0000,0.0000,0.0000,179.9990,-0.0021,179.9084
9.2026,approaching,0.0000,0.0000,0.0000,0.0000,0.0000,0.0000,179.9989,-0.0023,179.9084
9.2127,approaching,0.0000,0.0000,0.0000,0.0000,0.0000,0.0000,179.9989,-0.0023,179.9084
9.2226,approaching,0.0000,0.0000,0.0000,0.0000,0.0000,0.0000,179.9995,-0.0009,179.9084
9.2332,approaching,0.0000,0.0000,0.0000,0.0000,0.0000,0.0000,179.9999,-0.0000,179.9083
9.2430,approaching,0.0000,0.0000,0.0000,0.0000,0.0000,0.0000,179.9999,-0.0000,179.9083
9.2526,approaching,0.0000,0.0000,0.0000,0.0000,0.0000,0.0000,179.9999,-0.0000,179.9083
9.2632,approaching,0.0000,0.0000,0.0000,0.0000,0.0000,0.0000,179.9993,-0.0014,179.9082
9.2732,approaching,0.0000,0.0000,0.0000,0.0000,0.0000,0.0000,179.9993,-0.0014,179.9082
9.2835,approaching,0.0000,0.0000,0.0000,0.0000,0.0000,0.0000,179.9986,-0.0029,179.9082
9.2927,approaching,0.0000,0.0000,0.0000,0.0000,0.0000,0.0000,179.9988,-0.0025,179.9082
9.3027,approaching,0.0000,0.0000,0.0000,0.0000,0.0000,0.0000,179.9988,-0.0025,179.9082
9.3126,approaching,0.0000,0.0000,0.0000,0.0000,0.0000,0.0000,179.9988,-0.0023,179.9082
9.3226,approaching,0.0000,0.0000,0.0000,0.0000,0.0000,0.0000,180.0000,-0.0011,179.9086
9.3343,approaching,0.0000,0.0000,0.0000,0.0000,0.0000,0.0000,180.0000,-0.0011,179.9086
9.3426,approaching,0.0000,0.0000,0.0000,0.0000,0.0000,0.0000,180.0000,-0.0011,179.9086
9.3526,approaching,0.0000,0.0000,0.0000,0.0000,0.0000,0.0000,-179.9999,-0.0008,179.9086
9.3627,approaching,0.0000,0.0000,0.0000,0.0000,0.0000,0.0000,-179.9999,-0.0008,179.9086
9.3731,approaching,0.0000,0.0000,0.0000,0.0000,0.0000,0.0000,180.0000,-0.0011,179.9086
9.3827,approaching,0.0000,0.0000,0.0000,0.0000,0.0000,0.0000,179.9998,-0.0014,179.9085
9.3930,approaching,0.0000,0.0000,0.0000,0.0000,0.0000,0.0000,179.9998,-0.0014,179.9085
9.4026,approaching,0.0000,0.0000,0.0000,0.0000,0.0000,0.0000,179.9998,-0.0015,179.9085
9.4126,approaching,0.0000,0.0000,0.0000,0.0000,0.0000,0.0000,179.9998,-0.0016,179.9085
9.4232,approaching,0.0000,0.0000,0.0000,0.0000,0.0000,0.0000,179.9998,-0.0016,179.9085
9.4328,approaching,0.0000,0.0000,0.0000,0.0000,0.0000,0.0000,179.9998,-0.0016,179.9085
9.4429,approaching,0.0000,0.0000,0.0000,0.0000,0.0000,0.0000,180.0000,-0.0010,179.9084
9.4531,approaching,0.0000,0.0000,0.0000,0.0000,0.0000,0.0000,180.0000,-0.0010,179.9084
9.4631,approaching,0.0000,0.0000,0.0000,0.0000,0.0000,0.0000,180.0000,-0.0010,179.9084
9.4733,approaching,0.0000,0.0000,0.0000,0.0000,0.0000,0.0000,179.9997,-0.0017,179.9083
9.4827,approaching,0.0000,0.0000,0.0000,0.0000,0.0000,0.0000,179.9997,-0.0017,179.9083
9.4928,approaching,0.0000,0.0000,0.0000,0.0000,0.0000,0.0000,179.9998,-0.0014,179.9083
9.5026,approaching,0.0000,0.0000,0.0000,0.0000,0.0000,0.0000,179.9995,-0.0020,179.9083
9.5130,approaching,0.0000,0.0000,0.0000,0.0000,0.0000,0.0000,179.9995,-0.0020,179.9083
9.5231,approaching,0.0000,0.0000,0.0000,0.0000,0.0000,0.0000,179.9997,-0.0016,179.9082
9.5326,approaching,0.0000,0.0000,0.0000,0.0000,0.0000,0.0000,179.9997,-0.0017,179.9082
9.5427,approaching,0.0000,0.0000,0.0000,0.0000,0.0000,0.0000,179.9997,-0.0017,179.9082
9.5532,approaching,0.0000,0.0000,0.0000,0.0000,0.0000,0.0000,179.9996,-0.0019,179.9082
9.5626,approaching,0.0000,0.0000,0.0000,0.0000,0.0000,0.0000,179.9999,-0.0012,179.9081
9.5727,approaching,0.0000,0.0000,0.0000,0.0000,0.0000,0.0000,179.9999,-0.0012,179.9081
9.5826,approaching,0.0000,0.0000,0.0000,0.0000,0.0000,0.0000,179.9999,-0.0012,179.9081
9.5927,approaching,0.0000,0.0000,0.0000,0.0000,0.0000,0.0000,179.9998,-0.0014,179.9081
9.6028,approaching,0.0000,0.0000,0.0000,0.0000,0.0000,0.0000,179.9998,-0.0014,179.9081
9.6127,approaching,0.0000,0.0000,0.0000,0.0000,0.0000,0.0000,179.9997,-0.0017,179.9080
9.6226,approaching,0.0000,0.0000,0.0000,0.0000,0.0000,0.0000,179.9997,-0.0015,179.9080
9.6327,approaching,0.0000,0.0000,0.0000,0.0000,0.0000,0.0000,179.9997,-0.0015,179.9080
9.6434,approaching,0.0000,0.0000,0.0000,0.0000,0.0000,0.0000,179.9998,-0.0013,179.9079
9.6540,approaching,0.0000,0.0000,0.0000,0.0000,0.0000,0.0000,179.9999,-0.0010,179.9079
9.6627,approaching,0.0000,0.0000,0.0000,0.0000,0.0000,0.0000,179.9999,-0.0010,179.9079
9.6728,approaching,0.0000,0.0000,0.0000,0.0000,0.0000,0.0000,180.0000,-0.0009,179.9079
9.6826,approaching,0.0000,0.0000,0.0000,0.0000,0.0000,0.0000,-179.9999,-0.0006,179.9078
9.6935,approaching,0.0000,0.0000,0.0000,0.0000,0.0000,0.0000,-179.9999,-0.0006,179.9078
9.7028,approaching,0.0000,0.0000,0.0000,0.0000,0.0000,0.0000,180.0000,-0.0008,179.9078
9.7128,approaching,0.0000,0.0000,0.0000,0.0000,0.0000,0.0000,179.9999,-0.0010,179.9078
9.7230,approaching,0.0000,0.0000,0.0000,0.0000,0.0000,0.0000,179.9999,-0.0010,179.9078
9.7326,approaching,0.0000,0.0000,0.0000,0.0000,0.0000,0.0000,-179.9999,-0.0005,179.9077
9.7436,approaching,0.0000,0.0000,0.0000,0.0000,0.0000,0.0000,-179.9999,-0.0005,179.9077
9.7526,approaching,0.0000,0.0000,0.0000,0.0000,0.0000,0.0000,-179.9999,-0.0005,179.9077
9.7626,approaching,0.0000,0.0000,0.0000,0.0000,0.0000,0.0000,180.0000,-0.0009,179.9077
9.7728,approaching,0.0000,0.0000,0.0000,0.0000,0.0000,0.0000,-179.9999,-0.0005,179.9077
9.7831,approaching,0.0000,0.0000,0.0000,0.0000,0.0000,0.0000,-179.9999,-0.0005,179.9077
9.7927,approaching,0.0000,0.0000,0.0000,0.0000,0.0000,0.0000,-179.9999,-0.0005,179.9082
9.8026,approaching,0.0000,0.0000,0.0000,0.0000,0.0000,0.0000,-179.9999,-0.0006,179.9082
9.8127,approaching,0.0000,0.0000,0.0000,0.0000,0.0000,0.0000,-179.9999,-0.0006,179.9082
9.8228,approaching,0.0000,0.0000,0.0000,0.0000,0.0000,0.0000,179.9999,-0.0010,179.9081
9.8331,approaching,0.0000,0.0000,0.0000,0.0000,0.0000,0.0000,179.9997,-0.0014,179.9081
9.8427,approaching,0.0000,0.0000,0.0000,0.0000,0.0000,0.0000,179.9997,-0.0014,179.9081
9.8527,approaching,0.0000,0.0000,0.0000,0.0000,0.0000,0.0000,179.9996,-0.0017,179.9081
9.8626,approaching,0.0000,0.0000,0.0000,0.0000,0.0000,0.0000,179.9995,-0.0019,179.9080
9.8742,approaching,0.0000,0.0000,0.0000,0.0000,0.0000,0.0000,179.9995,-0.0019,179.9080
9.8829,approaching,0.0000,0.0000,0.0000,0.0000,0.0000,0.0000,179.9995,-0.0018,179.9080
9.8927,approaching,0.0000,0.0000,0.0000,0.0000,0.0000,0.0000,179.9998,-0.0011,179.9085
9.9028,approaching,0.0000,0.0000,0.0000,0.0000,0.0000,0.0000,179.9998,-0.0011,179.9085
9.9131,approaching,0.0000,0.0000,0.0000,0.0000,0.0000,0.0000,179.9995,-0.0020,179.9085
9.9236,approaching,0.0000,0.0000,0.0000,0.0000,0.0000,0.0000,179.9996,-0.0016,179.9084
9.9330,approaching,0.0000,0.0000,0.0000,0.0000,0.0000,0.0000,179.9996,-0.0016,179.9084
9.9430,approaching,0.0000,0.0000,0.0000,0.0000,0.0000,0.0000,180.0000,-0.0008,179.9084
9.9526,approaching,0.0000,0.0000,0.0000,0.0000,0.0000,0.0000,179.9999,-0.0010,179.9084
9.9634,approaching,0.0000,0.0000,0.0000,0.0000,0.0000,0.0000,179.9999,-0.0010,179.9084
9.9731,approaching,0.0000,0.0000,0.0000,0.0000,0.0000,0.0000,179.9995,-0.0003,179.9083
9.9826,approaching,0.0000,0.0000,0.0000,0.0000,0.0000,0.0000,179.9993,-0.0009,179.9083
9.9926,approaching,0.0000,0.0000,0.0000,0.0000,0.0000,0.0000,179.9993,-0.0009,179.9083
10.0027,approaching,0.0000,0.0000,0.0000,0.0000,0.0000,0.0000,179.9995,-0.0005,179.9083
10.0129,approaching,0.0000,0.0000,0.0000,0.0000,0.0000,0.0000,179.9998,0.0002,179.9082
10.0231,approaching,0.0000,0.0000,0.0000,0.0000,0.0000,0.0000,179.9998,0.0002,179.9082
10.0326,approaching,0.0000,0.0000,0.0000,0.0000,0.0000,0.0000,179.9997,0.0002,179.9082
10.0426,approaching,0.0000,0.0000,0.0000,0.0000,0.0000,0.0000,179.9997,0.0002,179.9081
10.0535,approaching,0.0000,0.0000,0.0000,0.0000,0.0000,0.0000,179.9997,0.0002,179.9081
10.0630,approaching,0.0000,0.0000,0.0000,0.0000,0.0000,0.0000,179.9996,-0.0002,179.9081
10.0726,approaching,0.0000,0.0000,0.0000,0.0000,0.0000,0.0000,179.9991,-0.0013,179.9081
10.0826,approaching,0.0000,0.0000,0.0000,0.0000,0.0000,0.0000,179.9991,-0.0013,179.9081
10.0926,approaching,0.0000,0.0000,0.0000,0.0000,0.0000,0.0000,179.9991,-0.0011,179.9081
10.1028,approaching,0.0000,0.0000,0.0000,0.0000,0.0000,0.0000,179.9995,-0.0004,179.9080
10.1127,approaching,0.0000,0.0000,0.0000,0.0000,0.0000,0.0000,179.9995,-0.0004,179.9080
10.1231,approaching,0.0000,0.0000,0.0000,0.0000,0.0000,0.0000,179.9995,-0.0004,179.9080
10.1329,approaching,0.0000,0.0000,0.0000,0.0000,0.0000,0.0000,179.9995,-0.0003,179.9080
10.1432,approaching,0.0000,0.0000,0.0000,0.0000,0.0000,0.0000,179.9995,-0.0003,179.9080
10.1549,approaching,0.0000,0.0000,0.0000,0.0000,0.0000,0.0000,179.9993,-0.0009,179.9079
10.1626,approaching,0.0000,0.0000,0.0000,0.0000,0.0000,0.0000,179.9992,-0.0010,179.9085
10.1729,approaching,0.0000,0.0000,0.0000,0.0000,0.0000,0.0000,179.9992,-0.0010,179.9085
10.1826,approaching,0.0000,0.0000,0.0000,0.0000,0.0000,0.0000,179.9991,-0.0011,179.9084
10.1929,approaching,0.0000,0.0000,0.0000,0.0000,0.0000,0.0000,179.9987,-0.0021,179.9084
10.2029,approaching,0.0000,0.0000,0.0000,0.0000,0.0000,0.0000,179.9987,-0.0021,179.9084
10.2128,approaching,0.0000,0.0000,0.0000,0.0000,0.0000,0.0000,179.9988,-0.0019,179.9083
10.2226,approaching,0.0000,0.0000,0.0000,0.0000,0.0000,0.0000,179.9984,-0.0026,179.9083
10.2327,approaching,0.0000,0.0000,0.0000,0.0000,0.0000,0.0000,179.9984,-0.0026,179.9083
10.2434,approaching,0.0000,0.0000,0.0000,0.0000,0.0000,0.0000,179.9983,-0.0031,179.9083
10.2527,approaching,0.0000,0.0000,0.0000,0.0000,0.0000,0.0000,179.9991,-0.0012,179.9082
10.2627,approaching,0.0000,0.0000,0.0000,0.0000,0.0000,0.0000,179.9991,-0.0012,179.9082
10.2727,approaching,0.0000,0.0000,0.0000,0.0000,0.0000,0.0000,179.9992,-0.0009,179.9082
10.2827,approaching,0.0000,0.0000,0.0000,0.0000,0.0000,0.0000,179.9992,-0.0009,179.9082
10.2930,approaching,0.0000,0.0000,0.0000,0.0000,0.0000,0.0000,179.9992,-0.0009,179.9082
10.3030,approaching,0.0000,0.0000,0.0000,0.0000,0.0000,0.0000,179.9993,-0.0008,179.9081
10.3128,approaching,0.0000,0.0000,0.0000,0.0000,0.0000,0.0000,179.9991,-0.0010,179.9081
10.3231,approaching,0.0000,0.0000,0.0000,0.0000,0.0000,0.0000,179.9991,-0.0010,179.9081
10.3333,approaching,0.0000,0.0000,0.0000,0.0000,0.0000,0.0000,179.9992,-0.0009,179.9081
10.3426,approaching,0.0000,0.0000,0.0000,0.0000,0.0000,0.0000,179.9990,-0.0013,179.9080
10.3527,approaching,0.0000,0.0000,0.0000,0.0000,0.0000,0.0000,179.9990,-0.0013,179.9080
10.3627,approaching,0.0000,0.0000,0.0000,0.0000,0.0000,0.0000,179.9985,-0.0025,179.9080
10.3728,approaching,0.0000,0.0000,0.0000,0.0000,0.0000,0.0000,179.9988,-0.0018,179.9080
10.3829,approaching,0.0000,0.0000,0.0000,0.0000,0.0000,0.0000,179.9988,-0.0018,179.9080
10.3927,approaching,0.0000,0.0000,0.0000,0.0000,0.0000,0.0000,179.9993,-0.0006,179.9079
10.4026,approaching,0.0000,0.0000,0.0000,0.0000,0.0000,0.0000,179.9993,-0.0006,179.9079
10.4127,approaching,0.0000,0.0000,0.0000,0.0000,0.0000,0.0000,179.9993,-0.0006,179.9079
10.4243,approaching,0.0000,0.0000,0.0000,0.0000,0.0000,0.0000,179.9994,-0.0004,179.9079
10.4329,approaching,0.0000,0.0000,0.0000,0.0000,0.0000,0.0000,179.9992,-0.0008,179.9079
10.4430,approaching,0.0000,0.0000,0.0000,0.0000,0.0000,0.0000,179.9992,-0.0008,179.9079
10.4529,approaching,0.0000,0.0000,0.0000,0.0000,0.0000,0.0000,179.9991,-0.0010,179.9078
10.4630,approaching,0.0000,0.0000,0.0000,0.0000,0.0000,0.0000,179.9992,-0.0007,179.9078
10.4727,approaching,0.0000,0.0000,0.0000,0.0000,0.0000,0.0000,179.9992,-0.0007,179.9078
10.4826,approaching,0.0000,0.0000,0.0000,0.0000,0.0000,0.0000,179.9991,-0.0009,179.9077
10.4926,approaching,0.0000,0.0000,0.0000,0.0000,0.0000,0.0000,179.9990,-0.0012,179.9077
10.5028,approaching,0.0000,0.0000,0.0000,0.0000,0.0000,0.0000,179.9990,-0.0012,179.9077
10.5128,approaching,0.0000,0.0000,0.0000,0.0000,0.0000,0.0000,179.9997,0.0003,179.9082
10.5226,approaching,0.0000,0.0000,0.0000,0.0000,0.0000,0.0000,179.9997,0.0003,179.9082
10.5328,approaching,0.0000,0.0000,0.0000,0.0000,0.0000,0.0000,179.9997,0.0003,179.9082
10.5427,approaching,0.0000,0.0000,0.0000,0.0000,0.0000,0.0000,179.9996,0.0001,179.9081
10.5530,approaching,0.0000,0.0000,0.0000,0.0000,0.0000,0.0000,179.9998,0.0006,179.9081
10.5628,approaching,0.0000,0.0000,0.0000,0.0000,0.0000,0.0000,179.9998,0.0006,179.9081
10.5731,approaching,0.0000,0.0000,0.0000,0.0000,0.0000,0.0000,179.9998,0.0005,179.9081
10.5826,approaching,0.0000,0.0000,0.0000,0.0000,0.0000,0.0000,179.9997,0.0004,179.9080
10.5927,approaching,0.0000,0.0000,0.0000,0.0000,0.0000,0.0000,179.9997,0.0004,179.9080
10.6030,approaching,0.0000,0.0000,0.0000,0.0000,0.0000,0.0000,179.9998,0.0007,179.9080
10.6133,approaching,0.0000,0.0000,0.0000,0.0000,0.0000,0.0000,179.9996,0.0003,179.9080
10.6245,approaching,0.0000,0.0000,0.0000,0.0000,0.0000,0.0000,179.9996,0.0003,179.9080
10.6335,approaching,0.0000,0.0000,0.0000,0.0000,0.0000,0.0000,179.9994,-0.0003,179.9079
10.6439,approaching,0.0000,0.0000,0.0000,0.0000,0.0000,0.0000,179.9991,-0.0009,179.9079
10.6540,approaching,0.0000,0.0000,0.0000,0.0000,0.0000,0.0000,179.9991,-0.0009,179.9079
10.6634,approaching,0.0000,0.0000,0.0000,0.0000,0.0000,0.0000,179.9991,-0.0009,179.9079
10.6727,approaching,0.0000,0.0000,0.0000,0.0000,0.0000,0.0000,179.9991,-0.0011,179.9084
10.6829,approaching,0.0000,0.0000,0.0000,0.0000,0.0000,0.0000,179.9991,-0.0011,179.9084
10.6929,approaching,0.0000,0.0000,0.0000,0.0000,0.0000,0.0000,179.9988,-0.0016,179.9084
10.7027,approaching,0.0000,0.0000,0.0000,0.0000,0.0000,0.0000,179.9997,0.0005,179.9083
10.7134,approaching,0.0000,0.0000,0.0000,0.0000,0.0000,0.0000,179.9997,0.0005,179.9083
10.7231,approaching,0.0000,0.0000,0.0000,0.0000,0.0000,0.0000,179.9997,0.0005,179.9083
10.7331,approaching,0.0000,0.0000,0.0000,0.0000,0.0000,0.0000,179.9995,-0.0000,179.9083
10.7427,approaching,0.0000,0.0000,0.0000,0.0000,0.0000,0.0000,179.9995,-0.0000,179.9083
10.7527,approaching,0.0000,0.0000,0.0000,0.0000,0.0000,0.0000,179.9988,-0.0015,179.9082
10.7627,approaching,0.0000,0.0000,0.0000,0.0000,0.0000,0.0000,179.9984,-0.0024,179.9082
10.7737,approaching,0.0000,0.0000,0.0000,0.0000,0.0000,0.0000,179.9984,-0.0024,179.9082
10.7829,approaching,0.0000,0.0000,0.0000,0.0000,0.0000,0.0000,179.9983,-0.0028,179.9082
10.7936,approaching,0.0000,0.0000,0.0000,0.0000,0.0000,0.0000,179.9987,-0.0018,179.9081
10.8028,approaching,0.0000,0.0000,0.0000,0.0000,0.0000,0.0000,179.9987,-0.0018,179.9081
10.8129,approaching,0.0000,0.0000,0.0000,0.0000,0.0000,0.0000,179.9992,-0.0006,179.9081
10.8234,approaching,0.0000,0.0000,0.0000,0.0000,0.0000,0.0000,179.9994,-0.0001,179.9081
10.8327,approaching,0.0000,0.0000,0.0000,0.0000,0.0000,0.0000,179.9994,-0.0001,179.9081
10.8427,approaching,0.0000,0.0000,0.0000,0.0000,0.0000,0.0000,179.9990,-0.0011,179.9080
10.8526,approaching,0.0000,0.0000,0.0000,0.0000,0.0000,0.0000,179.9991,-0.0009,179.9080
10.8631,approaching,0.0000,0.0000,0.0000,0.0000,0.0000,0.0000,179.9991,-0.0009,179.9080
10.8734,approaching,0.0000,0.0000,0.0000,0.0000,0.0000,0.0000,179.9987,-0.0017,179.9079
10.8827,approaching,0.0000,0.0000,0.0000,0.0000,0.0000,0.0000,179.9986,-0.0020,179.9079
10.8928,approaching,0.0000,0.0000,0.0000,0.0000,0.0000,0.0000,179.9986,-0.0020,179.9079
10.9027,approaching,0.0000,0.0000,0.0000,0.0000,0.0000,0.0000,179.9988,-0.0014,179.9082
10.9131,approaching,0.0000,0.0000,0.0000,0.0000,0.0000,0.0000,179.9993,-0.0003,179.9082
10.9229,approaching,0.0000,0.0000,0.0000,0.0000,0.0000,0.0000,179.9993,-0.0003,179.9082
10.9330,approaching,0.0000,0.0000,0.0000,0.0000,0.0000,0.0000,179.9991,-0.0008,179.9082
10.9426,approaching,0.0000,0.0000,0.0000,0.0000,0.0000,0.0000,179.9992,-0.0005,179.9081
10.9527,approaching,0.0000,0.0000,0.0000,0.0000,0.0000,0.0000,179.9992,-0.0005,179.9081
10.9630,approaching,0.0000,0.0000,0.0000,0.0000,0.0000,0.0000,179.9992,-0.0005,179.9081
10.9726,approaching,0.0000,0.0000,0.0000,0.0000,0.0000,0.0000,179.9989,-0.0012,179.9081
10.9827,approaching,0.0000,0.0000,0.0000,0.0000,0.0000,0.0000,179.9989,-0.0012,179.9081
10.9927,approaching,0.0000,0.0000,0.0000,0.0000,0.0000,0.0000,179.9987,-0.0018,179.9081
11.0032,approaching,0.0000,0.0000,0.0000,0.0000,0.0000,0.0000,179.9990,-0.0010,179.9080
11.0128,approaching,0.0000,0.0000,0.0000,0.0000,0.0000,0.0000,179.9990,-0.0010,179.9080
11.0231,approaching,0.0000,0.0000,0.0000,0.0000,0.0000,0.0000,179.9993,-0.0003,179.9080
11.0329,approaching,0.0000,0.0000,0.0000,0.0000,0.0000,0.0000,179.9996,0.0003,179.9085
11.0428,approaching,0.0000,0.0000,0.0000,0.0000,0.0000,0.0000,179.9996,0.0003,179.9085
11.0532,approaching,0.0000,0.0000,0.0000,0.0000,0.0000,0.0000,179.9993,-0.0004,179.9085
11.0632,approaching,0.0000,0.0000,0.0000,0.0000,0.0000,0.0000,179.9989,-0.0012,179.9084
11.0737,approaching,0.0000,0.0000,0.0000,0.0000,0.0000,0.0000,179.9989,-0.0012,179.9084
11.0833,approaching,0.0000,0.0000,0.0000,0.0000,0.0000,0.0000,179.9992,-0.0005,179.9084
11.0929,approaching,0.0000,0.0000,0.0000,0.0000,0.0000,0.0000,179.9992,-0.0004,179.9084
11.1031,approaching,0.0000,0.0000,0.0000,0.0000,0.0000,0.0000,179.9992,-0.0004,179.9084
11.1136,approaching,0.0000,0.0000,0.0000,0.0000,0.0000,0.0000,179.9992,-0.0006,179.9083
11.1233,approaching,0.0000,0.0000,0.0000,0.0000,0.0000,0.0000,179.9992,-0.0005,179.9083
11.1331,approaching,0.0000,0.0000,0.0000,0.0000,0.0000,0.0000,179.9992,-0.0005,179.9083
11.1428,approaching,0.0000,0.0000,0.0000,0.0000,0.0000,0.0000,179.9992,-0.0005,179.9088
11.1527,approaching,0.0000,0.0000,0.0000,0.0000,0.0000,0.0000,179.9991,-0.0006,179.9088
11.1636,approaching,0.0000,0.0000,0.0000,0.0000,0.0000,0.0000,179.9991,-0.0006,179.9088
11.1727,approaching,0.0000,0.0000,0.0000,0.0000,0.0000,0.0000,179.9991,-0.0006,179.9088
11.1828,approaching,0.0000,0.0000,0.0000,0.0000,0.0000,0.0000,179.9995,0.0002,179.9087
11.1927,approaching,0.0000,0.0000,0.0000,0.0000,0.0000,0.0000,179.9995,0.0002,179.9087
11.2044,approaching,0.0000,0.0000,0.0000,0.0000,0.0000,0.0000,179.9994,-0.0000,179.9087
11.2148,approaching,0.0000,0.0000,0.0000,0.0000,0.0000,0.0000,179.9994,-0.0000,179.9087
11.2238,approaching,0.0000,0.0000,0.0000,0.0000,0.0000,0.0000,179.9994,-0.0000,179.9087
11.2326,approaching,0.0000,0.0000,0.0000,0.0000,0.0000,0.0000,179.9992,-0.0004,179.9086
11.2426,approaching,0.0000,0.0000,0.0000,0.0000,0.0000,0.0000,179.9988,-0.0012,179.9086
11.2528,approaching,0.0000,0.0000,0.0000,0.0000,0.0000,0.0000,179.9988,-0.0012,179.9086
11.2632,approaching,0.0000,0.0000,0.0000,0.0000,0.0000,0.0000,179.9990,-0.0008,179.9086
11.2728,approaching,0.0000,0.0000,0.0000,0.0000,0.0000,0.0000,179.9992,-0.0004,179.9085
11.2829,approaching,0.0000,0.0000,0.0000,0.0000,0.0000,0.0000,179.9992,-0.0004,179.9085
11.2928,approaching,0.0000,0.0000,0.0000,0.0000,0.0000,0.0000,179.9996,0.0005,179.9085
11.3029,approaching,0.0000,0.0000,0.0000,0.0000,0.0000,0.0000,179.9998,0.0010,179.9084
11.3137,approaching,0.0000,0.0000,0.0000,0.0000,0.0000,0.0000,179.9998,0.0010,179.9084
11.3230,approaching,0.0000,0.0000,0.0000,0.0000,0.0000,0.0000,179.9992,-0.0003,179.9084
11.3326,approaching,0.0000,0.0000,0.0000,0.0000,0.0000,0.0000,179.9991,-0.0006,179.9084
11.3426,approaching,0.0000,0.0000,0.0000,0.0000,0.0000,0.0000,179.9991,-0.0006,179.9084
11.3534,approaching,0.0000,0.0000,0.0000,0.0000,0.0000,0.0000,179.9990,-0.0008,179.9083
11.3626,approaching,0.0000,0.0000,0.0000,0.0000,0.0000,0.0000,179.9992,-0.0004,179.9083
11.3728,approaching,0.0000,0.0000,0.0000,0.0000,0.0000,0.0000,179.9992,-0.0004,179.9083
11.3826,approaching,0.0000,0.0000,0.0000,0.0000,0.0000,0.0000,179.9991,-0.0005,179.9086
11.3929,approaching,0.0000,0.0000,0.0000,0.0000,0.0000,0.0000,179.9993,-0.0002,179.9086
11.4027,approaching,0.0000,0.0000,0.0000,0.0000,0.0000,0.0000,179.9993,-0.0002,179.9086
11.4126,approaching,0.0000,0.0000,0.0000,0.0000,0.0000,0.0000,179.9987,-0.0015,179.9086
11.4227,approaching,0.0000,0.0000,0.0000,0.0000,0.0000,0.0000,179.9984,-0.0021,179.9085
11.4328,approaching,0.0000,0.0000,0.0000,0.0000,0.0000,0.0000,179.9984,-0.0021,179.9085
11.4428,approaching,0.0000,0.0000,0.0000,0.0000,0.0000,0.0000,179.9982,-0.0027,179.9085
11.4526,approaching,0.0000,0.0000,0.0000,0.0000,0.0000,0.0000,179.9983,-0.0023,179.9085
11.4627,approaching,0.0000,0.0000,0.0000,0.0000,0.0000,0.0000,179.9983,-0.0023,179.9085
11.4727,approaching,0.0000,0.0000,0.0000,0.0000,0.0000,0.0000,179.9988,-0.0012,179.9084
11.4832,approaching,0.0000,0.0000,0.0000,0.0000,0.0000,0.0000,179.9990,-0.0008,179.9084
11.4929,approaching,0.0000,0.0000,0.0000,0.0000,0.0000,0.0000,179.9990,-0.0008,179.9084
11.5026,approaching,0.0000,0.0000,0.0000,0.0000,0.0000,0.0000,179.9987,-0.0013,179.9083
11.5126,approaching,0.0000,0.0000,0.0000,0.0000,0.0000,0.0000,179.9990,-0.0007,179.9083
11.5234,approaching,0.0000,0.0000,0.0000,0.0000,0.0000,0.0000,179.9990,-0.0007,179.9083
11.5330,approaching,0.0000,0.0000,0.0000,0.0000,0.0000,0.0000,179.9989,-0.0010,179.9083
11.5429,approaching,0.0000,0.0000,0.0000,0.0000,0.0000,0.0000,179.9989,-0.0010,179.9083
11.5532,approaching,0.0000,0.0000,0.0000,0.0000,0.0000,0.0000,179.9989,-0.0010,179.9083
11.5627,approaching,0.0000,0.0000,0.0000,0.0000,0.0000,0.0000,179.9988,-0.0012,179.9082
11.5728,approaching,0.0000,0.0000,0.0000,0.0000,0.0000,0.0000,179.9991,-0.0004,179.9082
11.5827,approaching,0.0000,0.0000,0.0000,0.0000,0.0000,0.0000,179.9991,-0.0004,179.9082
11.5928,approaching,0.0000,0.0000,0.0000,0.0000,0.0000,0.0000,179.9989,-0.0010,179.9087
11.6027,approaching,0.0000,0.0000,0.0000,0.0000,0.0000,0.0000,179.9992,-0.0001,179.9087
11.6139,approaching,0.0000,0.0000,0.0000,0.0000,0.0000,0.0000,179.9992,-0.0001,179.9087
11.6226,approaching,0.0000,0.0000,0.0000,0.0000,0.0000,0.0000,179.9993,-0.0000,179.9086
11.6326,approaching,0.0000,0.0000,0.0000,0.0000,0.0000,0.0000,179.9989,-0.0010,179.9086
11.6433,approaching,0.0000,0.0000,0.0000,0.0000,0.0000,0.0000,179.9989,-0.0010,179.9086
11.6529,approaching,0.0000,0.0000,0.0000,0.0000,0.0000,0.0000,179.9989,-0.0009,179.9086
11.6649,approaching,0.0000,0.0000,0.0000,0.0000,0.0000,0.0000,179.9989,-0.0008,179.9085
11.6731,approaching,0.0000,0.0000,0.0000,0.0000,0.0000,0.0000,179.9989,-0.0008,179.9085
11.6826,approaching,0.0000,0.0000,0.0000,0.0000,0.0000,0.0000,179.9990,-0.0008,179.9085
11.6926,approaching,0.0000,0.0000,0.0000,0.0000,0.0000,0.0000,179.9992,-0.0002,179.9085
11.7033,approaching,0.0000,0.0000,0.0000,0.0000,0.0000,0.0000,179.9992,-0.0002,179.9085
11.7127,approaching,0.0000,0.0000,0.0000,0.0000,0.0000,0.0000,179.9990,-0.0006,179.9090
11.7226,approaching,0.0000,0.0000,0.0000,0.0000,0.0000,0.0000,179.9991,-0.0005,179.9090
11.7327,approaching,0.0000,0.0000,0.0000,0.0000,0.0000,0.0000,179.9991,-0.0005,179.9090
11.7427,approaching,0.0000,0.0000,0.0000,0.0000,0.0000,0.0000,179.9987,-0.0013,179.9089
11.7534,approaching,0.0000,0.0000,0.0000,0.0000,0.0000,0.0000,179.9987,-0.0012,179.9089
11.7627,approaching,0.0000,0.0000,0.0000,0.0000,0.0000,0.0000,179.9987,-0.0012,179.9089
11.7731,approaching,0.0000,0.0000,0.0000,0.0000,0.0000,0.0000,179.9987,-0.0014,179.9088
11.7832,approaching,0.0000,0.0000,0.0000,0.0000,0.0000,0.0000,179.9986,-0.0015,179.9088
11.7929,approaching,0.0000,0.0000,0.0000,0.0000,0.0000,0.0000,179.9986,-0.0015,179.9088
11.8028,approaching,0.0000,0.0000,0.0000,0.0000,0.0000,0.0000,179.9990,-0.0007,179.9088
11.8126,approaching,0.0000,0.0000,0.0000,0.0000,0.0000,0.0000,179.9990,-0.0007,179.9088
11.8226,approaching,0.0000,0.0000,0.0000,0.0000,0.0000,0.0000,179.9990,-0.0007,179.9088
11.8327,approaching,0.0000,0.0000,0.0000,0.0000,0.0000,0.0000,179.9991,-0.0003,179.9087
11.8430,approaching,0.0000,0.0000,0.0000,0.0000,0.0000,0.0000,179.9992,-0.0002,179.9087
11.8526,approaching,0.0000,0.0000,0.0000,0.0000,0.0000,0.0000,179.9992,-0.0002,179.9087
11.8626,approaching,0.0000,0.0000,0.0000,0.0000,0.0000,0.0000,179.9991,-0.0003,179.9087
11.8726,approaching,0.0000,0.0000,0.0000,0.0000,0.0000,0.0000,179.9987,-0.0013,179.9086
11.8837,approaching,0.0000,0.0000,0.0000,0.0000,0.0000,0.0000,179.9987,-0.0013,179.9086
11.8928,approaching,0.0000,0.0000,0.0000,0.0000,0.0000,0.0000,179.9986,-0.0016,179.9086
11.9026,approaching,0.0000,0.0000,0.0000,0.0000,0.0000,0.0000,179.9984,-0.0019,179.9086
11.9126,approaching,0.0000,0.0000,0.0000,0.0000,0.0000,0.0000,179.9984,-0.0019,179.9086
11.9230,approaching,0.0000,0.0000,0.0000,0.0000,0.0000,0.0000,179.9986,-0.0015,179.9085
11.9329,approaching,0.0000,0.0000,0.0000,0.0000,0.0000,0.0000,179.9984,-0.0019,179.9085
11.9429,approaching,0.0000,0.0000,0.0000,0.0000,0.0000,0.0000,179.9984,-0.0019,179.9085
11.9526,approaching,0.0000,0.0000,0.0000,0.0000,0.0000,0.0000,179.9984,-0.0018,179.9085
11.9626,approaching,0.0000,0.0000,0.0000,0.0000,0.0000,0.0000,179.9986,-0.0015,179.9084
11.9729,approaching,0.0000,0.0000,0.0000,0.0000,0.0000,0.0000,179.9986,-0.0015,179.9084
11.9830,approaching,0.0000,0.0000,0.0000,0.0000,0.0000,0.0000,179.9986,-0.0016,179.9084
11.9926,approaching,0.0000,0.0000,0.0000,0.0000,0.0000,0.0000,179.9986,-0.0015,179.9083
12.0029,approaching,0.0000,0.0000,0.0000,0.0000,0.0000,0.0000,179.9986,-0.0015,179.9083
12.0133,approaching,0.0000,0.0000,0.0000,0.0000,0.0000,0.0000,179.9984,-0.0019,179.9083
12.0243,approaching,0.0000,0.0000,0.0000,0.0000,0.0000,0.0000,179.9986,-0.0015,179.9083
12.0337,approaching,0.0000,0.0000,0.0000,0.0000,0.0000,0.0000,179.9986,-0.0015,179.9083
12.0441,approaching,0.0000,0.0000,0.0000,0.0000,0.0000,0.0000,179.9989,-0.0007,179.9082
12.0527,approaching,0.0000,0.0000,0.0000,0.0000,0.0000,0.0000,179.9989,-0.0008,179.9082
12.0627,approaching,0.0000,0.0000,0.0000,0.0000,0.0000,0.0000,179.9989,-0.0008,179.9082
12.0736,approaching,0.0000,0.0000,0.0000,0.0000,0.0000,0.0000,179.9992,-0.0000,179.9087
12.0831,approaching,0.0000,0.0000,0.0000,0.0000,0.0000,0.0000,179.9988,-0.0009,179.9087
12.0926,approaching,0.0000,0.0000,0.0000,0.0000,0.0000,0.0000,179.9988,-0.0009,179.9087
12.1026,approaching,0.0000,0.0000,0.0000,0.0000,0.0000,0.0000,179.9988,-0.0010,179.9087
12.1125,approaching,0.0000,0.0000,0.0000,0.0000,0.0000,0.0000,179.9987,-0.0012,179.9086
12.1243,approaching,0.0000,0.0000,0.0000,0.0000,0.0000,0.0000,179.9987,-0.0012,179.9086
12.1327,approaching,0.0000,0.0000,0.0000,0.0000,0.0000,0.0000,179.9989,-0.0008,179.9086
12.1426,approaching,0.0000,0.0000,0.0000,0.0000,0.0000,0.0000,179.9988,-0.0008,179.9086
12.1528,approaching,0.0000,0.0000,0.0000,0.0000,0.0000,0.0000,179.9988,-0.0008,179.9086
12.1630,approaching,0.0000,0.0000,0.0000,0.0000,0.0000,0.0000,179.9991,-0.0003,179.9085
12.1743,approaching,0.0000,0.0000,0.0000,0.0000,0.0000,0.0000,179.9991,-0.0001,179.9085
12.1829,approaching,0.0000,0.0000,0.0000,0.0000,0.0000,0.0000,179.9991,-0.0001,179.9085
12.1926,approaching,0.0000,0.0000,0.0000,0.0000,0.0000,0.0000,179.9991,-0.0001,179.9085
12.2026,approaching,0.0000,0.0000,0.0000,0.0000,0.0000,0.0000,179.9991,-0.0002,179.9085
12.2131,approaching,0.0000,0.0000,0.0000,0.0000,0.0000,0.0000,179.9991,-0.0002,179.9085
12.2232,approaching,0.0000,0.0000,0.0000,0.0000,0.0000,0.0000,179.9989,-0.0006,179.9084
12.2326,approaching,0.0000,0.0000,0.0000,0.0000,0.0000,0.0000,179.9986,-0.0012,179.9089
12.2426,approaching,0.0000,0.0000,0.0000,0.0000,0.0000,0.0000,179.9986,-0.0012,179.9089
12.2526,approaching,0.0000,0.0000,0.0000,0.0000,0.0000,0.0000,179.9983,-0.0021,179.9089
12.2628,approaching,0.0000,0.0000,0.0000,0.0000,0.0000,0.0000,179.9987,-0.0012,179.9089
12.2727,approaching,0.0000,0.0000,0.0000,0.0000,0.0000,0.0000,179.9987,-0.0012,179.9089
12.2826,approaching,0.0000,0.0000,0.0000,0.0000,0.0000,0.0000,179.9988,-0.0009,179.9088
12.2926,approaching,0.0000,0.0000,0.0000,0.0000,0.0000,0.0000,179.9988,-0.0007,179.9088
12.3036,approaching,0.0000,0.0000,0.0000,0.0000,0.0000,0.0000,179.9988,-0.0007,179.9088
12.3134,approaching,0.0000,0.0000,0.0000,0.0000,0.0000,0.0000,179.9988,-0.0009,179.9088
12.3228,approaching,0.0000,0.0000,0.0000,0.0000,0.0000,0.0000,179.9984,-0.0017,179.9087
12.3335,approaching,0.0000,0.0000,0.0000,0.0000,0.0000,0.0000,179.9984,-0.0017,179.9087
12.3426,approaching,0.0000,0.0000,0.0000,0.0000,0.0000,0.0000,179.9983,-0.0019,179.9087
12.3526,approaching,0.0000,0.0000,0.0000,0.0000,0.0000,0.0000,179.9984,-0.0017,179.9087
12.3637,approaching,0.0000,0.0000,0.0000,0.0000,0.0000,0.0000,179.9984,-0.0017,179.9087
12.3734,approaching,0.0000,0.0000,0.0000,0.0000,0.0000,0.0000,179.9988,-0.0008,179.9086
12.3827,approaching,0.0000,0.0000,0.0000,0.0000,0.0000,0.0000,179.9995,0.0007,179.9086
12.3925,approaching,0.0000,0.0000,0.0000,0.0000,0.0000,0.0000,179.9995,0.0007,179.9086
12.4028,approaching,0.0000,0.0000,0.0000,0.0000,0.0000,0.0000,179.9991,-0.0000,179.9085
12.4127,approaching,0.0000,0.0000,0.0000,0.0000,0.0000,0.0000,179.9989,-0.0006,179.9085
12.4240,approaching,0.0000,0.0000,0.0000,0.0000,0.0000,0.0000,179.9989,-0.0006,179.9085
12.4343,approaching,0.0000,0.0000,0.0000,0.0000,0.0000,0.0000,179.9986,-0.0012,179.9085
12.4438,approaching,0.0000,0.0000,0.0000,0.0000,0.0000,0.0000,179.9986,-0.0013,179.9084
12.4539,approaching,0.0000,0.0000,0.0000,0.0000,0.0000,0.0000,179.9986,-0.0013,179.9084
12.4640,approaching,0.0000,0.0000,0.0000,0.0000,0.0000,0.0000,179.9986,-0.0013,179.9084
12.4739,approaching,0.0000,0.0000,0.0000,0.0000,0.0000,0.0000,179.9984,-0.0016,179.9084
12.4836,approaching,0.0000,0.0000,0.0000,0.0000,0.0000,0.0000,179.9984,-0.0016,179.9084
12.4932,approaching,0.0000,0.0000,0.0000,0.0000,0.0000,0.0000,179.9984,-0.0017,179.9084
12.5036,approaching,0.0000,0.0000,0.0000,0.0000,0.0000,0.0000,179.9987,-0.0011,179.9083
12.5152,approaching,0.0000,0.0000,0.0000,0.0000,0.0000,0.0000,179.9987,-0.0011,179.9083
12.5234,approaching,0.0000,0.0000,0.0000,0.0000,0.0000,0.0000,179.9985,-0.0015,179.9083
12.5329,approaching,0.0000,0.0000,0.0000,0.0000,0.0000,0.0000,179.9986,-0.0012,179.9083
12.5436,approaching,0.0000,0.0000,0.0000,0.0000,0.0000,0.0000,179.9986,-0.0012,179.9083
12.5535,approaching,0.0000,0.0000,0.0000,0.0000,0.0000,0.0000,179.9987,-0.0011,179.9082
12.5634,approaching,0.0000,0.0000,0.0000,0.0000,0.0000,0.0000,179.9988,-0.0007,179.9082
12.5733,approaching,0.0000,0.0000,0.0000,0.0000,0.0000,0.0000,179.9988,-0.0007,179.9082
12.5837,approaching,0.0000,0.0000,0.0000,0.0000,0.0000,0.0000,179.9989,-0.0004,179.9082
12.5928,approaching,0.0000,0.0000,0.0000,0.0000,0.0000,0.0000,179.9990,-0.0003,179.9081
12.6034,approaching,0.0000,0.0000,0.0000,0.0000,0.0000,0.0000,179.9990,-0.0003,179.9081
12.6128,approaching,0.0000,0.0000,0.0000,0.0000,0.0000,0.0000,179.9989,-0.0005,179.9081
12.6230,approaching,0.0000,0.0000,0.0000,0.0000,0.0000,0.0000,179.9985,-0.0015,179.9086
12.6331,approaching,0.0000,0.0000,0.0000,0.0000,0.0000,0.0000,179.9985,-0.0015,179.9086
12.6437,approaching,0.0000,0.0000,0.0000,0.0000,0.0000,0.0000,179.9989,-0.0006,179.9086
12.6526,approaching,0.0000,0.0000,0.0000,0.0000,0.0000,0.0000,179.9989,-0.0005,179.9085
12.6631,approaching,0.0000,0.0000,0.0000,0.0000,0.0000,0.0000,179.9989,-0.0005,179.9085
12.6731,approaching,0.0000,0.0000,0.0000,0.0000,0.0000,0.0000,179.9984,-0.0016,179.9085
12.6831,approaching,0.0000,0.0000,0.0000,0.0000,0.0000,0.0000,179.9985,-0.0013,179.9085
12.6947,approaching,0.0000,0.0000,0.0000,0.0000,0.0000,0.0000,179.9985,-0.0013,179.9085
12.7031,approaching,0.0000,0.0000,0.0000,0.0000,0.0000,0.0000,179.9991,-0.0001,179.9084
12.7129,approaching,0.0000,0.0000,0.0000,0.0000,0.0000,0.0000,179.9991,-0.0000,179.9084
12.7228,approaching,0.0000,0.0000,0.0000,0.0000,0.0000,0.0000,179.9991,-0.0000,179.9084
12.7335,approaching,0.0000,0.0000,0.0000,0.0000,0.0000,0.0000,179.9991,-0.0000,179.9084
12.7427,approaching,0.0000,0.0000,0.0000,0.0000,0.0000,0.0000,179.9984,-0.0016,179.9084
12.7526,approaching,0.0000,0.0000,0.0000,0.0000,0.0000,0.0000,179.9984,-0.0016,179.9084
12.7626,approaching,0.0000,0.0000,0.0000,0.0000,0.0000,0.0000,179.9982,-0.0020,179.9089
12.7740,approaching,0.0000,0.0000,0.0000,0.0000,0.0000,0.0000,179.9981,-0.0022,179.9088
12.7826,approaching,0.0000,0.0000,0.0000,0.0000,0.0000,0.0000,179.9981,-0.0022,179.9088
12.7932,approaching,0.0000,0.0000,0.0000,0.0000,0.0000,0.0000,179.9979,-0.0026,179.9088
12.8029,approaching,0.0000,0.0000,0.0000,0.0000,0.0000,0.0000,179.9982,-0.0020,179.9088
12.8133,approaching,0.0000,0.0000,0.0000,0.0000,0.0000,0.0000,179.9982,-0.0020,179.9088
12.8244,approaching,0.0000,0.0000,0.0000,0.0000,0.0000,0.0000,179.9986,-0.0011,179.9087
12.8339,approaching,0.0000,0.0000,0.0000,0.0000,0.0000,0.0000,179.9989,-0.0003,179.9087
12.8429,approaching,0.0000,0.0000,0.0000,0.0000,0.0000,0.0000,179.9989,-0.0003,179.9087
12.8527,approaching,0.0000,0.0000,0.0000,0.0000,0.0000,0.0000,179.9988,-0.0007,179.9087
12.8626,approaching,0.0000,0.0000,0.0000,0.0000,0.0000,0.0000,179.9985,-0.0013,179.9086
12.8738,approaching,0.0000,0.0000,0.0000,0.0000,0.0000,0.0000,179.9985,-0.0013,179.9086
12.8833,approaching,0.0000,0.0000,0.0000,0.0000,0.0000,0.0000,179.9983,-0.0017,179.9086
12.8926,approaching,0.0000,0.0000,0.0000,0.0000,0.0000,0.0000,179.9987,-0.0008,179.9086
12.9030,approaching,0.0000,0.0000,0.0000,0.0000,0.0000,0.0000,179.9987,-0.0008,179.9086
12.9126,approaching,0.0000,0.0000,0.0000,0.0000,0.0000,0.0000,179.9986,-0.0012,179.9085
12.9228,approaching,0.0000,0.0000,0.0000,0.0000,0.0000,0.0000,179.9986,-0.0011,179.9085
12.9332,approaching,0.0000,0.0000,0.0000,0.0000,0.0000,0.0000,179.9986,-0.0011,179.9085
12.9427,approaching,0.0000,0.0000,0.0000,0.0000,0.0000,0.0000,179.9984,-0.0015,179.9084
12.9527,approaching,0.0000,0.0000,0.0000,0.0000,0.0000,0.0000,179.9984,-0.0015,179.9084
12.9627,approaching,0.0000,0.0000,0.0000,0.0000,0.0000,0.0000,179.9984,-0.0015,179.9084
12.9732,approaching,0.0000,0.0000,0.0000,0.0000,0.0000,0.0000,179.9985,-0.0012,179.9084
12.9831,approaching,0.0000,0.0000,0.0000,0.0000,0.0000,0.0000,179.9984,-0.0015,179.9084
12.9929,approaching,0.0000,0.0000,0.0000,0.0000,0.0000,0.0000,179.9984,-0.0015,179.9084
13.0026,approaching,0.0000,0.0000,0.0000,0.0000,0.0000,0.0000,179.9985,-0.0012,179.9083
13.0128,approaching,0.0000,0.0000,0.0000,0.0000,0.0000,0.0000,179.9988,-0.0006,179.9083
13.0241,approaching,0.0000,0.0000,0.0000,0.0000,0.0000,0.0000,179.9988,-0.0006,179.9083
13.0330,approaching,0.0000,0.0000,0.0000,0.0000,0.0000,0.0000,179.9985,-0.0012,179.9082
13.0426,approaching,0.0000,0.0000,0.0000,0.0000,0.0000,0.0000,179.9983,-0.0017,179.9082
13.0527,approaching,0.0000,0.0000,0.0000,0.0000,0.0000,0.0000,179.9983,-0.0017,179.9082
13.0626,approaching,0.0000,0.0000,0.0000,0.0000,0.0000,0.0000,179.9985,-0.0013,179.9082
13.0729,approaching,0.0000,0.0000,0.0000,0.0000,0.0000,0.0000,179.9986,-0.0010,179.9082
13.0828,approaching,0.0000,0.0000,0.0000,0.0000,0.0000,0.0000,179.9986,-0.0010,179.9082
13.0926,approaching,0.0000,0.0000,0.0000,0.0000,0.0000,0.0000,179.9986,-0.0010,179.9082
13.1028,approaching,0.0000,0.0000,0.0000,0.0000,0.0000,0.0000,179.9989,-0.0003,179.9081
13.1126,approaching,0.0000,0.0000,0.0000,0.0000,0.0000,0.0000,179.9989,-0.0003,179.9081
13.1227,approaching,0.0000,0.0000,0.0000,0.0000,0.0000,0.0000,179.9993,0.0006,179.9086
13.1338,approaching,0.0000,0.0000,0.0000,0.0000,0.0000,0.0000,179.9993,0.0006,179.9086
13.1431,approaching,0.0000,0.0000,0.0000,0.0000,0.0000,0.0000,179.9993,0.0006,179.9086
13.1526,approaching,0.0000,0.0000,0.0000,0.0000,0.0000,0.0000,179.9989,-0.0003,179.9086
13.1629,approaching,0.0000,0.0000,0.0000,0.0000,0.0000,0.0000,179.9989,-0.0004,179.9085
13.1736,approaching,0.0000,0.0000,0.0000,0.0000,0.0000,0.0000,179.9989,-0.0004,179.9085
13.1828,approaching,0.0000,0.0000,0.0000,0.0000,0.0000,0.0000,179.9987,-0.0008,179.9085
13.1933,approaching,0.0000,0.0000,0.0000,0.0000,0.0000,0.0000,179.9988,-0.0005,179.9084
13.2027,approaching,0.0000,0.0000,0.0000,0.0000,0.0000,0.0000,179.9988,-0.0005,179.9084
13.2126,approaching,0.0000,0.0000,0.0000,0.0000,0.0000,0.0000,179.9989,-0.0004,179.9084
13.2228,approaching,0.0000,0.0000,0.0000,0.0000,0.0000,0.0000,179.9990,-0.0002,179.9084
13.2327,approaching,0.0000,0.0000,0.0000,0.0000,0.0000,0.0000,179.9990,-0.0002,179.9084
13.2432,approaching,0.0000,0.0000,0.0000,0.0000,0.0000,0.0000,179.9987,-0.0009,179.9083
13.2527,approaching,0.0000,0.0000,0.0000,0.0000,0.0000,0.0000,179.9985,-0.0011,179.9089
13.2629,approaching,0.0000,0.0000,0.0000,0.0000,0.0000,0.0000,179.9985,-0.0011,179.9089
13.2726,approaching,0.0000,0.0000,0.0000,0.0000,0.0000,0.0000,179.9984,-0.0013,179.9088
13.2829,approaching,0.0000,0.0000,0.0000,0.0000,0.0000,0.0000,179.9988,-0.0005,179.9088
13.2927,approaching,0.0000,0.0000,0.0000,0.0000,0.0000,0.0000,179.9988,-0.0005,179.9088
13.3041,approaching,0.0000,0.0000,0.0000,0.0000,0.0000,0.0000,179.9986,-0.0010,179.9088
13.3132,approaching,0.0000,0.0000,0.0000,0.0000,0.0000,0.0000,179.9985,-0.0011,179.9087
13.3230,approaching,0.0000,0.0000,0.0000,0.0000,0.0000,0.0000,179.9985,-0.0011,179.9087
13.3328,approaching,0.0000,0.0000,0.0000,0.0000,0.0000,0.0000,179.9984,-0.0014,179.9087
13.3430,approaching,0.0000,0.0000,0.0000,0.0000,0.0000,0.0000,179.9979,-0.0025,179.9086
13.3532,approaching,0.0000,0.0000,0.0000,0.0000,0.0000,0.0000,179.9979,-0.0025,179.9086
13.3635,approaching,0.0000,0.0000,0.0000,0.0000,0.0000,0.0000,179.9980,-0.0022,179.9086
13.3727,approaching,0.0000,0.0000,0.0000,0.0000,0.0000,0.0000,179.9980,-0.0022,179.9086
13.3826,approaching,0.0000,0.0000,0.0000,0.0000,0.0000,0.0000,179.9980,-0.0022,179.9086
13.3930,approaching,0.0000,0.0000,0.0000,0.0000,0.0000,0.0000,179.9984,-0.0015,179.9086
13.4027,approaching,0.0000,0.0000,0.0000,0.0000,0.0000,0.0000,179.9986,-0.0009,179.9085
13.4147,approaching,0.0000,0.0000,0.0000,0.0000,0.0000,0.0000,179.9986,-0.0009,179.9085
13.4226,approaching,0.0000,0.0000,0.0000,0.0000,0.0000,0.0000,179.9987,-0.0006,179.9085
13.4332,approaching,0.0000,0.0000,0.0000,0.0000,0.0000,0.0000,179.9990,-0.0000,179.9085
13.4433,approaching,0.0000,0.0000,0.0000,0.0000,0.0000,0.0000,179.9990,-0.0000,179.9085
13.4527,approaching,0.0000,0.0000,0.0000,0.0000,0.0000,0.0000,179.9989,-0.0003,179.9085
13.4641,approaching,0.0000,0.0000,0.0000,0.0000,0.0000,0.0000,179.9988,-0.0005,179.9084
13.4741,approaching,0.0000,0.0000,0.0000,0.0000,0.0000,0.0000,179.9988,-0.0005,179.9084
13.4838,approaching,0.0000,0.0000,0.0000,0.0000,0.0000,0.0000,179.9986,-0.0010,179.9084
13.4927,approaching,0.0000,0.0000,0.0000,0.0000,0.0000,0.0000,179.9989,-0.0002,179.9083
13.5028,approaching,0.0000,0.0000,0.0000,0.0000,0.0000,0.0000,179.9989,-0.0002,179.9083
13.5133,approaching,0.0000,0.0000,0.0000,0.0000,0.0000,0.0000,179.9990,-0.0000,179.9083
13.5233,approaching,0.0000,0.0000,0.0000,0.0000,0.0000,0.0000,179.9988,-0.0004,179.9082
13.5341,approaching,0.0000,0.0000,0.0000,0.0000,0.0000,0.0000,179.9988,-0.0004,179.9082
13.5427,approaching,0.0000,0.0000,0.0000,0.0000,0.0000,0.0000,179.9990,-0.0000,179.9082
13.5537,approaching,0.0000,0.0000,0.0000,0.0000,0.0000,0.0000,179.9991,0.0003,179.9082
13.5629,approaching,0.0000,0.0000,0.0000,0.0000,0.0000,0.0000,179.9991,0.0003,179.9082
13.5738,approaching,0.0000,0.0000,0.0000,0.0000,0.0000,0.0000,179.9986,-0.0008,179.9082
13.5841,approaching,0.0000,0.0000,0.0000,0.0000,0.0000,0.0000,179.9985,-0.0011,179.9081
13.5928,approaching,0.0000,0.0000,0.0000,0.0000,0.0000,0.0000,179.9985,-0.0011,179.9081
13.6029,approaching,0.0000,0.0000,0.0000,0.0000,0.0000,0.0000,179.9980,-0.0021,179.9081
13.6134,approaching,0.0000,0.0000,0.0000,0.0000,0.0000,0.0000,179.9979,-0.0024,179.9081
13.6242,approaching,0.0000,0.0000,0.0000,0.0000,0.0000,0.0000,179.9979,-0.0024,179.9081
13.6326,approaching,0.0000,0.0000,0.0000,0.0000,0.0000,0.0000,179.9985,-0.0010,179.9080
13.6427,approaching,0.0000,0.0000,0.0000,0.0000,0.0000,0.0000,179.9986,-0.0008,179.9080
13.6526,approaching,0.0000,0.0000,0.0000,0.0000,0.0000,0.0000,179.9986,-0.0008,179.9080
13.6626,approaching,0.0000,0.0000,0.0000,0.0000,0.0000,0.0000,179.9992,0.0005,179.9085
13.6732,approaching,0.0000,0.0000,0.0000,0.0000,0.0000,0.0000,179.9990,-0.0000,179.9085
13.6835,approaching,0.0000,0.0000,0.0000,0.0000,0.0000,0.0000,179.9990,-0.0000,179.9085
13.6926,approaching,0.0000,0.0000,0.0000,0.0000,0.0000,0.0000,179.9990,0.0001,179.9084
13.7027,approaching,0.0000,0.0000,0.0000,0.0000,0.0000,0.0000,179.9988,-0.0003,179.9084
13.7129,approaching,0.0000,0.0000,0.0000,0.0000,0.0000,0.0000,179.9988,-0.0003,179.9084
13.7226,approaching,0.0000,0.0000,0.0000,0.0000,0.0000,0.0000,179.9986,-0.0009,179.9084
13.7330,approaching,0.0000,0.0000,0.0000,0.0000,0.0000,0.0000,179.9987,-0.0005,179.9083
13.7427,approaching,0.0000,0.0000,0.0000,0.0000,0.0000,0.0000,179.9987,-0.0005,179.9083
13.7536,approaching,0.0000,0.0000,0.0000,0.0000,0.0000,0.0000,179.9992,0.0006,179.9083
13.7627,approaching,0.0000,0.0000,0.0000,0.0000,0.0000,0.0000,179.9992,0.0006,179.9083
13.7733,approaching,0.0000,0.0000,0.0000,0.0000,0.0000,0.0000,179.9992,0.0006,179.9083
13.7827,approaching,0.0000,0.0000,0.0000,0.0000,0.0000,0.0000,179.9991,0.0005,179.9082
13.7939,approaching,0.0000,0.0000,0.0000,0.0000,0.0000,0.0000,179.9991,0.0003,179.9088
13.8028,approaching,0.0000,0.0000,0.0000,0.0000,0.0000,0.0000,179.9991,0.0003,179.9088
13.8126,approaching,0.0000,0.0000,0.0000,0.0000,0.0000,0.0000,179.9987,-0.0005,179.9087
13.8229,approaching,0.0000,0.0000,0.0000,0.0000,0.0000,0.0000,179.9984,-0.0012,179.9087
13.8332,approaching,0.0000,0.0000,0.0000,0.0000,0.0000,0.0000,179.9984,-0.0012,179.9087
13.8435,approaching,0.0000,0.0000,0.0000,0.0000,0.0000,0.0000,179.9984,-0.0012,179.9087
13.8537,approaching,0.0000,0.0000,0.0000,0.0000,0.0000,0.0000,179.9990,0.0002,179.9086
13.8627,approaching,0.0000,0.0000,0.0000,0.0000,0.0000,0.0000,179.9990,0.0002,179.9086
13.8736,approaching,0.0000,0.0000,0.0000,0.0000,0.0000,0.0000,179.9990,0.0002,179.9086
13.8827,approaching,0.0000,0.0000,0.0000,0.0000,0.0000,0.0000,179.9986,-0.0007,179.9086
13.8926,approaching,0.0000,0.0000,0.0000,0.0000,0.0000,0.0000,179.9986,-0.0007,179.9086
13.9037,approaching,0.0000,0.0000,0.0000,0.0000,0.0000,0.0000,179.9988,-0.0003,179.9085
13.9130,approaching,0.0000,0.0000,0.0000,0.0000,0.0000,0.0000,179.9986,-0.0008,179.9085
13.9237,approaching,0.0000,0.0000,0.0000,0.0000,0.0000,0.0000,179.9986,-0.0008,179.9085
13.9327,approaching,0.0000,0.0000,0.0000,0.0000,0.0000,0.0000,179.9985,-0.0009,179.9085
13.9430,approaching,0.0000,0.0000,0.0000,0.0000,0.0000,0.0000,179.9985,-0.0010,179.9084
13.9530,approaching,0.0000,0.0000,0.0000,0.0000,0.0000,0.0000,179.9985,-0.0010,179.9084
13.9633,approaching,0.0000,0.0000,0.0000,0.0000,0.0000,0.0000,179.9983,-0.0015,179.9084
13.9733,approaching,0.0000,0.0000,0.0000,0.0000,0.0000,0.0000,179.9983,-0.0015,179.9083
13.9828,approaching,0.0000,0.0000,0.0000,0.0000,0.0000,0.0000,179.9983,-0.0015,179.9083
13.9930,approaching,0.0000,0.0000,0.0000,0.0000,0.0000,0.0000,179.9985,-0.0009,179.9083
14.0034,approaching,0.0000,0.0000,0.0000,0.0000,0.0000,0.0000,179.9985,-0.0009,179.9083
14.0126,approaching,0.0000,0.0000,0.0000,0.0000,0.0000,0.0000,179.9985,-0.0009,179.9083
14.0236,approaching,0.0000,0.0000,0.0000,0.0000,0.0000,0.0000,179.9981,-0.0019,179.9082
14.0334,approaching,0.0000,0.0000,0.0000,0.0000,0.0000,0.0000,179.9981,-0.0019,179.9082
14.0438,approaching,0.0000,0.0000,0.0000,0.0000,0.0000,0.0000,179.9981,-0.0019,179.9082
14.0526,approaching,0.0000,0.0000,0.0000,0.0000,0.0000,0.0000,179.9984,-0.0012,179.9082
14.0626,approaching,0.0000,0.0000,0.0000,0.0000,0.0000,0.0000,179.9987,-0.0005,179.9081
14.0727,approaching,0.0000,0.0000,0.0000,0.0000,0.0000,0.0000,179.9987,-0.0005,179.9081
14.0832,approaching,0.0000,0.0000,0.0000,0.0000,0.0000,0.0000,179.9987,-0.0005,179.9081
14.0931,approaching,0.0000,0.0000,0.0000,0.0000,0.0000,0.0000,179.9980,-0.0021,179.9081
14.1035,approaching,0.0000,0.0000,0.0000,0.0000,0.0000,0.0000,179.9980,-0.0021,179.9081
14.1128,approaching,0.0000,0.0000,0.0000,0.0000,0.0000,0.0000,179.9980,-0.0020,179.9081
14.1226,approaching,0.0000,0.0000,0.0000,0.0000,0.0000,0.0000,179.9980,-0.0021,179.9080
14.1346,approaching,0.0000,0.0000,0.0000,0.0000,0.0000,0.0000,179.9980,-0.0021,179.9080
14.1432,approaching,0.0000,0.0000,0.0000,0.0000,0.0000,0.0000,179.9980,-0.0021,179.9080
14.1527,approaching,0.0000,0.0000,0.0000,0.0000,0.0000,0.0000,179.9979,-0.0022,179.9080
14.1627,approaching,0.0000,0.0000,0.0000,0.0000,0.0000,0.0000,179.9979,-0.0022,179.9080
14.1726,approaching,0.0000,0.0000,0.0000,0.0000,0.0000,0.0000,179.9977,-0.0026,179.9079
14.1826,approaching,0.0000,0.0000,0.0000,0.0000,0.0000,0.0000,179.9977,-0.0026,179.9085
14.1939,approaching,0.0000,0.0000,0.0000,0.0000,0.0000,0.0000,179.9977,-0.0026,179.9085
14.2031,approaching,0.0000,0.0000,0.0000,0.0000,0.0000,0.0000,179.9980,-0.0021,179.9084
14.2131,approaching,0.0000,0.0000,0.0000,0.0000,0.0000,0.0000,179.9985,-0.0009,179.9084
14.2238,approaching,0.0000,0.0000,0.0000,0.0000,0.0000,0.0000,179.9985,-0.0009,179.9084
14.2332,approaching,0.0000,0.0000,0.0000,0.0000,0.0000,0.0000,179.9984,-0.0012,179.9083
14.2428,approaching,0.0000,0.0000,0.0000,0.0000,0.0000,0.0000,179.9987,-0.0003,179.9083
14.2551,approaching,0.0000,0.0000,0.0000,0.0000,0.0000,0.0000,179.9987,-0.0003,179.9083
14.2631,approaching,0.0000,0.0000,0.0000,0.0000,0.0000,0.0000,179.9988,-0.0003,179.9083
14.2732,approaching,0.0000,0.0000,0.0000,0.0000,0.0000,0.0000,179.9988,-0.0002,179.9088
14.2829,approaching,0.0000,0.0000,0.0000,0.0000,0.0000,0.0000,179.9988,-0.0002,179.9088
14.2934,approaching,0.0000,0.0000,0.0000,0.0000,0.0000,0.0000,179.9986,-0.0006,179.9088
14.3029,approaching,0.0000,0.0000,0.0000,0.0000,0.0000,0.0000,179.9986,-0.0006,179.9087
14.3146,approaching,0.0000,0.0000,0.0000,0.0000,0.0000,0.0000,179.9986,-0.0006,179.9087
14.3239,approaching,0.0000,0.0000,0.0000,0.0000,0.0000,0.0000,179.9986,-0.0006,179.9087
14.3329,approaching,0.0000,0.0000,0.0000,0.0000,0.0000,0.0000,179.9991,0.0006,179.9087
14.3426,approaching,0.0000,0.0000,0.0000,0.0000,0.0000,0.0000,179.9991,0.0006,179.9087
14.3526,approaching,0.0000,0.0000,0.0000,0.0000,0.0000,0.0000,179.9989,0.0001,179.9086
14.3633,approaching,0.0000,0.0000,0.0000,0.0000,0.0000,0.0000,179.9989,-0.0000,179.9086
14.3738,approaching,0.0000,0.0000,0.0000,0.0000,0.0000,0.0000,179.9989,-0.0000,179.9086
14.3828,approaching,0.0000,0.0000,0.0000,0.0000,0.0000,0.0000,179.9986,-0.0007,179.9086
14.3927,approaching,0.0000,0.0000,0.0000,0.0000,0.0000,0.0000,179.9982,-0.0014,179.9085
14.4027,approaching,0.0000,0.0000,0.0000,0.0000,0.0000,0.0000,179.9982,-0.0014,179.9085
14.4130,approaching,0.0000,0.0000,0.0000,0.0000,0.0000,0.0000,179.9982,-0.0014,179.9085
14.4228,approaching,0.0000,0.0000,0.0000,0.0000,0.0000,0.0000,179.9986,-0.0007,179.9085
14.4331,approaching,0.0000,0.0000,0.0000,0.0000,0.0000,0.0000,179.9986,-0.0007,179.9085
14.4426,approaching,0.0000,0.0000,0.0000,0.0000,0.0000,0.0000,179.9987,-0.0004,179.9085
14.4526,approaching,0.0000,0.0000,0.0000,0.0000,0.0000,0.0000,179.9988,-0.0002,179.9084
14.4633,approaching,0.0000,0.0000,0.0000,0.0000,0.0000,0.0000,179.9988,-0.0002,179.9084
14.4737,approaching,0.0000,0.0000,0.0000,0.0000,0.0000,0.0000,179.9988,-0.0000,179.9084
14.4835,approaching,0.0000,0.0000,0.0000,0.0000,0.0000,0.0000,179.9985,-0.0008,179.9084
14.4926,approaching,0.0000,0.0000,0.0000,0.0000,0.0000,0.0000,179.9985,-0.0008,179.9084
14.5040,approaching,0.0000,0.0000,0.0000,0.0000,0.0000,0.0000,179.9984,-0.0011,179.9083
14.5137,approaching,0.0000,0.0000,0.0000,0.0000,0.0000,0.0000,179.9983,-0.0013,179.9083
14.5249,approaching,0.0000,0.0000,0.0000,0.0000,0.0000,0.0000,179.9983,-0.0013,179.9083
14.5331,approaching,0.0000,0.0000,0.0000,0.0000,0.0000,0.0000,179.9982,-0.0015,179.9082
14.5429,approaching,0.0000,0.0000,0.0000,0.0000,0.0000,0.0000,179.9983,-0.0012,179.9082
14.5527,approaching,0.0000,0.0000,0.0000,0.0000,0.0000,0.0000,179.9983,-0.0012,179.9082
14.5626,approaching,0.0000,0.0000,0.0000,0.0000,0.0000,0.0000,179.9987,-0.0004,179.9082
14.5728,approaching,0.0000,0.0000,0.0000,0.0000,0.0000,0.0000,179.9984,-0.0010,179.9081
14.5837,approaching,0.0000,0.0000,0.0000,0.0000,0.0000,0.0000,179.9984,-0.0010,179.9081
14.5930,approaching,0.0000,0.0000,0.0000,0.0000,0.0000,0.0000,179.9982,-0.0014,179.9081
14.6028,approaching,0.0000,0.0000,0.0000,0.0000,0.0000,0.0000,179.9982,-0.0015,179.9081
14.6133,approaching,0.0000,0.0000,0.0000,0.0000,0.0000,0.0000,179.9982,-0.0015,179.9081
14.6226,approaching,0.0000,0.0000,0.0000,0.0000,0.0000,0.0000,179.9981,-0.0017,179.9081
14.6328,approaching,0.0000,0.0000,0.0000,0.0000,0.0000,0.0000,179.9979,-0.0022,179.9084
14.6430,approaching,0.0000,0.0000,0.0000,0.0000,0.0000,0.0000,179.9979,-0.0022,179.9084
14.6528,approaching,0.0000,0.0000,0.0000,0.0000,0.0000,0.0000,179.9986,-0.0005,179.9083
14.6626,approaching,0.0000,0.0000,0.0000,0.0000,0.0000,0.0000,179.9978,-0.0023,179.9079
14.6728,approaching,0.0000,0.0000,0.0000,0.0000,0.0000,0.0000,179.9978,-0.0023,179.9079
14.6827,approaching,0.0000,0.0000,0.0000,0.0000,0.0000,0.0000,179.9984,-0.0010,179.9079
14.6938,approaching,0.0000,0.0000,0.0000,0.0000,0.0000,0.0000,179.9981,-0.0016,179.9079
14.7035,approaching,0.0000,0.0000,0.0000,0.0000,0.0000,0.0000,179.9981,-0.0016,179.9079
14.7135,approaching,0.0000,0.0000,0.0000,0.0000,0.0000,0.0000,179.9979,-0.0022,179.9084
14.7236,approaching,0.0000,0.0000,0.0000,0.0000,0.0000,0.0000,179.9975,-0.0029,179.9084
14.7330,approaching,0.0000,0.0000,0.0000,0.0000,0.0000,0.0000,179.9975,-0.0029,179.9084
14.7432,approaching,0.0000,0.0000,0.0000,0.0000,0.0000,0.0000,179.9979,-0.0021,179.9083
14.7528,approaching,0.0000,0.0000,0.0000,0.0000,0.0000,0.0000,179.9980,-0.0019,179.9083
14.7633,approaching,0.0000,0.0000,0.0000,0.0000,0.0000,0.0000,179.9980,-0.0019,179.9083
14.7735,approaching,0.0000,0.0000,0.0000,0.0000,0.0000,0.0000,179.9989,0.0001,179.9082
14.7830,approaching,0.0000,0.0000,0.0000,0.0000,0.0000,0.0000,179.9989,0.0001,179.9082
14.7928,approaching,0.0000,0.0000,0.0000,0.0000,0.0000,0.0000,179.9989,0.0001,179.9082
14.8027,approaching,0.0000,0.0000,0.0000,0.0000,0.0000,0.0000,179.9989,0.0002,179.9086
14.8129,approaching,0.0000,0.0000,0.0000,0.0000,0.0000,0.0000,179.9988,-0.0001,179.9086
14.8231,approaching,0.0000,0.0000,0.0000,0.0000,0.0000,0.0000,179.9988,-0.0001,179.9086
14.8343,approaching,0.0000,0.0000,0.0000,0.0000,0.0000,0.0000,179.9987,-0.0003,179.9091
14.8431,approaching,0.0000,0.0000,0.0000,0.0000,0.0000,0.0000,179.9986,-0.0005,179.9090
14.8530,approaching,0.0000,0.0000,0.0000,0.0000,0.0000,0.0000,179.9986,-0.0005,179.9090
14.8630,approaching,0.0000,0.0000,0.0000,0.0000,0.0000,0.0000,179.9988,-0.0000,179.9090
14.8728,approaching,0.0000,0.0000,0.0000,0.0000,0.0000,0.0000,179.9990,0.0003,179.9090
14.8827,approaching,0.0000,0.0000,0.0000,0.0000,0.0000,0.0000,179.9990,0.0003,179.9090
14.8940,approaching,0.0000,0.0000,0.0000,0.0000,0.0000,0.0000,179.9986,-0.0005,179.9089
14.9035,approaching,0.0000,0.0000,0.0000,0.0000,0.0000,0.0000,179.9988,-0.0000,179.9089
14.9132,approaching,0.0000,0.0000,0.0000,0.0000,0.0000,0.0000,179.9988,-0.0000,179.9089
14.9234,approaching,0.0000,0.0000,0.0000,0.0000,0.0000,0.0000,179.9990,0.0004,179.9088
14.9327,approaching,0.0000,0.0000,0.0000,0.0000,0.0000,0.0000,179.9990,0.0003,179.9088
14.9426,approaching,0.0000,0.0000,0.0000,0.0000,0.0000,0.0000,179.9990,0.0003,179.9088
14.9536,approaching,0.0000,0.0000,0.0000,0.0000,0.0000,0.0000,179.9988,-0.0001,179.9088
14.9632,approaching,0.0000,0.0000,0.0000,0.0000,0.0000,0.0000,179.9982,-0.0015,179.9087
14.9741,approaching,0.0000,0.0000,0.0000,0.0000,0.0000,0.0000,179.9982,-0.0015,179.9087
14.9836,approaching,0.0000,0.0000,0.0000,0.0000,0.0000,0.0000,179.9979,-0.0021,179.9087
14.9932,approaching,0.0000,0.0000,0.0000,0.0000,0.0000,0.0000,179.9985,-0.0007,179.9087
15.0029,approaching,0.0000,0.0000,0.0000,0.0000,0.0000,0.0000,179.9985,-0.0007,179.9087
15.0135,approaching,0.0000,0.0000,0.0000,0.0000,0.0000,0.0000,179.9982,-0.0015,179.9086
15.0234,approaching,0.0000,0.0000,0.0000,0.0000,0.0000,0.0000,179.9986,-0.0006,179.9086
15.0331,approaching,0.0000,0.0000,0.0000,0.0000,0.0000,0.0000,179.9986,-0.0006,179.9086
15.0429,approaching,0.0000,0.0000,0.0000,0.0000,0.0000,0.0000,179.9986,-0.0005,179.9086
15.0536,approaching,0.0000,0.0000,0.0000,0.0000,0.0000,0.0000,179.9984,-0.0009,179.9085
15.0630,approaching,0.0000,0.0000,0.0000,0.0000,0.0000,0.0000,179.9984,-0.0009,179.9085
15.0745,approaching,0.0000,0.0000,0.0000,0.0000,0.0000,0.0000,179.9982,-0.0013,179.9085
15.0830,approaching,0.0000,0.0000,0.0000,0.0000,0.0000,0.0000,179.9984,-0.0008,179.9085
15.0963,approaching,0.0000,0.0000,0.0000,0.0000,0.0000,0.0000,179.9984,-0.0008,179.9085
15.1033,approaching,0.0000,0.0000,0.0000,0.0000,0.0000,0.0000,179.9982,-0.0013,179.9084
15.1140,approaching,0.0000,0.0000,0.0000,0.0000,0.0000,0.0000,179.9986,-0.0005,179.9084
15.1233,approaching,0.0000,0.0000,0.0000,0.0000,0.0000,0.0000,179.9986,-0.0005,179.9084
15.1348,approaching,0.0000,0.0000,0.0000,0.0000,0.0000,0.0000,179.9987,-0.0001,179.9084
15.1433,approaching,0.0000,0.0000,0.0000,0.0000,0.0000,0.0000,179.9987,-0.0002,179.9083
15.1535,approaching,0.0000,0.0000,0.0000,0.0000,0.0000,0.0000,179.9987,-0.0002,179.9083
15.1634,approaching,0.0000,0.0000,0.0000,0.0000,0.0000,0.0000,179.9987,-0.0002,179.9083
15.1754,approaching,0.0000,0.0000,0.0000,0.0000,0.0000,0.0000,179.9986,-0.0004,179.9083
15.1851,approaching,0.0000,0.0000,0.0000,0.0000,0.0000,0.0000,179.9986,-0.0004,179.9083
15.1934,approaching,0.0000,0.0000,0.0000,0.0000,0.0000,0.0000,179.9984,-0.0010,179.9083
15.2029,approaching,0.0000,0.0000,0.0000,0.0000,0.0000,0.0000,179.9982,-0.0012,179.9082
15.2140,approaching,0.0000,0.0000,0.0000,0.0000,0.0000,0.0000,179.9982,-0.0012,179.9082
15.2230,approaching,0.0000,0.0000,0.0000,0.0000,0.0000,0.0000,179.9987,-0.0003,179.9082
15.2345,approaching,0.0000,0.0000,0.0000,0.0000,0.0000,0.0000,179.9989,0.0003,179.9087
15.2429,approaching,0.0000,0.0000,0.0000,0.0000,0.0000,0.0000,179.9989,0.0003,179.9087
15.2531,approaching,0.0000,0.0000,0.0000,0.0000,0.0000,0.0000,179.9987,-0.0002,179.9087
15.2643,approaching,0.0000,0.0000,0.0000,0.0000,0.0000,0.0000,179.9984,-0.0009,179.9086
15.2741,approaching,0.0000,0.0000,0.0000,0.0000,0.0000,0.0000,179.9984,-0.0009,179.9086
15.2851,approaching,0.0000,0.0000,0.0000,0.0000,0.0000,0.0000,179.9984,-0.0010,179.9086
15.2926,approaching,0.0000,0.0000,0.0000,0.0000,0.0000,0.0000,179.9985,-0.0006,179.9086
15.3033,approaching,0.0000,0.0000,0.0000,0.0000,0.0000,0.0000,179.9985,-0.0006,179.9086
15.3135,approaching,0.0000,0.0000,0.0000,0.0000,0.0000,0.0000,179.9986,-0.0006,179.9086
15.3231,approaching,0.0000,0.0000,0.0000,0.0000,0.0000,0.0000,179.9983,-0.0011,179.9091
15.3330,approaching,0.0000,0.0000,0.0000,0.0000,0.0000,0.0000,179.9983,-0.0011,179.9091
15.3427,approaching,0.0000,0.0000,0.0000,0.0000,0.0000,0.0000,179.9986,-0.0003,179.9090
15.3529,approaching,0.0000,0.0000,0.0000,0.0000,0.0000,0.0000,179.9982,-0.0014,179.9090
15.3650,approaching,0.0000,0.0000,0.0000,0.0000,0.0000,0.0000,179.9982,-0.0014,179.9090
15.3754,approaching,0.0000,0.0000,0.0000,0.0000,0.0000,0.0000,179.9987,-0.0001,179.9090
15.3828,approaching,0.0000,0.0000,0.0000,0.0000,0.0000,0.0000,179.9988,-0.0000,179.9089
15.3930,approaching,0.0000,0.0000,0.0000,0.0000,0.0000,0.0000,179.9988,-0.0000,179.9089
15.4027,approaching,0.0000,0.0000,0.0000,0.0000,0.0000,0.0000,179.9985,-0.0006,179.9089
15.4143,approaching,0.0000,0.0000,0.0000,0.0000,0.0000,0.0000,179.9983,-0.0012,179.9088
15.4229,approaching,0.0000,0.0000,0.0000,0.0000,0.0000,0.0000,179.9983,-0.0012,179.9088
15.4340,approaching,0.0000,0.0000,0.0000,0.0000,0.0000,0.0000,179.9982,-0.0014,179.9088
15.4426,approaching,0.0000,0.0000,0.0000,0.0000,0.0000,0.0000,179.9983,-0.0011,179.9088
15.4526,approaching,0.0000,0.0000,0.0000,0.0000,0.0000,0.0000,179.9983,-0.0011,179.9088
15.4626,approaching,0.0000,0.0000,0.0000,0.0000,0.0000,0.0000,179.9987,-0.0002,179.9088
15.4728,approaching,0.0000,0.0000,0.0000,0.0000,0.0000,0.0000,179.9983,-0.0010,179.9087
15.4827,approaching,0.0000,0.0000,0.0000,0.0000,0.0000,0.0000,179.9983,-0.0010,179.9087
15.4926,approaching,0.0000,0.0000,0.0000,0.0000,0.0000,0.0000,179.9985,-0.0006,179.9087
15.5026,approaching,0.0000,0.0000,0.0000,0.0000,0.0000,0.0000,179.9980,-0.0018,179.9086
15.5140,approaching,0.0000,0.0000,0.0000,0.0000,0.0000,0.0000,179.9980,-0.0018,179.9086
15.5229,approaching,0.0000,0.0000,0.0000,0.0000,0.0000,0.0000,179.9980,-0.0018,179.9086
15.5345,approaching,0.0000,0.0000,0.0000,0.0000,0.0000,0.0000,179.9975,-0.0028,179.9086
15.5426,approaching,0.0000,0.0000,0.0000,0.0000,0.0000,0.0000,179.9975,-0.0028,179.9086
15.5526,approaching,0.0000,0.0000,0.0000,0.0000,0.0000,0.0000,179.9975,-0.0030,179.9086
15.5626,approaching,0.0000,0.0000,0.0000,0.0000,0.0000,0.0000,179.9978,-0.0021,179.9085
15.5729,approaching,0.0000,0.0000,0.0000,0.0000,0.0000,0.0000,179.9978,-0.0021,179.9085
15.5839,approaching,0.0000,0.0000,0.0000,0.0000,0.0000,0.0000,179.9986,-0.0004,179.9085
15.5936,approaching,0.0000,0.0000,0.0000,0.0000,0.0000,0.0000,179.9985,-0.0006,179.9085
15.6026,approaching,0.0000,0.0000,0.0000,0.0000,0.0000,0.0000,179.9985,-0.0006,179.9085
15.6126,approaching,0.0000,0.0000,0.0000,0.0000,0.0000,0.0000,179.9979,-0.0019,179.9084
15.6226,approaching,0.0000,0.0000,0.0000,0.0000,0.0000,0.0000,179.9979,-0.0020,179.9084
15.6329,approaching,0.0000,0.0000,0.0000,0.0000,0.0000,0.0000,179.9979,-0.0020,179.9084
15.6431,approaching,0.0000,0.0000,0.0000,0.0000,0.0000,0.0000,179.9979,-0.0019,179.9084
15.6526,approaching,0.0000,0.0000,0.0000,0.0000,0.0000,0.0000,179.9985,-0.0006,179.9083
15.6627,approaching,0.0000,0.0000,0.0000,0.0000,0.0000,0.0000,179.9985,-0.0006,179.9083
15.6727,approaching,0.0000,0.0000,0.0000,0.0000,0.0000,0.0000,179.9984,-0.0008,179.9083
15.6827,approaching,0.0000,0.0000,0.0000,0.0000,0.0000,0.0000,179.9982,-0.0012,179.9082
15.6933,approaching,0.0000,0.0000,0.0000,0.0000,0.0000,0.0000,179.9982,-0.0012,179.9082
15.7026,approaching,0.0000,0.0000,0.0000,0.0000,0.0000,0.0000,179.9990,-0.0008,179.9082
15.7126,approaching,0.0000,0.0000,0.0000,0.0000,0.0000,0.0000,179.9988,-0.0012,179.9082
15.7226,approaching,0.0000,0.0000,0.0000,0.0000,0.0000,0.0000,179.9988,-0.0012,179.9082
15.7331,approaching,0.0000,0.0000,0.0000,0.0000,0.0000,0.0000,179.9986,-0.0019,179.9082
15.7440,approaching,0.0000,0.0000,0.0000,0.0000,0.0000,0.0000,179.9988,-0.0014,179.9081
15.7526,approaching,0.0000,0.0000,0.0000,0.0000,0.0000,0.0000,179.9988,-0.0014,179.9081
15.7626,approaching,0.0000,0.0000,0.0000,0.0000,0.0000,0.0000,179.9987,-0.0015,179.9086
15.7726,approaching,0.0000,0.0000,0.0000,0.0000,0.0000,0.0000,179.9991,-0.0005,179.9086
15.7827,approaching,0.0000,0.0000,0.0000,0.0000,0.0000,0.0000,179.9991,-0.0005,179.9086
15.7930,approaching,0.0000,0.0000,0.0000,0.0000,0.0000,0.0000,179.9990,-0.0008,179.9086
15.8026,approaching,0.0000,0.0000,0.0000,0.0000,0.0000,0.0000,179.9987,-0.0015,179.9085
15.8126,approaching,0.0000,0.0000,0.0000,0.0000,0.0000,0.0000,179.9987,-0.0015,179.9085
15.8228,approaching,0.0000,0.0000,0.0000,0.0000,0.0000,0.0000,179.9987,-0.0015,179.9085
15.8330,approaching,0.0000,0.0000,0.0000,0.0000,0.0000,0.0000,179.9986,-0.0017,179.9085
15.8427,approaching,0.0000,0.0000,0.0000,0.0000,0.0000,0.0000,179.9986,-0.0017,179.9085
15.8527,approaching,0.0000,0.0000,0.0000,0.0000,0.0000,0.0000,179.9990,-0.0009,179.9090
15.8626,approaching,0.0000,0.0000,0.0000,0.0000,0.0000,0.0000,179.9988,-0.0012,179.9090
15.8733,approaching,0.0000,0.0000,0.0000,0.0000,0.0000,0.0000,179.9988,-0.0012,179.9090
15.8826,approaching,0.0000,0.0000,0.0000,0.0000,0.0000,0.0000,179.9989,-0.0011,179.9090
15.8926,approaching,0.0000,0.0000,0.0000,0.0000,0.0000,0.0000,179.9989,-0.0023,179.9089
15.9026,approaching,0.0000,0.0000,0.0000,0.0000,0.0000,0.0000,179.9989,-0.0023,179.9089
15.9126,approaching,0.0000,0.0000,0.0000,0.0000,0.0000,0.0000,179.9993,-0.0015,179.9089
15.9228,approaching,0.0000,0.0000,0.0000,0.0000,0.0000,0.0000,179.9993,-0.0014,179.9088
15.9328,approaching,0.0000,0.0000,0.0000,0.0000,0.0000,0.0000,179.9993,-0.0014,179.9088
15.9426,approaching,0.0000,0.0000,0.0000,0.0000,0.0000,0.0000,179.9995,-0.0010,179.9088
15.9526,approaching,0.0000,0.0000,0.0000,0.0000,0.0000,0.0000,179.9999,-0.0002,179.9088
15.9631,approaching,0.0000,0.0000,0.0000,0.0000,0.0000,0.0000,179.9999,-0.0002,179.9088
15.9727,approaching,0.0000,0.0000,0.0000,0.0000,0.0000,0.0000,-179.9999,0.0002,179.9087
15.9826,approaching,0.0000,0.0000,0.0000,0.0000,0.0000,0.0000,179.9995,-0.0009,179.9087
15.9926,approaching,0.0000,0.0000,0.0000,0.0000,0.0000,0.0000,179.9995,-0.0009,179.9087
16.0028,approaching,0.0000,0.0000,0.0000,0.0000,0.0000,0.0000,179.9993,-0.0014,179.9087
16.0126,approaching,0.0000,0.0000,0.0000,0.0000,0.0000,0.0000,179.9998,-0.0003,179.9086
16.0226,approaching,0.0000,0.0000,0.0000,0.0000,0.0000,0.0000,179.9998,-0.0003,179.9086
16.0327,approaching,0.0000,0.0000,0.0000,0.0000,0.0000,0.0000,-179.9999,0.0002,179.9086
16.0428,approaching,0.0000,0.0000,0.0000,0.0000,0.0000,0.0000,179.9996,-0.0008,179.9086
16.0530,approaching,0.0000,0.0000,0.0000,0.0000,0.0000,0.0000,179.9996,-0.0008,179.9086
16.0626,approaching,0.0000,0.0000,0.0000,0.0000,0.0000,0.0000,179.9993,-0.0015,179.9085
16.0726,approaching,0.0000,0.0000,0.0000,0.0000,0.0000,0.0000,179.9993,-0.0015,179.9085
16.0826,approaching,0.0000,0.0000,0.0000,0.0000,0.0000,0.0000,179.9993,-0.0015,179.9085
16.0931,approaching,0.0000,0.0000,0.0000,0.0000,0.0000,0.0000,179.9991,-0.0020,179.9085
16.1028,approaching,0.0000,0.0000,0.0000,0.0000,0.0000,0.0000,179.9989,-0.0023,179.9085
16.1129,approaching,0.0000,0.0000,0.0000,0.0000,0.0000,0.0000,179.9989,-0.0023,179.9085
16.1229,approaching,0.0000,0.0000,0.0000,0.0000,0.0000,0.0000,179.9991,-0.0019,179.9084
16.1327,approaching,0.0000,0.0000,0.0000,0.0000,0.0000,0.0000,179.9993,-0.0015,179.9084
16.1434,approaching,0.0000,0.0000,0.0000,0.0000,0.0000,0.0000,179.9993,-0.0015,179.9084
16.1528,approaching,0.0000,0.0000,0.0000,0.0000,0.0000,0.0000,179.9993,-0.0014,179.9083
16.1626,approaching,0.0000,0.0000,0.0000,0.0000,0.0000,0.0000,179.9995,-0.0011,179.9083
16.1727,approaching,0.0000,0.0000,0.0000,0.0000,0.0000,0.0000,179.9995,-0.0011,179.9083
16.1831,approaching,0.0000,0.0000,0.0000,0.0000,0.0000,0.0000,179.9996,-0.0009,179.9083
16.1926,approaching,0.0000,0.0000,0.0000,0.0000,0.0000,0.0000,179.9995,-0.0011,179.9082
16.2026,approaching,0.0000,0.0000,0.0000,0.0000,0.0000,0.0000,179.9995,-0.0011,179.9082
16.2126,approaching,0.0000,0.0000,0.0000,0.0000,0.0000,0.0000,179.9993,-0.0014,179.9082
16.2230,approaching,0.0000,0.0000,0.0000,0.0000,0.0000,0.0000,179.9993,-0.0014,179.9082
16.2334,approaching,0.0000,0.0000,0.0000,0.0000,0.0000,0.0000,179.9993,-0.0014,179.9082
16.2426,approaching,0.0000,0.0000,0.0000,0.0000,0.0000,0.0000,179.9993,-0.0015,179.9082
16.2526,approaching,0.0000,0.0000,0.0000,0.0000,0.0000,0.0000,179.9999,-0.0015,179.9081
16.2627,approaching,0.0000,0.0000,0.0000,0.0000,0.0000,0.0000,179.9999,-0.0015,179.9081
16.2731,approaching,0.0000,0.0000,0.0000,0.0000,0.0000,0.0000,179.9999,-0.0014,179.9081
16.2827,approaching,0.0000,0.0000,0.0000,0.0000,0.0000,0.0000,179.9999,-0.0014,179.9086
16.2926,approaching,0.0000,0.0000,0.0000,0.0000,0.0000,0.0000,179.9999,-0.0014,179.9086
16.3026,approaching,0.0000,0.0000,0.0000,0.0000,0.0000,0.0000,179.9998,-0.0017,179.9086
16.3125,approaching,0.0000,0.0000,0.0000,0.0000,0.0000,0.0000,179.9999,-0.0015,179.9085
16.3248,approaching,0.0000,0.0000,0.0000,0.0000,0.0000,0.0000,179.9999,-0.0015,179.9085
16.3328,approaching,0.0000,0.0000,0.0000,0.0000,0.0000,0.0000,179.9995,-0.0025,179.9085
16.3429,approaching,0.0000,0.0000,0.0000,0.0000,0.0000,0.0000,179.9996,-0.0021,179.9085
16.3526,approaching,0.0000,0.0000,0.0000,0.0000,0.0000,0.0000,179.9996,-0.0021,179.9085
16.3629,approaching,0.0000,0.0000,0.0000,0.0000,0.0000,0.0000,179.9995,-0.0025,179.9090
16.3731,approaching,0.0000,0.0000,0.0000,0.0000,0.0000,0.0000,179.9997,-0.0020,179.9090
16.3826,approaching,0.0000,0.0000,0.0000,0.0000,0.0000,0.0000,179.9997,-0.0020,179.9090
16.3926,approaching,0.0000,0.0000,0.0000,0.0000,0.0000,0.0000,179.9995,-0.0023,179.9089
16.4026,approaching,0.0000,0.0000,0.0000,0.0000,0.0000,0.0000,179.9999,-0.0015,179.9089
16.4131,approaching,0.0000,0.0000,0.0000,0.0000,0.0000,0.0000,179.9999,-0.0015,179.9089
16.4227,approaching,0.0000,0.0000,0.0000,0.0000,0.0000,0.0000,179.9998,-0.0016,179.9088
16.4326,approaching,0.0000,0.0000,0.0000,0.0000,0.0000,0.0000,179.9996,-0.0022,179.9088
16.4425,approaching,0.0000,0.0000,0.0000,0.0000,0.0000,0.0000,179.9996,-0.0022,179.9088
16.4534,approaching,0.0000,0.0000,0.0000,0.0000,0.0000,0.0000,179.9995,-0.0025,179.9088
16.4626,approaching,0.0000,0.0000,0.0000,0.0000,0.0000,0.0000,179.9995,-0.0025,179.9088
16.4728,approaching,0.0000,0.0000,0.0000,0.0000,0.0000,0.0000,179.9995,-0.0025,179.9088
16.4826,approaching,0.0000,0.0000,0.0000,0.0000,0.0000,0.0000,179.9999,-0.0016,179.9087
16.4928,approaching,0.0000,0.0000,0.0000,0.0000,0.0000,0.0000,179.9994,-0.0027,179.9087
16.5027,approaching,0.0000,0.0000,0.0000,0.0000,0.0000,0.0000,179.9994,-0.0027,179.9087
16.5126,approaching,0.0000,0.0000,0.0000,0.0000,0.0000,0.0000,180.0000,-0.0013,179.9087
16.5226,approaching,0.0000,0.0000,0.0000,0.0000,0.0000,0.0000,-179.9997,-0.0005,179.9086
16.5326,approaching,0.0000,0.0000,0.0000,0.0000,0.0000,0.0000,-179.9997,-0.0005,179.9086
16.5427,approaching,0.0000,0.0000,0.0000,0.0000,0.0000,0.0000,-179.9996,-0.0003,179.9086
16.5526,approaching,0.0000,0.0000,0.0000,0.0000,0.0000,0.0000,180.0000,-0.0012,179.9086
16.5626,approaching,0.0000,0.0000,0.0000,0.0000,0.0000,0.0000,180.0000,-0.0012,179.9086
16.5726,approaching,0.0000,0.0000,0.0000,0.0000,0.0000,0.0000,179.9997,-0.0018,179.9085
16.5832,approaching,0.0000,0.0000,0.0000,0.0000,0.0000,0.0000,-179.9996,-0.0003,179.9085
16.5927,approaching,0.0000,0.0000,0.0000,0.0000,0.0000,0.0000,-179.9996,-0.0003,179.9085
16.6026,approaching,0.0000,0.0000,0.0000,0.0000,0.0000,0.0000,-179.9996,-0.0004,179.9084
16.6126,approaching,0.0000,0.0000,0.0000,0.0000,0.0000,0.0000,-179.9997,-0.0006,179.9084
16.6230,approaching,0.0000,0.0000,0.0000,0.0000,0.0000,0.0000,-179.9997,-0.0006,179.9084
16.6327,approaching,0.0000,0.0000,0.0000,0.0000,0.0000,0.0000,180.0000,-0.0012,179.9084
16.6426,approaching,0.0000,0.0000,0.0000,0.0000,0.0000,0.0000,179.9996,-0.0020,179.9083
16.6525,approaching,0.0000,0.0000,0.0000,0.0000,0.0000,0.0000,179.9996,-0.0020,179.9083
16.6627,approaching,0.0000,0.0000,0.0000,0.0000,0.0000,0.0000,179.9998,-0.0016,179.9083
16.6729,approaching,0.0000,0.0000,0.0000,0.0000,0.0000,0.0000,179.9998,-0.0016,179.9083
16.6826,approaching,0.0000,0.0000,0.0000,0.0000,0.0000,0.0000,179.9998,-0.0016,179.9083
16.6926,approaching,0.0000,0.0000,0.0000,0.0000,0.0000,0.0000,179.9998,-0.0016,179.9083
16.7026,approaching,0.0000,0.0000,0.0000,0.0000,0.0000,0.0000,179.9999,-0.0015,179.9082
16.7127,approaching,0.0000,0.0000,0.0000,0.0000,0.0000,0.0000,179.9999,-0.0015,179.9082
16.7227,approaching,0.0000,0.0000,0.0000,0.0000,0.0000,0.0000,179.9999,-0.0015,179.9082
16.7327,approaching,0.0000,0.0000,0.0000,0.0000,0.0000,0.0000,179.9997,-0.0019,179.9082
16.7429,approaching,0.0000,0.0000,0.0000,0.0000,0.0000,0.0000,179.9997,-0.0019,179.9082
16.7532,approaching,0.0000,0.0000,0.0000,0.0000,0.0000,0.0000,179.9994,-0.0025,179.9081
16.7629,approaching,0.0000,0.0000,0.0000,0.0000,0.0000,0.0000,179.9998,-0.0017,179.9081
16.7740,approaching,0.0000,0.0000,0.0000,0.0000,0.0000,0.0000,179.9998,-0.0017,179.9081
16.7826,approaching,0.0000,0.0000,0.0000,0.0000,0.0000,0.0000,179.9998,-0.0017,179.9081
16.7926,approaching,0.0000,0.0000,0.0000,0.0000,0.0000,0.0000,179.9998,-0.0018,179.9081
16.8029,approaching,0.0000,0.0000,0.0000,0.0000,0.0000,0.0000,179.9998,-0.0018,179.9081
16.8129,approaching,0.0000,0.0000,0.0000,0.0000,0.0000,0.0000,179.9998,-0.0017,179.9086
16.8226,approaching,0.0000,0.0000,0.0000,0.0000,0.0000,0.0000,179.9999,-0.0014,179.9085
16.8326,approaching,0.0000,0.0000,0.0000,0.0000,0.0000,0.0000,179.9999,-0.0014,179.9085
16.8426,approaching,0.0000,0.0000,0.0000,0.0000,0.0000,0.0000,179.9998,-0.0016,179.9085
16.8530,approaching,0.0000,0.0000,0.0000,0.0000,0.0000,0.0000,179.9993,-0.0013,179.9085
16.8627,approaching,0.0000,0.0000,0.0000,0.0000,0.0000,0.0000,179.9993,-0.0013,179.9085
16.8727,approaching,0.0000,0.0000,0.0000,0.0000,0.0000,0.0000,179.9992,-0.0016,179.9084
16.8827,approaching,0.0000,0.0000,0.0000,0.0000,0.0000,0.0000,179.9993,-0.0014,179.9084
16.8926,approaching,0.0000,0.0000,0.0000,0.0000,0.0000,0.0000,179.9993,-0.0014,179.9084
16.9030,approaching,0.0000,0.0000,0.0000,0.0000,0.0000,0.0000,179.9992,-0.0015,179.9089
16.9128,approaching,0.0000,0.0000,0.0000,0.0000,0.0000,0.0000,179.9993,-0.0014,179.9089
16.9226,approaching,0.0000,0.0000,0.0000,0.0000,0.0000,0.0000,179.9993,-0.0014,179.9089
16.9326,approaching,0.0000,0.0000,0.0000,0.0000,0.0000,0.0000,179.9992,-0.0015,179.9088
16.9426,approaching,0.0000,0.0000,0.0000,0.0000,0.0000,0.0000,179.9991,-0.0019,179.9088
16.9532,approaching,0.0000,0.0000,0.0000,0.0000,0.0000,0.0000,179.9991,-0.0019,179.9088
16.9626,approaching,0.0000,0.0000,0.0000,0.0000,0.0000,0.0000,179.9991,-0.0019,179.9088
16.9726,approaching,0.0000,0.0000,0.0000,0.0000,0.0000,0.0000,179.9991,-0.0018,179.9088
16.9826,approaching,0.0000,0.0000,0.0000,0.0000,0.0000,0.0000,179.9991,-0.0018,179.9088
16.9929,approaching,0.0000,0.0000,0.0000,0.0000,0.0000,0.0000,179.9993,-0.0013,179.9087
17.0027,approaching,0.0000,0.0000,0.0000,0.0000,0.0000,0.0000,179.9993,-0.0014,179.9087
17.0126,approaching,0.0000,0.0000,0.0000,0.0000,0.0000,0.0000,179.9993,-0.0014,179.9087
17.0227,approaching,0.0000,0.0000,0.0000,0.0000,0.0000,0.0000,179.9994,-0.0012,179.9087
17.0326,approaching,0.0000,0.0000,0.0000,0.0000,0.0000,0.0000,179.9991,-0.0018,179.9086
17.0429,approaching,0.0000,0.0000,0.0000,0.0000,0.0000,0.0000,179.9991,-0.0018,179.9086
17.0526,approaching,0.0000,0.0000,0.0000,0.0000,0.0000,0.0000,179.9990,-0.0020,179.9086
17.0626,approaching,0.0000,0.0000,0.0000,0.0000,0.0000,0.0000,179.9988,-0.0024,179.9086
17.0726,approaching,0.0000,0.0000,0.0000,0.0000,0.0000,0.0000,179.9988,-0.0024,179.9086
17.0829,approaching,0.0000,0.0000,0.0000,0.0000,0.0000,0.0000,179.9989,-0.0023,179.9085
17.0927,approaching,0.0000,0.0000,0.0000,0.0000,0.0000,0.0000,179.9995,-0.0009,179.9085
17.1026,approaching,0.0000,0.0000,0.0000,0.0000,0.0000,0.0000,179.9995,-0.0009,179.9085
17.1126,approaching,0.0000,0.0000,0.0000,0.0000,0.0000,0.0000,179.9996,-0.0007,179.9085
17.1226,approaching,0.0000,0.0000,0.0000,0.0000,0.0000,0.0000,179.9998,-0.0003,179.9084
17.1329,approaching,0.0000,0.0000,0.0000,0.0000,0.0000,0.0000,179.9998,-0.0003,179.9084
17.1426,approaching,0.0000,0.0000,0.0000,0.0000,0.0000,0.0000,179.9996,-0.0007,179.9084
17.1526,approaching,0.0000,0.0000,0.0000,0.0000,0.0000,0.0000,179.9996,-0.0007,179.9083
17.1625,approaching,0.0000,0.0000,0.0000,0.0000,0.0000,0.0000,179.9996,-0.0007,179.9083
17.1735,approaching,0.0000,0.0000,0.0000,0.0000,0.0000,0.0000,179.9994,-0.0011,179.9083
17.1826,approaching,0.0000,0.0000,0.0000,0.0000,0.0000,0.0000,179.9998,-0.0003,179.9083
17.1926,approaching,0.0000,0.0000,0.0000,0.0000,0.0000,0.0000,179.9998,-0.0003,179.9083
17.2026,approaching,0.0000,0.0000,0.0000,0.0000,0.0000,0.0000,179.9996,-0.0006,179.9082
17.2129,approaching,0.0000,0.0000,0.0000,0.0000,0.0000,0.0000,179.9998,-0.0003,179.9082
17.2226,approaching,0.0000,0.0000,0.0000,0.0000,0.0000,0.0000,179.9998,-0.0003,179.9082
17.2326,approaching,0.0000,0.0000,0.0000,0.0000,0.0000,0.0000,179.9998,-0.0003,179.9082
17.2426,approaching,0.0000,0.0000,0.0000,0.0000,0.0000,0.0000,179.9993,-0.0013,179.9081
17.2529,approaching,0.0000,0.0000,0.0000,0.0000,0.0000,0.0000,179.9993,-0.0013,179.9081
17.2639,approaching,0.0000,0.0000,0.0000,0.0000,0.0000,0.0000,179.9995,-0.0010,179.9081
17.2726,approaching,0.0000,0.0000,0.0000,0.0000,0.0000,0.0000,179.9996,-0.0007,179.9081
17.2826,approaching,0.0000,0.0000,0.0000,0.0000,0.0000,0.0000,179.9996,-0.0007,179.9081
17.2926,approaching,0.0000,0.0000,0.0000,0.0000,0.0000,0.0000,179.9996,-0.0007,179.9081
17.3028,approaching,0.0000,0.0000,0.0000,0.0000,0.0000,0.0000,179.9996,-0.0008,179.9080
17.3131,approaching,0.0000,0.0000,0.0000,0.0000,0.0000,0.0000,179.9996,-0.0008,179.9080
17.3227,approaching,0.0000,0.0000,0.0000,0.0000,0.0000,0.0000,179.9992,-0.0017,179.9080
17.3326,approaching,0.0000,0.0000,0.0000,0.0000,0.0000,0.0000,179.9992,-0.0017,179.9080
17.3425,approaching,0.0000,0.0000,0.0000,0.0000,0.0000,0.0000,179.9992,-0.0017,179.9080
17.3529,approaching,0.0000,0.0000,0.0000,0.0000,0.0000,0.0000,179.9991,-0.0018,179.9079
17.3627,approaching,0.0000,0.0000,0.0000,0.0000,0.0000,0.0000,179.9992,-0.0015,179.9085
17.3726,approaching,0.0000,0.0000,0.0000,0.0000,0.0000,0.0000,179.9992,-0.0015,179.9085
17.3826,approaching,0.0000,0.0000,0.0000,0.0000,0.0000,0.0000,179.9991,-0.0018,179.9084
17.3926,approaching,0.0000,0.0000,0.0000,0.0000,0.0000,0.0000,179.9995,-0.0010,179.9084
17.4030,approaching,0.0000,0.0000,0.0000,0.0000,0.0000,0.0000,179.9995,-0.0010,179.9084
17.4128,approaching,0.0000,0.0000,0.0000,0.0000,0.0000,0.0000,179.9997,-0.0005,179.9084
17.4226,approaching,0.0000,0.0000,0.0000,0.0000,0.0000,0.0000,179.9989,-0.0024,179.9083
17.4325,approaching,0.0000,0.0000,0.0000,0.0000,0.0000,0.0000,179.9989,-0.0024,179.9083
17.4432,approaching,0.0000,0.0000,0.0000,0.0000,0.0000,0.0000,179.9994,-0.0011,179.9088
17.4535,approaching,0.0000,0.0000,0.0000,0.0000,0.0000,0.0000,179.9995,-0.0009,179.9088
17.4626,approaching,0.0000,0.0000,0.0000,0.0000,0.0000,0.0000,179.9995,-0.0009,179.9088
17.4726,approaching,0.0000,0.0000,0.0000,0.0000,0.0000,0.0000,179.9992,-0.0015,179.9088
17.4826,approaching,0.0000,0.0000,0.0000,0.0000,0.0000,0.0000,179.9987,-0.0027,179.9087
17.4926,approaching,0.0000,0.0000,0.0000,0.0000,0.0000,0.0000,179.9987,-0.0027,179.9087
17.5045,approaching,0.0000,0.0000,0.0000,0.0000,0.0000,0.0000,179.9990,-0.0021,179.9090
17.5126,approaching,0.0000,0.0000,0.0000,0.0000,0.0000,0.0000,179.9993,-0.0014,179.9090
17.5226,approaching,0.0000,0.0000,0.0000,0.0000,0.0000,0.0000,179.9993,-0.0014,179.9090
17.5326,approaching,0.0000,0.0000,0.0000,0.0000,0.0000,0.0000,179.9997,-0.0004,179.9090
17.5429,approaching,0.0000,0.0000,0.0000,0.0000,0.0000,0.0000,179.9997,-0.0004,179.9090
17.5527,approaching,0.0000,0.0000,0.0000,0.0000,0.0000,0.0000,179.9997,-0.0004,179.9090
17.5626,approaching,0.0000,0.0000,0.0000,0.0000,0.0000,0.0000,179.9997,-0.0004,179.9089
17.5726,approaching,0.0000,0.0000,0.0000,0.0000,0.0000,0.0000,179.9994,-0.0011,179.9089
17.5829,approaching,0.0000,0.0000,0.0000,0.0000,0.0000,0.0000,179.9994,-0.0011,179.9089
17.5928,approaching,0.0000,0.0000,0.0000,0.0000,0.0000,0.0000,179.9990,-0.0020,179.9089
17.6026,approaching,0.0000,0.0000,0.0000,0.0000,0.0000,0.0000,179.9988,-0.0026,179.9088
17.6126,approaching,0.0000,0.0000,0.0000,0.0000,0.0000,0.0000,179.9988,-0.0026,179.9088
17.6225,approaching,0.0000,0.0000,0.0000,0.0000,0.0000,0.0000,179.9990,-0.0021,179.9088
17.6327,approaching,0.0000,0.0000,0.0000,0.0000,0.0000,0.0000,179.9990,-0.0021,179.9088
17.6426,approaching,0.0000,0.0000,0.0000,0.0000,0.0000,0.0000,179.9990,-0.0021,179.9088
17.6526,approaching,0.0000,0.0000,0.0000,0.0000,0.0000,0.0000,179.9991,-0.0019,179.9084
17.6626,approaching,0.0000,0.0000,0.0000,0.0000,0.0000,0.0000,179.9997,-0.0005,179.9083
17.6732,approaching,0.0000,0.0000,0.0000,0.0000,0.0000,0.0000,179.9997,-0.0005,179.9083
17.6829,approaching,0.0000,0.0000,0.0000,0.0000,0.0000,0.0000,180.0000,0.0001,179.9083
17.6925,approaching,0.0000,0.0000,0.0000,0.0000,0.0000,0.0000,179.9995,-0.0010,179.9083
17.7025,approaching,0.0000,0.0000,0.0000,0.0000,0.0000,0.0000,179.9995,-0.0010,179.9083
17.7128,approaching,0.0000,0.0000,0.0000,0.0000,0.0000,0.0000,179.9997,-0.0004,179.9082
17.7227,approaching,0.0000,0.0000,0.0000,0.0000,0.0000,0.0000,179.9994,-0.0012,179.9082
17.7326,approaching,0.0000,0.0000,0.0000,0.0000,0.0000,0.0000,179.9994,-0.0012,179.9082
17.7426,approaching,0.0000,0.0000,0.0000,0.0000,0.0000,0.0000,179.9993,-0.0015,179.9085
17.7526,approaching,0.0000,0.0000,0.0000,0.0000,0.0000,0.0000,179.9998,-0.0002,179.9085
17.7633,approaching,0.0000,0.0000,0.0000,0.0000,0.0000,0.0000,179.9998,-0.0002,179.9085
17.7739,approaching,0.0000,0.0000,0.0000,0.0000,0.0000,0.0000,180.0000,0.0001,179.9081
17.7828,approaching,0.0000,0.0000,0.0000,0.0000,0.0000,0.0000,179.9995,-0.0010,179.9081
17.7928,approaching,0.0000,0.0000,0.0000,0.0000,0.0000,0.0000,179.9995,-0.0010,179.9081
17.8028,approaching,0.0000,0.0000,0.0000,0.0000,0.0000,0.0000,179.9997,-0.0004,179.9081
17.8133,approaching,0.0000,0.0000,0.0000,0.0000,0.0000,0.0000,179.9999,-0.0000,179.9084
17.8226,approaching,0.0000,0.0000,0.0000,0.0000,0.0000,0.0000,179.9999,-0.0000,179.9084
17.8326,approaching,0.0000,0.0000,0.0000,0.0000,0.0000,0.0000,179.9999,-0.0000,179.9083
17.8426,approaching,0.0000,0.0000,0.0000,0.0000,0.0000,0.0000,179.9997,-0.0004,179.9083
17.8533,approaching,0.0000,0.0000,0.0000,0.0000,0.0000,0.0000,179.9997,-0.0004,179.9083
17.8626,approaching,0.0000,0.0000,0.0000,0.0000,0.0000,0.0000,179.9996,-0.0007,179.9082
17.8726,approaching,0.0000,0.0000,0.0000,0.0000,0.0000,0.0000,179.9995,-0.0009,179.9088
17.8826,approaching,0.0000,0.0000,0.0000,0.0000,0.0000,0.0000,179.9995,-0.0009,179.9088
17.8927,approaching,0.0000,0.0000,0.0000,0.0000,0.0000,0.0000,179.9998,-0.0003,179.9087
17.9029,approaching,0.0000,0.0000,0.0000,0.0000,0.0000,0.0000,179.9998,-0.0002,179.9087
17.9128,approaching,0.0000,0.0000,0.0000,0.0000,0.0000,0.0000,179.9998,-0.0002,179.9087
17.9228,approaching,0.0000,0.0000,0.0000,0.0000,0.0000,0.0000,179.9998,-0.0002,179.9087
17.9326,approaching,0.0000,0.0000,0.0000,0.0000,0.0000,0.0000,179.9998,-0.0003,179.9087
17.9428,approaching,0.0000,0.0000,0.0000,0.0000,0.0000,0.0000,179.9998,-0.0003,179.9087
17.9526,approaching,0.0000,0.0000,0.0000,0.0000,0.0000,0.0000,179.9999,-0.0001,179.9086
17.9629,approaching,0.0000,0.0000,0.0000,0.0000,0.0000,0.0000,179.9995,-0.0010,179.9086
17.9729,approaching,0.0000,0.0000,0.0000,0.0000,0.0000,0.0000,179.9995,-0.0010,179.9086
17.9829,approaching,0.0000,0.0000,0.0000,0.0000,0.0000,0.0000,179.9994,-0.0012,179.9086
17.9926,approaching,0.0000,0.0000,0.0000,0.0000,0.0000,0.0000,179.9992,-0.0015,179.9085
18.0026,approaching,0.0000,0.0000,0.0000,0.0000,0.0000,0.0000,179.9992,-0.0015,179.9085
18.0126,approaching,0.0000,0.0000,0.0000,0.0000,0.0000,0.0000,179.9995,-0.0010,179.9085
18.0227,approaching,0.0000,0.0000,0.0000,0.0000,0.0000,0.0000,179.9994,-0.0011,179.9090
18.0327,approaching,0.0000,0.0000,-0.2097,0.0000,0.0000,0.0000,179.9994,-0.0011,179.9090
18.0426,approaching,0.0000,0.0000,-0.2292,0.0000,0.0000,0.0000,180.0000,0.0001,179.9090
18.0530,approaching,0.0000,0.0000,-0.2504,0.0000,0.0000,0.0000,179.9993,-0.0013,179.9090
18.0627,approaching,0.0000,-0.2009,-0.2737,0.0000,0.0000,0.0000,179.9993,-0.0013,179.9090
18.0731,approaching,0.0000,-0.2213,-0.2987,0.0000,0.0000,0.0000,179.9992,-0.0015,179.9089
18.0831,approaching,0.0000,-0.2430,-0.3257,0.0000,0.0000,0.0000,179.9995,-0.0010,179.9089
18.0928,approaching,0.0000,-0.2661,-0.3546,0.0000,0.0000,0.0000,179.9995,-0.0010,179.9089
18.1028,approaching,0.0000,-0.2907,-0.3851,0.0000,0.0000,0.0000,179.9996,-0.0008,179.9088
18.1127,approaching,0.0000,-0.3164,-0.4172,0.0000,0.0000,0.0000,179.9996,-0.0007,179.9088
18.1245,approaching,0.0000,-0.3408,-0.4477,0.0000,0.0000,0.0000,179.9996,-0.0007,179.9088
18.1326,approaching,0.0000,-0.3702,-0.4842,0.0000,0.0000,0.0000,179.9996,-0.0007,179.9088
18.1426,approaching,0.2134,-0.4014,-0.5228,0.0000,0.0000,0.0000,179.9993,-0.0014,179.9087
18.1526,approaching,0.2299,-0.4338,-0.5633,0.0000,0.0000,0.0000,179.9993,-0.0014,179.9087
18.1630,approaching,0.2469,-0.4677,-0.6052,0.0000,0.0000,0.0000,179.9992,-0.0016,179.9087
18.1740,searching,0.2630,-0.4998,-0.6451,0.0000,0.0000,-0.0009,179.9992,-0.0015,179.9087
18.1826,searching,0.2816,-0.5367,-0.6910,0.0000,0.0000,-0.0027,179.9992,-0.0015,179.9087
18.1926,searching,0.3008,-0.5752,-0.7387,0.0000,0.0000,-0.0055,179.9992,-0.0015,179.9087
18.2029,searching,0.3206,-0.6153,-0.7884,0.0000,0.0000,-0.0093,179.9992,-0.0016,179.9086
18.2130,searching,0.3410,-0.6564,-0.8396,0.0000,0.0000,-0.0141,179.9992,-0.0016,179.9086
18.2227,searching,0.3618,-0.6987,-0.8923,0.0000,0.0000,-0.0199,179.9993,-0.0015,179.9092
18.2326,searching,0.3830,-0.7421,-0.9463,0.0000,0.0000,-0.0268,179.9994,-0.0012,179.9091
18.2427,searching,0.4047,-0.7865,-1.0016,0.0000,0.0000,-0.0349,179.9994,-0.0012,179.9091
18.2527,searching,0.4268,-0.8319,-1.0580,0.0000,0.0000,-0.0440,179.9992,-0.0015,179.9091
18.2632,searching,0.4494,-0.8782,-1.1156,0.0000,0.0000,-0.0543,179.9994,-0.0011,179.9091
18.2728,searching,0.4722,-0.9252,-1.1739,0.0000,0.0000,-0.0658,179.9994,-0.0011,179.9091
18.2826,searching,0.4951,-0.9726,-1.2327,0.0000,0.0000,-0.0785,179.9995,-0.0010,179.9091
18.2926,searching,0.5182,-1.0202,-1.2919,0.0000,0.0000,-0.0923,179.9995,-0.0010,179.9087
18.3026,searching,0.5413,-1.0682,-1.3516,0.0000,0.0000,-0.1073,179.9995,-0.0010,179.9087
18.3158,searching,0.5643,-1.1159,-1.4110,0.0000,0.0000,-0.1236,179.9998,-0.0001,179.9087
18.3227,searching,0.5869,-1.1633,-1.4700,0.0000,0.0000,-0.1410,180.0000,0.0002,179.9083
18.3327,searching,0.6092,-1.2102,-1.5284,0.0000,0.0000,-0.1595,180.0000,0.0002,179.9083
18.3426,searching,0.6313,-1.2566,-1.5861,0.0000,0.0000,-0.1792,180.0000,0.0003,179.9083
18.3527,searching,0.6529,-1.3021,-1.6427,0.0000,0.0000,-0.2001,-179.9999,0.0004,179.9083
18.3630,searching,0.6739,-1.3465,-1.6980,0.0000,0.0000,-0.2221,-179.9999,0.0004,179.9083
18.3726,searching,0.6943,-1.3900,-1.7522,0.0000,0.0000,-0.2451,179.9998,-0.0003,179.9083
18.3826,searching,0.7140,-1.4324,-1.8048,0.0000,0.0000,-0.2692,179.9997,-0.0004,179.9084
18.3926,searching,0.7331,-1.4737,-1.8559,0.0000,0.0000,-0.2943,179.9997,-0.0004,179.9084
18.4036,searching,0.7515,-1.5136,-1.9055,0.0000,0.0000,-0.3204,179.9998,-0.0003,179.9084
18.4130,searching,0.7691,-1.5523,-1.9536,0.0000,0.0000,-0.3475,179.9998,-0.0003,179.9084
18.4229,searching,0.7861,-1.5896,-1.9998,0.0000,0.0000,-0.3755,179.9998,-0.0003,179.9084
18.4326,searching,0.8021,-1.6249,-2.0438,0.0000,0.0000,-0.4044,179.9997,-0.0004,179.9084
18.4430,searching,0.8173,-1.6585,-2.0857,0.0000,0.0000,-0.4341,179.9999,-0.0000,179.9084
18.4528,searching,0.8315,-1.6905,-2.1253,0.0000,0.0000,-0.4641,179.9999,-0.0000,179.9084
18.4627,searching,0.8449,-1.7210,-2.1631,0.0000,0.0000,-0.4941,-179.9998,0.0007,179.9088
18.4727,searching,0.8572,-1.7494,-2.1983,0.0000,0.0000,-0.5241,-179.9995,0.0013,179.9084
18.4827,searching,0.8686,-1.7761,-2.2311,0.0000,0.0000,-0.5541,-179.9995,0.0013,179.9084
18.4936,searching,0.8789,-1.8007,-2.2614,0.0000,0.0000,-0.5841,-179.9994,0.0016,179.9084
18.5027,searching,0.8881,-1.8230,-2.2886,0.0000,0.0000,-0.6141,-179.9992,0.0020,179.9083
18.5128,searching,0.8961,-1.8429,-2.3128,0.0000,0.0000,-0.6441,-179.9992,0.0020,179.9083
18.5227,searching,0.9028,-1.8606,-2.3339,0.0000,0.0000,-0.6741,-179.9993,0.0018,179.9086
18.5332,searching,0.9084,-1.8759,-2.3522,0.0000,0.0000,-0.7041,-179.9993,0.0017,179.9090
18.5432,searching,0.9127,-1.8889,-2.3673,0.0000,0.0000,-0.7341,-179.9993,0.0017,179.9090
18.5531,searching,0.9159,-1.8995,-2.3796,0.0000,0.0000,-0.7641,-179.9990,0.0026,179.9092
18.5631,searching,0.9179,-1.9081,-2.3890,0.0000,0.0000,-0.7941,-179.9990,0.0026,179.9092
18.5726,searching,0.9189,-1.9146,-2.3957,0.0000,0.0000,-0.8241,-179.9990,0.0026,179.9092
18.5835,searching,0.9188,-1.9193,-2.3999,0.0000,0.0000,-0.8541,-179.9987,0.0033,179.9088
18.5927,searching,0.9176,-1.9222,-2.4016,0.0000,0.0000,-0.8841,-179.9992,0.0035,179.9083
18.6026,searching,0.9155,-1.9231,-2.4007,0.0000,0.0000,-0.9141,-179.9992,0.0035,179.9083
18.6131,searching,0.9125,-1.9225,-2.3976,0.0000,0.0000,-0.9441,-179.9993,0.0032,179.9081
18.6226,searching,0.9088,-1.9209,-2.3931,0.0000,0.0000,-0.9741,-179.9996,0.0025,179.9079
18.6334,searching,0.9052,-1.9193,-2.3887,0.0000,0.0000,-1.0041,-179.9996,0.0025,179.9079
18.6430,searching,0.8999,-1.9148,-2.3800,0.0000,0.0000,-1.0341,180.0000,0.0016,179.9081
18.6530,searching,0.8939,-1.9093,-2.3699,0.0000,0.0000,-1.0641,-179.9999,0.0018,179.9079
18.6626,searching,0.8875,-1.9028,-2.3582,0.0000,0.0000,-1.0941,-179.9999,0.0018,179.9079
18.6729,searching,0.8804,-1.8951,-2.3449,0.0000,0.0000,-1.1241,-179.9999,0.0019,179.9083
18.6841,searching,0.8736,-1.8879,-2.3322,0.0000,0.0000,-1.1541,-179.9996,0.0025,179.9081
18.6927,searching,0.8653,-1.8776,-2.3152,0.0000,0.0000,-1.1841,-179.9996,0.0025,179.9081
18.7026,searching,0.8565,-1.8665,-2.2968,0.0000,0.0000,-1.2141,-179.9997,0.0023,179.9083
18.7126,searching,0.8471,-1.8545,-2.2770,0.0000,0.0000,-1.2441,-179.9998,0.0022,179.9081
18.7232,searching,0.8372,-1.8417,-2.2558,0.0000,0.0000,-1.2741,-179.9998,0.0022,179.9081
18.7329,searching,0.8270,-1.8283,-2.2336,0.0000,0.0000,-1.3041,-179.9999,0.0019,179.9083
18.7426,searching,0.8163,-1.8141,-2.2103,0.0000,0.0000,-1.3341,-179.9998,0.0022,179.9081
18.7527,searching,0.8052,-1.7990,-2.1859,0.0000,0.0000,-1.3641,-179.9998,0.0022,179.9081
18.7628,searching,0.7939,-1.7829,-2.1601,0.0000,0.0000,-1.3941,180.0000,0.0018,179.9083
18.7735,searching,0.7822,-1.7663,-2.1337,0.0000,0.0000,-1.4241,180.0000,0.0018,179.9079
18.7827,searching,0.7704,-1.7492,-2.1066,0.0000,0.0000,-1.4541,180.0000,0.0018,179.9079
18.7927,searching,0.7583,-1.7315,-2.0785,0.0000,0.0000,-1.4837,180.0000,0.0015,179.9086
18.8026,searching,0.7460,-1.7133,-2.0500,0.0000,0.0000,-1.5127,180.0000,0.0017,179.9085
18.8128,searching,0.7334,-1.6945,-2.0206,0.0000,0.0000,-1.5411,180.0000,0.0017,179.9085
18.8232,searching,0.7215,-1.6766,-1.9927,0.0000,0.0000,-1.5689,179.9999,0.0015,179.9085
18.8329,searching,0.7086,-1.6563,-1.9618,0.0000,0.0000,-1.5962,179.9999,0.0015,179.9085
18.8430,searching,0.6956,-1.6357,-1.9305,0.0000,0.0000,-1.6228,179.9999,0.0015,179.9085
18.8529,searching,0.6826,-1.6144,-1.8986,0.0000,0.0000,-1.6487,179.9998,0.0012,179.9086
18.8632,searching,0.6693,-1.5925,-1.8661,0.0000,0.0000,-1.6741,-179.9998,0.0021,179.9079
18.8727,searching,0.6559,-1.5699,-1.8331,0.0000,0.0000,-1.6987,-179.9998,0.0021,179.9079
18.8830,searching,0.6424,-1.5462,-1.7991,0.0000,0.0000,-1.7227,179.9999,0.0015,179.9081
18.8930,searching,0.6286,-1.5214,-1.7640,0.0000,0.0000,-1.7460,179.9999,0.0015,179.9082
18.9032,searching,0.6147,-1.4958,-1.7282,0.0000,0.0000,-1.7686,179.9999,0.0015,179.9082
18.9128,searching,0.6008,-1.4694,-1.6918,0.0000,0.0000,-1.7904,179.9998,0.0011,179.9084
18.9227,searching,0.5867,-1.4421,-1.6544,0.0000,0.0000,-1.8115,179.9996,0.0008,179.9086
18.9327,searching,0.5725,-1.4140,-1.6166,0.0000,0.0000,-1.8318,179.9996,0.0008,179.9086
18.9426,searching,0.5582,-1.3851,-1.5779,0.0000,0.0000,-1.8514,179.9996,0.0008,179.9086
18.9537,searching,0.5440,-1.3554,-1.5388,0.0000,0.0000,-1.8701,179.9996,0.0007,179.9082
18.9631,searching,0.5295,-1.3249,-1.4990,0.0000,0.0000,-1.8881,179.9996,0.0007,179.9082
18.9727,searching,0.5150,-1.2937,-1.4589,0.0000,0.0000,-1.9053,179.9995,0.0004,179.9081
18.9826,searching,0.5006,-1.2622,-1.4187,0.0000,0.0000,-1.9217,179.9996,0.0009,179.9082
18.9927,searching,0.4862,-1.2304,-1.3785,0.0000,0.0000,-1.9372,179.9996,0.0009,179.9082
19.0028,searching,0.4719,-1.1981,-1.3384,0.0000,0.0000,-1.9520,179.9997,0.0009,179.9080
19.0129,searching,0.4577,-1.1652,-1.2980,0.0000,0.0000,-1.9660,179.9997,0.0009,179.9082
19.0229,searching,0.4436,-1.1319,-1.2577,0.0000,0.0000,-1.9791,179.9997,0.0009,179.9082
19.0326,searching,0.4295,-1.0983,-1.2175,0.0000,0.0000,-1.9915,179.9998,0.0012,179.9087
19.0430,searching,0.4155,-1.0643,-1.1774,0.0000,0.0000,-2.0030,179.9996,0.0009,179.9084
19.0527,searching,0.4017,-1.0306,-1.1379,0.0000,0.0000,-2.0138,179.9996,0.0009,179.9084
19.0626,searching,0.3882,-0.9975,-1.0992,0.0000,0.0000,-2.0238,179.9998,0.0013,179.9076
19.0727,searching,0.3749,-0.9642,-1.0608,0.0000,0.0000,-2.0330,180.0000,0.0017,179.9078
19.0833,searching,0.3616,-0.9309,-1.0227,0.0000,0.0000,-2.0414,180.0000,0.0017,179.9078
19.0931,searching,0.3484,-0.8975,-0.9849,0.0000,0.0000,-2.0491,179.9999,0.0015,179.9076
19.1026,searching,0.3356,-0.8644,-0.9476,0.0000,0.0000,-2.0561,179.9999,0.0015,179.9078
19.1127,searching,0.3231,-0.8316,-0.9110,0.0000,0.0000,-2.0623,179.9999,0.0015,179.9078
19.1226,searching,0.3108,-0.7996,-0.8755,0.0000,0.0000,-2.0678,179.9998,0.0013,179.9081
19.1330,searching,0.2989,-0.7680,-0.8408,0.0000,0.0000,-2.0726,179.9997,0.0009,179.9083
19.1427,searching,0.2873,-0.7367,-0.8066,0.0000,0.0000,-2.0768,179.9997,0.0009,179.9083
19.1526,searching,0.2758,-0.7062,-0.7734,0.0000,0.0000,-2.0802,179.9997,0.0010,179.9085
19.1626,searching,0.2647,-0.6763,-0.7411,0.0000,0.0000,-2.0831,179.9998,0.0012,179.9081
19.1733,searching,0.2539,-0.6468,-0.7096,0.0000,0.0000,-2.0853,179.9998,0.0012,179.9081
19.1827,searching,0.2435,-0.6186,-0.6795,0.0000,0.0000,-2.0868,179.9997,0.0010,179.9085
19.1927,searching,0.2336,-0.5913,-0.6507,0.0000,0.0000,-2.0879,179.9997,0.0011,179.9086
19.2026,searching,0.2242,-0.5653,-0.6233,0.0000,0.0000,-2.0883,179.9997,0.0011,179.9086
19.2130,searching,0.2152,-0.5407,-0.5974,0.0000,0.0000,-2.0883,179.9997,0.0011,179.9086
19.2239,searching,0.2065,-0.5169,-0.5725,0.0000,0.0000,-2.0877,179.9995,0.0006,179.9081
19.2327,searching,0.0000,-0.4940,-0.5486,0.0000,0.0000,-2.0867,179.9995,0.0006,179.9081
19.2426,searching,0.0000,-0.4722,-0.5260,0.0000,0.0000,-2.0852,179.9994,0.0003,179.9079
19.2528,searching,0.0000,-0.4511,-0.5042,0.0000,0.0000,-2.0833,179.9994,0.0003,179.9086
19.2643,searching,0.0000,-0.4311,-0.4835,0.0000,0.0000,-2.0810,179.9994,0.0003,179.9086
19.2750,searching,0.0000,-0.4120,-0.4640,0.0000,0.0000,-2.0782,179.9994,0.0003,179.9084
19.2827,searching,0.0000,-0.3944,-0.4459,0.0000,0.0000,-2.0752,179.9993,0.0002,179.9082
19.2930,searching,0.0000,-0.3776,-0.4288,0.0000,0.0000,-2.0717,179.9993,0.0002,179.9082
19.3028,searching,0.0000,-0.3616,-0.4126,0.0000,0.0000,-2.0680,179.9991,-0.0003,179.9086
19.3130,searching,0.0000,-0.3467,-0.3974,0.0000,0.0000,-2.0639,179.9993,0.0002,179.9080
19.3236,searching,0.0000,-0.3329,-0.3833,0.0000,0.0000,-2.0596,179.9993,0.0002,179.9080
19.3327,searching,0.0000,-0.3201,-0.3701,0.0000,0.0000,-2.0550,179.9992,-0.0002,179.9078
19.3426,searching,0.0000,-0.3084,-0.3582,0.0000,0.0000,-2.0502,179.9991,-0.0004,179.9082
19.3526,searching,0.0000,-0.2973,-0.3470,0.0000,0.0000,-2.0451,179.9991,-0.0004,179.9082
19.3633,searching,0.0000,-0.2864,-0.3360,0.0000,0.0000,-2.0398,179.9992,-0.0000,179.9085
19.3731,searching,0.0000,-0.2761,-0.3256,0.0000,0.0000,-2.0343,179.9992,-0.0002,179.9083
19.3831,searching,0.0000,-0.2664,-0.3157,0.0000,0.0000,-2.0287,179.9992,-0.0002,179.9083
19.3927,searching,0.0000,-0.2574,-0.3066,0.0000,0.0000,-2.0228,179.9990,-0.0005,179.9083
19.4028,searching,0.0000,-0.2489,-0.2978,0.0000,0.0000,-2.0167,179.9992,-0.0002,179.9083
19.4130,searching,0.0000,-0.2410,-0.2895,0.0000,0.0000,-2.0105,179.9992,-0.0002,179.9083
19.4229,searching,0.0000,-0.2336,-0.2819,0.0000,0.0000,-2.0042,179.9992,-0.0002,179.9078
19.4329,searching,0.0000,-0.2268,-0.2746,0.0000,0.0000,-1.9977,179.9992,-0.0002,179.9081
19.4429,searching,0.0000,-0.2203,-0.2677,0.0000,0.0000,-1.9910,179.9992,-0.0002,179.9081
19.4532,searching,0.0000,-0.2141,-0.2611,0.0000,0.0000,-1.9842,179.9990,-0.0005,179.9081
19.4630,searching,0.0000,-0.2083,-0.2547,0.0000,0.0000,-1.9773,179.9989,-0.0009,179.9081
19.4732,searching,0.0000,-0.2031,-0.2490,0.0000,0.0000,-1.9703,179.9989,-0.0009,179.9081
19.4826,searching,0.0000,0.0000,-0.2435,0.0000,0.0000,-1.9632,179.9989,-0.0009,179.9078
19.4933,searching,0.0000,0.0000,-0.2382,0.0000,0.0000,-1.9560,179.9991,-0.0004,179.9078
19.5027,searching,0.0000,0.0000,-0.2329,0.0000,0.0000,-1.9486,179.9991,-0.0004,179.9078
19.5127,searching,0.0000,0.0000,-0.2276,0.0000,0.0000,-1.9412,179.9988,-0.0010,179.9078
19.5226,searching,0.0000,0.0000,-0.2226,0.0000,0.0000,-1.9336,179.9988,-0.0010,179.9078
19.5329,searching,0.0000,0.0000,-0.2178,0.0000,0.0000,-1.9260,179.9988,-0.0010,179.9078
19.5433,searching,0.0000,0.0000,-0.2132,0.0000,0.0000,-1.9182,179.9990,-0.0005,179.9074
19.5526,searching,0.0000,0.0000,-0.2089,0.0000,0.0000,-1.9104,179.9990,-0.0006,179.9071
19.5627,searching,0.0000,0.0000,-0.2048,0.0000,0.0000,-1.9025,179.9990,-0.0006,179.9071
19.5726,searching,0.0000,0.0000,-0.2006,0.0000,0.0000,-1.8945,179.9991,-0.0005,179.9076
19.5828,searching,0.0000,0.0000,0.0000,0.0000,0.0000,-1.8825,179.9993,-0.0000,179.9073
19.5926,searching,0.0000,0.0000,0.0000,0.0000,0.0000,-1.8705,179.9993,-0.0000,179.9073
19.6026,searching,0.0000,0.0000,0.0000,0.0000,0.0000,-1.8585,179.9996,0.0007,179.9071
19.6126,searching,0.0000,0.0000,0.0000,0.0000,0.0000,-1.8465,179.9995,0.0006,179.9073
19.6232,searching,0.0000,0.0000,0.0000,0.0000,0.0000,-1.8345,179.9995,0.0006,179.9073
19.6327,searching,0.0000,0.0000,0.0000,0.0000,0.0000,-1.8225,179.9993,0.0001,179.9075
19.6426,searching,0.0000,0.0000,0.0000,0.0000,0.0000,-1.8105,179.9996,0.0006,179.9079
19.6526,searching,0.0000,0.0000,0.0000,0.0000,0.0000,-1.7985,179.9996,0.0006,179.9079
19.6626,searching,0.0000,0.0000,0.0000,0.0000,0.0000,-1.7865,179.9996,0.0007,179.9079
19.6732,searching,0.0000,0.0000,0.0000,0.0000,0.0000,-1.7745,179.9997,0.0010,179.9081
19.6827,searching,0.0000,0.0000,0.0000,0.0000,0.0000,-1.7625,179.9997,0.0010,179.9081
19.6926,searching,0.0000,0.0000,0.0000,0.0000,0.0000,-1.7505,179.9995,0.0006,179.9080
19.7026,searching,0.0000,0.0000,0.0000,0.0000,0.0000,-1.7385,179.9997,0.0010,179.9082
19.7132,searching,0.0000,0.0000,0.0000,0.0000,0.0000,-1.7265,179.9997,0.0010,179.9082
19.7232,searching,0.0000,0.0000,0.0000,0.0000,0.0000,-1.7145,180.0000,0.0017,179.9076
19.7330,searching,0.0000,0.0000,0.0000,0.0000,0.0000,-1.7025,180.0000,0.0017,179.9078
19.7429,searching,0.0000,0.0000,0.0000,0.0000,0.0000,-1.6905,180.0000,0.0017,179.9078
19.7531,searching,0.0000,0.0000,0.0000,0.0000,0.0000,-1.6785,179.9999,0.0013,179.9079
19.7644,searching,0.0000,0.0000,0.0000,0.0000,0.0000,-1.6665,180.0000,0.0017,179.9086
19.7727,searching,0.0000,0.0000,0.0000,0.0000,0.0000,-1.6545,180.0000,0.0017,179.9086
19.7829,searching,0.0000,0.0000,0.0000,0.0000,0.0000,-1.6425,180.0000,0.0016,179.9077
19.7929,searching,0.0000,0.0000,0.0000,0.0000,0.0000,-1.6305,180.0000,0.0016,179.9081
19.8033,searching,0.0000,0.0000,0.0000,0.0000,0.0000,-1.6185,180.0000,0.0016,179.9081
19.8133,searching,0.0000,0.0000,0.0000,0.0000,0.0000,-1.6065,179.9998,0.0012,179.9082
19.8226,searching,0.0000,0.0000,0.0000,0.0000,0.0000,-1.5945,179.9997,0.0009,179.9080
19.8326,searching,0.0000,0.0000,0.0000,0.0000,0.0000,-1.5825,179.9997,0.0009,179.9080
19.8426,searching,0.0000,0.0000,0.0000,0.0000,0.0000,-1.5705,179.9997,0.0009,179.9080
19.8529,searching,0.0000,0.0000,0.0000,0.0000,0.0000,-1.5585,179.9999,0.0013,179.9081
19.8649,searching,0.0000,0.0000,0.0000,0.0000,0.0000,-1.5465,179.9999,0.0013,179.9081
19.8727,searching,0.0000,0.0000,-0.2010,0.0000,0.0000,-1.5385,179.9999,0.0013,179.9081
19.8826,searching,0.0000,0.0000,-0.2061,0.0000,0.0000,-1.5307,179.9998,0.0010,179.9081
19.8926,searching,0.0000,0.0000,-0.2117,0.0000,0.0000,-1.5229,179.9998,0.0010,179.9081
19.9030,searching,0.0000,0.0000,-0.2180,0.0000,0.0000,-1.5153,180.0000,0.0014,179.9078
19.9128,searching,0.0000,0.0000,-0.2251,0.0000,0.0000,-1.5078,179.9999,0.0013,179.9080
19.9226,searching,0.0000,0.0000,-0.2325,0.0000,0.0000,-1.5004,179.9999,0.0013,179.9080
19.9326,searching,0.0000,0.0000,-0.2400,0.0000,0.0000,-1.4932,179.9999,0.0012,179.9081
19.9426,searching,0.0000,0.0000,-0.2475,0.0000,0.0000,-1.4862,179.9998,0.0011,179.9077
19.9534,searching,0.0000,0.0000,-0.2548,0.0000,0.0000,-1.4793,179.9998,0.0011,179.9077
19.9630,searching,0.0000,0.0000,-0.2625,0.0000,0.0000,-1.4725,179.9997,0.0008,179.9083
19.9730,searching,0.0000,0.0000,-0.2707,0.0000,0.0000,-1.4659,179.9996,0.0006,179.9084
19.9829,searching,0.0000,0.0000,-0.2791,0.0000,0.0000,-1.4595,179.9996,0.0006,179.9084
19.9931,searching,0.0000,0.0000,-0.2878,0.0000,0.0000,-1.4533,179.9996,0.0006,179.9083
20.0027,searching,0.0000,0.0000,-0.2963,0.0000,0.0000,-1.4472,179.9995,0.0005,179.9085
20.0127,searching,0.0000,0.0000,-0.3051,0.0000,0.0000,-1.4413,179.9995,0.0005,179.9085
20.0227,searching,0.0000,0.0000,-0.3141,0.0000,0.0000,-1.4356,179.9995,0.0003,179.9089
20.0327,searching,0.0000,0.0000,-0.3231,0.0000,0.0000,-1.4300,179.9995,0.0003,179.9082
20.0433,searching,0.0000,0.0000,-0.3321,0.0000,0.0000,-1.4247,179.9995,0.0003,179.9082
20.0526,searching,0.0000,-0.2002,-0.3414,0.0000,0.0000,-1.4195,179.9994,0.0002,179.9085
20.0626,searching,0.0000,-0.2037,-0.3506,0.0000,0.0000,-1.4145,179.9994,0.0002,179.9085
20.0726,searching,0.0000,-0.2074,-0.3601,0.0000,0.0000,-1.4097,179.9994,0.0002,179.9085
20.0829,searching,0.0000,-0.2114,-0.3698,0.0000,0.0000,-1.4051,179.9995,0.0002,179.9083
20.0927,searching,0.0000,-0.2156,-0.3797,0.0000,0.0000,-1.4007,179.9996,0.0006,179.9080
20.1026,searching,0.0000,-0.2197,-0.3895,0.0000,0.0000,-1.3965,179.9996,0.0006,179.9080
20.1127,searching,0.0000,-0.2241,-0.3994,0.0000,0.0000,-1.3925,179.9996,0.0005,179.9083
20.1228,searching,0.0000,-0.2284,-0.4094,0.0000,0.0000,-1.3887,179.9995,0.0003,179.9085
20.1332,searching,0.0000,-0.2327,-0.4192,0.0000,0.0000,-1.3851,179.9995,0.0003,179.9085
20.1426,searching,0.0000,-0.2369,-0.4289,0.0000,0.0000,-1.3816,179.9995,0.0004,179.9084
20.1527,searching,0.0000,-0.2410,-0.4386,0.0000,0.0000,-1.3784,179.9995,0.0002,179.9084
20.1626,searching,0.0000,-0.2449,-0.4478,0.0000,0.0000,-1.3754,179.9995,0.0002,179.9084
20.1739,searching,0.0000,-0.2488,-0.4570,0.0000,0.0000,-1.3725,179.9996,0.0006,179.9087
20.1826,searching,0.0000,-0.2527,-0.4662,0.0000,0.0000,-1.3698,179.9996,0.0004,179.9084
20.1926,searching,0.0000,-0.2566,-0.4753,0.0000,0.0000,-1.3673,179.9996,0.0004,179.9084
20.2026,searching,0.0000,-0.2602,-0.4840,0.0000,0.0000,-1.3650,179.9996,0.0006,179.9088
20.2131,searching,0.0000,-0.2636,-0.4923,0.0000,0.0000,-1.3629,179.9997,0.0008,179.9085
20.2227,searching,0.0000,-0.2668,-0.5004,0.0000,0.0000,-1.3609,179.9997,0.0008,179.9085
20.2326,searching,0.0000,-0.2698,-0.5081,0.0000,0.0000,-1.3590,179.9995,0.0003,179.9084
20.2426,searching,0.0000,-0.2727,-0.5153,0.0000,0.0000,-1.3573,179.9998,0.0010,179.9082
20.2526,searching,0.0000,-0.2758,-0.5226,0.0000,0.0000,-1.3558,179.9998,0.0010,179.9082
20.2634,searching,0.0000,-0.2790,-0.5298,0.0000,0.0000,-1.3544,179.9995,0.0002,179.9078
20.2731,searching,0.0000,-0.2819,-0.5364,0.0000,0.0000,-1.3531,179.9994,0.0001,179.9080
20.2826,searching,0.0000,-0.2843,-0.5424,0.0000,0.0000,-1.3520,179.9994,0.0001,179.9080
20.2927,searching,0.0000,-0.2864,-0.5479,0.0000,0.0000,-1.3509,179.9994,-0.0000,179.9082
20.3026,searching,0.0000,-0.2886,-0.5534,0.0000,0.0000,-1.3500,179.9995,0.0001,179.9085
20.3156,searching,0.0000,-0.2906,-0.5584,0.0000,0.0000,-1.3491,179.9995,0.0001,179.9085
20.3227,searching,0.0000,-0.2923,-0.5629,0.0000,0.0000,-1.3484,179.9992,-0.0003,179.9078
20.3327,searching,0.0000,-0.2939,-0.5672,0.0000,0.0000,-1.3477,179.9993,-0.0001,179.9075
20.3427,searching,0.0000,-0.2955,-0.5713,0.0000,0.0000,-1.3472,179.9993,-0.0001,179.9075
20.3527,searching,0.0000,-0.2968,-0.5749,0.0000,0.0000,-1.3467,179.9991,-0.0006,179.9079
20.3644,searching,0.0000,-0.2981,-0.5784,0.0000,0.0000,-1.3462,179.9992,-0.0004,179.9076
20.3726,searching,0.0000,-0.2990,-0.5815,0.0000,0.0000,-1.3459,179.9992,-0.0004,179.9076
20.3826,searching,0.0000,-0.2999,-0.5845,0.0000,0.0000,-1.3456,179.9989,0.0002,179.9081
20.3926,searching,0.0000,-0.3006,-0.5872,0.0000,0.0000,-1.3453,179.9991,0.0007,179.9081
20.4032,searching,0.0000,-0.3012,-0.5897,0.0000,0.0000,-1.3451,179.9991,0.0007,179.9081
20.4130,searching,0.0000,-0.3015,-0.5920,0.0000,0.0000,-1.3449,179.9989,0.0004,179.9076
20.4230,searching,0.0000,-0.3017,-0.5938,0.0000,0.0000,-1.3448,179.9991,0.0007,179.9075
20.4330,searching,0.0000,-0.3019,-0.5955,0.0000,0.0000,-1.3447,179.9991,0.0007,179.9075
20.4429,searching,0.0000,-0.3022,-0.5971,0.0000,0.0000,-1.3447,179.9991,0.0008,179.9077
20.4544,searching,0.0000,-0.3025,-0.5987,0.0000,0.0000,-1.3446,179.9991,0.0008,179.9077
20.4627,searching,0.0000,-0.3033,-0.6004,0.0000,0.0000,-1.3446,179.9991,0.0008,179.9077
20.4727,searching,0.0000,-0.3044,-0.6024,0.0000,0.0000,-1.3447,179.9992,0.0010,179.9078
20.4826,searching,0.0000,-0.3057,-0.6046,0.0000,0.0000,-1.3448,179.9991,0.0008,179.9077
20.4932,searching,0.0000,-0.3071,-0.6066,0.0000,0.0000,-1.3449,179.9991,0.0008,179.9077
20.5027,searching,0.0000,-0.3085,-0.6086,0.0000,0.0000,-1.3451,179.9992,0.0010,179.9081
20.5127,searching,0.0000,-0.3100,-0.6103,0.0000,0.0000,-1.3453,179.9994,0.0014,179.9086
20.5226,searching,0.0000,-0.3118,-0.6122,0.0000,0.0000,-1.3455,179.9994,0.0014,179.9086
20.5326,searching,0.0000,-0.3135,-0.6141,0.0000,0.0000,-1.3458,179.9993,0.0011,179.9080
20.5446,searching,0.0000,-0.3151,-0.6158,0.0000,0.0000,-1.3461,179.9994,0.0015,179.9078
20.5529,searching,0.0000,-0.3168,-0.6175,0.0000,0.0000,-1.3465,179.9994,0.0015,179.9078
20.5630,searching,0.0000,-0.3184,-0.6190,0.0000,0.0000,-1.3469,179.9997,0.0021,179.9079
20.5728,searching,0.0000,-0.3203,-0.6208,0.0000,0.0000,-1.3473,179.9998,0.0022,179.9076
20.5826,searching,0.0000,-0.3226,-0.6227,0.0000,0.0000,-1.3477,179.9998,0.0022,179.9076
20.5932,searching,0.0000,-0.3250,-0.6248,0.0000,0.0000,-1.3482,179.9996,0.0017,179.9076
20.6026,searching,0.0000,-0.3275,-0.6267,0.0000,0.0000,-1.3488,179.9996,0.0017,179.9077
20.6126,searching,0.0000,-0.3301,-0.6288,0.0000,0.0000,-1.3493,179.9996,0.0017,179.9077
20.6229,searching,0.0000,-0.3332,-0.6314,0.0000,0.0000,-1.3500,179.9996,0.0018,179.9077
20.6331,searching,0.0000,-0.3366,-0.6340,0.0000,0.0000,-1.3507,179.9996,0.0018,179.9073
20.6427,searching,0.0000,-0.3401,-0.6368,0.0000,0.0000,-1.3514,179.9996,0.0018,179.9073
20.6526,searching,0.0000,-0.3438,-0.6396,0.0000,0.0000,-1.3522,179.9996,0.0019,179.9078
20.6627,searching,0.0000,-0.3476,-0.6422,0.0000,0.0000,-1.3530,179.9995,0.0016,179.9074
20.6726,searching,0.0000,-0.3518,-0.6451,0.0000,0.0000,-1.3539,179.9995,0.0016,179.9074
20.6829,searching,0.0000,-0.3558,-0.6479,0.0000,0.0000,-1.3549,179.9995,0.0016,179.9078
20.6926,searching,0.0000,-0.3601,-0.6506,0.0000,0.0000,-1.3559,179.9995,0.0017,179.9079
20.7026,searching,0.0000,-0.3646,-0.6534,0.0000,0.0000,-1.3570,179.9995,0.0017,179.9079
20.7126,searching,0.0000,-0.3693,-0.6563,0.0000,0.0000,-1.3581,179.9994,0.0014,179.9077
20.7232,searching,0.0000,-0.3744,-0.6594,0.0000,0.0000,-1.3593,179.9996,0.0018,179.9076
20.7327,searching,0.0000,-0.3798,-0.6626,0.0000,0.0000,-1.3605,179.9996,0.0018,179.9076
20.7426,searching,0.0000,-0.3849,-0.6656,0.0000,0.0000,-1.3618,179.9996,0.0018,179.9076
20.7526,searching,0.0000,-0.3903,-0.6686,0.0000,0.0000,-1.3632,179.9995,0.0015,179.9080
20.7627,searching,0.0000,-0.3958,-0.6716,0.0000,0.0000,-1.3646,179.9995,0.0015,179.9080
20.7732,searching,0.0000,-0.4014,-0.6746,0.0000,0.0000,-1.3661,179.9994,0.0014,179.9078
20.7830,searching,0.0000,-0.4073,-0.6777,0.0000,0.0000,-1.3677,179.9995,0.0017,179.9077
20.7926,searching,0.0000,-0.4132,-0.6808,0.0000,0.0000,-1.3693,179.9995,0.0017,179.9077
20.8026,searching,0.0000,-0.4192,-0.6839,0.0000,0.0000,-1.3710,179.9993,0.0011,179.9082
20.8126,searching,0.0000,-0.4253,-0.6872,0.0000,0.0000,-1.3727,179.9993,0.0011,179.9082
20.8252,searching,0.0000,-0.4316,-0.6904,0.0000,0.0000,-1.3745,179.9993,0.0011,179.9082
20.8327,searching,0.0000,-0.4379,-0.6937,0.0000,0.0000,-1.3764,179.9993,0.0013,179.9080
20.8426,searching,0.0000,-0.4442,-0.6971,0.0000,0.0000,-1.3784,179.9994,0.0014,179.9079
20.8526,searching,0.0000,-0.4505,-0.7001,0.0000,0.0000,-1.3804,179.9994,0.0014,179.9079
20.8627,searching,0.0000,-0.4565,-0.7029,0.0000,0.0000,-1.3824,179.9994,0.0014,179.9079
20.8741,searching,0.0000,-0.4623,-0.7055,0.0000,0.0000,-1.3845,179.9995,0.0016,179.9081
20.8831,searching,0.0000,-0.4680,-0.7078,0.0000,0.0000,-1.3867,179.9995,0.0016,179.9081
20.8926,searching,0.0000,-0.4736,-0.7099,0.0000,0.0000,-1.3889,179.9995,0.0016,179.9081
20.9026,searching,0.0000,-0.4790,-0.7117,0.0000,0.0000,-1.3911,179.9994,0.0014,179.9080
20.9130,searching,0.0000,-0.4846,-0.7136,0.0000,0.0000,-1.3934,179.9994,0.0014,179.9080
20.9229,searching,0.0000,-0.4900,-0.7153,0.0000,0.0000,-1.3957,179.9999,0.0024,179.9080
20.9326,searching,0.0000,-0.4957,-0.7170,0.0000,0.0000,-1.3980,179.9997,0.0021,179.9080
20.9427,searching,0.0000,-0.5011,-0.7186,0.0000,0.0000,-1.4004,179.9997,0.0021,179.9080
20.9526,searching,0.0000,-0.5064,-0.7199,0.0000,0.0000,-1.4028,179.9999,0.0025,179.9077
20.9629,searching,0.0000,-0.5118,-0.7214,0.0000,0.0000,-1.4052,179.9997,0.0021,179.9080
20.9727,searching,0.0000,-0.5168,-0.7224,0.0000,0.0000,-1.4077,179.9997,0.0021,179.9080
20.9827,searching,0.0000,-0.5219,-0.7235,0.0000,0.0000,-1.4101,179.9993,0.0013,179.9084
20.9926,searching,0.0000,-0.5269,-0.7245,0.0000,0.0000,-1.4126,179.9993,0.0012,179.9087
21.0032,searching,0.0000,-0.5319,-0.7252,0.0000,0.0000,-1.4151,179.9993,0.0012,179.9087
21.0127,searching,0.0000,-0.5367,-0.7257,0.0000,0.0000,-1.4177,179.9994,0.0014,179.9091
21.0227,searching,0.0000,-0.5412,-0.7258,0.0000,0.0000,-1.4202,179.9993,0.0013,179.9092
21.0327,searching,0.0000,-0.5453,-0.7254,0.0000,0.0000,-1.4227,179.9993,0.0013,179.9092
21.0427,searching,0.0000,-0.5493,-0.7250,0.0000,0.0000,-1.4252,179.9992,0.0010,179.9088
21.0550,searching,0.0000,-0.5532,-0.7245,0.0000,0.0000,-1.4277,179.9991,0.0009,179.9088
21.0626,searching,0.0000,-0.5570,-0.7238,0.0000,0.0000,-1.4301,179.9991,0.0009,179.9088
21.0726,searching,0.0000,-0.5608,-0.7231,0.0000,0.0000,-1.4326,179.9989,0.0003,179.9084
21.0826,searching,0.0000,-0.5647,-0.7226,0.0000,0.0000,-1.4351,179.9989,0.0003,179.9084
21.0930,searching,0.0000,-0.5685,-0.7220,0.0000,0.0000,-1.4375,179.9989,0.0003,179.9084
21.1029,searching,0.0000,-0.5720,-0.7211,0.0000,0.0000,-1.4399,179.9987,-0.0000,179.9089
21.1127,searching,0.0000,-0.5754,-0.7200,0.0000,0.0000,-1.4423,179.9991,0.0008,179.9085
21.1227,searching,0.0000,-0.5788,-0.7188,0.0000,0.0000,-1.4447,179.9991,0.0008,179.9085
21.1326,searching,0.0000,-0.5823,-0.7179,0.0000,0.0000,-1.4471,179.9991,0.0009,179.9084
21.1450,searching,0.0000,-0.5861,-0.7172,0.0000,0.0000,-1.4494,179.9996,0.0004,179.9078
21.1527,searching,0.0000,-0.5901,-0.7167,0.0000,0.0000,-1.4517,179.9996,0.0004,179.9078
21.1627,searching,0.0000,-0.5940,-0.7162,0.0000,0.0000,-1.4541,179.9996,0.0004,179.9078
21.1726,searching,0.0000,-0.5977,-0.7155,0.0000,0.0000,-1.4564,179.9993,-0.0002,179.9077
21.1828,searching,0.0000,-0.6017,-0.7151,0.0000,0.0000,-1.4587,179.9993,-0.0002,179.9077
21.1933,searching,0.0000,-0.6055,-0.7147,0.0000,0.0000,-1.4610,179.9997,0.0007,179.9080
21.2030,searching,0.0000,-0.6093,-0.7145,0.0000,0.0000,-1.4633,179.9995,0.0004,179.9080
21.2127,searching,0.0000,-0.6130,-0.7143,0.0000,0.0000,-1.4655,179.9995,0.0004,179.9080
21.2226,searching,0.0000,-0.6167,-0.7139,0.0000,0.0000,-1.4678,179.9996,0.0006,179.9083
21.2328,searching,0.0000,-0.6201,-0.7136,0.0000,0.0000,-1.4701,179.9995,0.0003,179.9082
21.2430,searching,0.0000,-0.6233,-0.7128,0.0000,0.0000,-1.4723,179.9995,0.0003,179.9082
21.2526,searching,0.0000,-0.6263,-0.7120,0.0000,0.0000,-1.4746,179.9996,0.0006,179.9081
21.2626,searching,0.0000,-0.6289,-0.7108,0.0000,0.0000,-1.4768,179.9995,0.0003,179.9079
21.2734,searching,0.0000,-0.6318,-0.7100,0.0000,0.0000,-1.4790,179.9995,0.0003,179.9079
21.2835,searching,0.0000,-0.6344,-0.7091,0.0000,0.0000,-1.4812,179.9994,0.0002,179.9087
21.2926,searching,0.0000,-0.6370,-0.7083,0.0000,0.0000,-1.4833,179.9993,-0.0000,179.9077
21.3026,searching,0.0000,-0.6394,-0.7074,0.0000,0.0000,-1.4855,179.9993,-0.0000,179.9077
21.3126,searching,0.0000,-0.6420,-0.7069,0.0000,0.0000,-1.4876,179.9993,-0.0000,179.9077
21.3251,searching,0.0000,-0.6443,-0.7064,0.0000,0.0000,-1.4898,179.9993,0.0001,179.9082
21.3327,searching,0.0000,-0.6468,-0.7062,0.0000,0.0000,-1.4919,179.9993,0.0001,179.9082
21.3427,searching,0.0000,-0.6496,-0.7061,0.0000,0.0000,-1.4940,179.9994,0.0001,179.9081
21.3527,searching,0.0000,-0.6523,-0.7060,0.0000,0.0000,-1.4961,179.9994,0.0002,179.9081
21.3629,searching,0.0000,-0.6547,-0.7059,0.0000,0.0000,-1.4982,179.9994,0.0002,179.9081
21.3731,searching,0.0000,-0.6571,-0.7058,0.0000,0.0000,-1.5004,179.9995,0.0005,179.9080
21.3826,searching,0.0000,-0.6588,-0.7050,0.0000,0.0000,-1.5025,179.9996,0.0006,179.9077
21.3926,searching,0.0000,-0.6601,-0.7039,0.0000,0.0000,-1.5045,179.9996,0.0006,179.9077
21.4026,searching,0.0000,-0.6617,-0.7030,0.0000,0.0000,-1.5066,179.9996,0.0008,179.9074
21.4129,searching,0.0000,-0.6632,-0.7021,0.0000,0.0000,-1.5086,179.9996,0.0008,179.9075
21.4228,searching,0.0000,-0.6643,-0.7010,0.0000,0.0000,-1.5107,179.9996,0.0008,179.9075
21.4327,searching,0.0000,-0.6655,-0.6999,0.0000,0.0000,-1.5127,179.9997,0.0010,179.9078
21.4426,searching,0.0000,-0.6666,-0.6988,0.0000,0.0000,-1.5146,179.9995,0.0005,179.9075
21.4529,searching,0.0000,-0.6673,-0.6974,0.0000,0.0000,-1.5166,179.9995,0.0005,179.9075
21.4627,searching,0.0000,-0.6683,-0.6963,0.0000,0.0000,-1.5185,179.9995,0.0006,179.9076
21.4727,searching,0.0000,-0.6696,-0.6955,0.0000,0.0000,-1.5204,179.9992,-0.0002,179.9073
21.4826,searching,0.0000,-0.6708,-0.6946,0.0000,0.0000,-1.5223,179.9992,-0.0002,179.9073
21.4926,searching,0.0000,-0.6723,-0.6940,0.0000,0.0000,-1.5242,179.9995,0.0004,179.9078
21.5028,searching,0.0000,-0.6736,-0.6934,0.0000,0.0000,-1.5261,179.9994,0.0003,179.9084
21.5127,searching,0.0000,-0.6748,-0.6924,0.0000,0.0000,-1.5279,179.9994,0.0003,179.9084
21.5228,searching,0.0000,-0.6755,-0.6912,0.0000,0.0000,-1.5297,179.9997,0.0010,179.9089
21.5327,searching,0.0000,-0.6766,-0.6901,0.0000,0.0000,-1.5315,179.9996,0.0008,179.9092
21.5431,searching,0.0000,-0.6779,-0.6894,0.0000,0.0000,-1.5333,179.9996,0.0008,179.9092
21.5527,searching,0.0000,-0.6795,-0.6889,0.0000,0.0000,-1.5351,179.9996,0.0007,179.9091
21.5627,searching,0.0000,-0.6812,-0.6886,0.0000,0.0000,-1.5369,179.9997,0.0011,179.9092
21.5727,searching,0.0000,-0.6829,-0.6884,0.0000,0.0000,-1.5386,179.9997,0.0011,179.9092
21.5828,searching,0.0000,-0.6842,-0.6878,0.0000,0.0000,-1.5404,179.9998,0.0012,179.9083
21.5928,searching,0.0000,-0.6854,-0.6872,0.0000,0.0000,-1.5421,179.9997,0.0011,179.9086
21.6030,searching,0.0000,-0.6866,-0.6866,0.0000,0.0000,-1.5439,179.9997,0.0011,179.9086
21.6131,searching,0.0000,-0.6874,-0.6857,0.0000,0.0000,-1.5456,179.9996,0.0008,179.9088
21.6226,searching,0.0000,-0.6884,-0.6851,0.0000,0.0000,-1.5473,179.9996,0.0009,179.9090
21.6329,searching,0.0000,-0.6893,-0.6845,0.0000,0.0000,-1.5490,179.9996,0.0009,179.9090
21.6430,searching,0.0000,-0.6902,-0.6839,0.0000,0.0000,-1.5507,179.9993,0.0003,179.9084
21.6535,searching,0.0000,-0.6910,-0.6834,0.0000,0.0000,-1.5523,179.9994,0.0005,179.9089
21.6626,searching,0.0000,-0.6914,-0.6825,0.0000,0.0000,-1.5540,179.9994,0.0005,179.9089
21.6726,searching,0.0000,-0.6919,-0.6816,0.0000,0.0000,-1.5556,179.9994,0.0005,179.9090
21.6844,searching,0.0000,-0.6923,-0.6806,0.0000,0.0000,-1.5572,179.9994,0.0005,179.9090
21.6928,searching,0.0000,-0.6929,-0.6801,0.0000,0.0000,-1.5588,179.9994,0.0005,179.9090
21.7029,searching,0.0000,-0.6934,-0.6795,0.0000,0.0000,-1.5604,179.9993,0.0001,179.9089
21.7131,searching,0.0000,-0.6936,-0.6787,0.0000,0.0000,-1.5620,179.9994,0.0005,179.9093
21.7227,searching,0.0000,-0.6936,-0.6780,0.0000,0.0000,-1.5635,179.9994,0.0005,179.9093
21.7342,searching,0.0000,-0.6937,-0.6773,0.0000,0.0000,-1.5651,179.9995,0.0008,179.9087
21.7427,searching,0.2013,-0.6927,-0.6757,0.0000,0.0000,-1.5666,179.9995,0.0008,179.9081
21.7527,searching,0.2047,-0.6918,-0.6742,0.0000,0.0000,-1.5681,179.9995,0.0008,179.9081
21.7626,searching,0.2079,-0.6905,-0.6725,0.0000,0.0000,-1.5695,179.9995,0.0008,179.9080
21.7729,searching,0.2112,-0.6890,-0.6706,0.0000,0.0000,-1.5709,179.9996,0.0009,179.9081
21.7828,searching,0.2143,-0.6872,-0.6685,0.0000,0.0000,-1.5723,179.9996,0.0009,179.9081
21.7930,searching,0.2174,-0.6853,-0.6661,0.0000,0.0000,-1.5736,179.9997,0.0012,179.9077
21.8029,searching,0.2202,-0.6828,-0.6634,0.0000,0.0000,-1.5749,179.9996,0.0010,179.9083
21.8126,searching,0.2231,-0.6802,-0.6604,0.0000,0.0000,-1.5761,179.9996,0.0010,179.9083
21.8229,searching,0.2257,-0.6773,-0.6573,0.0000,0.0000,-1.5773,179.9998,0.0015,179.9082
21.8327,searching,0.2282,-0.6739,-0.6539,0.0000,0.0000,-1.5783,180.0000,0.0018,179.9090
21.8426,searching,0.2306,-0.6700,-0.6502,0.0000,0.0000,-1.5793,180.0000,0.0018,179.9090
21.8526,searching,0.2327,-0.6656,-0.6461,0.0000,0.0000,-1.5803,-179.9999,0.0021,179.9090
21.8627,searching,0.2347,-0.6609,-0.6417,0.0000,0.0000,-1.5811,179.9999,0.0017,179.9087
21.8730,searching,0.2366,-0.6557,-0.6369,0.0000,0.0000,-1.5818,179.9999,0.0017,179.9087
21.8827,searching,0.2385,-0.6508,-0.6323,0.0000,0.0000,-1.5825,179.9998,0.0015,179.9083
21.8926,searching,0.2404,-0.6458,-0.6277,0.0000,0.0000,-1.5830,179.9998,0.0015,179.9083
21.9026,searching,0.2423,-0.6407,-0.6231,0.0000,0.0000,-1.5835,179.9998,0.0015,179.9083
21.9127,searching,0.2441,-0.6356,-0.6183,0.0000,0.0000,-1.5839,179.9996,0.0010,179.9082
21.9230,searching,0.2456,-0.6301,-0.6133,0.0000,0.0000,-1.5841,179.9993,0.0003,179.9081
21.9327,searching,0.2471,-0.6244,-0.6079,0.0000,0.0000,-1.5843,179.9993,0.0003,179.9081
21.9426,searching,0.2484,-0.6183,-0.6022,0.0000,0.0000,-1.5843,179.9994,0.0006,179.9081
21.9526,searching,0.2495,-0.6119,-0.5963,0.0000,0.0000,-1.5843,179.9992,0.0002,179.9084
21.9631,searching,0.2506,-0.6054,-0.5904,0.0000,0.0000,-1.5841,179.9992,0.0002,179.9084
21.9727,searching,0.2517,-0.5989,-0.5846,0.0000,0.0000,-1.5838,179.9992,0.0002,179.9087
21.9827,searching,0.2526,-0.5923,-0.5789,0.0000,0.0000,-1.5833,179.9989,-0.0005,179.9081
21.9927,searching,0.2535,-0.5855,-0.5728,0.0000,0.0000,-1.5828,179.9989,-0.0005,179.9081
22.0029,searching,0.2543,-0.5786,-0.5664,0.0000,0.0000,-1.5821,179.9989,-0.0006,179.9082
22.0127,searching,0.2550,-0.5717,-0.5600,0.0000,0.0000,-1.5813,179.9988,-0.0006,179.9077
22.0226,searching,0.2558,-0.5649,-0.5536,0.0000,0.0000,-1.5804,179.9988,-0.0006,179.9077
22.0327,searching,0.2566,-0.5581,-0.5472,0.0000,0.0000,-1.5793,179.9991,-0.0000,179.9087
22.0426,searching,0.2573,-0.5517,-0.5412,0.0000,0.0000,-1.5782,179.9990,-0.0004,179.9083
22.0537,searching,0.2579,-0.5452,-0.5352,0.0000,0.0000,-1.5769,179.9990,-0.0004,179.9083
22.0627,searching,0.2586,-0.5391,-0.5294,0.0000,0.0000,-1.5755,179.9990,-0.0003,179.9085
22.0727,searching,0.2592,-0.5330,-0.5237,0.0000,0.0000,-1.5739,179.9990,-0.0002,179.9088
22.0826,searching,0.2596,-0.5266,-0.5177,0.0000,0.0000,-1.5723,179.9990,-0.0002,179.9088
22.0929,searching,0.2601,-0.5201,-0.5118,0.0000,0.0000,-1.5705,179.9987,-0.0009,179.9086
22.1027,searching,0.2606,-0.5142,-0.5065,0.0000,0.0000,-1.5687,179.9987,-0.0010,179.9085
22.1127,searching,0.2613,-0.5087,-0.5018,0.0000,0.0000,-1.5667,179.9987,-0.0010,179.9085
22.1226,searching,0.2621,-0.5036,-0.4973,0.0000,0.0000,-1.5646,179.9987,-0.0008,179.9084
22.1326,searching,0.2629,-0.4990,-0.4932,0.0000,0.0000,-1.5625,179.9989,-0.0006,179.9087
22.1433,searching,0.2637,-0.4946,-0.4894,0.0000,0.0000,-1.5603,179.9989,-0.0006,179.9087
22.1527,searching,0.2648,-0.4904,-0.4857,0.0000,0.0000,-1.5580,179.9989,-0.0005,179.9088
22.1627,searching,0.2659,-0.4867,-0.4825,0.0000,0.0000,-1.5557,179.9989,-0.0005,179.9086
22.1726,searching,0.2669,-0.4834,-0.4799,0.0000,0.0000,-1.5532,179.9989,-0.0005,179.9086
22.1833,searching,0.2680,-0.4802,-0.4773,0.0000,0.0000,-1.5508,179.9987,-0.0009,179.9087
22.1927,searching,0.2691,-0.4772,-0.4749,0.0000,0.0000,-1.5483,179.9991,-0.0000,179.9085
22.2026,searching,0.2702,-0.4745,-0.4730,0.0000,0.0000,-1.5458,179.9991,-0.0000,179.9085
22.2127,searching,0.2714,-0.4718,-0.4712,0.0000,0.0000,-1.5432,179.9989,-0.0004,179.9092
22.2227,searching,0.2727,-0.4692,-0.4695,0.0000,0.0000,-1.5406,179.9988,-0.0006,179.9086
22.2332,searching,0.2739,-0.4666,-0.4680,0.0000,0.0000,-1.5379,179.9988,-0.0006,179.9086
22.2429,searching,0.2753,-0.4640,-0.4666,0.0000,0.0000,-1.5353,179.9992,0.0002,179.9089
22.2531,searching,0.2768,-0.4618,-0.4656,0.0000,0.0000,-1.5326,179.9993,0.0004,179.9089
22.2628,searching,0.2782,-0.4597,-0.4646,0.0000,0.0000,-1.5299,179.9993,0.0004,179.9089
22.2730,searching,0.2797,-0.4579,-0.4641,0.0000,0.0000,-1.5271,179.9993,0.0004,179.9089
22.2828,searching,0.2813,-0.4558,-0.4633,0.0000,0.0000,-1.5244,179.9994,0.0007,179.9086
22.2927,searching,0.2828,-0.4539,-0.4629,0.0000,0.0000,-1.5217,179.9994,0.0007,179.9086
22.3027,searching,0.2843,-0.4520,-0.4627,0.0000,0.0000,-1.5189,179.9994,0.0006,179.9086
22.3126,searching,0.2859,-0.4503,-0.4628,0.0000,0.0000,-1.5162,179.9994,0.0008,179.9086
22.3231,searching,0.2876,-0.4489,-0.4634,0.0000,0.0000,-1.5134,179.9994,0.0008,179.9086
22.3328,searching,0.2891,-0.4474,-0.4640,0.0000,0.0000,-1.5107,179.9997,0.0013,179.9082
22.3426,searching,0.2908,-0.4462,-0.4649,0.0000,0.0000,-1.5080,179.9996,0.0012,179.9087
22.3527,searching,0.2925,-0.4449,-0.4659,0.0000,0.0000,-1.5053,179.9996,0.0012,179.9087
22.3627,searching,0.2942,-0.4431,-0.4666,0.0000,0.0000,-1.5027,179.9994,0.0007,179.9083
22.3751,searching,0.2960,-0.4414,-0.4674,0.0000,0.0000,-1.5000,179.9995,0.0009,179.9085
22.3827,searching,0.2977,-0.4400,-0.4684,0.0000,0.0000,-1.4974,179.9995,0.0009,179.9085
22.3927,searching,0.2993,-0.4385,-0.4695,0.0000,0.0000,-1.4948,179.9996,0.0010,179.9083
22.4026,searching,0.3010,-0.4366,-0.4704,0.0000,0.0000,-1.4922,179.9995,0.0008,179.9081
22.4127,searching,0.3026,-0.4351,-0.4715,0.0000,0.0000,-1.4896,179.9995,0.0008,179.9081
22.4230,searching,0.3041,-0.4336,-0.4728,0.0000,0.0000,-1.4871,179.9996,0.0012,179.9079
22.4326,searching,0.3056,-0.4316,-0.4737,0.0000,0.0000,-1.4845,179.9992,0.0003,179.9083
22.4427,searching,0.3071,-0.4299,-0.4750,0.0000,0.0000,-1.4821,179.9992,0.0003,179.9083
22.4526,searching,0.3084,-0.4285,-0.4767,0.0000,0.0000,-1.4796,179.9994,0.0007,179.9083
22.4629,searching,0.3100,-0.4265,-0.4781,0.0000,0.0000,-1.4771,179.9990,-0.0002,179.9083
22.4727,searching,0.3117,-0.4245,-0.4796,0.0000,0.0000,-1.4747,179.9990,-0.0002,179.9083
22.4826,searching,0.3132,-0.4224,-0.4812,0.0000,0.0000,-1.4724,179.9992,0.0001,179.9083
22.4926,searching,0.3148,-0.4205,-0.4831,0.0000,0.0000,-1.4700,179.9988,-0.0008,179.9079
22.5027,searching,0.3163,-0.4185,-0.4851,0.0000,0.0000,-1.4677,179.9988,-0.0008,179.9079
22.5127,searching,0.3178,-0.4165,-0.4871,0.0000,0.0000,-1.4655,179.9989,-0.0004,179.9076
22.5230,searching,0.3192,-0.4141,-0.4888,0.0000,0.0000,-1.4632,179.9991,-0.0000,179.9069
22.5331,searching,0.3206,-0.4116,-0.4906,0.0000,0.0000,-1.4611,179.9991,-0.0000,179.9069
22.5426,searching,0.3219,-0.4092,-0.4924,0.0000,0.0000,-1.4589,179.9990,-0.0003,179.9071
22.5532,searching,0.3233,-0.4066,-0.4943,0.0000,0.0000,-1.4568,179.9992,0.0001,179.9066
22.5627,searching,0.3246,-0.4040,-0.4962,0.0000,0.0000,-1.4547,179.9992,0.0001,179.9066
22.5727,searching,0.3256,-0.4015,-0.4981,0.0000,0.0000,-1.4527,179.9991,-0.0001,179.9069
22.5826,searching,0.3267,-0.3992,-0.5003,0.0000,0.0000,-1.4507,179.9991,-0.0001,179.9069
22.5932,searching,0.3278,-0.3969,-0.5025,0.0000,0.0000,-1.4487,179.9991,-0.0001,179.9069
22.6027,searching,0.3288,-0.3950,-0.5050,0.0000,0.0000,-1.4468,179.9991,-0.0001,179.9071
22.6127,searching,0.3297,-0.3927,-0.5072,0.0000,0.0000,-1.4450,179.9994,0.0005,179.9072
22.6227,searching,0.3306,-0.3903,-0.5094,0.0000,0.0000,-1.4432,179.9994,0.0005,179.9072
22.6326,searching,0.3316,-0.3884,-0.5118,0.0000,0.0000,-1.4414,179.9990,-0.0003,179.9074
22.6436,searching,0.3324,-0.3861,-0.5139,0.0000,0.0000,-1.4397,179.9993,0.0003,179.9078
22.6527,searching,0.3332,-0.3834,-0.5158,0.0000,0.0000,-1.4380,179.9993,0.0003,179.9078
22.6627,searching,0.3339,-0.3811,-0.5180,0.0000,0.0000,-1.4364,179.9988,-0.0008,179.9077
22.6726,searching,0.3344,-0.3790,-0.5205,0.0000,0.0000,-1.4348,179.9992,-0.0000,179.9087
22.6830,searching,0.3351,-0.3772,-0.5233,0.0000,0.0000,-1.4332,179.9992,-0.0000,179.9087
22.6928,searching,0.3358,-0.3756,-0.5264,0.0000,0.0000,-1.4318,179.9992,0.0001,179.9079
22.7028,searching,0.3363,-0.3743,-0.5296,0.0000,0.0000,-1.4304,179.9994,0.0005,179.9083
22.7129,searching,0.3365,-0.3724,-0.5323,0.0000,0.0000,-1.4290,179.9994,0.0005,179.9083
22.7228,searching,0.3369,-0.3705,-0.5349,0.0000,0.0000,-1.4277,179.9989,-0.0006,179.9077
22.7329,searching,0.3371,-0.3685,-0.5375,0.0000,0.0000,-1.4264,179.9988,-0.0009,179.9076
22.7426,searching,0.3371,-0.3667,-0.5401,0.0000,0.0000,-1.4252,179.9988,-0.0009,179.9076
22.7527,searching,0.3370,-0.3646,-0.5423,0.0000,0.0000,-1.4241,179.9987,-0.0011,179.9080
22.7626,searching,0.3366,-0.3625,-0.5445,0.0000,0.0000,-1.4230,179.9987,-0.0011,179.9078
22.7742,searching,0.3358,-0.3606,-0.5467,0.0000,0.0000,-1.4219,179.9987,-0.0011,179.9078
22.7826,searching,0.3350,-0.3584,-0.5485,0.0000,0.0000,-1.4209,179.9993,0.0002,179.9083
22.7927,searching,0.3340,-0.3560,-0.5501,0.0000,0.0000,-1.4199,179.9990,-0.0005,179.9076
22.8027,searching,0.3329,-0.3533,-0.5514,0.0000,0.0000,-1.4189,179.9990,-0.0005,179.9076
22.8131,searching,0.3318,-0.3510,-0.5530,0.0000,0.0000,-1.4180,179.9990,-0.0006,179.9084
22.8231,searching,0.3306,-0.3491,-0.5549,0.0000,0.0000,-1.4171,179.9987,-0.0012,179.9078
22.8327,searching,0.3294,-0.3476,-0.5570,0.0000,0.0000,-1.4162,179.9987,-0.0012,179.9078
22.8427,searching,0.3281,-0.3464,-0.5594,0.0000,0.0000,-1.4154,179.9992,-0.0002,179.9083
22.8526,searching,0.3267,-0.3450,-0.5614,0.0000,0.0000,-1.4146,179.9994,0.0002,179.9080
22.8638,searching,0.3252,-0.3436,-0.5634,0.0000,0.0000,-1.4139,179.9994,0.0002,179.9080
22.8753,searching,0.3237,-0.3420,-0.5650,0.0000,0.0000,-1.4132,179.9996,0.0007,179.9078
22.8826,searching,0.3218,-0.3399,-0.5661,0.0000,0.0000,-1.4125,179.9995,0.0004,179.9074
22.8926,searching,0.3198,-0.3376,-0.5668,0.0000,0.0000,-1.4119,179.9995,0.0004,179.9074
22.9026,searching,0.3178,-0.3354,-0.5676,0.0000,0.0000,-1.4112,179.9995,0.0005,179.9080
22.9130,searching,0.3157,-0.3334,-0.5683,0.0000,0.0000,-1.4106,179.9995,0.0006,179.9078
22.9227,searching,0.3133,-0.3311,-0.5689,0.0000,0.0000,-1.4100,179.9995,0.0006,179.9078
22.9327,searching,0.3108,-0.3289,-0.5695,0.0000,0.0000,-1.4093,179.9995,0.0006,179.9078
22.9427,searching,0.3083,-0.3268,-0.5701,0.0000,0.0000,-1.4087,179.9996,0.0007,179.9079
22.9526,searching,0.3058,-0.3250,-0.5712,0.0000,0.0000,-1.4082,179.9996,0.0007,179.9079
22.9626,searching,0.3031,-0.3232,-0.5718,0.0000,0.0000,-1.4076,179.9994,0.0003,179.9086
22.9732,searching,0.3004,-0.3214,-0.5725,0.0000,0.0000,-1.4071,179.9997,0.0009,179.9079
22.9827,searching,0.2976,-0.3190,-0.5726,0.0000,0.0000,-1.4065,179.9997,0.0009,179.9079
22.9926,searching,0.2947,-0.3165,-0.5726,0.0000,0.0000,-1.4060,179.9998,0.0010,179.9079
23.0026,searching,0.2917,-0.3138,-0.5723,0.0000,0.0000,-1.4054,179.9996,0.0006,179.9084
23.0131,searching,0.2887,-0.3107,-0.5719,0.0000,0.0000,-1.4048,179.9996,0.0006,179.9084
23.0230,searching,0.2856,-0.3080,-0.5715,0.0000,0.0000,-1.4043,179.9994,0.0002,179.9081
23.0326,searching,0.2824,-0.3055,-0.5711,0.0000,0.0000,-1.4037,179.9995,0.0003,179.9081
23.0426,searching,0.2793,-0.3027,-0.5706,0.0000,0.0000,-1.4031,179.9995,0.0003,179.9081
23.0526,searching,0.2762,-0.3000,-0.5701,0.0000,0.0000,-1.4025,179.9996,0.0006,179.9077
23.0628,searching,0.2730,-0.2974,-0.5697,0.0000,0.0000,-1.4019,179.9993,-0.0001,179.9078
23.0730,searching,0.2698,-0.2944,-0.5689,0.0000,0.0000,-1.4013,179.9993,-0.0001,179.9078
23.0829,searching,0.2668,-0.2917,-0.5684,0.0000,0.0000,-1.4007,179.9995,0.0003,179.9074
23.0929,searching,0.2637,-0.2894,-0.5679,0.0000,0.0000,-1.4000,179.9998,0.0010,179.9080
23.1029,searching,0.2605,-0.2869,-0.5671,0.0000,0.0000,-1.3994,179.9998,0.0010,179.9080
23.1127,searching,0.2571,-0.2839,-0.5659,0.0000,0.0000,-1.3987,179.9995,0.0002,179.9074
23.1227,searching,0.2537,-0.2812,-0.5647,0.0000,0.0000,-1.3980,179.9994,0.0001,179.9072
23.1326,searching,0.2501,-0.2781,-0.5630,0.0000,0.0000,-1.3972,179.9994,0.0001,179.9072
23.1430,searching,0.2463,-0.2746,-0.5609,0.0000,0.0000,-1.3964,179.9993,-0.0001,179.9068
23.1530,searching,0.2425,-0.2714,-0.5588,0.0000,0.0000,-1.3956,179.9998,0.0010,179.9070
23.1627,searching,0.2387,-0.2683,-0.5570,0.0000,0.0000,-1.3948,179.9998,0.0010,179.9070
23.1726,searching,0.2348,-0.2653,-0.5553,0.0000,0.0000,-1.3939,180.0000,0.0013,179.9071
23.1826,searching,0.2311,-0.2631,-0.5543,0.0000,0.0000,-1.3929,179.9997,0.0008,179.9069
23.1944,searching,0.2274,-0.2611,-0.5534,0.0000,0.0000,-1.3920,179.9997,0.0008,179.9069
23.2029,searching,0.2235,-0.2587,-0.5524,0.0000,0.0000,-1.3911,179.9997,0.0006,179.9071
23.2129,searching,0.2197,-0.2566,-0.5514,0.0000,0.0000,-1.3901,179.9992,-0.0004,179.9066
23.2229,searching,0.2159,-0.2547,-0.5504,0.0000,0.0000,-1.3891,179.9992,-0.0004,179.9066
23.2332,searching,0.2119,-0.2524,-0.5489,0.0000,0.0000,-1.3881,179.9993,-0.0003,179.9074
23.2433,searching,0.2079,-0.2503,-0.5475,0.0000,0.0000,-1.3870,179.9993,-0.0003,179.9071
23.2529,searching,0.2038,-0.2484,-0.5461,0.0000,0.0000,-1.3860,179.9993,-0.0003,179.9071
23.2627,searching,0.0000,-0.2465,-0.5449,0.0000,0.0000,-1.3848,179.9991,-0.0008,179.9068
23.2726,searching,0.0000,-0.2444,-0.5435,0.0000,0.0000,-1.3837,179.9993,-0.0004,179.9072
23.2831,searching,0.0000,-0.2429,-0.5424,0.0000,0.0000,-1.3826,179.9993,-0.0004,179.9072
23.2927,searching,0.0000,-0.2413,-0.5412,0.0000,0.0000,-1.3814,179.9993,-0.0004,179.9070
23.3026,searching,0.0000,-0.2397,-0.5400,0.0000,0.0000,-1.3802,179.9993,-0.0004,179.9070
23.3127,searching,0.0000,-0.2385,-0.5391,0.0000,0.0000,-1.3790,179.9993,-0.0004,179.9070
23.3231,searching,0.0000,-0.2374,-0.5384,0.0000,0.0000,-1.3777,179.9993,-0.0004,179.9075
23.3338,searching,0.0000,-0.2363,-0.5377,0.0000,0.0000,-1.3765,179.9993,-0.0004,179.9075
23.3429,searching,0.0000,-0.2355,-0.5371,0.0000,0.0000,-1.3752,179.9993,-0.0004,179.9075
23.3529,searching,0.0000,-0.2347,-0.5365,0.0000,0.0000,-1.3740,179.9990,-0.0011,179.9075
23.3627,searching,0.0000,-0.2342,-0.5358,0.0000,0.0000,-1.3727,179.9986,-0.0007,179.9075
23.3730,searching,0.0000,-0.2341,-0.5354,0.0000,0.0000,-1.3714,179.9986,-0.0007,179.9075
23.3827,searching,0.0000,-0.2338,-0.5347,0.0000,0.0000,-1.3701,179.9985,-0.0008,179.9067
23.3926,searching,0.0000,-0.2336,-0.5341,0.0000,0.0000,-1.3688,179.9985,-0.0008,179.9067
23.4026,searching,0.0000,-0.2341,-0.5340,0.0000,0.0000,-1.3674,179.9985,-0.0008,179.9067
23.4131,searching,0.0000,-0.2350,-0.5342,0.0000,0.0000,-1.3661,179.9987,-0.0004,179.9069
23.4229,searching,0.0000,-0.2358,-0.5345,0.0000,0.0000,-1.3648,179.9990,0.0003,179.9074
23.4327,searching,0.0000,-0.2369,-0.5350,0.0000,0.0000,-1.3635,179.9990,0.0003,179.9074
23.4427,searching,0.0000,-0.2383,-0.5358,0.0000,0.0000,-1.3622,179.9993,0.0010,179.9075
23.4533,searching,0.0000,-0.2399,-0.5368,0.0000,0.0000,-1.3610,179.9997,0.0017,179.9068
23.4631,searching,0.0000,-0.2415,-0.5378,0.0000,0.0000,-1.3597,179.9997,0.0017,179.9068
23.4732,searching,0.0000,-0.2434,-0.5390,0.0000,0.0000,-1.3585,179.9995,0.0015,179.9067
23.4826,searching,0.0000,-0.2451,-0.5398,0.0000,0.0000,-1.3573,179.9998,0.0020,179.9064
23.4926,searching,0.0000,-0.2468,-0.5405,0.0000,0.0000,-1.3561,179.9998,0.0020,179.9064
23.5026,searching,0.0000,-0.2485,-0.5411,0.0000,0.0000,-1.3549,179.9999,0.0022,179.9073
23.5131,searching,0.0000,-0.2504,-0.5421,0.0000,0.0000,-1.3538,179.9996,0.0016,179.9071
23.5230,searching,0.0000,-0.2522,-0.5430,0.0000,0.0000,-1.3526,179.9996,0.0016,179.9071
23.5326,searching,0.0000,-0.2546,-0.5444,0.0000,0.0000,-1.3515,179.9997,0.0019,179.9072
23.5426,searching,0.0000,-0.2569,-0.5458,0.0000,0.0000,-1.3504,179.9998,0.0019,179.9073
23.5529,searching,0.0000,-0.2592,-0.5470,0.0000,0.0000,-1.3494,179.9998,0.0019,179.9073
23.5632,searching,0.0000,-0.2615,-0.5481,0.0000,0.0000,-1.3483,179.9996,0.0015,179.9076
23.5728,searching,0.0000,-0.2641,-0.5494,0.0000,0.0000,-1.3473,180.0000,0.0024,179.9070
23.5826,searching,0.0000,-0.2668,-0.5510,0.0000,0.0000,-1.3464,180.0000,0.0024,179.9070
23.5929,searching,0.0000,-0.2701,-0.5529,0.0000,0.0000,-1.3454,179.9997,0.0019,179.9073
23.6030,searching,0.0000,-0.2737,-0.5549,0.0000,0.0000,-1.3445,179.9999,0.0021,179.9069
23.6127,searching,0.0000,-0.2772,-0.5568,0.0000,0.0000,-1.3437,179.9999,0.0021,179.9069
23.6226,searching,0.0000,-0.2809,-0.5588,0.0000,0.0000,-1.3428,179.9997,0.0017,179.9069
23.6326,searching,0.0000,-0.2845,-0.5607,0.0000,0.0000,-1.3420,179.9992,0.0019,179.9070
23.6429,searching,0.0000,-0.2882,-0.5628,0.0000,0.0000,-1.3413,179.9992,0.0019,179.9070
23.6527,searching,0.0000,-0.2920,-0.5651,0.0000,0.0000,-1.3406,179.9990,0.0014,179.9076
23.6626,searching,0.0000,-0.2959,-0.5675,0.0000,0.0000,-1.3399,179.9992,0.0019,179.9075
23.6728,searching,0.0000,-0.3000,-0.5702,0.0000,0.0000,-1.3394,179.9992,0.0019,179.9075
23.6826,searching,0.0000,-0.3038,-0.5727,0.0000,0.0000,-1.3388,179.9992,0.0019,179.9075
23.6930,searching,0.0000,-0.3078,-0.5753,0.0000,0.0000,-1.3383,179.9990,0.0014,179.9076
23.7026,searching,0.0000,-0.3117,-0.5777,0.0000,0.0000,-1.3379,179.9990,0.0014,179.9076
23.7127,searching,0.0000,-0.3156,-0.5803,0.0000,0.0000,-1.3375,179.9989,0.0012,179.9072
23.7226,searching,0.0000,-0.3198,-0.5829,0.0000,0.0000,-1.3371,179.9988,0.0010,179.9076
23.7333,searching,0.0000,-0.3242,-0.5857,0.0000,0.0000,-1.3368,179.9988,0.0010,179.9076
23.7432,searching,0.0000,-0.3286,-0.5886,0.0000,0.0000,-1.3366,179.9991,0.0016,179.9078
23.7531,searching,0.0000,-0.3330,-0.5912,0.0000,0.0000,-1.3364,179.9991,0.0017,179.9077
23.7626,searching,0.0000,-0.3375,-0.5940,0.0000,0.0000,-1.3363,179.9991,0.0017,179.9077
23.7727,searching,0.0000,-0.3419,-0.5966,0.0000,0.0000,-1.3363,179.9990,0.0015,179.9078
23.7828,searching,0.0000,-0.3463,-0.5993,0.0000,0.0000,-1.3362,179.9985,0.0003,179.9082
23.7927,searching,0.0000,-0.3510,-0.6020,0.0000,0.0000,-1.3363,179.9985,0.0003,179.9082
23.8027,searching,0.0000,-0.3557,-0.6049,0.0000,0.0000,-1.3364,179.9984,0.0001,179.9080
23.8127,searching,0.0000,-0.3603,-0.6076,0.0000,0.0000,-1.3365,179.9984,0.0001,179.9080
23.8230,searching,0.0000,-0.3650,-0.6104,0.0000,0.0000,-1.3367,179.9984,0.0001,179.9080
23.8330,searching,0.0000,-0.3699,-0.6132,0.0000,0.0000,-1.3370,179.9987,0.0009,179.9084
23.8429,searching,0.0000,-0.3752,-0.6164,0.0000,0.0000,-1.3373,179.9990,0.0015,179.9081
23.8529,searching,0.0000,-0.3809,-0.6198,0.0000,0.0000,-1.3377,179.9990,0.0015,179.9081
23.8629,searching,0.0000,-0.3870,-0.6237,0.0000,0.0000,-1.3382,179.9990,0.0015,179.9083
23.8749,searching,0.0000,-0.3930,-0.6276,0.0000,0.0000,-1.3388,179.9991,0.0018,179.9085
23.8827,searching,0.0000,-0.3992,-0.6315,0.0000,0.0000,-1.3394,179.9991,0.0018,179.9085
23.8926,searching,0.0000,-0.4051,-0.6352,0.0000,0.0000,-1.3401,179.9991,0.0017,179.9082
23.9026,searching,0.0000,-0.4107,-0.6386,0.0000,0.0000,-1.3409,179.9992,0.0019,179.9082
23.9127,searching,0.0000,-0.4170,-0.6427,0.0000,0.0000,-1.3417,179.9992,0.0019,179.9082
23.9230,searching,0.0000,-0.4233,-0.6468,0.0000,0.0000,-1.3427,179.9994,0.0023,179.9082
23.9326,searching,0.0000,-0.4296,-0.6509,0.0000,0.0000,-1.3437,179.9992,0.0019,179.9077
23.9426,searching,0.0000,-0.4360,-0.6550,0.0000,0.0000,-1.3448,179.9992,0.0019,179.9077
23.9526,searching,0.0000,-0.4426,-0.6590,0.0000,0.0000,-1.3460,179.9993,0.0021,179.9081
23.9633,searching,0.0000,-0.4489,-0.6628,0.0000,0.0000,-1.3472,179.9990,0.0014,179.9077
23.9728,searching,0.0000,-0.4553,-0.6665,0.0000,0.0000,-1.3485,179.9990,0.0014,179.9077
23.9827,searching,0.0000,-0.4621,-0.6705,0.0000,0.0000,-1.3499,179.9992,0.0019,179.9079
23.9927,searching,0.0000,-0.4686,-0.6742,0.0000,0.0000,-1.3514,179.9989,0.0013,179.9084
24.0028,searching,0.0000,-0.4749,-0.6777,0.0000,0.0000,-1.3530,179.9989,0.0013,179.9084
24.0130,searching,0.0000,-0.4814,-0.6810,0.0000,0.0000,-1.3546,179.9989,0.0013,179.9084
24.0229,searching,0.0000,-0.4875,-0.6842,0.0000,0.0000,-1.3563,179.9986,0.0006,179.9088
24.0328,searching,0.0000,-0.4934,-0.6871,0.0000,0.0000,-1.3580,179.9986,0.0006,179.9088
24.0429,searching,0.0000,-0.4996,-0.6900,0.0000,0.0000,-1.3598,179.9991,0.0017,179.9087
24.0533,searching,0.0000,-0.5054,-0.6927,0.0000,0.0000,-1.3617,179.9991,0.0017,179.9087
24.0630,searching,0.0000,-0.5111,-0.6951,0.0000,0.0000,-1.3636,179.9991,0.0017,179.9087
24.0727,searching,0.0000,-0.5170,-0.6974,0.0000,0.0000,-1.3655,179.9987,0.0010,179.9091
24.0826,searching,0.0000,-0.5229,-0.6999,0.0000,0.0000,-1.3675,179.9991,0.0018,179.9098
24.0926,searching,0.0000,-0.5289,-0.7024,0.0000,0.0000,-1.3696,179.9991,0.0018,179.9098
24.1040,searching,0.0000,-0.5346,-0.7048,0.0000,0.0000,-1.3717,179.9988,0.0011,179.9097
24.1126,searching,0.0000,-0.5412,-0.7076,0.0000,0.0000,-1.3738,179.9987,0.0010,179.9095
24.1227,searching,0.0000,-0.5475,-0.7102,0.0000,0.0000,-1.3760,179.9987,0.0010,179.9095
24.1326,searching,0.0000,-0.5536,-0.7125,0.0000,0.0000,-1.3783,179.9986,0.0007,179.9085
24.1431,searching,0.0000,-0.5594,-0.7143,0.0000,0.0000,-1.3806,179.9988,0.0011,179.9086
24.1528,searching,0.0000,-0.5645,-0.7157,0.0000,0.0000,-1.3829,179.9988,0.0011,179.9086
24.1627,searching,0.0000,-0.5695,-0.7169,0.0000,0.0000,-1.3852,179.9981,-0.0005,179.9086
24.1727,searching,0.0000,-0.5744,-0.7178,0.0000,0.0000,-1.3876,179.9984,0.0003,179.9081
24.1826,searching,0.0000,-0.5791,-0.7186,0.0000,0.0000,-1.3900,179.9984,0.0003,179.9081
24.1930,searching,0.0000,-0.5840,-0.7196,0.0000,0.0000,-1.3923,179.9982,-0.0001,179.9084
24.2026,searching,0.0000,-0.5892,-0.7206,0.0000,0.0000,-1.3948,179.9986,0.0009,179.9077
24.2127,searching,0.0000,-0.5935,-0.7209,0.0000,0.0000,-1.3972,179.9986,0.0009,179.9077
24.2227,searching,0.0000,-0.5977,-0.7211,0.0000,0.0000,-1.3996,179.9983,0.0002,179.9075
24.2331,searching,0.0000,-0.6026,-0.7217,0.0000,0.0000,-1.4020,179.9983,0.0001,179.9081
24.2427,searching,0.0000,-0.6073,-0.7221,0.0000,0.0000,-1.4045,179.9983,0.0001,179.9081
24.2526,searching,0.0000,-0.6121,-0.7227,0.0000,0.0000,-1.4069,179.9983,0.0001,179.9084
24.2627,searching,0.0000,-0.6172,-0.7233,0.0000,0.0000,-1.4094,179.9983,0.0002,179.9085
24.2726,searching,0.0000,-0.6217,-0.7235,0.0000,0.0000,-1.4119,179.9983,0.0002,179.9085
24.2830,searching,0.0000,-0.6258,-0.7234,0.0000,0.0000,-1.4143,179.9980,-0.0004,179.9077
24.2929,searching,0.0000,-0.6302,-0.7234,0.0000,0.0000,-1.4168,179.9985,0.0006,179.9081
24.3026,searching,0.0000,-0.6347,-0.7236,0.0000,0.0000,-1.4193,179.9985,0.0006,179.9081
24.3127,searching,0.0000,-0.6391,-0.7237,0.0000,0.0000,-1.4217,179.9987,0.0012,179.9076
24.3228,searching,0.0000,-0.6436,-0.7240,0.0000,0.0000,-1.4242,179.9990,0.0018,179.9077
24.3344,searching,0.0000,-0.6479,-0.7243,0.0000,0.0000,-1.4267,179.9990,0.0018,179.9077
24.3427,searching,0.0000,-0.6521,-0.7244,0.0000,0.0000,-1.4292,179.9986,0.0010,179.9075
24.3526,searching,0.0000,-0.6563,-0.7247,0.0000,0.0000,-1.4317,179.9982,0.0001,179.9081
24.3626,searching,0.0000,-0.6611,-0.7255,0.0000,0.0000,-1.4342,179.9982,0.0001,179.9081
24.3731,searching,0.0000,-0.6657,-0.7261,0.0000,0.0000,-1.4367,179.9983,0.0003,179.9079
24.3830,searching,0.0000,-0.6701,-0.7266,0.0000,0.0000,-1.4393,179.9985,0.0007,179.9084
24.3929,searching,0.0000,-0.6746,-0.7273,0.0000,0.0000,-1.4418,179.9985,0.0007,179.9084
24.4026,searching,0.0000,-0.6787,-0.7276,0.0000,0.0000,-1.4444,179.9988,0.0014,179.9087
24.4126,searching,0.0000,-0.6826,-0.7278,0.0000,0.0000,-1.4469,179.9983,0.0003,179.9081
24.4246,searching,0.0000,-0.6867,-0.7282,0.0000,0.0000,-1.4495,179.9983,0.0003,179.9081
24.4327,searching,0.0000,-0.6908,-0.7288,0.0000,0.0000,-1.4521,179.9983,0.0003,179.9081
24.4427,searching,0.0000,-0.6954,-0.7298,0.0000,0.0000,-1.4547,179.9983,0.0004,179.9085
24.4526,searching,0.0000,-0.7001,-0.7310,0.0000,0.0000,-1.4573,179.9983,0.0004,179.9085
24.4628,searching,0.0000,-0.7046,-0.7320,0.0000,0.0000,-1.4599,179.9985,-0.0006,179.9082
24.4728,searching,0.0000,-0.7087,-0.7330,0.0000,0.0000,-1.4626,179.9990,0.0007,179.9087
24.4826,searching,0.0000,-0.7127,-0.7338,0.0000,0.0000,-1.4653,179.9990,0.0007,179.9087
24.4929,searching,0.0000,-0.7165,-0.7346,0.0000,0.0000,-1.4679,179.9992,0.0011,179.9083
24.5026,searching,0.0000,-0.7201,-0.7353,0.0000,0.0000,-1.4707,179.9991,0.0009,179.9087
24.5136,searching,0.0000,-0.7238,-0.7362,0.0000,0.0000,-1.4734,179.9991,0.0009,179.9087
24.5227,searching,0.0000,-0.7273,-0.7371,0.0000,0.0000,-1.4761,179.9993,0.0014,179.9091
24.5326,searching,0.0000,-0.7303,-0.7376,0.0000,0.0000,-1.4789,179.9995,0.0018,179.9085
24.5426,searching,0.0000,-0.7332,-0.7379,0.0000,0.0000,-1.4816,179.9995,0.0018,179.9085
24.5532,searching,0.0000,-0.7357,-0.7379,0.0000,0.0000,-1.4844,179.9999,0.0013,179.9089
24.5630,searching,0.0000,-0.7380,-0.7380,0.0000,0.0000,-1.4871,179.9996,0.0007,179.9090
24.5727,searching,0.0000,-0.7408,-0.7385,0.0000,0.0000,-1.4899,179.9996,0.0007,179.9090
24.5826,searching,0.0000,-0.7438,-0.7391,0.0000,0.0000,-1.4927,179.9998,0.0011,179.9093
24.5926,searching,0.0000,-0.7465,-0.7398,0.0000,0.0000,-1.4955,179.9994,0.0004,179.9084
24.6032,searching,0.0000,-0.7490,-0.7404,0.0000,0.0000,-1.4983,179.9994,0.0004,179.9084
24.6126,searching,0.0000,-0.7514,-0.7409,0.0000,0.0000,-1.5011,179.9995,0.0004,179.9094
24.6227,searching,0.0000,-0.7536,-0.7414,0.0000,0.0000,-1.5039,179.9992,-0.0002,179.9095
24.6326,searching,0.0000,-0.7557,-0.7418,0.0000,0.0000,-1.5068,179.9992,-0.0002,179.9095
24.6428,searching,0.0000,-0.7580,-0.7424,0.0000,0.0000,-1.5096,179.9996,-0.0005,179.9096
24.6528,searching,0.0000,-0.7601,-0.7429,0.0000,0.0000,-1.5125,179.9995,-0.0006,179.9085
24.6626,searching,0.0000,-0.7621,-0.7435,0.0000,0.0000,-1.5154,179.9995,-0.0006,179.9085
24.6727,searching,0.0000,-0.7638,-0.7439,0.0000,0.0000,-1.5182,179.9994,-0.0009,179.9088
24.6826,searching,0.0000,-0.7655,-0.7443,0.0000,0.0000,-1.5211,179.9996,-0.0006,179.9083
24.6956,searching,0.0000,-0.7669,-0.7444,0.0000,0.0000,-1.5240,179.9996,-0.0006,179.9083
24.7027,searching,0.0000,-0.7680,-0.7444,0.0000,0.0000,-1.5269,179.9996,-0.0005,179.9090
24.7127,searching,0.0000,-0.7687,-0.7443,0.0000,0.0000,-1.5298,179.9995,-0.0007,179.9088
24.7226,searching,0.0000,-0.7690,-0.7438,0.0000,0.0000,-1.5327,179.9995,-0.0007,179.9088
24.7328,searching,0.2030,-0.7689,-0.7431,0.0000,0.0000,-1.5355,179.9995,-0.0006,179.9088
24.7435,searching,0.2064,-0.7681,-0.7420,0.0000,0.0000,-1.5384,179.9996,-0.0005,179.9097
24.7529,searching,0.2096,-0.7671,-0.7405,0.0000,0.0000,-1.5412,179.9996,-0.0005,179.9097
24.7630,searching,0.2129,-0.7662,-0.7391,0.0000,0.0000,-1.5440,179.9995,-0.0006,179.9095
24.7729,searching,0.2161,-0.7653,-0.7376,0.0000,0.0000,-1.5467,179.9997,-0.0001,179.9090
24.7832,searching,0.2194,-0.7645,-0.7362,0.0000,0.0000,-1.5494,179.9997,-0.0001,179.9090
24.7930,searching,0.2227,-0.7637,-0.7349,0.0000,0.0000,-1.5521,179.9995,-0.0005,179.9093
24.8029,searching,0.2260,-0.7626,-0.7332,0.0000,0.0000,-1.5548,179.9995,-0.0005,179.9093
24.8131,searching,0.2292,-0.7613,-0.7314,0.0000,0.0000,-1.5574,179.9995,-0.0005,179.9093
24.8230,searching,0.2324,-0.7598,-0.7293,0.0000,0.0000,-1.5600,179.9997,-0.0001,179.9100
24.8353,searching,0.2353,-0.7576,-0.7268,0.0000,0.0000,-1.5625,179.9997,-0.0001,179.9100
24.8427,searching,0.2382,-0.7551,-0.7243,0.0000,0.0000,-1.5650,179.9997,-0.0001,179.9100
24.8527,searching,0.2409,-0.7523,-0.7216,0.0000,0.0000,-1.5675,179.9999,0.0005,179.9096
24.8626,searching,0.2434,-0.7494,-0.7189,0.0000,0.0000,-1.5698,-179.9996,0.0003,179.9093
24.8727,searching,0.2457,-0.7459,-0.7158,0.0000,0.0000,-1.5722,-179.9996,0.0003,179.9093
24.8841,searching,0.2480,-0.7425,-0.7128,0.0000,0.0000,-1.5744,-179.9996,0.0001,179.9095
24.8927,searching,0.2501,-0.7385,-0.7091,0.0000,0.0000,-1.5766,-179.9995,0.0006,179.9088
24.9027,searching,0.2520,-0.7341,-0.7050,0.0000,0.0000,-1.5787,-179.9995,0.0006,179.9088
24.9126,searching,0.2538,-0.7294,-0.7005,0.0000,0.0000,-1.5807,-179.9996,0.0004,179.9086
24.9229,searching,0.2555,-0.7245,-0.6960,0.0000,0.0000,-1.5826,-179.9993,0.0010,179.9082
24.9327,searching,0.2570,-0.7195,-0.6915,0.0000,0.0000,-1.5845,-179.9993,0.0010,179.9082
24.9426,searching,0.2585,-0.7141,-0.6867,0.0000,0.0000,-1.5862,-179.9993,0.0011,179.9081
24.9527,searching,0.2598,-0.7083,-0.6816,0.0000,0.0000,-1.5878,-179.9991,0.0015,179.9082
24.9628,searching,0.2607,-0.7019,-0.6759,0.0000,0.0000,-1.5893,-179.9991,0.0015,179.9082
24.9736,searching,0.2614,-0.6949,-0.6698,0.0000,0.0000,-1.5907,-179.9991,0.0015,179.9082
24.9826,searching,0.2619,-0.6874,-0.6631,0.0000,0.0000,-1.5920,-179.9996,0.0004,179.9087
24.9927,searching,0.2621,-0.6797,-0.6562,0.0000,0.0000,-1.5931,-179.9996,0.0004,179.9087
25.0027,searching,0.2621,-0.6718,-0.6491,0.0000,0.0000,-1.5941,-179.9995,0.0007,179.9091
25.0132,searching,0.2621,-0.6641,-0.6420,0.0000,0.0000,-1.5949,-179.9994,0.0008,179.9093
25.0230,searching,0.2620,-0.6566,-0.6349,0.0000,0.0000,-1.5956,-179.9994,0.0008,179.9093
25.0329,searching,0.2617,-0.6488,-0.6276,0.0000,0.0000,-1.5962,-179.9994,0.0008,179.9093
25.0429,searching,0.2613,-0.6408,-0.6201,0.0000,0.0000,-1.5966,-179.9995,0.0005,179.9090
25.0526,searching,0.2610,-0.6326,-0.6125,0.0000,0.0000,-1.5968,-179.9995,0.0005,179.9090
25.0630,searching,0.2603,-0.6243,-0.6047,0.0000,0.0000,-1.5969,-179.9995,0.0006,179.9092
25.0727,searching,0.2595,-0.6157,-0.5968,0.0000,0.0000,-1.5969,-179.9995,0.0006,179.9088
25.0826,searching,0.2587,-0.6070,-0.5886,0.0000,0.0000,-1.5966,-179.9995,0.0006,179.9088
25.0927,searching,0.2577,-0.5982,-0.5803,0.0000,0.0000,-1.5963,-179.9996,0.0005,179.9093
25.1030,searching,0.2565,-0.5896,-0.5722,0.0000,0.0000,-1.5957,-179.9993,0.0011,179.9091
25.1127,searching,0.2554,-0.5807,-0.5640,0.0000,0.0000,-1.5950,-179.9993,0.0011,179.9091
25.1227,searching,0.2542,-0.5719,-0.5559,0.0000,0.0000,-1.5941,-179.9999,-0.0002,179.9084
25.1326,searching,0.2531,-0.5636,-0.5483,0.0000,0.0000,-1.5931,-179.9999,-0.0001,179.9090
25.1427,searching,0.2520,-0.5551,-0.5404,0.0000,0.0000,-1.5919,-179.9999,-0.0001,179.9090
25.1532,searching,0.2509,-0.5468,-0.5326,0.0000,0.0000,-1.5905,180.0000,-0.0004,179.9099
25.1627,searching,0.2498,-0.5385,-0.5250,0.0000,0.0000,-1.5890,-179.9998,-0.0000,179.9086
25.1727,searching,0.2489,-0.5303,-0.5174,0.0000,0.0000,-1.5874,-179.9998,-0.0000,179.9086
25.1827,searching,0.2480,-0.5222,-0.5100,0.0000,0.0000,-1.5856,-179.9999,-0.0002,179.9096
25.1934,searching,0.2473,-0.5148,-0.5032,0.0000,0.0000,-1.5836,-179.9998,-0.0000,179.9089
25.2027,searching,0.2468,-0.5077,-0.4968,0.0000,0.0000,-1.5816,-179.9998,-0.0000,179.9089
25.2126,searching,0.2465,-0.5008,-0.4907,0.0000,0.0000,-1.5794,179.9997,-0.0011,179.9095
25.2226,searching,0.2461,-0.4941,-0.4846,0.0000,0.0000,-1.5771,179.9997,-0.0010,179.9097
25.2329,searching,0.2459,-0.4873,-0.4785,0.0000,0.0000,-1.5746,179.9997,-0.0010,179.9097
25.2432,searching,0.2457,-0.4811,-0.4731,0.0000,0.0000,-1.5721,179.9995,-0.0015,179.9101
25.2526,searching,0.2456,-0.4754,-0.4683,0.0000,0.0000,-1.5695,179.9994,-0.0018,179.9097
25.2645,searching,0.2457,-0.4700,-0.4636,0.0000,0.0000,-1.5667,179.9994,-0.0018,179.9097
25.2727,searching,0.2462,-0.4653,-0.4598,0.0000,0.0000,-1.5639,179.9996,-0.0012,179.9097
25.2832,searching,0.2468,-0.4615,-0.4568,0.0000,0.0000,-1.5611,179.9997,-0.0010,179.9094
25.2928,searching,0.2477,-0.4580,-0.4542,0.0000,0.0000,-1.5582,179.9997,-0.0010,179.9094
25.3028,searching,0.2489,-0.4549,-0.4520,0.0000,0.0000,-1.5552,179.9997,-0.0011,179.9093
25.3127,searching,0.2499,-0.4522,-0.4503,0.0000,0.0000,-1.5522,179.9999,-0.0007,179.9092
25.3228,searching,0.2511,-0.4497,-0.4490,0.0000,0.0000,-1.5492,179.9999,-0.0007,179.9092
25.3333,searching,0.2522,-0.4474,-0.4479,0.0000,0.0000,-1.5461,180.0000,-0.0005,179.9093
25.3427,searching,0.2536,-0.4453,-0.4471,0.0000,0.0000,-1.5431,180.0000,-0.0004,179.9093
25.3528,searching,0.2548,-0.4433,-0.4465,0.0000,0.0000,-1.5400,180.0000,-0.0004,179.9093
25.3627,searching,0.2562,-0.4411,-0.4459,0.0000,0.0000,-1.5369,179.9997,-0.0011,179.9090
25.3726,searching,0.2576,-0.4391,-0.4454,0.0000,0.0000,-1.5338,179.9997,-0.0011,179.9090
25.3831,searching,0.2589,-0.4370,-0.4450,0.0000,0.0000,-1.5307,179.9997,-0.0011,179.9090
25.3931,searching,0.2604,-0.4346,-0.4445,0.0000,0.0000,-1.5276,-179.9999,-0.0002,179.9089
25.4029,searching,0.2621,-0.4322,-0.4439,0.0000,0.0000,-1.5245,-179.9999,-0.0002,179.9089
25.4127,searching,0.2637,-0.4302,-0.4437,0.0000,0.0000,-1.5214,-179.9999,-0.0002,179.9089
25.4226,searching,0.2654,-0.4282,-0.4436,0.0000,0.0000,-1.5183,-179.9998,0.0001,179.9092
25.4348,searching,0.2670,-0.4263,-0.4435,0.0000,0.0000,-1.5151,-179.9999,-0.0002,179.9088
25.4429,searching,0.2690,-0.4252,-0.4442,0.0000,0.0000,-1.5120,-179.9999,-0.0002,179.9088
25.4527,searching,0.2711,-0.4239,-0.4451,0.0000,0.0000,-1.5089,-179.9996,0.0004,179.9086
25.4626,searching,0.2732,-0.4226,-0.4460,0.0000,0.0000,-1.5058,179.9996,-0.0000,179.9090
25.4728,searching,0.2750,-0.4213,-0.4469,0.0000,0.0000,-1.5028,179.9996,-0.0000,179.9090
25.4829,searching,0.2767,-0.4196,-0.4477,0.0000,0.0000,-1.4997,179.9999,0.0007,179.9094
25.4929,searching,0.2785,-0.4174,-0.4482,0.0000,0.0000,-1.4967,179.9999,0.0007,179.9088
25.5026,searching,0.2800,-0.4154,-0.4488,0.0000,0.0000,-1.4937,179.9999,0.0007,179.9088
25.5126,searching,0.2812,-0.4127,-0.4489,0.0000,0.0000,-1.4906,179.9999,0.0007,179.9086
25.5228,searching,0.2827,-0.4100,-0.4491,0.0000,0.0000,-1.4876,179.9997,0.0002,179.9084
25.5326,searching,0.2839,-0.4075,-0.4493,0.0000,0.0000,-1.4846,179.9997,0.0002,179.9084
25.5426,searching,0.2849,-0.4047,-0.4494,0.0000,0.0000,-1.4816,-179.9998,0.0014,179.9080
25.5526,searching,0.2861,-0.4015,-0.4491,0.0000,0.0000,-1.4786,-179.9999,0.0011,179.9079
25.5631,searching,0.2872,-0.3985,-0.4490,0.0000,0.0000,-1.4756,-179.9999,0.0011,179.9079
25.5728,searching,0.2879,-0.3953,-0.4488,0.0000,0.0000,-1.4725,-179.9999,0.0011,179.9079
25.5826,searching,0.2888,-0.3915,-0.4485,0.0000,0.0000,-1.4695,-179.9998,0.0013,179.9079
25.5927,searching,0.2895,-0.3880,-0.4482,0.0000,0.0000,-1.4665,-179.9998,0.0013,179.9079
25.6026,searching,0.2899,-0.3842,-0.4479,0.0000,0.0000,-1.4634,180.0000,0.0010,179.9079
25.6128,searching,0.2902,-0.3806,-0.4476,0.0000,0.0000,-1.4604,-179.9998,0.0013,179.9072
25.6228,searching,0.2907,-0.3766,-0.4471,0.0000,0.0000,-1.4573,-179.9998,0.0013,179.9072
25.6326,searching,0.2910,-0.3727,-0.4468,0.0000,0.0000,-1.4543,179.9998,0.0004,179.9069
25.6426,searching,0.2916,-0.3684,-0.4465,0.0000,0.0000,-1.4512,179.9995,-0.0003,179.9066
25.6531,searching,0.2926,-0.3646,-0.4469,0.0000,0.0000,-1.4481,179.9995,-0.0003,179.9066
25.6627,searching,0.2933,-0.3612,-0.4477,0.0000,0.0000,-1.4451,179.9997,0.0002,179.9066
25.6728,searching,0.2940,-0.3574,-0.4483,0.0000,0.0000,-1.4420,179.9994,-0.0006,179.9068
25.6826,searching,0.2948,-0.3540,-0.4493,0.0000,0.0000,-1.4390,179.9994,-0.0006,179.9068
25.6928,searching,0.2954,-0.3510,-0.4507,0.0000,0.0000,-1.4360,179.9998,0.0004,179.9070
25.7028,searching,0.2960,-0.3478,-0.4522,0.0000,0.0000,-1.4331,179.9997,0.0002,179.9073
25.7126,searching,0.2967,-0.3449,-0.4540,0.0000,0.0000,-1.4302,179.9997,0.0002,179.9073
25.7226,searching,0.2973,-0.3423,-0.4562,0.0000,0.0000,-1.4273,179.9997,0.0002,179.9081
25.7329,searching,0.2979,-0.3393,-0.4582,0.0000,0.0000,-1.4245,179.9992,-0.0011,179.9079
25.7431,searching,0.2986,-0.3362,-0.4603,0.0000,0.0000,-1.4217,179.9992,-0.0011,179.9079
25.7529,searching,0.2991,-0.3337,-0.4624,0.0000,0.0000,-1.4189,179.9991,-0.0012,179.9076
25.7627,searching,0.2995,-0.3312,-0.4646,0.0000,0.0000,-1.4162,179.9990,-0.0015,179.9079
25.7727,searching,0.3002,-0.3285,-0.4669,0.0000,0.0000,-1.4135,179.9990,-0.0015,179.9079
25.7832,searching,0.3006,-0.3267,-0.4696,0.0000,0.0000,-1.4109,179.9990,-0.0015,179.9079
25.7931,searching,0.3010,-0.3249,-0.4722,0.0000,0.0000,-1.4084,179.9994,-0.0007,179.9083
25.8026,searching,0.3015,-0.3226,-0.4746,0.0000,0.0000,-1.4059,179.9994,-0.0007,179.9083
25.8126,searching,0.3019,-0.3210,-0.4775,0.0000,0.0000,-1.4034,179.9990,-0.0015,179.9085
25.8228,searching,0.3021,-0.3195,-0.4803,0.0000,0.0000,-1.4010,179.9991,-0.0013,179.9080
25.8332,searching,0.3025,-0.3176,-0.4833,0.0000,0.0000,-1.3987,179.9991,-0.0013,179.9080
25.8427,searching,0.3029,-0.3161,-0.4864,0.0000,0.0000,-1.3964,179.9991,-0.0015,179.9078
25.8526,searching,0.3031,-0.3147,-0.4894,0.0000,0.0000,-1.3942,179.9996,-0.0003,179.9078
25.8644,searching,0.3033,-0.3129,-0.4921,0.0000,0.0000,-1.3921,179.9996,-0.0003,179.9078
25.8728,searching,0.3033,-0.3115,-0.4950,0.0000,0.0000,-1.3900,179.9997,-0.0000,179.9081
25.8828,searching,0.3031,-0.3105,-0.4981,0.0000,0.0000,-1.3879,-179.9999,0.0009,179.9081
25.8927,searching,0.3031,-0.3086,-0.5006,0.0000,0.0000,-1.3859,-179.9999,0.0009,179.9081
25.9026,searching,0.3029,-0.3068,-0.5032,0.0000,0.0000,-1.3840,-179.9999,0.0007,179.9080
25.9126,searching,0.3026,-0.3054,-0.5059,0.0000,0.0000,-1.3821,180.0000,0.0006,179.9080
25.9229,searching,0.3023,-0.3032,-0.5081,0.0000,0.0000,-1.3803,180.0000,0.0006,179.9080
25.9327,searching,0.3019,-0.3014,-0.5105,0.0000,0.0000,-1.3785,179.9997,-0.0000,179.9078
25.9426,searching,0.3014,-0.3004,-0.5133,0.0000,0.0000,-1.3767,180.0000,0.0004,179.9074
25.9527,searching,0.3007,-0.2990,-0.5159,0.0000,0.0000,-1.3751,180.0000,0.0004,179.9074
25.9627,searching,0.3000,-0.2977,-0.5183,0.0000,0.0000,-1.3734,-179.9996,0.0014,179.9071
25.9737,searching,0.2994,-0.2971,-0.5212,0.0000,0.0000,-1.3719,-179.9998,0.0010,179.9077
25.9829,searching,0.2985,-0.2958,-0.5236,0.0000,0.0000,-1.3703,-179.9998,0.0010,179.9077
25.9930,searching,0.2977,-0.2944,-0.5259,0.0000,0.0000,-1.3688,-179.9997,0.0012,179.9073
26.0026,searching,0.2965,-0.2937,-0.5283,0.0000,0.0000,-1.3674,-179.9999,0.0006,179.9073
26.0127,searching,0.2952,-0.2922,-0.5302,0.0000,0.0000,-1.3660,-179.9999,0.0006,179.9073
26.0228,searching,0.2938,-0.2901,-0.5315,0.0000,0.0000,-1.3646,179.9999,0.0001,179.9075
26.0326,searching,0.2920,-0.2883,-0.5328,0.0000,0.0000,-1.3633,-179.9996,0.0012,179.9073
26.0429,searching,0.2898,-0.2861,-0.5334,0.0000,0.0000,-1.3620,-179.9996,0.0012,179.9073
26.0529,searching,0.2877,-0.2834,-0.5340,0.0000,0.0000,-1.3607,179.9997,0.0009,179.9072
26.0633,searching,0.2857,-0.2816,-0.5350,0.0000,0.0000,-1.3594,179.9997,0.0010,179.9072
26.0727,searching,0.2836,-0.2799,-0.5360,0.0000,0.0000,-1.3581,179.9997,0.0010,179.9072
26.0826,searching,0.2815,-0.2778,-0.5369,0.0000,0.0000,-1.3568,179.9995,0.0004,179.9069
26.0926,searching,0.2796,-0.2757,-0.5377,0.0000,0.0000,-1.3556,179.9993,-0.0000,179.9068
26.1031,searching,0.2773,-0.2744,-0.5392,0.0000,0.0000,-1.3543,179.9993,-0.0000,179.9068
26.1127,searching,0.2751,-0.2725,-0.5406,0.0000,0.0000,-1.3532,179.9991,-0.0005,179.9069
26.1227,searching,0.2728,-0.2711,-0.5422,0.0000,0.0000,-1.3520,179.9996,0.0008,179.9073
26.1326,searching,0.2703,-0.2700,-0.5437,0.0000,0.0000,-1.3509,179.9996,0.0008,179.9073
26.1427,searching,0.2679,-0.2689,-0.5451,0.0000,0.0000,-1.3498,179.9991,-0.0005,179.9070
26.1531,searching,0.2653,-0.2672,-0.5464,0.0000,0.0000,-1.3487,179.9991,-0.0005,179.9070
26.1627,searching,0.2627,-0.2664,-0.5482,0.0000,0.0000,-1.3477,179.9991,-0.0005,179.9070
26.1726,searching,0.2602,-0.2651,-0.5499,0.0000,0.0000,-1.3467,179.9995,0.0004,179.9076
26.1826,searching,0.2577,-0.2639,-0.5515,0.0000,0.0000,-1.3457,179.9993,-0.0000,179.9071
26.1936,searching,0.2548,-0.2627,-0.5526,0.0000,0.0000,-1.3447,179.9993,-0.0000,179.9071
26.2027,searching,0.2520,-0.2616,-0.5536,0.0000,0.0000,-1.3438,179.9992,-0.0003,179.9079
26.2130,searching,0.2492,-0.2604,-0.5548,0.0000,0.0000,-1.3429,179.9992,-0.0005,179.9073
26.2230,searching,0.2464,-0.2593,-0.5559,0.0000,0.0000,-1.3420,179.9992,-0.0005,179.9073
26.2332,searching,0.2432,-0.2581,-0.5572,0.0000,0.0000,-1.3412,179.9991,-0.0006,179.9085
26.2431,searching,0.2398,-0.2565,-0.5579,0.0000,0.0000,-1.3403,179.9995,0.0002,179.9078
26.2529,searching,0.2366,-0.2550,-0.5585,0.0000,0.0000,-1.3395,179.9995,0.0002,179.9078
26.2631,searching,0.2331,-0.2535,-0.5588,0.0000,0.0000,-1.3387,179.9997,0.0006,179.9084
26.2728,searching,0.2294,-0.2514,-0.5586,0.0000,0.0000,-1.3379,179.9995,0.0016,179.9081
26.2830,searching,0.2255,-0.2497,-0.5588,0.0000,0.0000,-1.3370,179.9995,0.0016,179.9081
26.2927,searching,0.2218,-0.2481,-0.5590,0.0000,0.0000,-1.3362,179.9995,0.0016,179.9074
26.3026,searching,0.2180,-0.2466,-0.5592,0.0000,0.0000,-1.3354,179.9991,0.0007,179.9072
26.3127,searching,0.2143,-0.2448,-0.5593,0.0000,0.0000,-1.3346,179.9991,0.0007,179.9072
26.3247,searching,0.2105,-0.2443,-0.5600,0.0000,0.0000,-1.3338,179.9991,0.0007,179.9072
26.3337,searching,0.2070,-0.2438,-0.5607,0.0000,0.0000,-1.3330,179.9988,0.0012,179.9065
26.3430,searching,0.2035,-0.2438,-0.5621,0.0000,0.0000,-1.3322,179.9988,0.0012,179.9065
26.3531,searching,0.2003,-0.2439,-0.5633,0.0000,0.0000,-1.3315,179.9986,0.0008,179.9062
26.3627,searching,0.0000,-0.2441,-0.5645,0.0000,0.0000,-1.3308,179.9989,0.0013,179.9072
26.3731,searching,0.0000,-0.2439,-0.5655,0.0000,0.0000,-1.3301,179.9989,0.0013,179.9072
26.3830,searching,0.0000,-0.2438,-0.5664,0.0000,0.0000,-1.3294,179.9988,0.0011,179.9070
26.3930,searching,0.0000,-0.2437,-0.5670,0.0000,0.0000,-1.3288,179.9987,0.0010,179.9066
26.4029,searching,0.0000,-0.2435,-0.5675,0.0000,0.0000,-1.3281,179.9987,0.0010,179.9066
26.4127,searching,0.0000,-0.2436,-0.5679,0.0000,0.0000,-1.3275,179.9985,0.0005,179.9068
26.4245,searching,0.0000,-0.2439,-0.5683,0.0000,0.0000,-1.3268,179.9984,0.0002,179.9069
26.4327,searching,0.0000,-0.2441,-0.5686,0.0000,0.0000,-1.3262,179.9984,0.0002,179.9069
26.4427,searching,0.0000,-0.2444,-0.5689,0.0000,0.0000,-1.3256,179.9983,-0.0000,179.9071
26.4526,searching,0.0000,-0.2449,-0.5690,0.0000,0.0000,-1.3250,179.9983,-0.0000,179.9066
26.4632,searching,0.0000,-0.2451,-0.5690,0.0000,0.0000,-1.3244,179.9983,-0.0000,179.9066
26.4729,searching,0.0000,-0.2450,-0.5688,0.0000,0.0000,-1.3237,179.9983,-0.0000,179.9066
26.4826,searching,0.0000,-0.2454,-0.5687,0.0000,0.0000,-1.3231,179.9983,-0.0002,179.9069
26.4927,searching,0.0000,-0.2461,-0.5689,0.0000,0.0000,-1.3225,179.9983,-0.0002,179.9069
26.5027,searching,0.0000,-0.2468,-0.5691,0.0000,0.0000,-1.3219,179.9982,-0.0004,179.9064
26.5129,searching,0.0000,-0.2475,-0.5689,0.0000,0.0000,-1.3212,179.9983,-0.0002,179.9071
26.5228,searching,0.0000,-0.2482,-0.5687,0.0000,0.0000,-1.3206,179.9983,-0.0002,179.9071
26.5326,searching,0.0000,-0.2486,-0.5683,0.0000,0.0000,-1.3200,179.9985,0.0003,179.9071
26.5426,searching,0.0000,-0.2494,-0.5681,0.0000,0.0000,-1.3193,179.9986,0.0006,179.9081
26.5532,searching,0.0000,-0.2505,-0.5682,0.0000,0.0000,-1.3187,179.9986,0.0006,179.9081
26.5628,searching,0.0000,-0.2522,-0.5689,0.0000,0.0000,-1.3181,179.9991,0.0016,179.9072
26.5728,searching,0.0000,-0.2545,-0.5701,0.0000,0.0000,-1.3175,179.9992,0.0018,179.9071
26.5826,searching,0.0000,-0.2571,-0.5713,0.0000,0.0000,-1.3169,179.9992,0.0018,179.9071
26.5930,searching,0.0000,-0.2597,-0.5725,0.0000,0.0000,-1.3164,179.9995,0.0024,179.9073
26.6031,searching,0.0000,-0.2625,-0.5738,0.0000,0.0000,-1.3158,179.9996,0.0027,179.9071
26.6127,searching,0.0000,-0.2652,-0.5750,0.0000,0.0000,-1.3153,179.9996,0.0027,179.9071
26.6227,searching,0.0000,-0.2675,-0.5760,0.0000,0.0000,-1.3149,179.9996,0.0027,179.9072
26.6326,searching,0.0000,-0.2701,-0.5772,0.0000,0.0000,-1.3144,179.9990,0.0012,179.9068
26.6429,searching,0.0000,-0.2727,-0.5784,0.0000,0.0000,-1.3140,179.9990,0.0012,179.9068
26.6527,searching,0.0000,-0.2751,-0.5795,0.0000,0.0000,-1.3136,179.9991,0.0014,179.9077
26.6629,searching,0.0000,-0.2775,-0.5805,0.0000,0.0000,-1.3132,179.9991,0.0014,179.9079
26.6729,searching,0.0000,-0.2799,-0.5815,0.0000,0.0000,-1.3128,179.9991,0.0014,179.9079
26.6832,searching,0.0000,-0.2821,-0.5825,0.0000,0.0000,-1.3125,179.9993,0.0018,179.9079
26.6934,searching,0.0000,-0.2848,-0.5834,0.0000,0.0000,-1.3121,179.9998,0.0030,179.9074
26.7031,searching,0.0000,-0.2874,-0.5844,0.0000,0.0000,-1.3118,179.9998,0.0030,179.9074
26.7132,searching,0.0000,-0.2898,-0.5853,0.0000,0.0000,-1.3115,179.9995,0.0024,179.9081
26.7231,searching,0.0000,-0.2924,-0.5864,0.0000,0.0000,-1.3112,179.9997,0.0027,179.9073
26.7329,searching,0.0000,-0.2954,-0.5876,0.0000,0.0000,-1.3110,179.9997,0.0027,179.9073
26.7428,searching,0.0000,-0.2986,-0.5890,0.0000,0.0000,-1.3108,179.9994,0.0021,179.9076
26.7527,searching,0.0000,-0.3016,-0.5904,0.0000,0.0000,-1.3106,179.9994,0.0021,179.9076
26.7629,searching,0.0000,-0.3051,-0.5921,0.0000,0.0000,-1.3104,179.9994,0.0021,179.9076
26.7737,searching,0.0000,-0.3086,-0.5938,0.0000,0.0000,-1.3103,179.9994,0.0021,179.9070
26.7830,searching,0.0000,-0.3118,-0.5954,0.0000,0.0000,-1.3102,179.9991,0.0014,179.9075
26.7932,searching,0.0000,-0.3152,-0.5971,0.0000,0.0000,-1.3101,179.9991,0.0014,179.9075
26.8026,searching,0.0000,-0.3188,-0.5990,0.0000,0.0000,-1.3101,179.9993,0.0019,179.9070
26.8130,searching,0.0000,-0.3225,-0.6011,0.0000,0.0000,-1.3101,179.9994,0.0020,179.9067
26.8230,searching,0.0000,-0.3264,-0.6033,0.0000,0.0000,-1.3102,179.9994,0.0020,179.9067
26.8327,searching,0.0000,-0.3305,-0.6055,0.0000,0.0000,-1.3103,179.9990,0.0012,179.9061
26.8431,searching,0.0000,-0.3347,-0.6078,0.0000,0.0000,-1.3105,179.9988,0.0006,179.9066
26.8528,searching,0.0000,-0.3391,-0.6102,0.0000,0.0000,-1.3107,179.9988,0.0006,179.9066
26.8633,searching,0.0000,-0.3441,-0.6131,0.0000,0.0000,-1.3109,179.9991,0.0015,179.9068
26.8730,searching,0.0000,-0.3488,-0.6157,0.0000,0.0000,-1.3113,179.9986,0.0003,179.9067
26.8832,searching,0.0000,-0.3533,-0.6183,0.0000,0.0000,-1.3116,179.9986,0.0003,179.9067
26.8932,searching,0.0000,-0.3575,-0.6207,0.0000,0.0000,-1.3120,179.9988,0.0006,179.9070
26.9029,searching,0.0000,-0.3616,-0.6229,0.0000,0.0000,-1.3125,179.9986,0.0002,179.9069
26.9147,searching,0.0000,-0.3659,-0.6252,0.0000,0.0000,-1.3130,179.9986,0.0002,179.9069
26.9233,searching,0.0000,-0.3703,-0.6276,0.0000,0.0000,-1.3136,179.9983,-0.0004,179.9068
26.9329,searching,0.0000,-0.3749,-0.6300,0.0000,0.0000,-1.3142,179.9988,0.0007,179.9067
26.9426,searching,0.0000,-0.3797,-0.6324,0.0000,0.0000,-1.3148,179.9988,0.0007,179.9067
26.9533,searching,0.0000,-0.3846,-0.6349,0.0000,0.0000,-1.3155,179.9980,-0.0012,179.9070
26.9629,searching,0.0000,-0.3897,-0.6374,0.0000,0.0000,-1.3162,179.9983,-0.0005,179.9073
26.9729,searching,0.0000,-0.3952,-0.6402,0.0000,0.0000,-1.3170,179.9983,-0.0005,179.9073
26.9830,searching,0.0000,-0.4002,-0.6425,0.0000,0.0000,-1.3179,179.9978,-0.0015,179.9073
26.9930,searching,0.0000,-0.4053,-0.6450,0.0000,0.0000,-1.3188,179.9985,0.0001,179.9074
27.0035,searching,0.0000,-0.4104,-0.6476,0.0000,0.0000,-1.3198,179.9985,0.0001,179.9074
27.0132,searching,0.0000,-0.4157,-0.6502,0.0000,0.0000,-1.3208,179.9984,-0.0001,179.9073
27.0230,searching,0.0000,-0.4207,-0.6528,0.0000,0.0000,-1.3218,179.9984,-0.0002,179.9077
27.0329,searching,0.0000,-0.4257,-0.6550,0.0000,0.0000,-1.3229,179.9984,-0.0002,179.9077
27.0426,searching,0.0000,-0.4306,-0.6570,0.0000,0.0000,-1.3241,179.9985,-0.0001,179.9077
27.0528,searching,0.0000,-0.4355,-0.6587,0.0000,0.0000,-1.3252,179.9987,0.0005,179.9079
27.0628,searching,0.0000,-0.4402,-0.6603,0.0000,0.0000,-1.3264,179.9987,0.0005,179.9079
27.0727,searching,0.0000,-0.4450,-0.6620,0.0000,0.0000,-1.3277,179.9984,-0.0001,179.9076
27.0826,searching,0.0000,-0.4500,-0.6638,0.0000,0.0000,-1.3289,179.9990,0.0011,179.9079
27.0932,searching,0.0000,-0.4551,-0.6657,0.0000,0.0000,-1.3303,179.9990,0.0011,179.9079
27.1027,searching,0.0000,-0.4601,-0.6674,0.0000,0.0000,-1.3316,179.9995,0.0024,179.9078
27.1127,searching,0.0000,-0.4650,-0.6689,0.0000,0.0000,-1.3330,180.0000,0.0035,179.9079
27.1227,searching,0.0000,-0.4699,-0.6705,0.0000,0.0000,-1.3344,180.0000,0.0035,179.9079
27.1329,searching,0.0000,-0.4751,-0.6722,0.0000,0.0000,-1.3358,180.0000,0.0035,179.9079
27.1433,searching,0.0000,-0.4800,-0.6738,0.0000,0.0000,-1.3373,179.9991,0.0014,179.9079
27.1528,searching,0.0000,-0.4850,-0.6754,0.0000,0.0000,-1.3388,179.9991,0.0014,179.9079
27.1627,searching,0.0000,-0.4901,-0.6768,0.0000,0.0000,-1.3404,179.9991,0.0014,179.9079
27.1726,searching,0.0000,-0.4946,-0.6777,0.0000,0.0000,-1.3419,179.9986,0.0003,179.9082
27.1834,searching,0.0000,-0.4990,-0.6784,0.0000,0.0000,-1.3435,179.9986,0.0003,179.9082
27.1929,searching,0.0000,-0.5038,-0.6792,0.0000,0.0000,-1.3451,179.9990,0.0013,179.9089
27.2026,searching,0.0000,-0.5084,-0.6799,0.0000,0.0000,-1.3467,179.9991,0.0015,179.9087
27.2127,searching,0.0000,-0.5131,-0.6807,0.0000,0.0000,-1.3483,179.9991,0.0015,179.9087
27.2231,searching,0.0000,-0.5183,-0.6819,0.0000,0.0000,-1.3499,179.9997,0.0029,179.9093
27.2327,searching,0.0000,-0.5231,-0.6827,0.0000,0.0000,-1.3516,179.9991,0.0015,179.9093
27.2427,searching,0.0000,-0.5274,-0.6831,0.0000,0.0000,-1.3532,179.9991,0.0015,179.9093
27.2527,searching,0.0000,-0.5321,-0.6835,0.0000,0.0000,-1.3549,179.9988,0.0010,179.9086
27.2626,searching,0.0000,-0.5368,-0.6839,0.0000,0.0000,-1.3566,179.9985,0.0001,179.9083
27.2736,searching,0.0000,-0.5417,-0.6842,0.0000,0.0000,-1.3583,179.9985,0.0001,179.9083
27.2831,searching,0.0000,-0.5464,-0.6844,0.0000,0.0000,-1.3600,179.9985,0.0002,179.9078
27.2927,searching,0.0000,-0.5510,-0.6846,0.0000,0.0000,-1.3616,179.9981,-0.0006,179.9070
27.3027,searching,0.0000,-0.5551,-0.6844,0.0000,0.0000,-1.3633,179.9981,-0.0006,179.9070
27.3136,searching,0.0000,-0.5599,-0.6846,0.0000,0.0000,-1.3650,179.9985,0.0003,179.9074
27.3231,searching,0.0000,-0.5645,-0.6847,0.0000,0.0000,-1.3667,179.9988,0.0010,179.9073
27.3326,searching,0.0000,-0.5687,-0.6847,0.0000,0.0000,-1.3684,179.9988,0.0010,179.9073
27.3427,searching,0.0000,-0.5732,-0.6849,0.0000,0.0000,-1.3701,179.9985,0.0003,179.9070
27.3530,searching,0.0000,-0.5783,-0.6854,0.0000,0.0000,-1.3718,179.9985,0.0003,179.9070
27.3631,searching,0.0000,-0.5832,-0.6860,0.0000,0.0000,-1.3735,179.9985,0.0003,179.9070
27.3734,searching,0.0000,-0.5880,-0.6866,0.0000,0.0000,-1.3753,179.9986,0.0007,179.9077
27.3832,searching,0.0000,-0.5928,-0.6871,0.0000,0.0000,-1.3770,179.9986,0.0006,179.9077
27.3930,searching,0.0000,-0.5975,-0.6875,0.0000,0.0000,-1.3788,179.9986,0.0006,179.9077
27.4037,searching,0.0000,-0.6022,-0.6877,0.0000,0.0000,-1.3805,179.9984,0.0001,179.9074
27.4130,searching,0.0000,-0.6063,-0.6875,0.0000,0.0000,-1.3823,179.9988,0.0011,179.9067
27.4230,searching,0.0000,-0.6102,-0.6874,0.0000,0.0000,-1.3840,179.9988,0.0011,179.9067
27.4326,searching,0.0000,-0.6140,-0.6871,0.0000,0.0000,-1.3858,179.9989,0.0013,179.9074
27.4426,searching,0.0000,-0.6177,-0.6867,0.0000,0.0000,-1.3875,179.9982,-0.0002,179.9069
27.4536,searching,0.0000,-0.6212,-0.6863,0.0000,0.0000,-1.3892,179.9982,-0.0002,179.9069
27.4627,searching,0.0000,-0.6246,-0.6858,0.0000,0.0000,-1.3909,179.9985,0.0005,179.9075
27.4727,searching,0.0000,-0.6284,-0.6854,0.0000,0.0000,-1.3926,179.9983,0.0001,179.9073
27.4827,searching,0.0000,-0.6320,-0.6850,0.0000,0.0000,-1.3943,179.9983,0.0001,179.9073
27.4929,searching,0.0000,-0.6355,-0.6844,0.0000,0.0000,-1.3960,179.9990,0.0018,179.9082
27.5027,searching,0.0000,-0.6393,-0.6840,0.0000,0.0000,-1.3977,179.9989,0.0014,179.9082
27.5127,searching,0.0000,-0.6430,-0.6835,0.0000,0.0000,-1.3994,179.9989,0.0014,179.9082
27.5228,searching,0.0000,-0.6462,-0.6827,0.0000,0.0000,-1.4010,179.9988,0.0014,179.9089
27.5326,searching,0.0000,-0.6494,-0.6818,0.0000,0.0000,-1.4027,179.9982,-0.0000,179.9088
27.5432,searching,0.0000,-0.6527,-0.6812,0.0000,0.0000,-1.4043,179.9982,-0.0000,179.9088
27.5528,searching,0.0000,-0.6558,-0.6805,0.0000,0.0000,-1.4059,179.9979,-0.0006,179.9089
27.5627,searching,0.0000,-0.6589,-0.6802,0.0000,0.0000,-1.4075,179.9974,-0.0016,179.9085
27.5730,searching,0.0000,-0.6622,-0.6802,0.0000,0.0000,-1.4091,179.9974,-0.0016,179.9085
27.5840,searching,0.0000,-0.6653,-0.6801,0.0000,0.0000,-1.4107,179.9977,-0.0011,179.9090
27.5930,searching,0.0000,-0.6686,-0.6802,0.0000,0.0000,-1.4123,179.9983,-0.0011,179.9082
27.6030,searching,0.0000,-0.6719,-0.6806,0.0000,0.0000,-1.4139,179.9983,-0.0011,179.9082
27.6127,searching,0.0000,-0.6751,-0.6809,0.0000,0.0000,-1.4156,179.9990,0.0006,179.9083
27.6229,searching,0.0000,-0.6782,-0.6811,0.0000,0.0000,-1.4172,179.9987,-0.0000,179.9074
27.6330,searching,0.0000,-0.6814,-0.6816,0.0000,0.0000,-1.4188,179.9987,-0.0000,179.9074
27.6427,searching,0.0000,-0.6846,-0.6823,0.0000,0.0000,-1.4205,179.9986,-0.0002,179.9082
27.6527,searching,0.0000,-0.6875,-0.6830,0.0000,0.0000,-1.4221,179.9988,0.0004,179.9078
27.6626,searching,0.0000,-0.6903,-0.6836,0.0000,0.0000,-1.4238,179.9988,0.0004,179.9078
27.6743,searching,0.0000,-0.6932,-0.6840,0.0000,0.0000,-1.4255,179.9988,0.0004,179.9078
27.6826,searching,0.0000,-0.6960,-0.6843,0.0000,0.0000,-1.4271,179.9989,0.0006,179.9078
27.6927,searching,0.0000,-0.6981,-0.6844,0.0000,0.0000,-1.4288,179.9989,0.0006,179.9078
27.7030,searching,0.0000,-0.7000,-0.6844,0.0000,0.0000,-1.4305,179.9997,0.0011,179.9095
27.7133,searching,0.0000,-0.7027,-0.6848,0.0000,0.0000,-1.4322,179.9997,0.0011,179.9095
27.7232,searching,0.0000,-0.7053,-0.6851,0.0000,0.0000,-1.4339,179.9997,0.0011,179.9095
27.7327,searching,0.0000,-0.7074,-0.6851,0.0000,0.0000,-1.4356,179.9998,0.0011,179.9087
27.7426,searching,0.0000,-0.7099,-0.6853,0.0000,0.0000,-1.4373,179.9997,0.0011,179.9089
27.7527,searching,0.0000,-0.7123,-0.6853,0.0000,0.0000,-1.4390,179.9997,0.0011,179.9089
27.7634,searching,0.0000,-0.7140,-0.6852,0.0000,0.0000,-1.4407,179.9997,0.0012,179.9088
27.7729,searching,0.0000,-0.7157,-0.6851,0.0000,0.0000,-1.4424,179.9994,0.0005,179.9093
27.7827,searching,0.0000,-0.7172,-0.6850,0.0000,0.0000,-1.4441,179.9994,0.0005,179.9093
27.7926,searching,0.0000,-0.7181,-0.6848,0.0000,0.0000,-1.4458,179.9994,0.0005,179.9093
27.8039,searching,0.0000,-0.7188,-0.6845,0.0000,0.0000,-1.4475,179.9991,-0.0002,179.9100
27.8127,searching,0.0000,-0.7193,-0.6840,0.0000,0.0000,-1.4492,179.9991,-0.0002,179.9100
27.8228,searching,0.0000,-0.7194,-0.6832,0.0000,0.0000,-1.4509,179.9992,-0.0000,179.9097
27.8326,searching,0.0000,-0.7198,-0.6827,0.0000,0.0000,-1.4525,179.9997,-0.0001,179.9091
27.8431,searching,0.0000,-0.7199,-0.6818,0.0000,0.0000,-1.4542,179.9997,-0.0001,179.9091
27.8539,searching,0.0000,-0.7199,-0.6809,0.0000,0.0000,-1.4558,179.9995,-0.0006,179.9091
27.8627,searching,0.0000,-0.7198,-0.6796,0.0000,0.0000,-1.4574,179.9997,-0.0000,179.9096
27.8728,searching,0.0000,-0.7196,-0.6779,0.0000,0.0000,-1.4589,179.9997,-0.0000,179.9096
27.8827,searching,0.2025,-0.7192,-0.6764,0.0000,0.0000,-1.4605,179.9996,-0.0002,179.9094
27.8931,searching,0.2058,-0.7187,-0.6750,0.0000,0.0000,-1.4620,179.9998,0.0002,179.9102
27.9027,searching,0.2089,-0.7178,-0.6730,0.0000,0.0000,-1.4634,179.9998,0.0002,179.9102
27.9127,searching,0.2119,-0.7164,-0.6709,0.0000,0.0000,-1.4648,179.9998,0.0002,179.9102
27.9227,searching,0.2150,-0.7148,-0.6686,0.0000,0.0000,-1.4662,179.9996,-0.0003,179.9102
27.9327,searching,0.2182,-0.7133,-0.6663,0.0000,0.0000,-1.4675,179.9996,-0.0003,179.9102
27.9446,searching,0.2212,-0.7114,-0.6634,0.0000,0.0000,-1.4688,179.9995,-0.0004,179.9104
27.9526,searching,0.2242,-0.7093,-0.6604,0.0000,0.0000,-1.4700,179.9995,-0.0002,179.9101
27.9626,searching,0.2271,-0.7071,-0.6571,0.0000,0.0000,-1.4711,179.9995,-0.0002,179.9101
27.9727,searching,0.2300,-0.7046,-0.6536,0.0000,0.0000,-1.4722,179.9999,0.0006,179.9102
27.9831,searching,0.2328,-0.7016,-0.6499,0.0000,0.0000,-1.4732,180.0000,0.0008,179.9090
27.9930,searching,0.2356,-0.6987,-0.6463,0.0000,0.0000,-1.4741,180.0000,0.0008,179.9090
28.0028,searching,0.2383,-0.6959,-0.6429,0.0000,0.0000,-1.4750,179.9999,0.0007,179.9092
28.0127,searching,0.2410,-0.6927,-0.6396,0.0000,0.0000,-1.4758,179.9999,0.0007,179.9092
28.0228,searching,0.2435,-0.6891,-0.6358,0.0000,0.0000,-1.4765,179.9999,0.0007,179.9092
28.0331,searching,0.2459,-0.6853,-0.6320,0.0000,0.0000,-1.4772,179.9998,0.0005,179.9088
28.0427,searching,0.2484,-0.6813,-0.6281,0.0000,0.0000,-1.4777,179.9998,0.0005,179.9088
28.0529,searching,0.2510,-0.6775,-0.6243,0.0000,0.0000,-1.4782,179.9998,0.0005,179.9088
28.0627,searching,0.2536,-0.6740,-0.6206,0.0000,0.0000,-1.4786,179.9997,0.0004,179.9083
28.0733,searching,0.2563,-0.6707,-0.6170,0.0000,0.0000,-1.4790,179.9996,-0.0000,179.9079
28.0831,searching,0.2589,-0.6675,-0.6136,0.0000,0.0000,-1.4792,179.9996,-0.0000,179.9079
28.0926,searching,0.2615,-0.6644,-0.6104,0.0000,0.0000,-1.4794,179.9995,-0.0002,179.9087
28.1026,searching,0.2639,-0.6610,-0.6072,0.0000,0.0000,-1.4796,179.9992,-0.0022,179.9087
28.1130,searching,0.2663,-0.6577,-0.6042,0.0000,0.0000,-1.4797,179.9992,-0.0022,179.9087
28.1229,searching,0.2687,-0.6543,-0.6015,0.0000,0.0000,-1.4797,179.9991,-0.0024,179.9097
28.1326,searching,0.2709,-0.6508,-0.5987,0.0000,0.0000,-1.4797,179.9984,-0.0040,179.9096
28.1427,searching,0.2732,-0.6474,-0.5961,0.0000,0.0000,-1.4796,179.9984,-0.0040,179.9096
28.1527,searching,0.2751,-0.6437,-0.5934,0.0000,0.0000,-1.4795,179.9987,-0.0032,179.9099
28.1629,searching,0.2774,-0.6398,-0.5906,0.0000,0.0000,-1.4793,179.9983,-0.0042,179.9093
28.1727,searching,0.2796,-0.6362,-0.5878,0.0000,0.0000,-1.4790,179.9983,-0.0042,179.9093
28.1826,searching,0.2816,-0.6324,-0.5850,0.0000,0.0000,-1.4787,179.9988,-0.0029,179.9085
28.1927,searching,0.2835,-0.6285,-0.5820,0.0000,0.0000,-1.4784,179.9987,-0.0032,179.9088
28.2031,searching,0.2855,-0.6250,-0.5794,0.0000,0.0000,-1.4780,179.9987,-0.0032,179.9088
28.2131,searching,0.2874,-0.6220,-0.5773,0.0000,0.0000,-1.4775,179.9989,-0.0026,179.9089
28.2232,searching,0.2892,-0.6186,-0.5751,0.0000,0.0000,-1.4770,179.9988,-0.0029,179.9088
28.2327,searching,0.2908,-0.6147,-0.5726,0.0000,0.0000,-1.4765,179.9988,-0.0029,179.9088
28.2429,searching,0.2922,-0.6106,-0.5701,0.0000,0.0000,-1.4759,179.9988,-0.0028,179.9092
28.2528,searching,0.2936,-0.6066,-0.5677,0.0000,0.0000,-1.4752,179.9987,-0.0031,179.9099
28.2628,searching,0.2954,-0.6029,-0.5658,0.0000,0.0000,-1.4745,179.9987,-0.0031,179.9099
28.2728,searching,0.2972,-0.5998,-0.5642,0.0000,0.0000,-1.4738,179.9990,-0.0024,179.9086
28.2831,searching,0.2990,-0.5970,-0.5630,0.0000,0.0000,-1.4731,179.9985,-0.0036,179.9099
28.2937,searching,0.3011,-0.5943,-0.5618,0.0000,0.0000,-1.4723,179.9985,-0.0036,179.9099
28.3031,searching,0.3034,-0.5918,-0.5605,0.0000,0.0000,-1.4715,179.9989,-0.0027,179.9095
28.3126,searching,0.3053,-0.5894,-0.5594,0.0000,0.0000,-1.4707,179.9988,-0.0028,179.9088
28.3227,searching,0.3073,-0.5870,-0.5584,0.0000,0.0000,-1.4699,179.9988,-0.0028,179.9088
28.3335,searching,0.3093,-0.5849,-0.5578,0.0000,0.0000,-1.4690,179.9995,-0.0012,179.9099
28.3427,searching,0.3109,-0.5826,-0.5571,0.0000,0.0000,-1.4682,179.9995,-0.0012,179.9099
28.3528,searching,0.3124,-0.5795,-0.5561,0.0000,0.0000,-1.4673,179.9995,-0.0012,179.9099
28.3634,searching,0.3138,-0.5764,-0.5552,0.0000,0.0000,-1.4664,179.9994,-0.0013,179.9082
28.3731,searching,0.3147,-0.5732,-0.5542,0.0000,0.0000,-1.4655,179.9996,-0.0011,179.9096
28.3831,searching,0.3157,-0.5694,-0.5527,0.0000,0.0000,-1.4645,179.9996,-0.0011,179.9096
28.3934,searching,0.3171,-0.5655,-0.5509,0.0000,0.0000,-1.4635,179.9998,-0.0004,179.9087
28.4027,searching,0.3184,-0.5620,-0.5490,0.0000,0.0000,-1.4625,179.9995,-0.0012,179.9071
28.4127,searching,0.3194,-0.5585,-0.5469,0.0000,0.0000,-1.4615,179.9995,-0.0012,179.9071
28.4232,searching,0.3208,-0.5547,-0.5446,0.0000,0.0000,-1.4604,179.9992,-0.0019,179.9077
28.4330,searching,0.3221,-0.5511,-0.5425,0.0000,0.0000,-1.4592,-179.9997,0.0006,179.9082
28.4428,searching,0.3229,-0.5473,-0.5403,0.0000,0.0000,-1.4580,-179.9997,0.0006,179.9082
28.4527,searching,0.3237,-0.5430,-0.5377,0.0000,0.0000,-1.4568,-179.9999,0.0003,179.9079
28.4626,searching,0.3244,-0.5389,-0.5353,0.0000,0.0000,-1.4555,-179.9992,0.0018,179.9085
28.4744,searching,0.3246,-0.5345,-0.5330,0.0000,0.0000,-1.4541,-179.9992,0.0018,179.9085
28.4828,searching,0.3252,-0.5298,-0.5307,0.0000,0.0000,-1.4528,-179.9992,0.0018,179.9084
28.4927,searching,0.3259,-0.5255,-0.5287,0.0000,0.0000,-1.4513,-179.9991,0.0021,179.9086
28.5026,searching,0.3264,-0.5216,-0.5269,0.0000,0.0000,-1.4499,-179.9991,0.0021,179.9086
28.5136,searching,0.3270,-0.5168,-0.5243,0.0000,0.0000,-1.4483,-179.9998,0.0004,179.9091
28.5227,searching,0.3280,-0.5124,-0.5221,0.0000,0.0000,-1.4468,-179.9995,0.0012,179.9081
28.5331,searching,0.3288,-0.5087,-0.5203,0.0000,0.0000,-1.4452,-179.9995,0.0012,179.9081
28.5430,searching,0.3297,-0.5052,-0.5190,0.0000,0.0000,-1.4436,179.9996,-0.0010,179.9086
28.5529,searching,0.3308,-0.5021,-0.5181,0.0000,0.0000,-1.4419,-179.9996,0.0008,179.9083
28.5636,searching,0.3313,-0.4991,-0.5174,0.0000,0.0000,-1.4403,-179.9996,0.0008,179.9083
28.5732,searching,0.3317,-0.4954,-0.5164,0.0000,0.0000,-1.4386,180.0000,0.0001,179.9086
28.5829,searching,0.3323,-0.4914,-0.5153,0.0000,0.0000,-1.4369,-179.9999,0.0002,179.9084
28.5931,searching,0.3322,-0.4874,-0.5140,0.0000,0.0000,-1.4352,-179.9999,0.0002,179.9084
28.6033,searching,0.3320,-0.4831,-0.5126,0.0000,0.0000,-1.4334,-179.9999,0.0003,179.9080
28.6127,searching,0.3324,-0.4788,-0.5115,0.0000,0.0000,-1.4317,-179.9996,0.0008,179.9080
28.6226,searching,0.3326,-0.4751,-0.5106,0.0000,0.0000,-1.4299,-179.9996,0.0008,179.9080
28.6328,searching,0.3328,-0.4715,-0.5098,0.0000,0.0000,-1.4281,-179.9996,0.0008,179.9080
28.6426,searching,0.3334,-0.4678,-0.5092,0.0000,0.0000,-1.4263,180.0000,-0.0002,179.9080
28.6533,searching,0.3341,-0.4643,-0.5086,0.0000,0.0000,-1.4244,180.0000,-0.0002,179.9080
28.6627,searching,0.3347,-0.4609,-0.5080,0.0000,0.0000,-1.4226,179.9997,0.0007,179.9079
28.6726,searching,0.3354,-0.4569,-0.5071,0.0000,0.0000,-1.4207,179.9992,-0.0005,179.9076
28.6827,searching,0.3359,-0.4536,-0.5068,0.0000,0.0000,-1.4189,179.9992,-0.0005,179.9076
28.6935,searching,0.3362,-0.4507,-0.5070,0.0000,0.0000,-1.4170,-179.9998,0.0017,179.9078
28.7028,searching,0.3369,-0.4472,-0.5072,0.0000,0.0000,-1.4152,179.9999,0.0011,179.9078
28.7127,searching,0.3377,-0.4441,-0.5077,0.0000,0.0000,-1.4133,179.9999,0.0011,179.9078
28.7227,searching,0.3379,-0.4414,-0.5086,0.0000,0.0000,-1.4115,179.9997,0.0005,179.9078
28.7326,searching,0.3383,-0.4382,-0.5094,0.0000,0.0000,-1.4097,179.9998,0.0009,179.9075
28.7430,searching,0.3393,-0.4355,-0.5108,0.0000,0.0000,-1.4079,179.9998,0.0009,179.9075
28.7528,searching,0.3398,-0.4337,-0.5128,0.0000,0.0000,-1.4062,-179.9996,0.0020,179.9072
28.7627,searching,0.3405,-0.4317,-0.5147,0.0000,0.0000,-1.4044,179.9995,0.0001,179.9065
28.7727,searching,0.3416,-0.4302,-0.5173,0.0000,0.0000,-1.4028,179.9995,0.0001,179.9065
28.7832,searching,0.3422,-0.4295,-0.5203,0.0000,0.0000,-1.4012,179.9998,0.0008,179.9072
28.7927,searching,0.3425,-0.4281,-0.5228,0.0000,0.0000,-1.3997,179.9995,-0.0001,179.9075
28.8027,searching,0.3435,-0.4256,-0.5248,0.0000,0.0000,-1.3982,179.9995,-0.0001,179.9075
28.8127,searching,0.3442,-0.4238,-0.5274,0.0000,0.0000,-1.3967,179.9997,0.0004,179.9081
28.8231,searching,0.3439,-0.4223,-0.5300,0.0000,0.0000,-1.3953,179.9993,-0.0004,179.9086
28.8329,searching,0.3440,-0.4201,-0.5325,0.0000,0.0000,-1.3939,179.9993,-0.0004,179.9086
28.8427,searching,0.3440,-0.4179,-0.5349,0.0000,0.0000,-1.3926,179.9998,0.0007,179.9086
28.8527,searching,0.3434,-0.4157,-0.5370,0.0000,0.0000,-1.3914,179.9998,0.0007,179.9086
28.8628,searching,0.3429,-0.4131,-0.5388,0.0000,0.0000,-1.3902,179.9998,0.0007,179.9086
28.8734,searching,0.3428,-0.4103,-0.5407,0.0000,0.0000,-1.3890,179.9986,-0.0021,179.9082
28.8839,searching,0.3423,-0.4080,-0.5428,0.0000,0.0000,-1.3878,179.9986,-0.0021,179.9081
28.8927,searching,0.3422,-0.4054,-0.5451,0.0000,0.0000,-1.3867,179.9986,-0.0021,179.9081
28.9027,searching,0.3421,-0.4029,-0.5473,0.0000,0.0000,-1.3857,179.9981,-0.0033,179.9079
28.9127,searching,0.3415,-0.4011,-0.5496,0.0000,0.0000,-1.3847,179.9993,-0.0007,179.9084
28.9233,searching,0.3412,-0.3987,-0.5518,0.0000,0.0000,-1.3837,179.9993,-0.0007,179.9084
28.9327,searching,0.3410,-0.3962,-0.5539,0.0000,0.0000,-1.3828,179.9993,-0.0007,179.9084
28.9430,searching,0.3401,-0.3948,-0.5565,0.0000,0.0000,-1.3819,179.9997,0.0003,179.9084
28.9529,searching,0.3391,-0.3933,-0.5591,0.0000,0.0000,-1.3811,179.9997,0.0003,179.9084
28.9630,searching,0.3384,-0.3913,-0.5615,0.0000,0.0000,-1.3803,179.9996,-0.0000,179.9088
28.9734,searching,0.3376,-0.3901,-0.5643,0.0000,0.0000,-1.3796,179.9996,-0.0002,179.9089
28.9828,searching,0.3365,-0.3886,-0.5668,0.0000,0.0000,-1.3790,179.9996,-0.0002,179.9089
28.9929,searching,0.3354,-0.3863,-0.5688,0.0000,0.0000,-1.3783,179.9992,-0.0011,179.9090
29.0027,searching,0.3340,-0.3842,-0.5707,0.0000,0.0000,-1.3777,-179.9997,0.0015,179.9087
29.0129,searching,0.3324,-0.3822,-0.5726,0.0000,0.0000,-1.3772,-179.9997,0.0015,179.9087
29.0231,searching,0.3309,-0.3795,-0.5741,0.0000,0.0000,-1.3767,-179.9999,0.0009,179.9084
29.0327,searching,0.3291,-0.3773,-0.5758,0.0000,0.0000,-1.3762,-179.9995,0.0018,179.9087
29.0427,searching,0.3272,-0.3750,-0.5771,0.0000,0.0000,-1.3757,-179.9995,0.0018,179.9087
29.0527,searching,0.3257,-0.3721,-0.5783,0.0000,0.0000,-1.3753,-179.9997,0.0013,179.9084
29.0629,searching,0.3239,-0.3694,-0.5795,0.0000,0.0000,-1.3749,179.9997,-0.0001,179.9079
29.0728,searching,0.3219,-0.3667,-0.5803,0.0000,0.0000,-1.3745,179.9997,-0.0001,179.9079
29.0828,searching,0.3202,-0.3627,-0.5806,0.0000,0.0000,-1.3741,179.9994,-0.0008,179.9075
29.0926,searching,0.3184,-0.3593,-0.5811,0.0000,0.0000,-1.3737,179.9995,-0.0005,179.9079
29.1034,searching,0.3162,-0.3573,-0.5823,0.0000,0.0000,-1.3734,179.9995,-0.0005,179.9079
29.1129,searching,0.3140,-0.3547,-0.5830,0.0000,0.0000,-1.3730,179.9994,-0.0009,179.9074
29.1227,searching,0.3122,-0.3516,-0.5836,0.0000,0.0000,-1.3727,180.0000,0.0004,179.9078
29.1327,searching,0.3103,-0.3495,-0.5846,0.0000,0.0000,-1.3724,180.0000,0.0004,179.9078
29.1428,searching,0.3082,-0.3469,-0.5850,0.0000,0.0000,-1.3721,179.9996,-0.0005,179.9074
29.1529,searching,0.3064,-0.3435,-0.5851,0.0000,0.0000,-1.3718,-179.9998,0.0009,179.9076
29.1627,searching,0.3042,-0.3405,-0.5850,0.0000,0.0000,-1.3715,-179.9998,0.0009,179.9076
29.1727,searching,0.3016,-0.3376,-0.5846,0.0000,0.0000,-1.3712,-179.9999,0.0005,179.9070
29.1827,searching,0.2989,-0.3342,-0.5838,0.0000,0.0000,-1.3709,-179.9999,0.0005,179.9070
29.1936,searching,0.2959,-0.3313,-0.5829,0.0000,0.0000,-1.3705,-179.9999,0.0005,179.9070
29.2027,searching,0.2927,-0.3282,-0.5818,0.0000,0.0000,-1.3702,-179.9993,0.0020,179.9066
29.2127,searching,0.2896,-0.3243,-0.5805,0.0000,0.0000,-1.3698,-179.9994,0.0017,179.9073
29.2227,searching,0.2862,-0.3208,-0.5793,0.0000,0.0000,-1.3694,-179.9994,0.0017,179.9073
29.2335,searching,0.2826,-0.3172,-0.5779,0.0000,0.0000,-1.3689,-179.9994,0.0017,179.9073
29.2427,searching,0.2792,-0.3129,-0.5762,0.0000,0.0000,-1.3684,-179.9999,0.0006,179.9069
29.2526,searching,0.2758,-0.3093,-0.5748,0.0000,0.0000,-1.3679,-179.9999,0.0006,179.9069
29.2627,searching,0.2722,-0.3061,-0.5734,0.0000,0.0000,-1.3674,-179.9996,0.0010,179.9062
29.2730,searching,0.2687,-0.3022,-0.5717,0.0000,0.0000,-1.3668,179.9999,-0.0001,179.9067
29.2829,searching,0.2653,-0.2985,-0.5702,0.0000,0.0000,-1.3662,179.9999,-0.0001,179.9067
29.2927,searching,0.2615,-0.2952,-0.5686,0.0000,0.0000,-1.3656,179.9995,-0.0011,179.9068
29.3026,searching,0.2576,-0.2917,-0.5670,0.0000,0.0000,-1.3650,179.9999,-0.0001,179.9070
29.3128,searching,0.2538,-0.2880,-0.5652,0.0000,0.0000,-1.3643,179.9999,-0.0001,179.9070
29.3231,searching,0.2501,-0.2851,-0.5636,0.0000,0.0000,-1.3635,-179.9992,0.0018,179.9070
29.3327,searching,0.2461,-0.2818,-0.5616,0.0000,0.0000,-1.3628,-179.9998,0.0018,179.9070
29.3427,searching,0.2420,-0.2782,-0.5596,0.0000,0.0000,-1.3620,-179.9998,0.0018,179.9070
29.3526,searching,0.2380,-0.2755,-0.5578,0.0000,0.0000,-1.3611,180.0000,0.0013,179.9066
29.3630,searching,0.2339,-0.2727,-0.5557,0.0000,0.0000,-1.3602,179.9997,0.0006,179.9067
29.3733,searching,0.2298,-0.2693,-0.5533,0.0000,0.0000,-1.3593,179.9997,0.0006,179.9067
29.3829,searching,0.2256,-0.2667,-0.5511,0.0000,0.0000,-1.3583,179.9999,0.0011,179.9075
29.3926,searching,0.2212,-0.2636,-0.5487,0.0000,0.0000,-1.3573,179.9995,-0.0000,179.9081
29.4026,searching,0.2167,-0.2594,-0.5458,0.0000,0.0000,-1.3562,179.9995,-0.0000,179.9081
29.4155,searching,0.2121,-0.2557,-0.5430,0.0000,0.0000,-1.3551,179.9993,0.0010,179.9082
29.4228,searching,0.2075,-0.2523,-0.5402,0.0000,0.0000,-1.3539,179.9989,0.0001,179.9075
29.4328,searching,0.2027,-0.2482,-0.5368,0.0000,0.0000,-1.3526,179.9989,0.0001,179.9075
29.4427,searching,0.0000,-0.2448,-0.5338,0.0000,0.0000,-1.3513,179.9987,-0.0005,179.9073
29.4532,searching,0.0000,-0.2421,-0.5309,0.0000,0.0000,-1.3499,179.9987,-0.0005,179.9073
29.4631,searching,0.0000,-0.2394,-0.5284,0.0000,0.0000,-1.3485,179.9987,-0.0005,179.9073
29.4728,searching,0.0000,-0.2373,-0.5263,0.0000,0.0000,-1.3470,179.9980,-0.0006,179.9065
29.4827,searching,0.0000,-0.2356,-0.5245,0.0000,0.0000,-1.3455,179.9983,-0.0000,179.9068
29.4926,searching,0.0000,-0.2335,-0.5227,0.0000,0.0000,-1.3439,179.9983,-0.0000,179.9068
29.5033,searching,0.0000,-0.2315,-0.5212,0.0000,0.0000,-1.3424,179.9991,0.0016,179.9068
29.5130,searching,0.0000,-0.2297,-0.5196,0.0000,0.0000,-1.3407,179.9989,0.0012,179.9065
29.5230,searching,0.0000,-0.2277,-0.5179,0.0000,0.0000,-1.3391,179.9989,0.0012,179.9065
29.5330,searching,0.0000,-0.2259,-0.5164,0.0000,0.0000,-1.3374,179.9987,0.0007,179.9070
29.5429,searching,0.0000,-0.2246,-0.5151,0.0000,0.0000,-1.3357,179.9985,0.0002,179.9074
29.5528,searching,0.0000,-0.2229,-0.5138,0.0000,0.0000,-1.3340,179.9985,0.0002,179.9074
29.5628,searching,0.0000,-0.2214,-0.5125,0.0000,0.0000,-1.3323,179.9984,-0.0001,179.9067
29.5727,searching,0.0000,-0.2207,-0.5118,0.0000,0.0000,-1.3305,179.9984,-0.0001,179.9067
29.5828,searching,0.0000,-0.2202,-0.5111,0.0000,0.0000,-1.3287,179.9984,-0.0001,179.9067
29.5932,searching,0.0000,-0.2200,-0.5107,0.0000,0.0000,-1.3269,179.9984,-0.0000,179.9071
29.6026,searching,0.0000,-0.2206,-0.5107,0.0000,0.0000,-1.3252,179.9983,-0.0004,179.9069
29.6126,searching,0.0000,-0.2214,-0.5111,0.0000,0.0000,-1.3234,179.9983,-0.0004,179.9069
29.6227,searching,0.0000,-0.2220,-0.5117,0.0000,0.0000,-1.3216,179.9983,-0.0004,179.9076
29.6333,searching,0.0000,-0.2229,-0.5125,0.0000,0.0000,-1.3199,179.9982,-0.0007,179.9070
29.6427,searching,0.0000,-0.2239,-0.5132,0.0000,0.0000,-1.3181,179.9982,-0.0007,179.9070
29.6527,searching,0.0000,-0.2240,-0.5136,0.0000,0.0000,-1.3164,179.9985,-0.0000,179.9066
29.6627,searching,0.0000,-0.2245,-0.5143,0.0000,0.0000,-1.3147,179.9990,0.0011,179.9074
29.6731,searching,0.0000,-0.2257,-0.5154,0.0000,0.0000,-1.3130,179.9990,0.0011,179.9074
29.6828,searching,0.0000,-0.2271,-0.5167,0.0000,0.0000,-1.3113,179.9993,0.0017,179.9063
29.6927,searching,0.0000,-0.2288,-0.5183,0.0000,0.0000,-1.3097,179.9992,0.0016,179.9075
29.7030,searching,0.0000,-0.2309,-0.5199,0.0000,0.0000,-1.3081,179.9992,0.0016,179.9075
29.7131,searching,0.0000,-0.2336,-0.5219,0.0000,0.0000,-1.3065,179.9996,0.0023,179.9078
29.7234,searching,0.0000,-0.2360,-0.5241,0.0000,0.0000,-1.3050,179.9996,0.0025,179.9080
29.7331,searching,0.0000,-0.2386,-0.5265,0.0000,0.0000,-1.3035,179.9996,0.0025,179.9080
29.7431,searching,0.0000,-0.2411,-0.5292,0.0000,0.0000,-1.3021,179.9997,0.0026,179.9078
29.7529,searching,0.0000,-0.2434,-0.5320,0.0000,0.0000,-1.3008,179.9996,0.0023,179.9075
29.7640,searching,0.0000,-0.2459,-0.5349,0.0000,0.0000,-1.2995,179.9996,0.0023,179.9075
29.7728,searching,0.0000,-0.2488,-0.5382,0.0000,0.0000,-1.2982,179.9996,0.0023,179.9075
29.7827,searching,0.0000,-0.2520,-0.5417,0.0000,0.0000,-1.2971,-179.9999,0.0035,179.9072
29.7928,searching,0.0000,-0.2556,-0.5454,0.0000,0.0000,-1.2960,-179.9999,0.0035,179.9072
29.8032,searching,0.0000,-0.2600,-0.5497,0.0000,0.0000,-1.2950,179.9999,0.0030,179.9064
29.8131,searching,0.0000,-0.2649,-0.5542,0.0000,0.0000,-1.2940,179.9996,0.0023,179.9057
29.8228,searching,0.0000,-0.2700,-0.5588,0.0000,0.0000,-1.2932,179.9996,0.0023,179.9057
29.8328,searching,0.0000,-0.2747,-0.5632,0.0000,0.0000,-1.2925,179.9994,0.0018,179.9061
29.8427,searching,0.0000,-0.2791,-0.5675,0.0000,0.0000,-1.2918,179.9996,0.0023,179.9073
29.8544,searching,0.0000,-0.2833,-0.5717,0.0000,0.0000,-1.2913,179.9996,0.0023,179.9073
29.8628,searching,0.0000,-0.2873,-0.5756,0.0000,0.0000,-1.2908,179.9993,0.0015,179.9066
29.8727,searching,0.0000,-0.2914,-0.5796,0.0000,0.0000,-1.2904,179.9997,0.0025,179.9071
29.8831,searching,0.0000,-0.2956,-0.5836,0.0000,0.0000,-1.2900,179.9997,0.0025,179.9071
29.8930,searching,0.0000,-0.3000,-0.5876,0.0000,0.0000,-1.2898,179.9991,0.0010,179.9068
29.9027,searching,0.0000,-0.3042,-0.5914,0.0000,0.0000,-1.2896,179.9991,0.0011,179.9058
29.9128,searching,0.0000,-0.3087,-0.5951,0.0000,0.0000,-1.2895,179.9991,0.0011,179.9058
29.9229,searching,0.0000,-0.3135,-0.5989,0.0000,0.0000,-1.2895,179.9988,0.0003,179.9063
29.9326,searching,0.0000,-0.3182,-0.6027,0.0000,0.0000,-1.2896,179.9993,0.0014,179.9067
29.9432,searching,0.0000,-0.3231,-0.6067,0.0000,0.0000,-1.2897,179.9993,0.0014,179.9067
29.9529,searching,0.0000,-0.3280,-0.6108,0.0000,0.0000,-1.2899,179.9984,-0.0006,179.9073
29.9626,searching,0.0000,-0.3332,-0.6151,0.0000,0.0000,-1.2902,179.9984,-0.0004,179.9077
29.9727,searching,0.0000,-0.3387,-0.6195,0.0000,0.0000,-1.2906,179.9984,-0.0004,179.9077
29.9827,searching,0.0000,-0.3437,-0.6233,0.0000,0.0000,-1.2911,179.9987,0.0001,179.9077
29.9932,searching,0.0000,-0.3491,-0.6272,0.0000,0.0000,-1.2916,179.9987,0.0002,179.9075
30.0028,searching,0.0000,-0.3553,-0.6316,0.0000,0.0000,-1.2922,179.9987,0.0002,179.9075
30.0127,searching,0.0000,-0.3614,-0.6357,0.0000,0.0000,-1.2930,179.9987,0.0002,179.9075
30.0226,searching,0.0000,-0.3675,-0.6397,0.0000,0.0000,-1.2937,179.9987,-0.0000,179.9071
30.0334,searching,0.0000,-0.3738,-0.6437,0.0000,0.0000,-1.2946,179.9987,-0.0000,179.9071
30.0432,searching,0.0000,-0.3799,-0.6473,0.0000,0.0000,-1.2956,179.9989,0.0006,179.9076
30.0526,searching,0.0000,-0.3857,-0.6508,0.0000,0.0000,-1.2966,179.9982,-0.0010,179.9081
30.0627,searching,0.0000,-0.3916,-0.6542,0.0000,0.0000,-1.2977,179.9982,-0.0010,179.9081
30.0728,searching,0.0000,-0.3971,-0.6573,0.0000,0.0000,-1.2988,179.9991,0.0009,179.9080
30.0835,searching,0.0000,-0.4019,-0.6599,0.0000,0.0000,-1.3000,179.9991,0.0011,179.9078
30.0928,searching,0.0000,-0.4070,-0.6625,0.0000,0.0000,-1.3013,179.9991,0.0011,179.9078
30.1026,searching,0.0000,-0.4121,-0.6648,0.0000,0.0000,-1.3026,179.9993,0.0014,179.9077
30.1126,searching,0.0000,-0.4166,-0.6667,0.0000,0.0000,-1.3039,179.9991,0.0009,179.9082
30.1245,searching,0.0000,-0.4216,-0.6689,0.0000,0.0000,-1.3053,179.9991,0.0009,179.9082
30.1327,searching,0.0000,-0.4273,-0.6713,0.0000,0.0000,-1.3067,179.9987,-0.0000,179.9077
30.1426,searching,0.0000,-0.4328,-0.6736,0.0000,0.0000,-1.3082,179.9985,-0.0004,179.9074
30.1529,searching,0.0000,-0.4386,-0.6760,0.0000,0.0000,-1.3097,179.9985,-0.0004,179.9074
30.1633,searching,0.0000,-0.4452,-0.6791,0.0000,0.0000,-1.3113,179.9987,0.0001,179.9077
30.1731,searching,0.0000,-0.4515,-0.6821,0.0000,0.0000,-1.3129,179.9982,-0.0009,179.9081
30.1831,searching,0.0000,-0.4575,-0.6850,0.0000,0.0000,-1.3146,179.9982,-0.0009,179.9081
30.1927,searching,0.0000,-0.4636,-0.6879,0.0000,0.0000,-1.3164,179.9987,0.0003,179.9078
30.2027,searching,0.0000,-0.4696,-0.6906,0.0000,0.0000,-1.3182,179.9984,-0.0006,179.9076
30.2136,searching,0.0000,-0.4750,-0.6928,0.0000,0.0000,-1.3200,179.9984,-0.0006,179.9076
30.2231,searching,0.0000,-0.4809,-0.6953,0.0000,0.0000,-1.3219,179.9983,-0.0008,179.9078
30.2326,searching,0.0000,-0.4864,-0.6972,0.0000,0.0000,-1.3239,179.9990,0.0009,179.9082
30.2427,searching,0.0000,-0.4916,-0.6989,0.0000,0.0000,-1.3259,179.9990,0.0009,179.9082
30.2543,searching,0.0000,-0.4974,-0.7007,0.0000,0.0000,-1.3279,179.9992,0.0013,179.9080
30.2627,searching,0.0000,-0.5029,-0.7021,0.0000,0.0000,-1.3299,179.9992,0.0013,179.9085
30.2727,searching,0.0000,-0.5074,-0.7028,0.0000,0.0000,-1.3320,179.9992,0.0013,179.9085
30.2828,searching,0.0000,-0.5123,-0.7040,0.0000,0.0000,-1.3341,179.9998,0.0028,179.9088
30.2927,searching,0.0000,-0.5172,-0.7051,0.0000,0.0000,-1.3362,179.9989,0.0007,179.9088
30.3029,searching,0.0000,-0.5208,-0.7054,0.0000,0.0000,-1.3383,179.9989,0.0007,179.9088
30.3128,searching,0.0000,-0.5242,-0.7055,0.0000,0.0000,-1.3404,179.9995,0.0022,179.9090
30.3226,searching,0.0000,-0.5285,-0.7059,0.0000,0.0000,-1.3425,179.9995,0.0022,179.9090
30.3327,searching,0.0000,-0.5329,-0.7066,0.0000,0.0000,-1.3446,179.9995,0.0022,179.9090
30.3435,searching,0.0000,-0.5373,-0.7073,0.0000,0.0000,-1.3468,179.9987,0.0003,179.9094
30.3527,searching,0.0000,-0.5424,-0.7083,0.0000,0.0000,-1.3489,179.9996,0.0024,179.9097
30.3628,searching,0.0000,-0.5471,-0.7089,0.0000,0.0000,-1.3511,179.9996,0.0024,179.9097
30.3728,searching,0.0000,-0.5515,-0.7094,0.0000,0.0000,-1.3533,179.9988,0.0005,179.9080
30.3832,searching,0.0000,-0.5564,-0.7102,0.0000,0.0000,-1.3555,179.9986,0.0002,179.9088
30.3937,searching,0.0000,-0.5612,-0.7110,0.0000,0.0000,-1.3577,179.9986,0.0002,179.9088
30.4030,searching,0.0000,-0.5652,-0.7115,0.0000,0.0000,-1.3600,179.9984,-0.0002,179.9081
30.4130,searching,0.0000,-0.5694,-0.7122,0.0000,0.0000,-1.3622,179.9984,-0.0003,179.9082
30.4232,searching,0.0000,-0.5736,-0.7126,0.0000,0.0000,-1.3645,179.9984,-0.0003,179.9082
30.4332,searching,0.0000,-0.5774,-0.7126,0.0000,0.0000,-1.3667,179.9979,-0.0013,179.9083
30.4428,searching,0.0000,-0.5815,-0.7127,0.0000,0.0000,-1.3690,179.9988,0.0007,179.9083
30.4527,searching,0.0000,-0.5859,-0.7129,0.0000,0.0000,-1.3712,179.9988,0.0007,179.9083
30.4626,searching,0.0000,-0.5899,-0.7126,0.0000,0.0000,-1.3735,179.9983,-0.0003,179.9081
30.4727,searching,0.0000,-0.5937,-0.7122,0.0000,0.0000,-1.3757,179.9986,0.0003,179.9084
30.4831,searching,0.0000,-0.5978,-0.7120,0.0000,0.0000,-1.3780,179.9986,0.0003,179.9084
30.4927,searching,0.0000,-0.6011,-0.7111,0.0000,0.0000,-1.3802,179.9984,-0.0001,179.9080
30.5026,searching,0.0000,-0.6043,-0.7102,0.0000,0.0000,-1.3824,179.9987,0.0006,179.9083
30.5128,searching,0.0000,-0.6081,-0.7098,0.0000,0.0000,-1.3846,179.9987,0.0006,179.9083
30.5233,searching,0.0000,-0.6111,-0.7087,0.0000,0.0000,-1.3868,179.9982,-0.0004,179.9078
30.5327,searching,0.0000,-0.6142,-0.7080,0.0000,0.0000,-1.3889,179.9991,0.0017,179.9079
30.5428,searching,0.0000,-0.6180,-0.7077,0.0000,0.0000,-1.3911,179.9991,0.0017,179.9079
30.5529,searching,0.0000,-0.6215,-0.7070,0.0000,0.0000,-1.3932,179.9991,0.0017,179.9079
30.5633,searching,0.0000,-0.6246,-0.7063,0.0000,0.0000,-1.3953,179.9982,-0.0003,179.9072
30.5732,searching,0.0000,-0.6284,-0.7061,0.0000,0.0000,-1.3975,179.9982,-0.0003,179.9072
30.5827,searching,0.0000,-0.6321,-0.7057,0.0000,0.0000,-1.3996,179.9989,0.0012,179.9079
30.5927,searching,0.0000,-0.6354,-0.7055,0.0000,0.0000,-1.4017,179.9982,-0.0004,179.9075
30.6027,searching,0.0000,-0.6395,-0.7059,0.0000,0.0000,-1.4038,179.9982,-0.0004,179.9075
30.6135,searching,0.0000,-0.6440,-0.7064,0.0000,0.0000,-1.4059,179.9979,-0.0010,179.9067
30.6230,searching,0.0000,-0.6475,-0.7064,0.0000,0.0000,-1.4081,179.9978,-0.0013,179.9066
30.6330,searching,0.0000,-0.6507,-0.7059,0.0000,0.0000,-1.4102,179.9978,-0.0013,179.9066
30.6426,searching,0.0000,-0.6538,-0.7049,0.0000,0.0000,-1.4123,179.9977,-0.0013,179.9076
30.6532,searching,0.0000,-0.6559,-0.7035,0.0000,0.0000,-1.4143,179.9978,-0.0010,179.9081
30.6629,searching,0.0000,-0.6579,-0.7022,0.0000,0.0000,-1.4164,179.9978,-0.0010,179.9081
30.6731,searching,0.0000,-0.6606,-0.7009,0.0000,0.0000,-1.4184,179.9984,0.0004,179.9078
30.6829,searching,0.0000,-0.6629,-0.6992,0.0000,0.0000,-1.4204,179.9982,-0.0000,179.9078
30.6929,searching,0.0000,-0.6647,-0.6973,0.0000,0.0000,-1.4223,179.9982,-0.0000,179.9078
30.7032,searching,0.0000,-0.6671,-0.6955,0.0000,0.0000,-1.4242,179.9987,0.0011,179.9088
30.7127,searching,0.0000,-0.6692,-0.6935,0.0000,0.0000,-1.4261,179.9984,0.0004,179.9087
30.7228,searching,0.0000,-0.6705,-0.6914,0.0000,0.0000,-1.4279,179.9984,0.0004,179.9087
30.7327,searching,0.0000,-0.6721,-0.6897,0.0000,0.0000,-1.4297,179.9986,0.0009,179.9091
30.7434,searching,0.0000,-0.6730,-0.6875,0.0000,0.0000,-1.4315,179.9986,0.0010,179.9094
30.7528,searching,0.0000,-0.6728,-0.6847,0.0000,0.0000,-1.4332,179.9986,0.0010,179.9094
30.7627,searching,0.0000,-0.6724,-0.6816,0.0000,0.0000,-1.4348,179.9984,0.0006,179.9091
30.7726,searching,0.0000,-0.6717,-0.6780,0.0000,0.0000,-1.4364,179.9984,0.0006,179.9091
30.7834,searching,0.0000,-0.6697,-0.6740,0.0000,0.0000,-1.4379,179.9984,0.0006,179.9091
30.7929,searching,0.0000,-0.6686,-0.6705,0.0000,0.0000,-1.4393,179.9982,0.0002,179.9108
30.8027,searching,0.0000,-0.6680,-0.6674,0.0000,0.0000,-1.4406,179.9982,0.0002,179.9108
30.8127,searching,0.0000,-0.6668,-0.6638,0.0000,0.0000,-1.4419,179.9982,0.0002,179.9108
30.8227,searching,0.0000,-0.6654,-0.6604,0.0000,0.0000,-1.4431,179.9979,-0.0005,179.9091
30.8329,searching,0.0000,-0.6648,-0.6572,0.0000,0.0000,-1.4442,179.9989,0.0005,179.9094
30.8428,searching,0.0000,-0.6631,-0.6534,0.0000,0.0000,-1.4453,179.9989,0.0005,179.9094
30.8528,searching,0.0000,-0.6609,-0.6497,0.0000,0.0000,-1.4463,179.9981,-0.0012,179.9085
30.8626,searching,0.0000,-0.6590,-0.6460,0.0000,0.0000,-1.4472,179.9990,0.0008,179.9089
30.8738,searching,0.0000,-0.6568,-0.6423,0.0000,0.0000,-1.4481,179.9990,0.0008,179.9089
30.8828,searching,0.0000,-0.6540,-0.6383,0.0000,0.0000,-1.4488,179.9994,0.0005,179.9095
30.8926,searching,0.0000,-0.6516,-0.6343,0.0000,0.0000,-1.4495,179.9998,0.0015,179.9094
30.9027,searching,0.0000,-0.6488,-0.6298,0.0000,0.0000,-1.4501,179.9998,0.0015,179.9094
30.9127,searching,0.0000,-0.6452,-0.6252,0.0000,0.0000,-1.4506,179.9995,0.0007,179.9093
30.9248,searching,0.0000,-0.6420,-0.6206,0.0000,0.0000,-1.4510,179.9999,0.0003,179.9092
30.9328,searching,0.0000,-0.6389,-0.6162,0.0000,0.0000,-1.4514,179.9999,0.0003,179.9092
30.9428,searching,0.0000,-0.6356,-0.6118,0.0000,0.0000,-1.4516,179.9998,0.0001,179.9092
30.9526,searching,0.0000,-0.6328,-0.6078,0.0000,0.0000,-1.4518,-179.9995,0.0016,179.9088
30.9632,searching,0.0000,-0.6304,-0.6043,0.0000,0.0000,-1.4518,-179.9995,0.0016,179.9088
30.9733,searching,0.0000,-0.6276,-0.6008,0.0000,0.0000,-1.4519,-179.9997,0.0012,179.9096
30.9827,searching,0.0000,-0.6243,-0.5973,0.0000,0.0000,-1.4518,180.0000,0.0007,179.9095
30.9928,searching,0.0000,-0.6213,-0.5941,0.0000,0.0000,-1.4517,180.0000,0.0007,179.9095
31.0030,searching,0.0000,-0.6183,-0.5909,0.0000,0.0000,-1.4515,179.9997,0.0001,179.9096
31.0131,searching,0.0000,-0.6155,-0.5879,0.0000,0.0000,-1.4513,179.9995,-0.0004,179.9090
31.0231,searching,0.0000,-0.6128,-0.5850,0.0000,0.0000,-1.4510,179.9995,-0.0004,179.9090
31.0329,searching,0.0000,-0.6099,-0.5819,0.0000,0.0000,-1.4506,179.9996,-0.0001,179.9096
31.0429,searching,0.2021,-0.6076,-0.5790,0.0000,0.0000,-1.4502,179.9999,-0.0007,179.9090
31.0530,searching,0.2048,-0.6055,-0.5763,0.0000,0.0000,-1.4497,179.9999,-0.0007,179.9090
31.0633,searching,0.2077,-0.6033,-0.5737,0.0000,0.0000,-1.4492,179.9999,-0.0008,179.9100
31.0730,searching,0.2107,-0.6014,-0.5715,0.0000,0.0000,-1.4486,179.9999,-0.0007,179.9093
31.0833,searching,0.2136,-0.6004,-0.5698,0.0000,0.0000,-1.4480,179.9999,-0.0007,179.9093
31.0929,searching,0.2166,-0.5990,-0.5680,0.0000,0.0000,-1.4474,179.9999,-0.0007,179.9093
31.1033,searching,0.2198,-0.5971,-0.5661,0.0000,0.0000,-1.4467,179.9999,-0.0007,179.9088
31.1132,searching,0.2228,-0.5953,-0.5643,0.0000,0.0000,-1.4460,179.9999,-0.0007,179.9088
31.1228,searching,0.2256,-0.5936,-0.5626,0.0000,0.0000,-1.4452,179.9999,-0.0005,179.9090
31.1326,searching,0.2285,-0.5917,-0.5607,0.0000,0.0000,-1.4444,179.9999,-0.0005,179.9090
31.1428,searching,0.2313,-0.5900,-0.5592,0.0000,0.0000,-1.4436,179.9999,-0.0005,179.9090
31.1534,searching,0.2341,-0.5889,-0.5579,0.0000,0.0000,-1.4428,-179.9999,-0.0000,179.9081
31.1627,searching,0.2371,-0.5878,-0.5566,0.0000,0.0000,-1.4419,-179.9995,0.0008,179.9084
31.1731,searching,0.2400,-0.5865,-0.5551,0.0000,0.0000,-1.4410,-179.9995,0.0008,179.9084
31.1826,searching,0.2429,-0.5857,-0.5537,0.0000,0.0000,-1.4401,-179.9996,0.0008,179.9083
31.1934,searching,0.2458,-0.5845,-0.5522,0.0000,0.0000,-1.4391,-179.9991,0.0017,179.9089
31.2029,searching,0.2486,-0.5829,-0.5506,0.0000,0.0000,-1.4381,-179.9991,0.0017,179.9089
31.2128,searching,0.2511,-0.5818,-0.5494,0.0000,0.0000,-1.4371,-179.9985,0.0032,179.9092
31.2226,searching,0.2538,-0.5804,-0.5484,0.0000,0.0000,-1.4361,-179.9983,0.0038,179.9093
31.2332,searching,0.2563,-0.5787,-0.5472,0.0000,0.0000,-1.4350,-179.9983,0.0038,179.9093
31.2430,searching,0.2585,-0.5770,-0.5463,0.0000,0.0000,-1.4340,-179.9987,0.0028,179.9097
31.2527,searching,0.2606,-0.5750,-0.5451,0.0000,0.0000,-1.4329,-179.9990,0.0022,179.9099
31.2627,searching,0.2628,-0.5729,-0.5436,0.0000,0.0000,-1.4317,-179.9990,0.0022,179.9099
31.2728,searching,0.2651,-0.5715,-0.5426,0.0000,0.0000,-1.4306,-179.9992,0.0019,179.9092
31.2829,searching,0.2674,-0.5705,-0.5420,0.0000,0.0000,-1.4294,-179.9996,0.0009,179.9088
31.2927,searching,0.2699,-0.5696,-0.5412,0.0000,0.0000,-1.4283,-179.9996,0.0009,179.9088
31.3028,searching,0.2726,-0.5686,-0.5405,0.0000,0.0000,-1.4271,-179.9993,0.0017,179.9091
31.3127,searching,0.2750,-0.5679,-0.5402,0.0000,0.0000,-1.4259,179.9999,-0.0001,179.9096
31.3233,searching,0.2775,-0.5672,-0.5399,0.0000,0.0000,-1.4247,179.9999,-0.0001,179.9096
31.3328,searching,0.2800,-0.5668,-0.5400,0.0000,0.0000,-1.4235,-179.9999,0.0004,179.9102
31.3428,searching,0.2821,-0.5662,-0.5403,0.0000,0.0000,-1.4223,-179.9999,0.0004,179.9102
31.3531,searching,0.2843,-0.5655,-0.5405,0.0000,0.0000,-1.4211,-179.9999,0.0004,179.9102
31.3630,searching,0.2866,-0.5647,-0.5409,0.0000,0.0000,-1.4199,179.9997,-0.0005,179.9111
31.3739,searching,0.2885,-0.5640,-0.5413,0.0000,0.0000,-1.4187,179.9996,-0.0008,179.9099
31.3833,searching,0.2907,-0.5632,-0.5416,0.0000,0.0000,-1.4176,179.9996,-0.0008,179.9099
31.3932,searching,0.2933,-0.5630,-0.5425,0.0000,0.0000,-1.4164,179.9996,-0.0007,179.9094
31.4026,searching,0.2956,-0.5632,-0.5435,0.0000,0.0000,-1.4153,179.9996,-0.0006,179.9091
31.4128,searching,0.2980,-0.5632,-0.5446,0.0000,0.0000,-1.4142,179.9996,-0.0006,179.9091
31.4237,searching,0.3008,-0.5634,-0.5458,0.0000,0.0000,-1.4131,179.9995,-0.0010,179.9095
31.4329,searching,0.3032,-0.5636,-0.5471,0.0000,0.0000,-1.4120,179.9997,-0.0005,179.9090
31.4427,searching,0.3054,-0.5636,-0.5484,0.0000,0.0000,-1.4110,179.9997,-0.0005,179.9090
31.4527,searching,0.3078,-0.5635,-0.5498,0.0000,0.0000,-1.4100,179.9987,-0.0014,179.9095
31.4632,searching,0.3098,-0.5634,-0.5511,0.0000,0.0000,-1.4090,179.9993,-0.0000,179.9097
31.4729,searching,0.3119,-0.5634,-0.5528,0.0000,0.0000,-1.4081,179.9993,-0.0000,179.9097
31.4829,searching,0.3144,-0.5632,-0.5544,0.0000,0.0000,-1.4072,179.9990,-0.0007,179.9105
31.4931,searching,0.3171,-0.5632,-0.5562,0.0000,0.0000,-1.4063,179.9995,0.0004,179.9093
31.5027,searching,0.3198,-0.5638,-0.5585,0.0000,0.0000,-1.4055,179.9995,0.0004,179.9093
31.5133,searching,0.3229,-0.5649,-0.5611,0.0000,0.0000,-1.4047,179.9993,0.0002,179.9095
31.5228,searching,0.3260,-0.5666,-0.5641,0.0000,0.0000,-1.4040,179.9996,0.0009,179.9082
31.5327,searching,0.3290,-0.5683,-0.5674,0.0000,0.0000,-1.4033,179.9996,0.0009,179.9082
31.5432,searching,0.3325,-0.5700,-0.5709,0.0000,0.0000,-1.4027,179.9997,0.0010,179.9092
31.5531,searching,0.3358,-0.5718,-0.5746,0.0000,0.0000,-1.4022,179.9997,0.0009,179.9086
31.5630,searching,0.3384,-0.5731,-0.5780,0.0000,0.0000,-1.4018,179.9997,0.0009,179.9086
31.5727,searching,0.3412,-0.5732,-0.5805,0.0000,0.0000,-1.4014,179.9992,-0.0000,179.9093
31.5827,searching,0.3440,-0.5732,-0.5829,0.0000,0.0000,-1.4011,179.9999,0.0015,179.9083
31.5930,searching,0.3462,-0.5734,-0.5857,0.0000,0.0000,-1.4008,179.9999,0.0015,179.9083
31.6030,searching,0.3484,-0.5732,-0.5882,0.0000,0.0000,-1.4005,179.9990,-0.0005,179.9086
31.6127,searching,0.3509,-0.5728,-0.5905,0.0000,0.0000,-1.4003,179.9995,0.0006,179.9083
31.6227,searching,0.3530,-0.5726,-0.5927,0.0000,0.0000,-1.4002,179.9995,0.0006,179.9083
31.6327,searching,0.3550,-0.5716,-0.5943,0.0000,0.0000,-1.4001,179.9989,-0.0007,179.9091
31.6431,searching,0.3576,-0.5705,-0.5958,0.0000,0.0000,-1.4000,179.9989,-0.0009,179.9092
31.6528,searching,0.3598,-0.5699,-0.5975,0.0000,0.0000,-1.3999,179.9989,-0.0009,179.9092
31.6627,searching,0.3616,-0.5689,-0.5989,0.0000,0.0000,-1.3999,179.9987,-0.0014,179.9096
31.6727,searching,0.3638,-0.5675,-0.6001,0.0000,0.0000,-1.3999,180.0000,0.0017,179.9091
31.6828,searching,0.3654,-0.5662,-0.6012,0.0000,0.0000,-1.4000,180.0000,0.0017,179.9091
31.6930,searching,0.3664,-0.5641,-0.6016,0.0000,0.0000,-1.4000,-179.9999,0.0020,179.9094
31.7027,searching,0.3677,-0.5612,-0.6014,0.0000,0.0000,-1.4000,-179.9993,0.0033,179.9093
31.7127,searching,0.3686,-0.5587,-0.6013,0.0000,0.0000,-1.4000,-179.9993,0.0033,179.9093
31.7226,searching,0.3691,-0.5555,-0.6008,0.0000,0.0000,-1.4001,-179.9993,0.0033,179.9093
31.7338,searching,0.3703,-0.5519,-0.6000,0.0000,0.0000,-1.4001,180.0000,0.0018,179.9095
31.7428,searching,0.3717,-0.5488,-0.5995,0.0000,0.0000,-1.4000,180.0000,0.0018,179.9095
31.7528,searching,0.3725,-0.5459,-0.5992,0.0000,0.0000,-1.4000,179.9996,0.0008,179.9091
31.7627,searching,0.3735,-0.5425,-0.5987,0.0000,0.0000,-1.4000,179.9990,-0.0006,179.9094
31.7731,searching,0.3745,-0.5394,-0.5982,0.0000,0.0000,-1.4000,179.9990,-0.0006,179.9094
31.7829,searching,0.3748,-0.5363,-0.5980,0.0000,0.0000,-1.3999,-179.9998,0.0022,179.9090
31.7927,searching,0.3751,-0.5325,-0.5975,0.0000,0.0000,-1.3999,-179.9998,0.0021,179.9093
31.8027,searching,0.3754,-0.5287,-0.5971,0.0000,0.0000,-1.3998,-179.9998,0.0021,179.9093
31.8127,searching,0.3753,-0.5243,-0.5959,0.0000,0.0000,-1.3997,179.9998,0.0012,179.9081
31.8230,searching,0.3753,-0.5185,-0.5939,0.0000,0.0000,-1.3996,179.9991,-0.0004,179.9082
31.8326,searching,0.3753,-0.5131,-0.5920,0.0000,0.0000,-1.3995,179.9991,-0.0004,179.9082
31.8427,searching,0.3744,-0.5080,-0.5897,0.0000,0.0000,-1.3992,179.9995,0.0004,179.9077
31.8527,searching,0.3738,-0.5024,-0.5872,0.0000,0.0000,-1.3990,179.9997,0.0010,179.9074
31.8635,searching,0.3736,-0.4972,-0.5850,0.0000,0.0000,-1.3987,179.9997,0.0010,179.9074
31.8729,searching,0.3725,-0.4928,-0.5833,0.0000,0.0000,-1.3984,-179.9996,0.0026,179.9075
31.8827,searching,0.3714,-0.4876,-0.5809,0.0000,0.0000,-1.3980,-179.9999,0.0018,179.9070
31.8928,searching,0.3706,-0.4815,-0.5780,0.0000,0.0000,-1.3975,-179.9999,0.0018,179.9070
31.9030,searching,0.3690,-0.4756,-0.5749,0.0000,0.0000,-1.3970,-179.9995,0.0028,179.9067
31.9132,searching,0.3670,-0.4687,-0.5711,0.0000,0.0000,-1.3965,179.9993,-0.0001,179.9065
31.9245,searching,0.3655,-0.4611,-0.5671,0.0000,0.0000,-1.3958,179.9993,-0.0001,179.9065
31.9329,searching,0.3635,-0.4544,-0.5636,0.0000,0.0000,-1.3951,179.9999,0.0011,179.9078
31.9427,searching,0.3610,-0.4475,-0.5598,0.0000,0.0000,-1.3943,179.9997,0.0008,179.9075
31.9528,searching,0.3591,-0.4399,-0.5558,0.0000,0.0000,-1.3934,179.9997,0.0008,179.9075
31.9634,searching,0.3572,-0.4335,-0.5525,0.0000,0.0000,-1.3924,179.9999,0.0012,179.9079
31.9727,searching,0.3548,-0.4275,-0.5495,0.0000,0.0000,-1.3914,179.9993,-0.0002,179.9079
31.9827,searching,0.3531,-0.4205,-0.5464,0.0000,0.0000,-1.3904,179.9993,-0.0002,179.9079
31.9927,searching,0.3517,-0.4136,-0.5436,0.0000,0.0000,-1.3892,179.9992,-0.0004,179.9081
32.0031,searching,0.3497,-0.4076,-0.5413,0.0000,0.0000,-1.3881,179.9980,-0.0020,179.9077
32.0129,searching,0.3480,-0.4011,-0.5391,0.0000,0.0000,-1.3868,179.9980,-0.0020,179.9077
32.0228,searching,0.3462,-0.3953,-0.5374,0.0000,0.0000,-1.3856,179.9985,-0.0008,179.9081
32.0327,searching,0.3437,-0.3903,-0.5360,0.0000,0.0000,-1.3843,179.9991,0.0005,179.9084
32.0428,searching,0.3412,-0.3844,-0.5341,0.0000,0.0000,-1.3830,179.9991,0.0005,179.9084
32.0543,searching,0.3390,-0.3784,-0.5320,0.0000,0.0000,-1.3816,179.9991,0.0004,179.9080
32.0627,searching,0.3367,-0.3731,-0.5303,0.0000,0.0000,-1.3802,179.9991,0.0005,179.9081
32.0728,searching,0.3346,-0.3672,-0.5283,0.0000,0.0000,-1.3788,179.9991,0.0005,179.9081
32.0827,searching,0.3326,-0.3619,-0.5267,0.0000,0.0000,-1.3773,-179.9999,0.0027,179.9081
32.0930,searching,0.3300,-0.3575,-0.5254,0.0000,0.0000,-1.3758,179.9995,0.0014,179.9084
32.1028,searching,0.3273,-0.3518,-0.5233,0.0000,0.0000,-1.3743,179.9995,0.0014,179.9084
32.1127,searching,0.3246,-0.3462,-0.5216,0.0000,0.0000,-1.3727,179.9995,0.0014,179.9084
32.1227,searching,0.3212,-0.3415,-0.5201,0.0000,0.0000,-1.3711,180.0000,0.0025,179.9084
32.1327,searching,0.3179,-0.3358,-0.5181,0.0000,0.0000,-1.3695,180.0000,0.0025,179.9084
32.1433,searching,0.3155,-0.3302,-0.5168,0.0000,0.0000,-1.3678,179.9987,-0.0005,179.9082
32.1527,searching,0.3128,-0.3262,-0.5162,0.0000,0.0000,-1.3662,179.9987,0.0008,179.9080
32.1628,searching,0.3099,-0.3221,-0.5154,0.0000,0.0000,-1.3645,179.9987,0.0008,179.9080
32.1727,searching,0.3077,-0.3171,-0.5143,0.0000,0.0000,-1.3628,179.9983,-0.0002,179.9083
32.1832,searching,0.3052,-0.3133,-0.5137,0.0000,0.0000,-1.3610,179.9988,0.0009,179.9083
32.1929,searching,0.3024,-0.3095,-0.5128,0.0000,0.0000,-1.3593,179.9988,0.0009,179.9083
32.2028,searching,0.3001,-0.3048,-0.5117,0.0000,0.0000,-1.3575,179.9989,0.0011,179.9087
32.2126,searching,0.2975,-0.3015,-0.5115,0.0000,0.0000,-1.3558,179.9994,0.0022,179.9088
32.2227,searching,0.2949,-0.2987,-0.5115,0.0000,0.0000,-1.3540,179.9994,0.0022,179.9088
32.2332,searching,0.2926,-0.2950,-0.5113,0.0000,0.0000,-1.3522,179.9996,0.0026,179.9079
32.2427,searching,0.2901,-0.2922,-0.5116,0.0000,0.0000,-1.3504,179.9998,0.0030,179.9079
32.2528,searching,0.2875,-0.2901,-0.5121,0.0000,0.0000,-1.3487,179.9998,0.0030,179.9079
32.2632,searching,0.2851,-0.2864,-0.5118,0.0000,0.0000,-1.3469,179.9991,0.0013,179.9078
32.2741,searching,0.2828,-0.2826,-0.5113,0.0000,0.0000,-1.3451,179.9993,0.0017,179.9081
32.2830,searching,0.2800,-0.2799,-0.5112,0.0000,0.0000,-1.3434,179.9993,0.0017,179.9081
32.2927,searching,0.2770,-0.2771,-0.5110,0.0000,0.0000,-1.3416,179.9990,0.0011,179.9070
32.3026,searching,0.2740,-0.2743,-0.5108,0.0000,0.0000,-1.3398,179.9995,0.0022,179.9073
32.3130,searching,0.2710,-0.2719,-0.5105,0.0000,0.0000,-1.3380,179.9995,0.0022,179.9073
32.3231,searching,0.2679,-0.2686,-0.5095,0.0000,0.0000,-1.3362,179.9997,0.0026,179.9070
32.3328,searching,0.2647,-0.2651,-0.5085,0.0000,0.0000,-1.3344,179.9992,0.0012,179.9070
32.3431,searching,0.2612,-0.2623,-0.5076,0.0000,0.0000,-1.3325,179.9992,0.0012,179.9070
32.3526,searching,0.2579,-0.2591,-0.5067,0.0000,0.0000,-1.3307,179.9988,0.0003,179.9069
32.3636,searching,0.2546,-0.2557,-0.5058,0.0000,0.0000,-1.3288,179.9990,0.0008,179.9070
32.3729,searching,0.2509,-0.2533,-0.5053,0.0000,0.0000,-1.3269,179.9990,0.0008,179.9070
32.3828,searching,0.2472,-0.2496,-0.5040,0.0000,0.0000,-1.3250,179.9988,0.0003,179.9067
32.3936,searching,0.2436,-0.2452,-0.5024,0.0000,0.0000,-1.3230,179.9991,0.0008,179.9074
32.4031,searching,0.2400,-0.2422,-0.5016,0.0000,0.0000,-1.3210,179.9991,0.0008,179.9074
32.4146,searching,0.2364,-0.2391,-0.5005,0.0000,0.0000,-1.3191,179.9985,-0.0005,179.9064
32.4227,searching,0.2332,-0.2359,-0.4997,0.0000,0.0000,-1.3171,179.9990,0.0005,179.9070
32.4327,searching,0.2300,-0.2342,-0.4995,0.0000,0.0000,-1.3150,179.9990,0.0005,179.9070
32.4427,searching,0.2266,-0.2323,-0.4990,0.0000,0.0000,-1.3130,179.9991,0.0006,179.9062
32.4534,searching,0.2233,-0.2295,-0.4984,0.0000,0.0000,-1.3110,179.9995,0.0017,179.9074
32.4627,searching,0.2200,-0.2273,-0.4979,0.0000,0.0000,-1.3089,179.9995,0.0017,179.9074
32.4728,searching,0.2165,-0.2252,-0.4976,0.0000,0.0000,-1.3069,179.9995,0.0017,179.9074
32.4827,searching,0.2133,-0.2228,-0.4977,0.0000,0.0000,-1.3049,179.9992,0.0022,179.9063
32.4927,searching,0.2102,-0.2215,-0.4986,0.0000,0.0000,-1.3028,179.9992,0.0022,179.9063
32.5038,searching,0.2069,-0.2209,-0.5000,0.0000,0.0000,-1.3008,179.9990,0.0018,179.9070
32.5127,searching,0.2037,-0.2198,-0.5014,0.0000,0.0000,-1.2989,179.9987,0.0010,179.9068
32.5226,searching,0.2004,-0.2191,-0.5029,0.0000,0.0000,-1.2969,179.9987,0.0010,179.9068
32.5326,searching,0.0000,-0.2194,-0.5048,0.0000,0.0000,-1.2950,179.9986,0.0007,179.9075
32.5430,searching,0.0000,-0.2192,-0.5064,0.0000,0.0000,-1.2931,179.9985,0.0004,179.9079
32.5528,searching,0.0000,-0.2194,-0.5082,0.0000,0.0000,-1.2913,179.9985,0.0004,179.9079
32.5627,searching,0.0000,-0.2207,-0.5106,0.0000,0.0000,-1.2895,179.9983,-0.0001,179.9082
32.5727,searching,0.0000,-0.2222,-0.5133,0.0000,0.0000,-1.2878,179.9985,0.0003,179.9076
32.5827,searching,0.0000,-0.2234,-0.5161,0.0000,0.0000,-1.2861,179.9985,0.0003,179.9076
32.5931,searching,0.0000,-0.2249,-0.5191,0.0000,0.0000,-1.2845,179.9987,0.0008,179.9076
32.6027,searching,0.0000,-0.2255,-0.5215,0.0000,0.0000,-1.2829,179.9986,0.0004,179.9076
32.6128,searching,0.0000,-0.2261,-0.5245,0.0000,0.0000,-1.2814,179.9986,0.0004,179.9076
32.6228,searching,0.0000,-0.2277,-0.5280,0.0000,0.0000,-1.2800,179.9986,0.0004,179.9076
32.6329,searching,0.0000,-0.2292,-0.5315,0.0000,0.0000,-1.2786,179.9984,-0.0001,179.9074
32.6430,searching,0.0000,-0.2308,-0.5351,0.0000,0.0000,-1.2773,179.9984,-0.0001,179.9074
32.6530,searching,0.0000,-0.2336,-0.5392,0.0000,0.0000,-1.2761,179.9986,0.0004,179.9075
32.6628,searching,0.0000,-0.2366,-0.5432,0.0000,0.0000,-1.2749,179.9986,0.0004,179.9075
32.6728,searching,0.0000,-0.2390,-0.5470,0.0000,0.0000,-1.2739,179.9986,0.0004,179.9075
32.6831,searching,0.0000,-0.2423,-0.5513,0.0000,0.0000,-1.2729,179.9991,-0.0000,179.9075
32.6927,searching,0.0000,-0.2459,-0.5556,0.0000,0.0000,-1.2720,179.9991,-0.0000,179.9074
32.7027,searching,0.0000,-0.2486,-0.5599,0.0000,0.0000,-1.2712,179.9991,-0.0000,179.9074
32.7131,searching,0.0000,-0.2519,-0.5644,0.0000,0.0000,-1.2705,179.9990,-0.0003,179.9070
32.7243,searching,0.0000,-0.2553,-0.5691,0.0000,0.0000,-1.2699,179.9988,-0.0006,179.9073
32.7330,searching,0.0000,-0.2583,-0.5738,0.0000,0.0000,-1.2694,179.9988,-0.0006,179.9073
32.7427,searching,0.0000,-0.2619,-0.5787,0.0000,0.0000,-1.2689,179.9991,-0.0001,179.9079
32.7526,searching,0.0000,-0.2661,-0.5837,0.0000,0.0000,-1.2686,179.9990,-0.0004,179.9064
32.7632,searching,0.0000,-0.2701,-0.5886,0.0000,0.0000,-1.2684,179.9990,-0.0004,179.9064
32.7731,searching,0.0000,-0.2748,-0.5941,0.0000,0.0000,-1.2683,179.9990,-0.0005,179.9069
32.7826,searching,0.0000,-0.2794,-0.5993,0.0000,0.0000,-1.2683,179.9992,0.0001,179.9070
32.7928,searching,0.0000,-0.2836,-0.6044,0.0000,0.0000,-1.2683,179.9992,0.0001,179.9070
32.8027,searching,0.0000,-0.2879,-0.6096,0.0000,0.0000,-1.2685,179.9998,0.0012,179.9087
32.8129,searching,0.0000,-0.2922,-0.6149,0.0000,0.0000,-1.2688,179.9998,0.0012,179.9087
32.8229,searching,0.0000,-0.2963,-0.6200,0.0000,0.0000,-1.2692,179.9998,0.0012,179.9087
32.8328,searching,0.0000,-0.3001,-0.6249,0.0000,0.0000,-1.2697,179.9997,0.0009,179.9078
32.8426,searching,0.0000,-0.3045,-0.6299,0.0000,0.0000,-1.2703,-179.9999,0.0019,179.9062
32.8528,searching,0.0000,-0.3090,-0.6350,0.0000,0.0000,-1.2710,-179.9999,0.0019,179.9062
32.8634,searching,0.0000,-0.3133,-0.6399,0.0000,0.0000,-1.2718,-179.9999,0.0019,179.9062
32.8726,searching,0.0000,-0.3181,-0.6449,0.0000,0.0000,-1.2727,179.9996,0.0008,179.9064
32.8827,searching,0.0000,-0.3232,-0.6499,0.0000,0.0000,-1.2737,179.9996,0.0008,179.9064
32.8927,searching,0.0000,-0.3283,-0.6550,0.0000,0.0000,-1.2748,179.9998,0.0012,179.9057
32.9033,searching,0.0000,-0.3339,-0.6602,0.0000,0.0000,-1.2760,179.9996,0.0006,179.9071
32.9149,searching,0.0000,-0.3391,-0.6653,0.0000,0.0000,-1.2773,179.9996,0.0006,179.9071
32.9227,searching,0.0000,-0.3441,-0.6703,0.0000,0.0000,-1.2787,-179.9998,0.0019,179.9067
32.9326,searching,0.0000,-0.3492,-0.6751,0.0000,0.0000,-1.2802,-179.9998,0.0019,179.9075
32.9427,searching,0.0000,-0.3543,-0.6800,0.0000,0.0000,-1.2818,-179.9998,0.0019,179.9075
32.9536,searching,0.0000,-0.3590,-0.6844,0.0000,0.0000,-1.2835,-179.9991,0.0035,179.9067
32.9627,searching,0.0000,-0.3635,-0.6885,0.0000,0.0000,-1.2853,-179.9997,0.0020,179.9064
32.9728,searching,0.0000,-0.3684,-0.6928,0.0000,0.0000,-1.2872,-179.9997,0.0020,179.9064
32.9827,searching,0.0000,-0.3737,-0.6971,0.0000,0.0000,-1.2891,-179.9999,0.0016,179.9072
32.9927,searching,0.0000,-0.3790,-0.7015,0.0000,0.0000,-1.2911,179.9997,0.0007,179.9075
33.0033,searching,0.0000,-0.3845,-0.7058,0.0000,0.0000,-1.2932,179.9997,0.0007,179.9075
33.0130,searching,0.0000,-0.3901,-0.7101,0.0000,0.0000,-1.2954,180.0000,0.0013,179.9079
33.0231,searching,0.0000,-0.3952,-0.7139,0.0000,0.0000,-1.2977,-179.9999,0.0015,179.9079
33.0327,searching,0.0000,-0.4001,-0.7174,0.0000,0.0000,-1.3001,-179.9999,0.0015,179.9079
33.0433,searching,0.0000,-0.4047,-0.7203,0.0000,0.0000,-1.3025,-179.9998,0.0019,179.9084
33.0527,searching,0.0000,-0.4085,-0.7225,0.0000,0.0000,-1.3049,-179.9998,0.0018,179.9074
33.0628,searching,0.0000,-0.4123,-0.7243,0.0000,0.0000,-1.3074,-179.9998,0.0018,179.9074
33.0727,searching,0.0000,-0.4161,-0.7255,0.0000,0.0000,-1.3099,-179.9999,0.0016,179.9066
33.0827,searching,0.0000,-0.4199,-0.7263,0.0000,0.0000,-1.3124,-179.9998,0.0018,179.9078
33.0931,searching,0.0000,-0.4237,-0.7269,0.0000,0.0000,-1.3150,-179.9998,0.0018,179.9078
33.1028,searching,0.0000,-0.4277,-0.7272,0.0000,0.0000,-1.3175,-179.9999,0.0016,179.9073
33.1127,searching,0.0000,-0.4312,-0.7272,0.0000,0.0000,-1.3201,179.9996,0.0004,179.9084
33.1231,searching,0.0000,-0.4342,-0.7268,0.0000,0.0000,-1.3226,179.9996,0.0004,179.9084
33.1339,searching,0.0000,-0.4374,-0.7268,0.0000,0.0000,-1.3251,-179.9999,0.0016,179.9084
33.1429,searching,0.0000,-0.4401,-0.7266,0.0000,0.0000,-1.3277,179.9994,-0.0000,179.9081
33.1529,searching,0.0000,-0.4426,-0.7263,0.0000,0.0000,-1.3302,179.9994,-0.0000,179.9081
33.1631,searching,0.0000,-0.4454,-0.7261,0.0000,0.0000,-1.3327,179.9997,0.0006,179.9074
33.1733,searching,0.0000,-0.4485,-0.7259,0.0000,0.0000,-1.3352,179.9991,0.0006,179.9068
33.1832,searching,0.0000,-0.4510,-0.7249,0.0000,0.0000,-1.3377,179.9991,0.0006,179.9068
33.1929,searching,0.0000,-0.4531,-0.7234,0.0000,0.0000,-1.3402,179.9988,-0.0000,179.9070
33.2029,searching,0.0000,-0.4556,-0.7221,0.0000,0.0000,-1.3426,179.9977,-0.0026,179.9068
33.2127,searching,0.0000,-0.4584,-0.7206,0.0000,0.0000,-1.3451,179.9977,-0.0026,179.9068
33.2246,searching,0.0000,-0.4608,-0.7188,0.0000,0.0000,-1.3474,179.9977,-0.0026,179.9068
33.2330,searching,0.0000,-0.4634,-0.7172,0.0000,0.0000,-1.3498,179.9980,-0.0018,179.9067
33.2431,searching,0.0000,-0.4661,-0.7156,0.0000,0.0000,-1.3521,179.9980,-0.0018,179.9067
33.2532,searching,0.0000,-0.4686,-0.7141,0.0000,0.0000,-1.3544,179.9985,-0.0006,179.9065
33.2630,searching,0.0000,-0.4710,-0.7126,0.0000,0.0000,-1.3566,179.9979,-0.0021,179.9062
33.2730,searching,0.0000,-0.4733,-0.7111,0.0000,0.0000,-1.3588,179.9979,-0.0021,179.9062
33.2830,searching,0.0000,-0.4754,-0.7093,0.0000,0.0000,-1.3610,179.9988,0.0001,179.9069
33.2926,searching,0.0000,-0.4775,-0.7074,0.0000,0.0000,-1.3632,179.9982,-0.0013,179.9064
33.3026,searching,0.0000,-0.4797,-0.7053,0.0000,0.0000,-1.3653,179.9982,-0.0013,179.9064
33.3130,searching,0.0000,-0.4816,-0.7030,0.0000,0.0000,-1.3673,179.9991,0.0006,179.9069
33.3227,searching,0.0000,-0.4837,-0.7009,0.0000,0.0000,-1.3694,179.9984,-0.0008,179.9069
33.3327,searching,0.0000,-0.4861,-0.6992,0.0000,0.0000,-1.3713,179.9984,-0.0008,179.9069
33.3427,searching,0.0000,-0.4888,-0.6978,0.0000,0.0000,-1.3733,179.9984,-0.0009,179.9075
33.3532,searching,0.0000,-0.4916,-0.6968,0.0000,0.0000,-1.3752,179.9982,-0.0013,179.9077
33.3628,searching,0.0000,-0.4941,-0.6959,0.0000,0.0000,-1.3772,179.9982,-0.0013,179.9077
33.3728,searching,0.0000,-0.4968,-0.6954,0.0000,0.0000,-1.3791,179.9985,-0.0006,179.9077
33.3827,searching,0.0000,-0.5002,-0.6953,0.0000,0.0000,-1.3810,179.9976,-0.0025,179.9077
33.3926,searching,0.0000,-0.5029,-0.6947,0.0000,0.0000,-1.3829,179.9976,-0.0025,179.9077
33.4035,searching,0.0000,-0.5052,-0.6939,0.0000,0.0000,-1.3847,179.9983,-0.0009,179.9081
33.4138,searching,0.0000,-0.5083,-0.6936,0.0000,0.0000,-1.3866,179.9991,0.0008,179.9084
33.4229,searching,0.0000,-0.5119,-0.6934,0.0000,0.0000,-1.3885,179.9991,0.0008,179.9084
33.4327,searching,0.0000,-0.5148,-0.6929,0.0000,0.0000,-1.3903,179.9991,0.0007,179.9083
33.4426,searching,0.0000,-0.5179,-0.6925,0.0000,0.0000,-1.3922,180.0000,0.0030,179.9090
33.4542,searching,0.0000,-0.5209,-0.6917,0.0000,0.0000,-1.3940,180.0000,0.0030,179.9090
33.4627,searching,0.0000,-0.5230,-0.6904,0.0000,0.0000,-1.3958,179.9990,0.0006,179.9097
33.4727,searching,0.0000,-0.5249,-0.6892,0.0000,0.0000,-1.3976,179.9992,0.0010,179.9099
33.4827,searching,0.0000,-0.5278,-0.6886,0.0000,0.0000,-1.3994,179.9992,0.0010,179.9099
33.4932,searching,0.0000,-0.5315,-0.6885,0.0000,0.0000,-1.4012,179.9992,-0.0003,179.9091
33.5031,searching,0.0000,-0.5347,-0.6880,0.0000,0.0000,-1.4029,180.0000,0.0016,179.9086
33.5131,searching,0.0000,-0.5377,-0.6874,0.0000,0.0000,-1.4047,180.0000,0.0016,179.9086
33.5228,searching,0.0000,-0.5408,-0.6870,0.0000,0.0000,-1.4064,179.9993,-0.0000,179.9087
33.5326,searching,0.0000,-0.5437,-0.6864,0.0000,0.0000,-1.4081,179.9990,-0.0005,179.9091
33.5432,searching,0.0000,-0.5466,-0.6857,0.0000,0.0000,-1.4098,179.9990,-0.0005,179.9091
33.5528,searching,0.0000,-0.5490,-0.6846,0.0000,0.0000,-1.4115,179.9990,-0.0006,179.9088
33.5627,searching,0.0000,-0.5518,-0.6839,0.0000,0.0000,-1.4132,179.9992,-0.0000,179.9089
33.5728,searching,0.0000,-0.5549,-0.6833,0.0000,0.0000,-1.4149,179.9992,-0.0000,179.9089
33.5836,searching,0.0000,-0.5577,-0.6827,0.0000,0.0000,-1.4165,179.9990,-0.0005,179.9082
33.5928,searching,0.0000,-0.5604,-0.6821,0.0000,0.0000,-1.4182,179.9994,0.0006,179.9085
33.6027,searching,0.0000,-0.5635,-0.6817,0.0000,0.0000,-1.4198,179.9994,0.0006,179.9085
33.6127,searching,0.0000,-0.5662,-0.6808,0.0000,0.0000,-1.4214,179.9994,0.0006,179.9085
33.6228,searching,0.0000,-0.5689,-0.6799,0.0000,0.0000,-1.4230,179.9985,-0.0015,179.9083
33.6332,searching,0.0000,-0.5720,-0.6792,0.0000,0.0000,-1.4246,179.9985,-0.0015,179.9083
33.6432,searching,0.0000,-0.5748,-0.6783,0.0000,0.0000,-1.4262,179.9995,0.0007,179.9088
33.6527,searching,0.0000,-0.5770,-0.6774,0.0000,0.0000,-1.4277,179.9998,0.0015,179.9084
33.6627,searching,0.0000,-0.5795,-0.6767,0.0000,0.0000,-1.4293,179.9998,0.0015,179.9084
33.6742,searching,0.0000,-0.5821,-0.6758,0.0000,0.0000,-1.4308,179.9998,0.0015,179.9088
33.6827,searching,0.0000,-0.5835,-0.6745,0.0000,0.0000,-1.4323,179.9984,-0.0015,179.9087
33.6928,searching,0.0000,-0.5860,-0.6743,0.0000,0.0000,-1.4338,179.9984,-0.0015,179.9087
33.7027,searching,0.0000,-0.5896,-0.6744,0.0000,0.0000,-1.4352,179.9984,-0.0015,179.9085
33.7131,searching,0.0000,-0.5925,-0.6743,0.0000,0.0000,-1.4367,179.9978,-0.0029,179.9081
33.7227,searching,0.0000,-0.5951,-0.6741,0.0000,0.0000,-1.4382,179.9978,-0.0029,179.9081
33.7326,searching,0.0000,-0.5988,-0.6742,0.0000,0.0000,-1.4397,179.9987,-0.0007,179.9091
33.7427,searching,0.0000,-0.6024,-0.6738,0.0000,0.0000,-1.4412,179.9989,-0.0002,179.9092
33.7528,searching,0.0000,-0.6052,-0.6731,0.0000,0.0000,-1.4426,179.9989,-0.0002,179.9092
33.7634,searching,0.0000,-0.6088,-0.6728,0.0000,0.0000,-1.4441,179.9994,0.0010,179.9084
33.7729,searching,0.0000,-0.6122,-0.6726,0.0000,0.0000,-1.4455,179.9993,0.0007,179.9093
33.7827,searching,0.0000,-0.6145,-0.6719,0.0000,0.0000,-1.4470,179.9993,0.0007,179.9093
33.7926,searching,0.0000,-0.6167,-0.6712,0.0000,0.0000,-1.4484,179.9984,-0.0013,179.9088
33.8036,searching,0.0000,-0.6190,-0.6705,0.0000,0.0000,-1.4498,179.9988,-0.0003,179.9094
33.8128,searching,0.0000,-0.6210,-0.6699,0.0000,0.0000,-1.4512,179.9988,-0.0003,179.9094
33.8228,searching,0.0000,-0.6236,-0.6694,0.0000,0.0000,-1.4526,179.9987,-0.0005,179.9090
33.8327,searching,0.0000,-0.6262,-0.6688,0.0000,0.0000,-1.4540,179.9984,-0.0010,179.9085
33.8432,searching,0.0000,-0.6273,-0.6675,0.0000,0.0000,-1.4553,179.9984,-0.0010,179.9085
33.8529,searching,0.0000,-0.6293,-0.6666,0.0000,0.0000,-1.4567,179.9989,0.0002,179.9077
33.8627,searching,0.0000,-0.6315,-0.6654,0.0000,0.0000,-1.4580,179.9980,-0.0017,179.9073
33.8727,searching,0.0000,-0.6328,-0.6639,0.0000,0.0000,-1.4592,179.9980,-0.0017,179.9073
33.8829,searching,0.0000,-0.6337,-0.6621,0.0000,0.0000,-1.4605,179.9992,0.0008,179.9084
33.8933,searching,0.0000,-0.6348,-0.6602,0.0000,0.0000,-1.4617,179.9990,0.0006,179.9085
33.9027,searching,0.0000,-0.6355,-0.6582,0.0000,0.0000,-1.4628,179.9990,0.0006,179.9085
33.9134,searching,0.0000,-0.6359,-0.6564,0.0000,0.0000,-1.4640,179.9995,0.0016,179.9088
33.9227,searching,0.0000,-0.6366,-0.6549,0.0000,0.0000,-1.4651,179.9995,0.0017,179.9094
33.9334,searching,0.0000,-0.6371,-0.6532,0.0000,0.0000,-1.4661,179.9995,0.0017,179.9094
33.9428,searching,0.0000,-0.6370,-0.6513,0.0000,0.0000,-1.4672,179.9983,-0.0009,179.9087
33.9527,searching,0.0000,-0.6377,-0.6496,0.0000,0.0000,-1.4682,179.9987,-0.0000,179.9104
33.9629,searching,0.0000,-0.6384,-0.6478,0.0000,0.0000,-1.4691,179.9987,-0.0000,179.9104
33.9732,searching,0.0000,-0.6387,-0.6458,0.0000,0.0000,-1.4700,179.9985,-0.0017,179.9088
33.9846,searching,0.0000,-0.6394,-0.6441,0.0000,0.0000,-1.4709,179.9985,-0.0017,179.9088
33.9932,searching,0.0000,-0.6400,-0.6420,0.0000,0.0000,-1.4718,179.9985,-0.0017,179.9088
34.0032,searching,0.0000,-0.6396,-0.6396,0.0000,0.0000,-1.4725,179.9990,-0.0005,179.9097
34.0129,searching,0.0000,-0.6390,-0.6371,0.0000,0.0000,-1.4733,179.9987,-0.0012,179.9086
34.0231,searching,0.0000,-0.6388,-0.6350,0.0000,0.0000,-1.4740,179.9987,-0.0012,179.9086
34.0328,searching,0.0000,-0.6378,-0.6325,0.0000,0.0000,-1.4746,179.9988,-0.0009,179.9088
34.0430,searching,0.0000,-0.6365,-0.6303,0.0000,0.0000,-1.4752,179.9987,-0.0010,179.9086
34.0532,searching,0.0000,-0.6362,-0.6286,0.0000,0.0000,-1.4758,179.9987,-0.0010,179.9086
34.0627,searching,0.0000,-0.6358,-0.6270,0.0000,0.0000,-1.4764,179.9990,-0.0005,179.9084
34.0738,searching,0.0000,-0.6351,-0.6252,0.0000,0.0000,-1.4769,179.9990,-0.0003,179.9089
34.0831,searching,0.2015,-0.6349,-0.6236,0.0000,0.0000,-1.4773,179.9990,-0.0003,179.9089
34.0933,searching,0.2036,-0.6342,-0.6219,0.0000,0.0000,-1.4778,179.9993,0.0005,179.9090
34.1027,searching,0.2056,-0.6334,-0.6198,0.0000,0.0000,-1.4782,-179.9999,0.0010,179.9093
34.1133,searching,0.2076,-0.6324,-0.6174,0.0000,0.0000,-1.4785,-179.9999,0.0010,179.9093
34.1227,searching,0.2097,-0.6306,-0.6147,0.0000,0.0000,-1.4788,-179.9998,0.0013,179.9088
34.1327,searching,0.2116,-0.6284,-0.6120,0.0000,0.0000,-1.4790,179.9999,0.0006,179.9095
34.1428,searching,0.2135,-0.6274,-0.6102,0.0000,0.0000,-1.4793,179.9999,0.0006,179.9095
34.1530,searching,0.2155,-0.6263,-0.6085,0.0000,0.0000,-1.4794,179.9995,-0.0001,179.9103
34.1628,searching,0.2176,-0.6248,-0.6067,0.0000,0.0000,-1.4796,179.9997,0.0002,179.9088
34.1727,searching,0.2197,-0.6239,-0.6051,0.0000,0.0000,-1.4797,179.9997,0.0002,179.9088
34.1826,searching,0.2218,-0.6239,-0.6039,0.0000,0.0000,-1.4797,179.9997,0.0003,179.9090
34.1927,searching,0.2243,-0.6237,-0.6027,0.0000,0.0000,-1.4798,179.9998,0.0007,179.9088
34.2035,searching,0.2268,-0.6230,-0.6016,0.0000,0.0000,-1.4798,179.9998,0.0007,179.9088
34.2127,searching,0.2292,-0.6231,-0.6008,0.0000,0.0000,-1.4798,180.0000,0.0011,179.9098
34.2226,searching,0.2312,-0.6229,-0.5998,0.0000,0.0000,-1.4798,180.0000,0.0011,179.9083
34.2327,searching,0.2333,-0.6219,-0.5985,0.0000,0.0000,-1.4798,180.0000,0.0011,179.9083
34.2431,searching,0.2353,-0.6208,-0.5969,0.0000,0.0000,-1.4797,-179.9999,0.0014,179.9087
34.2527,searching,0.2372,-0.6198,-0.5953,0.0000,0.0000,-1.4796,-179.9998,0.0016,179.9072
34.2627,searching,0.2390,-0.6182,-0.5937,0.0000,0.0000,-1.4795,-179.9998,0.0016,179.9072
34.2728,searching,0.2409,-0.6167,-0.5921,0.0000,0.0000,-1.4794,179.9996,0.0003,179.9077
34.2826,searching,0.2429,-0.6156,-0.5909,0.0000,0.0000,-1.4792,180.0000,0.0014,179.9071
34.2938,searching,0.2447,-0.6142,-0.5895,0.0000,0.0000,-1.4790,180.0000,0.0014,179.9071
34.3028,searching,0.2467,-0.6129,-0.5881,0.0000,0.0000,-1.4787,180.0000,0.0014,179.9077
34.3127,searching,0.2488,-0.6118,-0.5866,0.0000,0.0000,-1.4785,-179.9998,0.0019,179.9078
34.3226,searching,0.2505,-0.6100,-0.5847,0.0000,0.0000,-1.4782,-179.9998,0.0019,179.9078
34.3327,searching,0.2524,-0.6079,-0.5827,0.0000,0.0000,-1.4778,179.9998,0.0010,179.9087
34.3429,searching,0.2543,-0.6058,-0.5808,0.0000,0.0000,-1.4774,179.9997,0.0009,179.9093
34.3527,searching,0.2559,-0.6033,-0.5789,0.0000,0.0000,-1.4770,179.9997,0.0009,179.9093
34.3628,searching,0.2573,-0.6006,-0.5769,0.0000,0.0000,-1.4765,179.9997,0.0009,179.9093
34.3727,searching,0.2590,-0.5984,-0.5752,0.0000,0.0000,-1.4760,179.9995,-0.0011,179.9091
34.3834,searching,0.2607,-0.5961,-0.5731,0.0000,0.0000,-1.4755,179.9995,-0.0011,179.9091
34.3930,searching,0.2625,-0.5939,-0.5711,0.0000,0.0000,-1.4749,179.9993,-0.0013,179.9089
34.4027,searching,0.2646,-0.5924,-0.5697,0.0000,0.0000,-1.4743,179.9988,-0.0024,179.9081
34.4128,searching,0.2667,-0.5915,-0.5690,0.0000,0.0000,-1.4737,179.9988,-0.0024,179.9081
34.4232,searching,0.2689,-0.5909,-0.5686,0.0000,0.0000,-1.4731,179.9989,-0.0022,179.9091
34.4344,searching,0.2712,-0.5906,-0.5684,0.0000,0.0000,-1.4724,179.9987,-0.0025,179.9089
34.4428,searching,0.2732,-0.5897,-0.5678,0.0000,0.0000,-1.4718,179.9987,-0.0025,179.9089
34.4527,searching,0.2749,-0.5880,-0.5668,0.0000,0.0000,-1.4711,179.9988,-0.0023,179.9094
34.4626,searching,0.2766,-0.5859,-0.5658,0.0000,0.0000,-1.4705,179.9987,-0.0027,179.9098
34.4735,searching,0.2782,-0.5832,-0.5648,0.0000,0.0000,-1.4697,179.9987,-0.0027,179.9098
34.4828,searching,0.2793,-0.5803,-0.5638,0.0000,0.0000,-1.4690,179.9987,-0.0026,179.9091
34.4927,searching,0.2806,-0.5776,-0.5627,0.0000,0.0000,-1.4683,179.9981,-0.0038,179.9092
34.5028,searching,0.2825,-0.5760,-0.5623,0.0000,0.0000,-1.4675,179.9981,-0.0038,179.9092
34.5127,searching,0.2840,-0.5745,-0.5619,0.0000,0.0000,-1.4668,179.9992,-0.0013,179.9086
34.5250,searching,0.2859,-0.5731,-0.5615,0.0000,0.0000,-1.4660,179.9987,-0.0025,179.9087
34.5331,searching,0.2882,-0.5720,-0.5613,0.0000,0.0000,-1.4652,179.9987,-0.0025,179.9087
34.5427,searching,0.2900,-0.5712,-0.5615,0.0000,0.0000,-1.4644,179.9990,-0.0018,179.9082
34.5527,searching,0.2917,-0.5699,-0.5616,0.0000,0.0000,-1.4637,179.9991,-0.0015,179.9083
34.5628,searching,0.2938,-0.5685,-0.5617,0.0000,0.0000,-1.4629,179.9991,-0.0015,179.9083
34.5733,searching,0.2956,-0.5672,-0.5619,0.0000,0.0000,-1.4622,179.9995,-0.0007,179.9084
34.5826,searching,0.2972,-0.5655,-0.5619,0.0000,0.0000,-1.4614,179.9990,-0.0018,179.9086
34.5927,searching,0.2993,-0.5640,-0.5622,0.0000,0.0000,-1.4606,179.9990,-0.0018,179.9086
34.6027,searching,0.3011,-0.5630,-0.5628,0.0000,0.0000,-1.4599,179.9998,0.0002,179.9089
34.6129,searching,0.3029,-0.5622,-0.5636,0.0000,0.0000,-1.4592,-179.9997,0.0014,179.9096
34.6229,searching,0.3053,-0.5617,-0.5646,0.0000,0.0000,-1.4585,-179.9997,0.0014,179.9096
34.6327,searching,0.3075,-0.5620,-0.5660,0.0000,0.0000,-1.4578,-179.9996,0.0017,179.9090
34.6426,searching,0.3095,-0.5621,-0.5675,0.0000,0.0000,-1.4571,179.9997,-0.0001,179.9103
34.6531,searching,0.3122,-0.5620,-0.5689,0.0000,0.0000,-1.4565,179.9997,-0.0001,179.9103
34.6628,searching,0.3149,-0.5620,-0.5706,0.0000,0.0000,-1.4559,179.9996,-0.0003,179.9101
34.6727,searching,0.3169,-0.5616,-0.5722,0.0000,0.0000,-1.4554,179.9988,-0.0021,179.9093
34.6828,searching,0.3190,-0.5610,-0.5738,0.0000,0.0000,-1.4548,179.9988,-0.0021,179.9093
34.6928,searching,0.3210,-0.5607,-0.5757,0.0000,0.0000,-1.4544,179.9995,-0.0004,179.9095
34.7036,searching,0.3226,-0.5599,-0.5775,0.0000,0.0000,-1.4539,179.9990,-0.0003,179.9087
34.7128,searching,0.3243,-0.5587,-0.5789,0.0000,0.0000,-1.4535,179.9990,-0.0003,179.9087
34.7228,searching,0.3261,-0.5575,-0.5803,0.0000,0.0000,-1.4531,179.9992,0.0003,179.9081
34.7326,searching,0.3274,-0.5562,-0.5813,0.0000,0.0000,-1.4527,179.9988,-0.0007,179.9092
34.7433,searching,0.3292,-0.5547,-0.5823,0.0000,0.0000,-1.4524,179.9988,-0.0007,179.9092
34.7528,searching,0.3314,-0.5540,-0.5837,0.0000,0.0000,-1.4520,179.9988,-0.0007,179.9092
34.7626,searching,0.3328,-0.5537,-0.5853,0.0000,0.0000,-1.4517,179.9995,0.0010,179.9088
34.7727,searching,0.3343,-0.5530,-0.5866,0.0000,0.0000,-1.4515,179.9995,0.0010,179.9088
34.7831,searching,0.3365,-0.5528,-0.5885,0.0000,0.0000,-1.4512,179.9995,0.0010,179.9092
34.7934,searching,0.3378,-0.5529,-0.5906,0.0000,0.0000,-1.4511,179.9999,0.0018,179.9082
34.8030,searching,0.3389,-0.5518,-0.5921,0.0000,0.0000,-1.4509,179.9999,0.0018,179.9082
34.8131,searching,0.3406,-0.5506,-0.5935,0.0000,0.0000,-1.4508,179.9988,-0.0007,179.9091
34.8226,searching,0.3415,-0.5499,-0.5952,0.0000,0.0000,-1.4507,179.9990,-0.0001,179.9088
34.8343,searching,0.3423,-0.5487,-0.5967,0.0000,0.0000,-1.4506,179.9990,-0.0001,179.9088
34.8430,searching,0.3440,-0.5472,-0.5982,0.0000,0.0000,-1.4506,179.9985,-0.0014,179.9096
34.8526,searching,0.3451,-0.5468,-0.6000,0.0000,0.0000,-1.4506,179.9990,-0.0003,179.9098
34.8626,searching,0.3453,-0.5462,-0.6016,0.0000,0.0000,-1.4506,179.9990,-0.0003,179.9098
34.8731,searching,0.3465,-0.5447,-0.6030,0.0000,0.0000,-1.4507,180.0000,0.0021,179.9094
34.8827,searching,0.3480,-0.5436,-0.6045,0.0000,0.0000,-1.4508,-179.9993,0.0037,179.9090
34.8930,searching,0.3482,-0.5431,-0.6064,0.0000,0.0000,-1.4509,-179.9993,0.0037,179.9090
34.9029,searching,0.3483,-0.5421,-0.6081,0.0000,0.0000,-1.4510,179.9995,0.0009,179.9084
34.9129,searching,0.3491,-0.5408,-0.6099,0.0000,0.0000,-1.4512,-179.9999,0.0024,179.9087
34.9231,searching,0.3496,-0.5398,-0.6119,0.0000,0.0000,-1.4515,-179.9999,0.0024,179.9087
34.9330,searching,0.3499,-0.5388,-0.6140,0.0000,0.0000,-1.4518,179.9989,-0.0006,179.9087
34.9430,searching,0.3499,-0.5382,-0.6163,0.0000,0.0000,-1.4521,179.9989,-0.0006,179.9087
34.9532,searching,0.3496,-0.5379,-0.6189,0.0000,0.0000,-1.4525,179.9989,-0.0006,179.9087
34.9636,searching,0.3497,-0.5366,-0.6210,0.0000,0.0000,-1.4529,179.9994,0.0006,179.9087
34.9727,searching,0.3505,-0.5350,-0.6231,0.0000,0.0000,-1.4533,179.9997,0.0014,179.9087
34.9827,searching,0.3506,-0.5340,-0.6254,0.0000,0.0000,-1.4539,179.9997,0.0014,179.9087
34.9929,searching,0.3505,-0.5326,-0.6275,0.0000,0.0000,-1.4544,179.9987,-0.0010,179.9079
35.0026,searching,0.3510,-0.5309,-0.6296,0.0000,0.0000,-1.4550,179.9989,-0.0006,179.9081
35.0154,searching,0.3507,-0.5300,-0.6317,0.0000,0.0000,-1.4556,179.9989,-0.0006,179.9081
35.0227,searching,0.3501,-0.5291,-0.6339,0.0000,0.0000,-1.4563,-179.9996,0.0029,179.9071
35.0327,searching,0.3502,-0.5278,-0.6362,0.0000,0.0000,-1.4570,-179.9999,0.0021,179.9067
35.0427,searching,0.3498,-0.5273,-0.6390,0.0000,0.0000,-1.4578,-179.9999,0.0021,179.9067
35.0529,searching,0.3489,-0.5264,-0.6415,0.0000,0.0000,-1.4586,179.9998,0.0013,179.9073
35.0627,searching,0.3489,-0.5247,-0.6439,0.0000,0.0000,-1.4595,179.9986,-0.0015,179.9084
35.0727,searching,0.3490,-0.5240,-0.6470,0.0000,0.0000,-1.4605,179.9986,-0.0015,179.9084
35.0828,searching,0.3480,-0.5234,-0.6497,0.0000,0.0000,-1.4615,179.9995,0.0005,179.9091
35.0927,searching,0.3476,-0.5219,-0.6518,0.0000,0.0000,-1.4625,179.9992,-0.0001,179.9091
35.1030,searching,0.3470,-0.5206,-0.6542,0.0000,0.0000,-1.4636,179.9992,-0.0001,179.9091
35.1127,searching,0.3458,-0.5195,-0.6566,0.0000,0.0000,-1.4647,179.9997,0.0010,179.9091
35.1230,searching,0.3455,-0.5173,-0.6585,0.0000,0.0000,-1.4659,179.9984,-0.0021,179.9093
35.1332,searching,0.3452,-0.5154,-0.6607,0.0000,0.0000,-1.4671,179.9984,-0.0021,179.9093
35.1431,searching,0.3442,-0.5142,-0.6631,0.0000,0.0000,-1.4684,179.9978,-0.0034,179.9091
35.1527,searching,0.3432,-0.5125,-0.6652,0.0000,0.0000,-1.4697,179.9983,-0.0024,179.9094
35.1627,searching,0.3428,-0.5111,-0.6676,0.0000,0.0000,-1.4710,179.9983,-0.0024,179.9094
35.1726,searching,0.3420,-0.5094,-0.6696,0.0000,0.0000,-1.4724,179.9994,0.0001,179.9087
35.1828,searching,0.3405,-0.5084,-0.6718,0.0000,0.0000,-1.4738,-179.9998,0.0019,179.9089
35.1934,searching,0.3393,-0.5070,-0.6736,0.0000,0.0000,-1.4753,-179.9998,0.0019,179.9089
35.2031,searching,0.3388,-0.5051,-0.6751,0.0000,0.0000,-1.4768,179.9998,0.0010,179.9080
35.2131,searching,0.3377,-0.5038,-0.6768,0.0000,0.0000,-1.4783,180.0000,0.0013,179.9084
35.2231,searching,0.3360,-0.5028,-0.6785,0.0000,0.0000,-1.4799,180.0000,0.0013,179.9084
35.2336,searching,0.3347,-0.5009,-0.6796,0.0000,0.0000,-1.4815,179.9985,-0.0021,179.9080
35.2430,searching,0.3336,-0.4986,-0.6806,0.0000,0.0000,-1.4831,179.9993,-0.0003,179.9084
35.2532,searching,0.3318,-0.4962,-0.6808,0.0000,0.0000,-1.4847,179.9993,-0.0003,179.9084
35.2631,searching,0.3294,-0.4933,-0.6806,0.0000,0.0000,-1.4863,179.9990,-0.0012,179.9086
35.2733,searching,0.3267,-0.4912,-0.6805,0.0000,0.0000,-1.4880,179.9990,-0.0012,179.9086
35.2827,searching,0.3240,-0.4897,-0.6807,0.0000,0.0000,-1.4896,179.9990,-0.0012,179.9086
35.2927,searching,0.3215,-0.4878,-0.6805,0.0000,0.0000,-1.4912,180.0000,0.0011,179.9078
35.3026,searching,0.3191,-0.4852,-0.6801,0.0000,0.0000,-1.4928,-179.9999,0.0026,179.9074
35.3129,searching,0.3170,-0.4824,-0.6799,0.0000,0.0000,-1.4944,-179.9999,0.0026,179.9074
35.3236,searching,0.3145,-0.4803,-0.6799,0.0000,0.0000,-1.4960,180.0000,0.0024,179.9078
35.3326,searching,0.3116,-0.4779,-0.6799,0.0000,0.0000,-1.4976,179.9987,-0.0005,179.9066
35.3427,searching,0.3092,-0.4751,-0.6796,0.0000,0.0000,-1.4992,179.9987,-0.0005,179.9066
35.3526,searching,0.3067,-0.4732,-0.6794,0.0000,0.0000,-1.5008,180.0000,0.0024,179.9068
35.3637,searching,0.3037,-0.4716,-0.6791,0.0000,0.0000,-1.5023,179.9995,0.0010,179.9062
35.3731,searching,0.3006,-0.4693,-0.6785,0.0000,0.0000,-1.5039,179.9995,0.0010,179.9062
35.3833,searching,0.2979,-0.4670,-0.6779,0.0000,0.0000,-1.5055,179.9998,0.0017,179.9064
35.3927,searching,0.2952,-0.4646,-0.6771,0.0000,0.0000,-1.5070,179.9994,0.0007,179.9070
35.4032,searching,0.2924,-0.4620,-0.6761,0.0000,0.0000,-1.5085,179.9994,0.0007,179.9070
35.4128,searching,0.2896,-0.4597,-0.6750,0.0000,0.0000,-1.5100,179.9991,0.0015,179.9068
35.4228,searching,0.2866,-0.4582,-0.6740,0.0000,0.0000,-1.5115,179.9989,0.0009,179.9071
35.4326,searching,0.2834,-0.4558,-0.6725,0.0000,0.0000,-1.5130,179.9989,0.0009,179.9071
35.4427,searching,0.2802,-0.4527,-0.6706,0.0000,0.0000,-1.5144,179.9990,0.0011,179.9082
35.4534,searching,0.2771,-0.4493,-0.6686,0.0000,0.0000,-1.5157,179.9984,-0.0003,179.9078
35.4627,searching,0.2737,-0.4455,-0.6664,0.0000,0.0000,-1.5171,179.9984,-0.0003,179.9078
35.4727,searching,0.2700,-0.4432,-0.6648,0.0000,0.0000,-1.5184,179.9995,0.0020,179.9077
35.4827,searching,0.2667,-0.4407,-0.6630,0.0000,0.0000,-1.5196,179.9995,0.0020,179.9072
35.4927,searching,0.2639,-0.4379,-0.6615,0.0000,0.0000,-1.5209,179.9995,0.0020,179.9072
35.5056,searching,0.2607,-0.4363,-0.6605,0.0000,0.0000,-1.5221,179.9991,0.0011,179.9068
35.5127,searching,0.2574,-0.4346,-0.6592,0.0000,0.0000,-1.5233,179.9988,0.0003,179.9063
35.5228,searching,0.2546,-0.4320,-0.6576,0.0000,0.0000,-1.5244,179.9988,0.0003,179.9063
35.5327,searching,0.2518,-0.4308,-0.6567,0.0000,0.0000,-1.5255,179.9992,0.0011,179.9070
35.5429,searching,0.2487,-0.4299,-0.6558,0.0000,0.0000,-1.5267,179.9994,0.0014,179.9067
35.5529,searching,0.2462,-0.4282,-0.6549,0.0000,0.0000,-1.5278,179.9994,0.0014,179.9067
35.5627,searching,0.2435,-0.4274,-0.6546,0.0000,0.0000,-1.5288,179.9994,0.0014,179.9067
35.5730,searching,0.2403,-0.4264,-0.6541,0.0000,0.0000,-1.5299,180.0000,0.0028,179.9079
35.5829,searching,0.2375,-0.4237,-0.6529,0.0000,0.0000,-1.5310,180.0000,0.0028,179.9079
35.5935,searching,0.2347,-0.4215,-0.6521,0.0000,0.0000,-1.5320,179.9989,0.0002,179.9079
35.6032,searching,0.2315,-0.4210,-0.6517,0.0000,0.0000,-1.5331,179.9986,0.0008,179.9079
35.6129,searching,0.2283,-0.4201,-0.6506,0.0000,0.0000,-1.5341,179.9986,0.0008,179.9079
35.6232,searching,0.2256,-0.4183,-0.6492,0.0000,0.0000,-1.5351,179.9980,-0.0004,179.9069
35.6339,searching,0.2232,-0.4179,-0.6484,0.0000,0.0000,-1.5360,179.9987,0.0011,179.9067
35.6427,searching,0.2205,-0.4176,-0.6477,0.0000,0.0000,-1.5370,179.9987,0.0011,179.9067
35.6527,searching,0.2179,-0.4159,-0.6466,0.0000,0.0000,-1.5379,179.9987,0.0011,179.9069
35.6629,searching,0.2154,-0.4144,-0.6454,0.0000,0.0000,-1.5388,179.9987,0.0009,179.9074
35.6733,searching,0.2125,-0.4127,-0.6436,0.0000,0.0000,-1.5397,179.9987,0.0009,179.9074
35.6829,searching,0.2096,-0.4099,-0.6413,0.0000,0.0000,-1.5405,179.9985,0.0004,179.9075
35.6926,searching,0.2066,-0.4080,-0.6395,0.0000,0.0000,-1.5413,179.9984,0.0001,179.9085
35.7027,searching,0.2037,-0.4068,-0.6381,0.0000,0.0000,-1.5421,179.9984,0.0001,179.9085
35.7128,searching,0.2009,-0.4045,-0.6364,0.0000,0.0000,-1.5428,179.9982,-0.0003,179.9085
35.7232,searching,0.0000,-0.4026,-0.6348,0.0000,0.0000,-1.5435,179.9984,0.0001,179.9092
35.7327,searching,0.0000,-0.4019,-0.6335,0.0000,0.0000,-1.5442,179.9984,0.0001,179.9092
35.7427,searching,0.0000,-0.4012,-0.6323,0.0000,0.0000,-1.5448,179.9986,0.0003,179.9086
35.7527,searching,0.0000,-0.4008,-0.6314,0.0000,0.0000,-1.5454,179.9990,0.0012,179.9083
35.7637,searching,0.0000,-0.4014,-0.6308,0.0000,0.0000,-1.5461,179.9990,0.0012,179.9083
35.7727,searching,0.0000,-0.4012,-0.6299,0.0000,0.0000,-1.5467,179.9988,0.0006,179.9075
35.7827,searching,0.0000,-0.4005,-0.6290,0.0000,0.0000,-1.5472,179.9986,0.0001,179.9079
35.7927,searching,0.0000,-0.3998,-0.6277,0.0000,0.0000,-1.5478,179.9986,0.0001,179.9079
35.8032,searching,0.0000,-0.3988,-0.6262,0.0000,0.0000,-1.5483,179.9984,-0.0004,179.9075
35.8127,searching,0.0000,-0.3975,-0.6247,0.0000,0.0000,-1.5488,179.9985,-0.0001,179.9075
35.8229,searching,0.0000,-0.3967,-0.6234,0.0000,0.0000,-1.5493,179.9985,-0.0001,179.9075
35.8331,searching,0.0000,-0.3949,-0.6215,0.0000,0.0000,-1.5497,179.9993,0.0001,179.9072
35.8428,searching,0.0000,-0.3928,-0.6195,0.0000,0.0000,-1.5501,179.9991,-0.0003,179.9090
35.8531,searching,0.0000,-0.3917,-0.6179,0.0000,0.0000,-1.5505,179.9991,-0.0003,179.9090
35.8627,searching,0.0000,-0.3912,-0.6165,0.0000,0.0000,-1.5508,179.9991,-0.0003,179.9090
35.8726,searching,0.0000,-0.3903,-0.6149,0.0000,0.0000,-1.5511,179.9991,-0.0003,179.9077
35.8827,searching,0.0000,-0.3903,-0.6138,0.0000,0.0000,-1.5514,179.9991,-0.0003,179.9077
35.8931,searching,0.0000,-0.3903,-0.6128,0.0000,0.0000,-1.5516,179.9990,-0.0006,179.9074
35.9026,searching,0.0000,-0.3895,-0.6116,0.0000,0.0000,-1.5519,179.9988,-0.0011,179.9071
35.9128,searching,0.0000,-0.3886,-0.6105,0.0000,0.0000,-1.5521,179.9988,-0.0011,179.9071
35.9228,searching,0.0000,-0.3882,-0.6095,0.0000,0.0000,-1.5523,179.9988,-0.0012,179.9084
35.9329,searching,0.0000,-0.3876,-0.6085,0.0000,0.0000,-1.5524,179.9993,-0.0001,179.9085
35.9432,searching,0.0000,-0.3869,-0.6070,0.0000,0.0000,-1.5526,179.9993,-0.0001,179.9085
35.9528,searching,0.0000,-0.3871,-0.6059,0.0000,0.0000,-1.5527,179.9997,0.0009,179.9077
35.9627,searching,0.0000,-0.3872,-0.6050,0.0000,0.0000,-1.5528,-179.9998,0.0018,179.9066
35.9727,searching,0.0000,-0.3877,-0.6044,0.0000,0.0000,-1.5529,-179.9998,0.0018,179.9066
35.9833,searching,0.0000,-0.3888,-0.6042,0.0000,0.0000,-1.5530,-179.9999,0.0016,179.9066
35.9929,searching,0.0000,-0.3898,-0.6042,0.0000,0.0000,-1.5530,-179.9999,0.0016,179.9065
36.0028,searching,0.0000,-0.3904,-0.6040,0.0000,0.0000,-1.5531,-179.9999,0.0016,179.9065
36.0129,searching,0.0000,-0.3912,-0.6036,0.0000,0.0000,-1.5532,179.9998,0.0009,179.9073
36.0227,searching,0.0000,-0.3915,-0.6031,0.0000,0.0000,-1.5533,-179.9995,0.0024,179.9064
36.0357,searching,0.0000,-0.3919,-0.6026,0.0000,0.0000,-1.5533,-179.9995,0.0024,179.9064
36.0428,searching,0.0000,-0.3925,-0.6023,0.0000,0.0000,-1.5533,-179.9997,0.0020,179.9076
36.0526,searching,0.0000,-0.3932,-0.6019,0.0000,0.0000,-1.5534,-179.9990,0.0036,179.9079
36.0626,searching,0.0000,-0.3936,-0.6014,0.0000,0.0000,-1.5534,-179.9990,0.0036,179.9079
36.0730,searching,0.0000,-0.3939,-0.6008,0.0000,0.0000,-1.5534,-179.9996,0.0021,179.9083
36.0832,searching,0.0000,-0.3944,-0.6000,0.0000,0.0000,-1.5534,-179.9993,0.0026,179.9084
36.0927,searching,0.0000,-0.3942,-0.5990,0.0000,0.0000,-1.5534,-179.9993,0.0026,179.9084
36.1028,searching,0.0000,-0.3934,-0.5975,0.0000,0.0000,-1.5534,-179.9999,0.0013,179.9092
36.1127,searching,0.0000,-0.3923,-0.5957,0.0000,0.0000,-1.5533,179.9998,0.0021,179.9088
36.1235,searching,0.0000,-0.3910,-0.5939,0.0000,0.0000,-1.5532,179.9998,0.0021,179.9088
36.1328,searching,0.0000,-0.3898,-0.5921,0.0000,0.0000,-1.5530,179.9997,0.0017,179.9085
36.1426,searching,0.0000,-0.3893,-0.5902,0.0000,0.0000,-1.5528,179.9998,0.0021,179.9082
36.1527,searching,0.0000,-0.3888,-0.5881,0.0000,0.0000,-1.5526,179.9998,0.0021,179.9082
36.1634,searching,0.0000,-0.3880,-0.5856,0.0000,0.0000,-1.5523,179.9996,0.0015,179.9086
36.1733,searching,0.0000,-0.3877,-0.5834,0.0000,0.0000,-1.5519,179.9993,0.0008,179.9070
36.1828,searching,0.0000,-0.3876,-0.5812,0.0000,0.0000,-1.5516,179.9993,0.0008,179.9070
36.1927,searching,0.0000,-0.3868,-0.5786,0.0000,0.0000,-1.5511,179.9991,0.0004,179.9076
36.2029,searching,0.0000,-0.3860,-0.5760,0.0000,0.0000,-1.5507,179.9996,0.0014,179.9074
36.2130,searching,0.0000,-0.3854,-0.5737,0.0000,0.0000,-1.5501,179.9996,0.0014,179.9074
36.2227,searching,0.0000,-0.3842,-0.5710,0.0000,0.0000,-1.5496,179.9986,-0.0009,179.9073
36.2327,searching,0.0000,-0.3826,-0.5680,0.0000,0.0000,-1.5489,179.9990,-0.0000,179.9071
36.2427,searching,0.0000,-0.3816,-0.5654,0.0000,0.0000,-1.5482,179.9990,-0.0000,179.9071
36.2543,searching,0.0000,-0.3801,-0.5624,0.0000,0.0000,-1.5475,179.9990,-0.0000,179.9071
36.2627,searching,0.0000,-0.3789,-0.5596,0.0000,0.0000,-1.5467,179.9984,-0.0012,179.9075
36.2728,searching,0.0000,-0.3783,-0.5571,0.0000,0.0000,-1.5458,179.9984,-0.0012,179.9075
36.2827,searching,0.0000,-0.3778,-0.5542,0.0000,0.0000,-1.5449,179.9991,0.0003,179.9065
36.2929,searching,0.0000,-0.3771,-0.5511,0.0000,0.0000,-1.5439,179.9990,0.0001,179.9065
36.3030,searching,0.0000,-0.3764,-0.5480,0.0000,0.0000,-1.5429,179.9990,0.0001,179.9065
36.3129,searching,0.0000,-0.3759,-0.5452,0.0000,0.0000,-1.5418,179.9994,0.0009,179.9067
36.3226,searching,0.0000,-0.3752,-0.5423,0.0000,0.0000,-1.5406,179.9993,0.0007,179.9062
36.3327,searching,0.0000,-0.3740,-0.5394,0.0000,0.0000,-1.5394,179.9993,0.0007,179.9062
36.3431,searching,0.0000,-0.3729,-0.5364,0.0000,0.0000,-1.5381,179.9988,-0.0003,179.9077
36.3526,searching,0.0000,-0.3724,-0.5339,0.0000,0.0000,-1.5368,179.9995,0.0012,179.9075
36.3628,searching,0.0000,-0.3718,-0.5314,0.0000,0.0000,-1.5354,179.9995,0.0012,179.9075
36.3727,searching,0.0000,-0.3715,-0.5293,0.0000,0.0000,-1.5340,179.9985,-0.0010,179.9073
36.3839,searching,0.0000,-0.3721,-0.5276,0.0000,0.0000,-1.5326,179.9998,0.0018,179.9075
36.3928,searching,0.0000,-0.3726,-0.5260,0.0000,0.0000,-1.5311,179.9998,0.0018,179.9075
36.4027,searching,0.0000,-0.3733,-0.5246,0.0000,0.0000,-1.5296,179.9988,-0.0004,179.9071
36.4129,searching,0.0000,-0.3747,-0.5238,0.0000,0.0000,-1.5281,179.9993,0.0008,179.9081
36.4236,searching,0.0000,-0.3758,-0.5228,0.0000,0.0000,-1.5265,179.9993,0.0008,179.9081
36.4331,searching,0.0000,-0.3766,-0.5218,0.0000,0.0000,-1.5250,179.9982,-0.0015,179.9080
36.4431,searching,0.0000,-0.3775,-0.5209,0.0000,0.0000,-1.5234,179.9984,-0.0012,179.9079
36.4530,searching,0.0000,-0.3783,-0.5203,0.0000,0.0000,-1.5218,179.9984,-0.0012,179.9079
36.4628,searching,0.0000,-0.3788,-0.5198,0.0000,0.0000,-1.5202,179.9987,-0.0006,179.9078
36.4728,searching,0.0000,-0.3797,-0.5195,0.0000,0.0000,-1.5186,179.9999,0.0022,179.9071
36.4827,searching,0.0000,-0.3806,-0.5192,0.0000,0.0000,-1.5170,179.9999,0.0022,179.9071
36.4931,searching,0.0000,-0.3817,-0.5193,0.0000,0.0000,-1.5153,179.9993,0.0009,179.9075
36.5030,searching,0.0000,-0.3834,-0.5198,0.0000,0.0000,-1.5137,179.9991,0.0003,179.9077
36.5136,searching,0.0000,-0.3858,-0.5206,0.0000,0.0000,-1.5121,179.9991,0.0003,179.9077
36.5239,searching,0.0000,-0.3882,-0.5213,0.0000,0.0000,-1.5106,179.9988,-0.0002,179.9080
36.5327,searching,0.0000,-0.3905,-0.5220,0.0000,0.0000,-1.5090,179.9987,-0.0005,179.9083
36.5427,searching,0.0000,-0.3924,-0.5224,0.0000,0.0000,-1.5075,179.9987,-0.0005,179.9083
36.5529,searching,0.0000,-0.3939,-0.5229,0.0000,0.0000,-1.5059,179.9979,-0.0021,179.9088
36.5635,searching,0.0000,-0.3955,-0.5233,0.0000,0.0000,-1.5044,179.9993,0.0009,179.9088
36.5728,searching,0.0000,-0.3975,-0.5240,0.0000,0.0000,-1.5029,179.9993,0.0009,179.9088
36.5828,searching,0.0000,-0.3990,-0.5248,0.0000,0.0000,-1.5014,180.0000,0.0024,179.9095
36.5927,searching,0.0000,-0.4006,-0.5257,0.0000,0.0000,-1.4999,-179.9995,0.0038,179.9099
36.6028,searching,0.0000,-0.4032,-0.5269,0.0000,0.0000,-1.4984,-179.9995,0.0038,179.9099
36.6128,searching,0.0000,-0.4053,-0.5277,0.0000,0.0000,-1.4970,179.9992,0.0008,179.9102
36.6227,searching,0.0000,-0.4071,-0.5286,0.0000,0.0000,-1.4955,179.9992,0.0008,179.9102
36.6332,searching,0.0000,-0.4105,-0.5304,0.0000,0.0000,-1.4941,179.9992,0.0008,179.9102
36.6427,searching,0.0000,-0.4141,-0.5321,0.0000,0.0000,-1.4928,179.9998,0.0023,179.9110
36.6529,searching,0.0000,-0.4165,-0.5333,0.0000,0.0000,-1.4915,179.9985,-0.0006,179.9102
36.6629,searching,0.0000,-0.4192,-0.5345,0.0000,0.0000,-1.4901,179.9985,-0.0006,179.9102
36.6727,searching,0.0000,-0.4218,-0.5354,0.0000,0.0000,-1.4889,180.0000,0.0028,179.9099
36.6832,searching,0.0000,-0.4233,-0.5358,0.0000,0.0000,-1.4876,179.9988,0.0001,179.9097
36.6927,searching,0.0000,-0.4257,-0.5368,0.0000,0.0000,-1.4863,179.9988,0.0001,179.9097
36.7031,searching,0.0000,-0.4288,-0.5379,0.0000,0.0000,-1.4851,179.9989,0.0003,179.9095
36.7127,searching,0.0000,-0.4312,-0.5387,0.0000,0.0000,-1.4838,179.9991,0.0010,179.9090
36.7232,searching,0.0000,-0.4349,-0.5404,0.0000,0.0000,-1.4826,179.9991,0.0010,179.9090
36.7327,searching,0.0000,-0.4397,-0.5422,0.0000,0.0000,-1.4815,179.9991,0.0010,179.9090
36.7429,searching,0.0000,-0.4432,-0.5436,0.0000,0.0000,-1.4804,179.9988,0.0003,179.9091
36.7532,searching,0.0000,-0.4464,-0.5453,0.0000,0.0000,-1.4793,179.9988,0.0003,179.9091
36.7631,searching,0.0000,-0.4507,-0.5471,0.0000,0.0000,-1.4782,179.9993,0.0015,179.9092
36.7729,searching,0.0000,-0.4541,-0.5488,0.0000,0.0000,-1.4772,179.9988,0.0004,179.9087
36.7835,searching,0.0000,-0.4572,-0.5503,0.0000,0.0000,-1.4762,179.9988,0.0004,179.9087
36.7933,searching,0.0000,-0.4613,-0.5519,0.0000,0.0000,-1.4752,179.9990,0.0009,179.9081
36.8030,searching,0.0000,-0.4649,-0.5532,0.0000,0.0000,-1.4743,179.9985,-0.0002,179.9092
36.8131,searching,0.0000,-0.4682,-0.5544,0.0000,0.0000,-1.4734,179.9985,-0.0002,179.9092
36.8233,searching,0.0000,-0.4730,-0.5563,0.0000,0.0000,-1.4725,179.9986,-0.0000,179.9093
36.8332,searching,0.0000,-0.4778,-0.5584,0.0000,0.0000,-1.4717,179.9981,-0.0010,179.9095
36.8430,searching,0.0000,-0.4826,-0.5607,0.0000,0.0000,-1.4709,179.9981,-0.0010,179.9095
36.8531,searching,0.0000,-0.4888,-0.5637,0.0000,0.0000,-1.4702,179.9989,-0.0005,179.9097
36.8629,searching,0.0000,-0.4939,-0.5661,0.0000,0.0000,-1.4695,179.9996,0.0011,179.9090
36.8741,searching,0.0000,-0.4976,-0.5679,0.0000,0.0000,-1.4688,179.9996,0.0011,179.9090
36.8829,searching,0.0000,-0.5025,-0.5703,0.0000,0.0000,-1.4683,179.9999,0.0019,179.9100
36.8927,searching,0.0000,-0.5074,-0.5725,0.0000,0.0000,-1.4677,179.9989,-0.0003,179.9088
36.9027,searching,0.0000,-0.5112,-0.5745,0.0000,0.0000,-1.4672,179.9989,-0.0003,179.9088
36.9136,searching,0.0000,-0.5163,-0.5773,0.0000,0.0000,-1.4667,179.9991,0.0003,179.9099
36.9230,searching,0.0000,-0.5219,-0.5800,0.0000,0.0000,-1.4663,179.9982,-0.0019,179.9092
36.9328,searching,0.0000,-0.5258,-0.5815,0.0000,0.0000,-1.4660,179.9982,-0.0019,179.9092
36.9428,searching,0.0000,-0.5299,-0.5831,0.0000,0.0000,-1.4656,179.9987,-0.0005,179.9098
36.9527,searching,0.0000,-0.5344,-0.5847,0.0000,0.0000,-1.4653,179.9987,-0.0005,179.9098
36.9632,searching,0.0000,-0.5380,-0.5861,0.0000,0.0000,-1.4650,179.9987,-0.0005,179.9098
36.9727,searching,0.0000,-0.5418,-0.5881,0.0000,0.0000,-1.4648,179.9993,0.0008,179.9089
36.9826,searching,0.0000,-0.5466,-0.5903,0.0000,0.0000,-1.4646,-179.9998,0.0029,179.9087
36.9927,searching,0.0000,-0.5507,-0.5921,0.0000,0.0000,-1.4645,-179.9998,0.0029,179.9087
37.0027,searching,0.0000,-0.5541,-0.5936,0.0000,0.0000,-1.4643,179.9997,0.0019,179.9079
37.0145,searching,0.0000,-0.5587,-0.5955,0.0000,0.0000,-1.4642,179.9991,0.0007,179.9086
37.0228,searching,0.0000,-0.5630,-0.5968,0.0000,0.0000,-1.4642,179.9991,0.0007,179.9086
37.0327,searching,0.0000,-0.5664,-0.5978,0.0000,0.0000,-1.4641,179.9973,-0.0034,179.9077
37.0427,searching,0.0000,-0.5696,-0.5988,0.0000,0.0000,-1.4641,179.9980,-0.0017,179.9076
37.0536,searching,0.0000,-0.5730,-0.5999,0.0000,0.0000,-1.4641,179.9980,-0.0017,179.9076
37.0630,searching,0.0000,-0.5764,-0.6010,0.0000,0.0000,-1.4641,179.9983,-0.0009,179.9068
37.0727,searching,0.0000,-0.5788,-0.6016,0.0000,0.0000,-1.4642,179.9990,0.0006,179.9063
37.0830,searching,0.0000,-0.5807,-0.6020,0.0000,0.0000,-1.4642,179.9990,0.0006,179.9063
37.0929,searching,0.0000,-0.5824,-0.6024,0.0000,0.0000,-1.4642,179.9997,0.0023,179.9085
37.1031,searching,0.0000,-0.5841,-0.6027,0.0000,0.0000,-1.4643,179.9987,-0.0012,179.9072
37.1129,searching,0.0000,-0.5857,-0.6029,0.0000,0.0000,-1.4644,179.9987,-0.0012,179.9072
37.1227,searching,0.0000,-0.5870,-0.6031,0.0000,0.0000,-1.4644,179.9992,-0.0001,179.9079
37.1327,searching,0.0000,-0.5887,-0.6034,0.0000,0.0000,-1.4645,179.9988,-0.0009,179.9079
37.1427,searching,0.0000,-0.5904,-0.6037,0.0000,0.0000,-1.4646,179.9988,-0.0009,179.9079
37.1535,searching,0.2025,-0.5917,-0.6041,0.0000,0.0000,-1.4646,179.9995,0.0008,179.9096
37.1629,searching,0.2050,-0.5938,-0.6048,0.0000,0.0000,-1.4647,180.0000,0.0019,179.9095
37.1728,searching,0.2071,-0.5963,-0.6057,0.0000,0.0000,-1.4649,180.0000,0.0019,179.9095
37.1827,searching,0.2096,-0.5981,-0.6063,0.0000,0.0000,-1.4650,179.9999,0.0016,179.9095
37.1929,searching,0.2121,-0.6003,-0.6071,0.0000,0.0000,-1.4651,179.9990,-0.0004,179.9079
37.2033,searching,0.2141,-0.6025,-0.6077,0.0000,0.0000,-1.4653,179.9990,-0.0004,179.9079
37.2128,searching,0.2162,-0.6042,-0.6081,0.0000,0.0000,-1.4654,179.9990,-0.0004,179.9079
37.2227,searching,0.2186,-0.6062,-0.6086,0.0000,0.0000,-1.4656,179.9991,-0.0012,179.9087
37.2327,searching,0.2210,-0.6088,-0.6095,0.0000,0.0000,-1.4658,179.9991,-0.0012,179.9087
37.2431,searching,0.2238,-0.6112,-0.6103,0.0000,0.0000,-1.4660,179.9992,-0.0011,179.9082
37.2527,searching,0.2268,-0.6136,-0.6113,0.0000,0.0000,-1.4662,179.9997,0.0002,179.9085
37.2627,searching,0.2294,-0.6165,-0.6124,0.0000,0.0000,-1.4665,179.9997,0.0002,179.9085
37.2727,searching,0.2318,-0.6189,-0.6133,0.0000,0.0000,-1.4667,179.9998,0.0003,179.9081
37.2830,searching,0.2348,-0.6205,-0.6139,0.0000,0.0000,-1.4670,179.9998,0.0005,179.9087
37.2928,searching,0.2376,-0.6218,-0.6147,0.0000,0.0000,-1.4673,179.9998,0.0005,179.9087
37.3027,searching,0.2400,-0.6234,-0.6158,0.0000,0.0000,-1.4676,179.9996,-0.0000,179.9087
37.3129,searching,0.2421,-0.6246,-0.6166,0.0000,0.0000,-1.4680,179.9995,-0.0000,179.9089
37.3234,searching,0.2446,-0.6250,-0.6172,0.0000,0.0000,-1.4683,179.9995,-0.0000,179.9089
37.3328,searching,0.2471,-0.6254,-0.6178,0.0000,0.0000,-1.4687,179.9993,-0.0004,179.9082
37.3426,searching,0.2495,-0.6275,-0.6191,0.0000,0.0000,-1.4690,179.9998,0.0008,179.9088
37.3526,searching,0.2518,-0.6297,-0.6202,0.0000,0.0000,-1.4695,179.9998,0.0008,179.9088
37.3627,searching,0.2548,-0.6312,-0.6209,0.0000,0.0000,-1.4699,179.9998,0.0008,179.9080
37.3728,searching,0.2578,-0.6339,-0.6221,0.0000,0.0000,-1.4703,180.0000,0.0013,179.9072
37.3827,searching,0.2605,-0.6372,-0.6237,0.0000,0.0000,-1.4708,180.0000,0.0013,179.9072
37.3927,searching,0.2632,-0.6398,-0.6252,0.0000,0.0000,-1.4713,-179.9999,0.0017,179.9063
37.4026,searching,0.2660,-0.6425,-0.6269,0.0000,0.0000,-1.4718,179.9996,0.0005,179.9080
37.4134,searching,0.2687,-0.6449,-0.6285,0.0000,0.0000,-1.4724,179.9996,0.0005,179.9080
37.4229,searching,0.2710,-0.6467,-0.6301,0.0000,0.0000,-1.4730,179.9995,0.0004,179.9075
37.4327,searching,0.2734,-0.6485,-0.6314,0.0000,0.0000,-1.4736,179.9996,0.0007,179.9089
37.4428,searching,0.2758,-0.6506,-0.6328,0.0000,0.0000,-1.4743,179.9996,0.0007,179.9089
37.4529,searching,0.2782,-0.6523,-0.6339,0.0000,0.0000,-1.4750,179.9996,0.0008,179.9075
37.4642,searching,0.2808,-0.6544,-0.6354,0.0000,0.0000,-1.4757,180.0000,0.0017,179.9079
37.4727,searching,0.2836,-0.6568,-0.6370,0.0000,0.0000,-1.4764,180.0000,0.0017,179.9079
37.4827,searching,0.2857,-0.6587,-0.6385,0.0000,0.0000,-1.4772,179.9998,0.0012,179.9073
37.4927,searching,0.2877,-0.6601,-0.6398,0.0000,0.0000,-1.4780,179.9990,-0.0005,179.9088
37.5028,searching,0.2899,-0.6613,-0.6409,0.0000,0.0000,-1.4788,179.9990,-0.0005,179.9088
37.5136,searching,0.2921,-0.6620,-0.6418,0.0000,0.0000,-1.4796,179.9993,0.0001,179.9083
37.5227,searching,0.2942,-0.6625,-0.6428,0.0000,0.0000,-1.4805,179.9985,-0.0017,179.9091
37.5328,searching,0.2963,-0.6632,-0.6440,0.0000,0.0000,-1.4814,179.9985,-0.0017,179.9091
37.5428,searching,0.2985,-0.6638,-0.6452,0.0000,0.0000,-1.4823,179.9984,-0.0017,179.9083
37.5531,searching,0.3004,-0.6644,-0.6464,0.0000,0.0000,-1.4832,179.9983,-0.0018,179.9082
37.5628,searching,0.3022,-0.6650,-0.6475,0.0000,0.0000,-1.4841,179.9983,-0.0018,179.9082
37.5728,searching,0.3041,-0.6662,-0.6490,0.0000,0.0000,-1.4851,179.9979,-0.0028,179.9079
37.5826,searching,0.3058,-0.6670,-0.6502,0.0000,0.0000,-1.4861,179.9979,-0.0028,179.9079
37.5928,searching,0.3078,-0.6678,-0.6512,0.0000,0.0000,-1.4872,179.9979,-0.0028,179.9079
37.6032,searching,0.3099,-0.6685,-0.6522,0.0000,0.0000,-1.4882,179.9977,-0.0032,179.9093
37.6128,searching,0.3115,-0.6687,-0.6531,0.0000,0.0000,-1.4893,179.9978,-0.0029,179.9082
37.6228,searching,0.3136,-0.6691,-0.6541,0.0000,0.0000,-1.4903,179.9978,-0.0029,179.9082
37.6327,searching,0.3159,-0.6700,-0.6557,0.0000,0.0000,-1.4915,179.9978,-0.0029,179.9073
37.6436,searching,0.3174,-0.6704,-0.6572,0.0000,0.0000,-1.4926,179.9984,-0.0014,179.9071
37.6527,searching,0.3190,-0.6704,-0.6583,0.0000,0.0000,-1.4938,179.9984,-0.0014,179.9071
37.6627,searching,0.3211,-0.6703,-0.6594,0.0000,0.0000,-1.4950,179.9979,-0.0027,179.9080
37.6727,searching,0.3228,-0.6699,-0.6601,0.0000,0.0000,-1.4962,179.9988,-0.0005,179.9084
37.6834,searching,0.3243,-0.6692,-0.6606,0.0000,0.0000,-1.4974,179.9988,-0.0005,179.9084
37.6929,searching,0.3259,-0.6689,-0.6612,0.0000,0.0000,-1.4986,179.9979,-0.0026,179.9091
37.7027,searching,0.3273,-0.6686,-0.6619,0.0000,0.0000,-1.4998,179.9985,-0.0013,179.9100
37.7128,searching,0.3290,-0.6678,-0.6623,0.0000,0.0000,-1.5011,179.9985,-0.0013,179.9100
37.7227,searching,0.3310,-0.6665,-0.6625,0.0000,0.0000,-1.5023,179.9986,-0.0009,179.9101
37.7330,searching,0.3323,-0.6653,-0.6628,0.0000,0.0000,-1.5036,179.9981,-0.0021,179.9095
37.7427,searching,0.3336,-0.6637,-0.6629,0.0000,0.0000,-1.5048,179.9981,-0.0021,179.9095
37.7528,searching,0.3355,-0.6622,-0.6629,0.0000,0.0000,-1.5061,179.9978,-0.0026,179.9096
37.7626,searching,0.3368,-0.6606,-0.6626,0.0000,0.0000,-1.5074,179.9985,-0.0011,179.9092
37.7736,searching,0.3374,-0.6585,-0.6619,0.0000,0.0000,-1.5086,179.9985,-0.0011,179.9092
37.7828,searching,0.3388,-0.6562,-0.6611,0.0000,0.0000,-1.5098,179.9984,-0.0014,179.9089
37.7927,searching,0.3400,-0.6542,-0.6604,0.0000,0.0000,-1.5110,179.9991,0.0004,179.9095
37.8026,searching,0.3405,-0.6519,-0.6596,0.0000,0.0000,-1.5122,179.9991,0.0004,179.9095
37.8132,searching,0.3414,-0.6494,-0.6590,0.0000,0.0000,-1.5134,179.9986,-0.0008,179.9101
37.8228,searching,0.3423,-0.6473,-0.6588,0.0000,0.0000,-1.5146,179.9992,0.0005,179.9095
37.8331,searching,0.3421,-0.6452,-0.6585,0.0000,0.0000,-1.5157,179.9992,0.0005,179.9095
37.8426,searching,0.3423,-0.6421,-0.6578,0.0000,0.0000,-1.5169,179.9997,0.0019,179.9097
37.8527,searching,0.3431,-0.6390,-0.6572,0.0000,0.0000,-1.5180,-179.9996,0.0035,179.9092
37.8633,searching,0.3433,-0.6366,-0.6568,0.0000,0.0000,-1.5192,-179.9996,0.0035,179.9092
37.8728,searching,0.3434,-0.6337,-0.6559,0.0000,0.0000,-1.5203,179.9990,0.0001,179.9080
37.8827,searching,0.3444,-0.6308,-0.6549,0.0000,0.0000,-1.5214,179.9994,0.0010,179.9078
37.8928,searching,0.3455,-0.6284,-0.6542,0.0000,0.0000,-1.5225,179.9994,0.0010,179.9078
37.9028,searching,0.3456,-0.6267,-0.6538,0.0000,0.0000,-1.5236,179.9987,-0.0006,179.9076
37.9128,searching,0.3457,-0.6245,-0.6534,0.0000,0.0000,-1.5246,179.9985,-0.0009,179.9075
37.9228,searching,0.3460,-0.6215,-0.6527,0.0000,0.0000,-1.5257,179.9985,-0.0009,179.9075
37.9326,searching,0.3455,-0.6179,-0.6512,0.0000,0.0000,-1.5267,179.9998,0.0019,179.9083
37.9427,searching,0.3443,-0.6136,-0.6491,0.0000,0.0000,-1.5277,179.9986,-0.0007,179.9092
37.9543,searching,0.3437,-0.6088,-0.6470,0.0000,0.0000,-1.5286,179.9986,-0.0007,179.9092
37.9643,searching,0.3429,-0.6049,-0.6456,0.0000,0.0000,-1.5295,179.9986,-0.0007,179.9092
37.9730,searching,0.3414,-0.6013,-0.6444,0.0000,0.0000,-1.5304,180.0000,0.0026,179.9087
37.9832,searching,0.3406,-0.5973,-0.6430,0.0000,0.0000,-1.5313,180.0000,0.0026,179.9087
37.9927,searching,0.3401,-0.5935,-0.6416,0.0000,0.0000,-1.5321,179.9995,-0.0001,179.9095
38.0053,searching,0.3389,-0.5898,-0.6400,0.0000,0.0000,-1.5329,179.9997,0.0004,179.9097
38.0128,searching,0.3376,-0.5856,-0.6380,0.0000,0.0000,-1.5337,179.9997,0.0004,179.9097
38.0228,searching,0.3365,-0.5812,-0.6359,0.0000,0.0000,-1.5344,179.9991,-0.0011,179.9090
38.0327,searching,0.3350,-0.5770,-0.6335,0.0000,0.0000,-1.5351,179.9995,-0.0001,179.9090
38.0428,searching,0.3332,-0.5722,-0.6309,0.0000,0.0000,-1.5357,179.9995,-0.0001,179.9090
38.0534,searching,0.3314,-0.5675,-0.6286,0.0000,0.0000,-1.5363,180.0000,0.0010,179.9080
38.0627,searching,0.3295,-0.5626,-0.6263,0.0000,0.0000,-1.5368,-179.9988,0.0037,179.9072
38.0728,searching,0.3281,-0.5578,-0.6241,0.0000,0.0000,-1.5373,-179.9988,0.0037,179.9072
38.0827,searching,0.3267,-0.5528,-0.6219,0.0000,0.0000,-1.5377,179.9998,0.0004,179.9076
38.0930,searching,0.3257,-0.5483,-0.6200,0.0000,0.0000,-1.5381,180.0000,0.0008,179.9082
38.1032,searching,0.3248,-0.5437,-0.6179,0.0000,0.0000,-1.5385,180.0000,0.0008,179.9082
38.1128,searching,0.3236,-0.5393,-0.6156,0.0000,0.0000,-1.5388,179.9991,-0.0012,179.9080
38.1226,searching,0.3220,-0.5344,-0.6129,0.0000,0.0000,-1.5390,179.9994,-0.0006,179.9079
38.1328,searching,0.3210,-0.5292,-0.6102,0.0000,0.0000,-1.5392,179.9994,-0.0006,179.9079
38.1430,searching,0.3199,-0.5241,-0.6077,0.0000,0.0000,-1.5394,179.9999,0.0005,179.9072
38.1526,searching,0.3176,-0.5197,-0.6055,0.0000,0.0000,-1.5395,-179.9995,0.0019,179.9071
38.1628,searching,0.3155,-0.5145,-0.6030,0.0000,0.0000,-1.5396,-179.9995,0.0019,179.9071
38.1727,searching,0.3141,-0.5086,-0.6002,0.0000,0.0000,-1.5396,179.9997,-0.0000,179.9064
38.1831,searching,0.3119,-0.5035,-0.5980,0.0000,0.0000,-1.5395,-179.9998,0.0011,179.9074
38.1927,searching,0.3090,-0.4984,-0.5957,0.0000,0.0000,-1.5394,-179.9998,0.0011,179.9074
38.2028,searching,0.3074,-0.4921,-0.5928,0.0000,0.0000,-1.5393,179.9989,-0.0019,179.9089
38.2126,searching,0.3062,-0.4869,-0.5904,0.0000,0.0000,-1.5391,179.9996,-0.0004,179.9098
38.2235,searching,0.3039,-0.4827,-0.5884,0.0000,0.0000,-1.5389,179.9996,-0.0004,179.9098
38.2332,searching,0.3028,-0.4777,-0.5865,0.0000,0.0000,-1.5386,179.9987,-0.0024,179.9097
38.2426,searching,0.3025,-0.4734,-0.5851,0.0000,0.0000,-1.5383,179.9986,-0.0027,179.9091
38.2527,searching,0.3010,-0.4701,-0.5840,0.0000,0.0000,-1.5380,179.9986,-0.0027,179.9091
38.2627,searching,0.2996,-0.4653,-0.5823,0.0000,0.0000,-1.5376,179.9977,-0.0050,179.9092
38.2730,searching,0.2992,-0.4607,-0.5810,0.0000,0.0000,-1.5372,179.9992,-0.0015,179.9088
38.2830,searching,0.2974,-0.4575,-0.5801,0.0000,0.0000,-1.5368,179.9992,-0.0015,179.9088
38.2927,searching,0.2955,-0.4530,-0.5785,0.0000,0.0000,-1.5364,179.9987,-0.0026,179.9082
38.3027,searching,0.2947,-0.4479,-0.5768,0.0000,0.0000,-1.5359,-179.9998,0.0007,179.9086
38.3131,searching,0.2930,-0.4448,-0.5761,0.0000,0.0000,-1.5355,-179.9998,0.0007,179.9086
38.3235,searching,0.2909,-0.4416,-0.5754,0.0000,0.0000,-1.5350,179.9992,-0.0016,179.9087
38.3327,searching,0.2899,-0.4375,-0.5747,0.0000,0.0000,-1.5345,179.9998,-0.0002,179.9090
38.3428,searching,0.2884,-0.4349,-0.5747,0.0000,0.0000,-1.5340,179.9998,-0.0002,179.9090
38.3527,searching,0.2864,-0.4320,-0.5742,0.0000,0.0000,-1.5334,179.9998,-0.0002,179.9090
38.3630,searching,0.2852,-0.4275,-0.5733,0.0000,0.0000,-1.5329,179.9990,-0.0022,179.9093
38.3728,searching,0.2838,-0.4233,-0.5725,0.0000,0.0000,-1.5324,179.9990,-0.0022,179.9093
38.3828,searching,0.2815,-0.4201,-0.5720,0.0000,0.0000,-1.5318,179.9995,-0.0010,179.9094
38.3926,searching,0.2791,-0.4158,-0.5709,0.0000,0.0000,-1.5312,179.9993,-0.0015,179.9091
38.4035,searching,0.2768,-0.4124,-0.5703,0.0000,0.0000,-1.5306,179.9993,-0.0015,179.9091
38.4127,searching,0.2744,-0.4093,-0.5698,0.0000,0.0000,-1.5300,-179.9994,0.0014,179.9083
38.4227,searching,0.2727,-0.4054,-0.5689,0.0000,0.0000,-1.5294,-179.9997,0.0005,179.9081
38.4326,searching,0.2708,-0.4018,-0.5679,0.0000,0.0000,-1.5288,-179.9997,0.0005,179.9081
38.4426,searching,0.2681,-0.3992,-0.5671,0.0000,0.0000,-1.5281,180.0000,-0.0001,179.9072
38.4532,searching,0.2661,-0.3958,-0.5659,0.0000,0.0000,-1.5274,180.0000,-0.0002,179.9070
38.4628,searching,0.2645,-0.3920,-0.5647,0.0000,0.0000,-1.5267,180.0000,-0.0002,179.9070
38.4727,searching,0.2627,-0.3891,-0.5640,0.0000,0.0000,-1.5260,179.9996,0.0001,179.9070
38.4827,searching,0.2605,-0.3862,-0.5636,0.0000,0.0000,-1.5253,179.9993,-0.0006,179.9084
38.4936,searching,0.2582,-0.3823,-0.5627,0.0000,0.0000,-1.5245,179.9993,-0.0006,179.9084
38.5029,searching,0.2557,-0.3786,-0.5619,0.0000,0.0000,-1.5238,179.9992,-0.0009,179.9081
38.5127,searching,0.2530,-0.3753,-0.5610,0.0000,0.0000,-1.5230,-179.9998,0.0013,179.9084
38.5228,searching,0.2504,-0.3719,-0.5599,0.0000,0.0000,-1.5222,-179.9998,0.0013,179.9084
38.5327,searching,0.2477,-0.3689,-0.5587,0.0000,0.0000,-1.5214,179.9998,0.0003,179.9085
38.5448,searching,0.2450,-0.3661,-0.5575,0.0000,0.0000,-1.5205,179.9999,0.0006,179.9079
38.5528,searching,0.2424,-0.3631,-0.5562,0.0000,0.0000,-1.5196,179.9999,0.0006,179.9079
38.5628,searching,0.2395,-0.3600,-0.5547,0.0000,0.0000,-1.5187,179.9988,-0.0020,179.9063
38.5726,searching,0.2365,-0.3568,-0.5530,0.0000,0.0000,-1.5178,179.9993,0.0005,179.9068
38.5831,searching,0.2341,-0.3532,-0.5512,0.0000,0.0000,-1.5168,179.9993,0.0005,179.9068
38.5930,searching,0.2317,-0.3500,-0.5499,0.0000,0.0000,-1.5158,179.9996,0.0010,179.9069
38.6028,searching,0.2287,-0.3475,-0.5490,0.0000,0.0000,-1.5148,180.0000,0.0019,179.9081
38.6127,searching,0.2262,-0.3438,-0.5474,0.0000,0.0000,-1.5137,180.0000,0.0019,179.9081
38.6227,searching,0.2238,-0.3399,-0.5458,0.0000,0.0000,-1.5126,179.9993,0.0002,179.9080
38.6331,searching,0.2209,-0.3371,-0.5443,0.0000,0.0000,-1.5115,179.9994,0.0003,179.9092
38.6431,searching,0.2182,-0.3340,-0.5425,0.0000,0.0000,-1.5104,179.9994,0.0003,179.9092
38.6527,searching,0.2156,-0.3304,-0.5404,0.0000,0.0000,-1.5092,179.9985,-0.0003,179.9082
38.6626,searching,0.2128,-0.3279,-0.5387,0.0000,0.0000,-1.5080,179.9995,0.0018,179.9087
38.6745,searching,0.2099,-0.3261,-0.5373,0.0000,0.0000,-1.5067,179.9995,0.0018,179.9087
38.6827,searching,0.2073,-0.3233,-0.5357,0.0000,0.0000,-1.5054,179.9988,0.0001,179.9079
38.6927,searching,0.2050,-0.3205,-0.5342,0.0000,0.0000,-1.5041,179.9996,0.0019,179.9088
38.7027,searching,0.2026,-0.3176,-0.5326,0.0000,0.0000,-1.5028,179.9996,0.0019,179.9088
38.7129,searching,0.0000,-0.3151,-0.5315,0.0000,0.0000,-1.5014,179.9990,0.0005,179.9074
38.7228,searching,0.0000,-0.3129,-0.5304,0.0000,0.0000,-1.5000,179.9990,0.0005,179.9074
38.7326,searching,0.0000,-0.3100,-0.5290,0.0000,0.0000,-1.4986,179.9990,0.0005,179.9074
38.7428,searching,0.0000,-0.3072,-0.5276,0.0000,0.0000,-1.4971,179.9986,0.0008,179.9079
38.7526,searching,0.0000,-0.3050,-0.5264,0.0000,0.0000,-1.4957,179.9982,-0.0001,179.9082
38.7634,searching,0.0000,-0.3029,-0.5250,0.0000,0.0000,-1.4942,179.9982,-0.0001,179.9082
38.7728,searching,0.0000,-0.3010,-0.5236,0.0000,0.0000,-1.4926,179.9981,-0.0005,179.9077
38.7827,searching,0.0000,-0.2990,-0.5217,0.0000,0.0000,-1.4911,179.9987,0.0009,179.9082
38.7926,searching,0.0000,-0.2975,-0.5203,0.0000,0.0000,-1.4895,179.9987,0.0009,179.9082
38.8033,searching,0.0000,-0.2964,-0.5192,0.0000,0.0000,-1.4879,179.9986,0.0007,179.9071
38.8127,searching,0.0000,-0.2947,-0.5181,0.0000,0.0000,-1.4862,179.9992,0.0019,179.9083
38.8228,searching,0.0000,-0.2929,-0.5173,0.0000,0.0000,-1.4846,179.9992,0.0019,179.9083
38.8328,searching,0.0000,-0.2920,-0.5171,0.0000,0.0000,-1.4829,179.9986,0.0006,179.9080
38.8426,searching,0.0000,-0.2913,-0.5167,0.0000,0.0000,-1.4812,179.9989,0.0011,179.9089
38.8532,searching,0.0000,-0.2907,-0.5168,0.0000,0.0000,-1.4796,179.9989,0.0011,179.9089
38.8628,searching,0.0000,-0.2910,-0.5173,0.0000,0.0000,-1.4779,179.9990,0.0011,179.9090
38.8727,searching,0.0000,-0.2908,-0.5176,0.0000,0.0000,-1.4763,179.9990,0.0013,179.9091
38.8827,searching,0.0000,-0.2901,-0.5179,0.0000,0.0000,-1.4746,179.9990,0.0013,179.9091
38.8934,searching,0.0000,-0.2896,-0.5182,0.0000,0.0000,-1.4730,179.9990,0.0012,179.9087
38.9031,searching,0.0000,-0.2888,-0.5183,0.0000,0.0000,-1.4714,179.9989,0.0009,179.9083
38.9128,searching,0.0000,-0.2883,-0.5186,0.0000,0.0000,-1.4697,179.9989,0.0009,179.9083
38.9227,searching,0.0000,-0.2887,-0.5194,0.0000,0.0000,-1.4681,179.9990,0.0009,179.9086
38.9327,searching,0.0000,-0.2889,-0.5203,0.0000,0.0000,-1.4665,179.9987,0.0003,179.9088
38.9434,searching,0.0000,-0.2890,-0.5211,0.0000,0.0000,-1.4649,179.9987,0.0003,179.9088
38.9528,searching,0.0000,-0.2901,-0.5227,0.0000,0.0000,-1.4634,179.9988,0.0003,179.9078
38.9627,searching,0.0000,-0.2919,-0.5246,0.0000,0.0000,-1.4619,179.9988,0.0003,179.9080
38.9728,searching,0.0000,-0.2936,-0.5264,0.0000,0.0000,-1.4604,179.9988,0.0003,179.9080
38.9833,searching,0.0000,-0.2954,-0.5280,0.0000,0.0000,-1.4590,179.9989,0.0005,179.9068
38.9935,searching,0.0000,-0.2973,-0.5295,0.0000,0.0000,-1.4576,179.9986,-0.0002,179.9083
39.0028,searching,0.0000,-0.2990,-0.5310,0.0000,0.0000,-1.4562,179.9986,-0.0002,179.9083
39.0127,searching,0.0000,-0.2996,-0.5322,0.0000,0.0000,-1.4548,179.9986,-0.0003,179.9086
39.0227,searching,0.0000,-0.3004,-0.5339,0.0000,0.0000,-1.4535,179.9982,-0.0014,179.9100
39.0331,searching,0.0000,-0.3021,-0.5363,0.0000,0.0000,-1.4522,179.9982,-0.0014,179.9100
39.0430,searching,0.0000,-0.3036,-0.5388,0.0000,0.0000,-1.4510,179.9982,-0.0014,179.9100
39.0526,searching,0.0000,-0.3047,-0.5414,0.0000,0.0000,-1.4498,179.9982,-0.0014,179.9090
39.0626,searching,0.0000,-0.3070,-0.5444,0.0000,0.0000,-1.4487,179.9982,-0.0014,179.9090
39.0727,searching,0.0000,-0.3097,-0.5475,0.0000,0.0000,-1.4477,179.9983,-0.0011,179.9075
39.0853,searching,0.0000,-0.3125,-0.5505,0.0000,0.0000,-1.4467,179.9987,-0.0003,179.9072
39.0929,searching,0.0000,-0.3167,-0.5543,0.0000,0.0000,-1.4458,179.9987,-0.0003,179.9072
39.1026,searching,0.0000,-0.3214,-0.5584,0.0000,0.0000,-1.4449,179.9987,-0.0003,179.9055
39.1127,searching,0.0000,-0.3256,-0.5626,0.0000,0.0000,-1.4442,179.9993,0.0009,179.9079
39.1227,searching,0.0000,-0.3295,-0.5667,0.0000,0.0000,-1.4435,179.9993,0.0009,179.9079
39.1331,searching,0.0000,-0.3327,-0.5706,0.0000,0.0000,-1.4429,179.9993,0.0010,179.9079
39.1426,searching,0.0000,-0.3355,-0.5746,0.0000,0.0000,-1.4424,179.9992,0.0005,179.9098
39.1526,searching,0.0000,-0.3379,-0.5782,0.0000,0.0000,-1.4420,179.9992,0.0005,179.9098
39.1627,searching,0.0000,-0.3409,-0.5820,0.0000,0.0000,-1.4416,179.9999,0.0021,179.9100
39.1739,searching,0.0000,-0.3448,-0.5862,0.0000,0.0000,-1.4414,179.9992,0.0005,179.9083
39.1827,searching,0.0000,-0.3495,-0.5906,0.0000,0.0000,-1.4412,179.9992,0.0005,179.9083
39.1927,searching,0.0000,-0.3551,-0.5951,0.0000,0.0000,-1.4411,179.9991,0.0002,179.9078
39.2027,searching,0.0000,-0.3611,-0.5998,0.0000,0.0000,-1.4411,179.9994,0.0008,179.9080
39.2129,searching,0.0000,-0.3673,-0.6044,0.0000,0.0000,-1.4412,179.9994,0.0008,179.9080
39.2234,searching,0.0000,-0.3735,-0.6091,0.0000,0.0000,-1.4413,179.9988,-0.0005,179.9088
39.2326,searching,0.0000,-0.3787,-0.6135,0.0000,0.0000,-1.4416,179.9997,0.0015,179.9087
39.2428,searching,0.0000,-0.3835,-0.6182,0.0000,0.0000,-1.4420,179.9997,0.0015,179.9087
39.2526,searching,0.0000,-0.3876,-0.6225,0.0000,0.0000,-1.4424,179.9997,0.0015,179.9087
39.2633,searching,0.0000,-0.3912,-0.6263,0.0000,0.0000,-1.4429,179.9990,-0.0001,179.9089
39.2728,searching,0.0000,-0.3946,-0.6300,0.0000,0.0000,-1.4435,179.9990,-0.0001,179.9089
39.2828,searching,0.0000,-0.3983,-0.6335,0.0000,0.0000,-1.4442,179.9998,0.0017,179.9078
39.2927,searching,0.0000,-0.4030,-0.6375,0.0000,0.0000,-1.4450,179.9994,0.0008,179.9074
39.3032,searching,0.0000,-0.4083,-0.6416,0.0000,0.0000,-1.4458,179.9994,0.0008,179.9074
39.3127,searching,0.0000,-0.4140,-0.6454,0.0000,0.0000,-1.4467,179.9995,0.0009,179.9073
39.3227,searching,0.0000,-0.4198,-0.6490,0.0000,0.0000,-1.4477,179.9996,0.0012,179.9068
39.3326,searching,0.0000,-0.4255,-0.6524,0.0000,0.0000,-1.4487,179.9996,0.0012,179.9068
39.3428,searching,0.0000,-0.4307,-0.6554,0.0000,0.0000,-1.4498,179.9992,0.0003,179.9059
39.3528,searching,0.0000,-0.4351,-0.6581,0.0000,0.0000,-1.4510,179.9993,0.0005,179.9080
39.3627,searching,0.0000,-0.4389,-0.6604,0.0000,0.0000,-1.4522,179.9993,0.0005,179.9080
39.3727,searching,0.0000,-0.4419,-0.6623,0.0000,0.0000,-1.4535,179.9997,0.0013,179.9082
39.3826,searching,0.0000,-0.4442,-0.6641,0.0000,0.0000,-1.4547,179.9990,-0.0002,179.9085
39.3936,searching,0.0000,-0.4465,-0.6654,0.0000,0.0000,-1.4561,179.9990,-0.0002,179.9085
39.4028,searching,0.0000,-0.4495,-0.6666,0.0000,0.0000,-1.4574,179.9988,-0.0008,179.9079
39.4127,searching,0.0000,-0.4522,-0.6671,0.0000,0.0000,-1.4587,179.9987,-0.0008,179.9069
39.4226,searching,0.0000,-0.4558,-0.6678,0.0000,0.0000,-1.4601,179.9987,-0.0008,179.9069
39.4332,searching,0.0000,-0.4602,-0.6686,0.0000,0.0000,-1.4615,179.9997,0.0012,179.9072
39.4428,searching,0.0000,-0.4640,-0.6691,0.0000,0.0000,-1.4628,179.9993,0.0003,179.9074
39.4528,searching,0.0000,-0.4675,-0.6697,0.0000,0.0000,-1.4642,179.9993,0.0003,179.9074
39.4628,searching,0.0000,-0.4704,-0.6698,0.0000,0.0000,-1.4656,179.9991,-0.0000,179.9083
39.4726,searching,0.0000,-0.4717,-0.6690,0.0000,0.0000,-1.4670,179.9991,-0.0001,179.9081
39.4833,searching,0.0000,-0.4724,-0.6679,0.0000,0.0000,-1.4684,179.9991,-0.0001,179.9081
39.4933,searching,0.0000,-0.4736,-0.6667,0.0000,0.0000,-1.4697,179.9996,0.0011,179.9081
39.5028,searching,0.0000,-0.4741,-0.6650,0.0000,0.0000,-1.4710,179.9997,0.0013,179.9078
39.5127,searching,0.0000,-0.4739,-0.6630,0.0000,0.0000,-1.4723,179.9997,0.0013,179.9078
39.5227,searching,0.0000,-0.4751,-0.6617,0.0000,0.0000,-1.4735,179.9997,0.0013,179.9078
39.5339,searching,0.0000,-0.4773,-0.6608,0.0000,0.0000,-1.4747,-179.9998,0.0024,179.9074
39.5428,searching,0.0000,-0.4784,-0.6588,0.0000,0.0000,-1.4759,-179.9998,0.0024,179.9074
39.5527,searching,0.0000,-0.4797,-0.6570,0.0000,0.0000,-1.4770,179.9990,-0.0002,179.9074
39.5627,searching,0.0000,-0.4816,-0.6557,0.0000,0.0000,-1.4781,179.9998,0.0016,179.9081
39.5734,searching,0.0000,-0.4831,-0.6543,0.0000,0.0000,-1.4792,179.9998,0.0016,179.9081
39.5828,searching,0.0000,-0.4839,-0.6527,0.0000,0.0000,-1.4803,179.9986,-0.0011,179.9077
39.5926,searching,0.0000,-0.4838,-0.6507,0.0000,0.0000,-1.4813,179.9994,0.0007,179.9074
39.6027,searching,0.0000,-0.4842,-0.6490,0.0000,0.0000,-1.4823,179.9994,0.0007,179.9074
39.6127,searching,0.0000,-0.4855,-0.6478,0.0000,0.0000,-1.4832,179.9987,-0.0007,179.9073
39.6234,searching,0.0000,-0.4863,-0.6462,0.0000,0.0000,-1.4842,179.9992,0.0003,179.9064
39.6328,searching,0.0000,-0.4871,-0.6444,0.0000,0.0000,-1.4850,179.9992,0.0003,179.9064
39.6428,searching,0.0000,-0.4886,-0.6432,0.0000,0.0000,-1.4859,-179.9996,0.0029,179.9072
39.6527,searching,0.0000,-0.4901,-0.6416,0.0000,0.0000,-1.4867,179.9985,-0.0011,179.9072
39.6632,searching,0.0000,-0.4912,-0.6401,0.0000,0.0000,-1.4875,179.9985,-0.0011,179.9072
39.6731,searching,0.0000,-0.4933,-0.6394,0.0000,0.0000,-1.4883,179.9996,0.0013,179.9082
39.6830,searching,0.0000,-0.4949,-0.6385,0.0000,0.0000,-1.4891,179.9984,-0.0013,179.9083
39.6932,searching,0.0000,-0.4959,-0.6376,0.0000,0.0000,-1.4898,179.9984,-0.0013,179.9083
39.7033,searching,0.0000,-0.4969,-0.6367,0.0000,0.0000,-1.4906,179.9988,-0.0004,179.9088
39.7129,searching,0.0000,-0.4974,-0.6357,0.0000,0.0000,-1.4913,179.9995,0.0012,179.9091
39.7228,searching,0.0000,-0.4976,-0.6348,0.0000,0.0000,-1.4920,179.9995,0.0012,179.9091
39.7327,searching,0.0000,-0.4985,-0.6339,0.0000,0.0000,-1.4927,-179.9991,0.0042,179.9096
39.7426,searching,0.0000,-0.5001,-0.6331,0.0000,0.0000,-1.4933,-179.9999,0.0025,179.9102
39.7539,searching,0.0000,-0.5013,-0.6323,0.0000,0.0000,-1.4940,-179.9999,0.0025,179.9102
39.7627,searching,0.0000,-0.5027,-0.6316,0.0000,0.0000,-1.4946,179.9993,0.0008,179.9100
39.7726,searching,0.0000,-0.5056,-0.6318,0.0000,0.0000,-1.4952,179.9993,0.0008,179.9100
39.7827,searching,0.0000,-0.5093,-0.6326,0.0000,0.0000,-1.4959,179.9993,0.0008,179.9100
39.7933,searching,0.0000,-0.5111,-0.6329,0.0000,0.0000,-1.4966,179.9993,0.0008,179.9100
39.8027,searching,0.0000,-0.5136,-0.6339,0.0000,0.0000,-1.4972,179.9996,0.0016,179.9091
39.8128,searching,0.0000,-0.5173,-0.6352,0.0000,0.0000,-1.4979,179.9996,0.0016,179.9091
39.8228,searching,0.0000,-0.5190,-0.6353,0.0000,0.0000,-1.4986,-179.9999,0.0027,179.9097
39.8326,searching,0.0000,-0.5197,-0.6351,0.0000,0.0000,-1.4993,179.9985,-0.0007,179.9085
39.8431,searching,0.0000,-0.5229,-0.6363,0.0000,0.0000,-1.5001,179.9985,-0.0007,179.9085
39.8528,searching,0.0000,-0.5257,-0.6372,0.0000,0.0000,-1.5008,-179.9994,0.0038,179.9091
39.8627,searching,0.0000,-0.5274,-0.6377,0.0000,0.0000,-1.5016,179.9986,-0.0004,179.9089
39.8727,searching,0.0000,-0.5303,-0.6388,0.0000,0.0000,-1.5023,179.9986,-0.0004,179.9089
39.8832,searching,0.0000,-0.5336,-0.6400,0.0000,0.0000,-1.5031,179.9993,0.0010,179.9100
39.8930,searching,0.0000,-0.5364,-0.6414,0.0000,0.0000,-1.5040,179.9997,0.0020,179.9094
39.9029,searching,0.0000,-0.5391,-0.6426,0.0000,0.0000,-1.5048,179.9997,0.0020,179.9094
39.9129,searching,0.0000,-0.5413,-0.6435,0.0000,0.0000,-1.5057,179.9999,0.0026,179.9090
39.9231,searching,0.0000,-0.5436,-0.6444,0.0000,0.0000,-1.5066,179.9982,-0.0011,179.9086
39.9331,searching,0.0000,-0.5453,-0.6450,0.0000,0.0000,-1.5075,179.9982,-0.0011,179.9086
39.9432,searching,0.0000,-0.5471,-0.6457,0.0000,0.0000,-1.5084,179.9993,0.0014,179.9080
39.9526,searching,0.0000,-0.5507,-0.6471,0.0000,0.0000,-1.5093,179.9986,-0.0002,179.9090
39.9626,searching,0.0000,-0.5538,-0.6482,0.0000,0.0000,-1.5103,179.9986,-0.0002,179.9090
39.9735,searching,0.0000,-0.5545,-0.6481,0.0000,0.0000,-1.5113,179.9993,0.0015,179.9079
39.9829,searching,0.0000,-0.5570,-0.6487,0.0000,0.0000,-1.5122,179.9996,0.0008,179.9097
39.9927,searching,0.0000,-0.5598,-0.6489,0.0000,0.0000,-1.5132,179.9996,0.0008,179.9097
40.0033,searching,0.0000,-0.5605,-0.6483,0.0000,0.0000,-1.5142,179.9988,-0.0009,179.9078
40.0132,searching,0.0000,-0.5613,-0.6477,0.0000,0.0000,-1.5151,179.9988,-0.0009,179.9078
40.0227,searching,0.0000,-0.5631,-0.6472,0.0000,0.0000,-1.5161,179.9988,-0.0009,179.9078
40.0327,searching,0.0000,-0.5637,-0.6460,0.0000,0.0000,-1.5170,179.9996,0.0011,179.9079
40.0427,searching,0.0000,-0.5635,-0.6448,0.0000,0.0000,-1.5179,179.9971,-0.0046,179.9072
40.0526,searching,0.0000,-0.5639,-0.6436,0.0000,0.0000,-1.5188,179.9971,-0.0046,179.9072
40.0632,searching,0.0000,-0.5643,-0.6422,0.0000,0.0000,-1.5196,179.9993,0.0004,179.9082
40.0727,searching,0.0000,-0.5636,-0.6404,0.0000,0.0000,-1.5204,-179.9998,0.0025,179.9077
40.0828,searching,0.0000,-0.5625,-0.6385,0.0000,0.0000,-1.5212,-179.9998,0.0025,179.9077
40.0928,searching,0.2001,-0.5626,-0.6369,0.0000,0.0000,-1.5219,179.9995,0.0011,179.9086
40.1027,searching,0.2005,-0.5624,-0.6349,0.0000,0.0000,-1.5226,179.9993,0.0008,179.9084
40.1131,searching,0.2019,-0.5612,-0.6325,0.0000,0.0000,-1.5233,179.9993,0.0008,179.9084
40.1227,searching,0.2034,-0.5612,-0.6308,0.0000,0.0000,-1.5239,179.9988,-0.0003,179.9084
40.1327,searching,0.2033,-0.5621,-0.6289,0.0000,0.0000,-1.5245,179.9983,-0.0014,179.9087
40.1427,searching,0.2038,-0.5606,-0.6256,0.0000,0.0000,-1.5250,179.9983,-0.0014,179.9087
40.1541,searching,0.2049,-0.5593,-0.6227,0.0000,0.0000,-1.5254,179.9995,0.0013,179.9088
40.1627,searching,0.2046,-0.5594,-0.6198,0.0000,0.0000,-1.5258,179.9997,0.0020,179.9090
40.1727,searching,0.2049,-0.5576,-0.6162,0.0000,0.0000,-1.5262,179.9997,0.0020,179.9090
40.1827,searching,0.2060,-0.5556,-0.6129,0.0000,0.0000,-1.5264,179.9998,0.0022,179.9076
40.1930,searching,0.2056,-0.5549,-0.6096,0.0000,0.0000,-1.5266,180.0000,0.0028,179.9085
40.2028,searching,0.2053,-0.5529,-0.6055,0.0000,0.0000,-1.5267,180.0000,0.0028,179.9085
40.2128,searching,0.2057,-0.5499,-0.6012,0.0000,0.0000,-1.5267,179.9984,-0.0009,179.9078
40.2227,searching,0.2056,-0.5480,-0.5975,0.0000,0.0000,-1.5267,179.9992,-0.0003,179.9086
40.2327,searching,0.2051,-0.5472,-0.5944,0.0000,0.0000,-1.5266,179.9992,-0.0003,179.9086
40.2431,searching,0.2050,-0.5452,-0.5908,0.0000,0.0000,-1.5264,179.9986,-0.0015,179.9066
40.2527,searching,0.2057,-0.5431,-0.5872,0.0000,0.0000,-1.5261,179.9997,0.0009,179.9059
40.2626,searching,0.2063,-0.5421,-0.5842,0.0000,0.0000,-1.5258,179.9997,0.0009,179.9059
40.2726,searching,0.2060,-0.5426,-0.5819,0.0000,0.0000,-1.5255,179.9998,0.0013,179.9066
40.2829,searching,0.2063,-0.5423,-0.5792,0.0000,0.0000,-1.5250,-179.9999,0.0021,179.9079
40.2928,searching,0.2081,-0.5414,-0.5766,0.0000,0.0000,-1.5246,-179.9999,0.0021,179.9079
40.3026,searching,0.2089,-0.5410,-0.5740,0.0000,0.0000,-1.5241,179.9994,0.0005,179.9086
40.3126,searching,0.2084,-0.5410,-0.5717,0.0000,0.0000,-1.5235,179.9992,-0.0012,179.9090
40.3229,searching,0.2084,-0.5396,-0.5688,0.0000,0.0000,-1.5229,179.9992,-0.0012,179.9090
40.3328,searching,0.2091,-0.5377,-0.5659,0.0000,0.0000,-1.5222,179.9991,-0.0014,179.9082
40.3427,searching,0.2092,-0.5367,-0.5632,0.0000,0.0000,-1.5214,179.9998,0.0003,179.9085
40.3526,searching,0.2090,-0.5360,-0.5604,0.0000,0.0000,-1.5207,179.9998,0.0003,179.9085
40.3626,searching,0.2091,-0.5349,-0.5574,0.0000,0.0000,-1.5198,-179.9997,0.0015,179.9073
40.3735,searching,0.2093,-0.5342,-0.5544,0.0000,0.0000,-1.5189,-179.9992,0.0026,179.9081
40.3827,searching,0.2099,-0.5336,-0.5513,0.0000,0.0000,-1.5179,-179.9992,0.0026,179.9081
40.3927,searching,0.2103,-0.5321,-0.5475,0.0000,0.0000,-1.5169,-179.9992,0.0026,179.9081
40.4026,searching,0.2106,-0.5303,-0.5438,0.0000,0.0000,-1.5157,180.0000,0.0010,179.9069
40.4130,searching,0.2111,-0.5286,-0.5401,0.0000,0.0000,-1.5145,180.0000,0.0010,179.9069
40.4231,searching,0.2116,-0.5262,-0.5362,0.0000,0.0000,-1.5133,179.9999,0.0008,179.9081
40.4327,searching,0.2122,-0.5229,-0.5323,0.0000,0.0000,-1.5119,179.9998,0.0007,179.9086
40.4426,searching,0.2127,-0.5213,-0.5294,0.0000,0.0000,-1.5105,179.9998,0.0007,179.9086
40.4527,searching,0.2131,-0.5202,-0.5264,0.0000,0.0000,-1.5090,-179.9998,0.0017,179.9087
40.4629,searching,0.2141,-0.5184,-0.5234,0.0000,0.0000,-1.5075,-179.9999,0.0014,179.9085
40.4726,searching,0.2154,-0.5182,-0.5208,0.0000,0.0000,-1.5059,-179.9999,0.0014,179.9085
40.4827,searching,0.2164,-0.5183,-0.5182,0.0000,0.0000,-1.5043,-179.9998,0.0018,179.9086
40.4926,searching,0.2176,-0.5177,-0.5156,0.0000,0.0000,-1.5026,179.9999,0.0011,179.9091
40.5041,searching,0.2190,-0.5177,-0.5138,0.0000,0.0000,-1.5009,179.9999,0.0011,179.9091
40.5141,searching,0.2202,-0.5180,-0.5124,0.0000,0.0000,-1.4991,179.9998,0.0010,179.9085
40.5227,searching,0.2211,-0.5170,-0.5105,0.0000,0.0000,-1.4973,179.9998,0.0010,179.9077
40.5326,searching,0.2219,-0.5157,-0.5085,0.0000,0.0000,-1.4955,179.9998,0.0010,179.9077
40.5426,searching,0.2228,-0.5150,-0.5067,0.0000,0.0000,-1.4936,179.9996,0.0008,179.9087
40.5548,searching,0.2238,-0.5137,-0.5044,0.0000,0.0000,-1.4917,179.9999,0.0015,179.9075
40.5628,searching,0.2250,-0.5129,-0.5022,0.0000,0.0000,-1.4898,179.9999,0.0015,179.9075
40.5726,searching,0.2266,-0.5127,-0.5002,0.0000,0.0000,-1.4878,179.9999,0.0015,179.9075
40.5826,searching,0.2282,-0.5125,-0.4982,0.0000,0.0000,-1.4857,179.9998,0.0015,179.9073
40.5927,searching,0.2296,-0.5120,-0.4966,0.0000,0.0000,-1.4837,179.9998,0.0015,179.9073
40.6035,searching,0.2308,-0.5119,-0.4954,0.0000,0.0000,-1.4816,179.9998,0.0015,179.9073
40.6129,searching,0.2325,-0.5119,-0.4945,0.0000,0.0000,-1.4795,-179.9999,0.0021,179.9082
40.6229,searching,0.2341,-0.5120,-0.4942,0.0000,0.0000,-1.4773,-179.9999,0.0021,179.9082
40.6326,searching,0.2358,-0.5127,-0.4943,0.0000,0.0000,-1.4752,179.9999,0.0017,179.9087
40.6432,searching,0.2379,-0.5136,-0.4947,0.0000,0.0000,-1.4731,179.9989,-0.0004,179.9090
40.6530,searching,0.2401,-0.5145,-0.4955,0.0000,0.0000,-1.4710,179.9989,-0.0004,179.9090
40.6629,searching,0.2424,-0.5163,-0.4971,0.0000,0.0000,-1.4690,179.9989,-0.0004,179.9090
40.6726,searching,0.2451,-0.5185,-0.4991,0.0000,0.0000,-1.4670,179.9988,-0.0007,179.9082
40.6830,searching,0.2472,-0.5201,-0.5010,0.0000,0.0000,-1.4650,179.9988,-0.0007,179.9082
40.6928,searching,0.2495,-0.5225,-0.5036,0.0000,0.0000,-1.4630,179.9986,-0.0011,179.9079
40.7026,searching,0.2523,-0.5249,-0.5064,0.0000,0.0000,-1.4612,179.9980,-0.0023,179.9081
40.7126,searching,0.2549,-0.5269,-0.5093,0.0000,0.0000,-1.4594,179.9980,-0.0023,179.9081
40.7228,searching,0.2571,-0.5287,-0.5121,0.0000,0.0000,-1.4576,179.9982,-0.0018,179.9065
40.7329,searching,0.2601,-0.5312,-0.5156,0.0000,0.0000,-1.4559,179.9976,-0.0032,179.9071
40.7427,searching,0.2629,-0.5335,-0.5190,0.0000,0.0000,-1.4543,179.9976,-0.0032,179.9071
40.7526,searching,0.2652,-0.5355,-0.5224,0.0000,0.0000,-1.4527,179.9981,-0.0020,179.9068
40.7626,searching,0.2680,-0.5375,-0.5260,0.0000,0.0000,-1.4513,179.9977,-0.0029,179.9091
40.7747,searching,0.2707,-0.5393,-0.5295,0.0000,0.0000,-1.4499,179.9977,-0.0029,179.9091
40.7827,searching,0.2731,-0.5413,-0.5331,0.0000,0.0000,-1.4485,179.9978,-0.0026,179.9083
40.7927,searching,0.2761,-0.5434,-0.5367,0.0000,0.0000,-1.4472,179.9975,-0.0033,179.9081
40.8026,searching,0.2791,-0.5453,-0.5402,0.0000,0.0000,-1.4461,179.9975,-0.0033,179.9081
40.8128,searching,0.2816,-0.5476,-0.5438,0.0000,0.0000,-1.4449,179.9985,-0.0009,179.9080
40.8228,searching,0.2846,-0.5499,-0.5474,0.0000,0.0000,-1.4439,179.9984,-0.0010,179.9076
40.8326,searching,0.2878,-0.5520,-0.5508,0.0000,0.0000,-1.4429,179.9984,-0.0010,179.9076
40.8426,searching,0.2902,-0.5540,-0.5542,0.0000,0.0000,-1.4420,179.9992,0.0008,179.9080
40.8527,searching,0.2928,-0.5556,-0.5576,0.0000,0.0000,-1.4411,179.9985,-0.0008,179.9081
40.8628,searching,0.2961,-0.5568,-0.5610,0.0000,0.0000,-1.4403,179.9985,-0.0008,179.9081
40.8727,searching,0.2990,-0.5581,-0.5645,0.0000,0.0000,-1.4396,179.9989,0.0002,179.9079
40.8826,searching,0.3015,-0.5594,-0.5680,0.0000,0.0000,-1.4390,179.9982,-0.0014,179.9080
40.8927,searching,0.3045,-0.5609,-0.5714,0.0000,0.0000,-1.4384,179.9982,-0.0014,179.9080
40.9039,searching,0.3072,-0.5628,-0.5748,0.0000,0.0000,-1.4379,179.9991,0.0006,179.9078
40.9127,searching,0.3098,-0.5642,-0.5779,0.0000,0.0000,-1.4375,179.9996,0.0017,179.9072
40.9226,searching,0.3129,-0.5654,-0.5807,0.0000,0.0000,-1.4371,179.9996,0.0017,179.9072
40.9326,searching,0.3154,-0.5669,-0.5838,0.0000,0.0000,-1.4368,179.9991,0.0008,179.9072
40.9430,searching,0.3176,-0.5678,-0.5866,0.0000,0.0000,-1.4365,179.9986,-0.0005,179.9079
40.9528,searching,0.3205,-0.5681,-0.5890,0.0000,0.0000,-1.4363,179.9986,-0.0005,179.9079
40.9628,searching,0.3230,-0.5687,-0.5916,0.0000,0.0000,-1.4361,179.9990,0.0005,179.9081
40.9728,searching,0.3244,-0.5689,-0.5936,0.0000,0.0000,-1.4360,179.9978,-0.0023,179.9078
40.9826,searching,0.3269,-0.5687,-0.5955,0.0000,0.0000,-1.4359,179.9978,-0.0023,179.9078
40.9941,searching,0.3295,-0.5692,-0.5977,0.0000,0.0000,-1.4359,179.9978,-0.0023,179.9078
41.0027,searching,0.3311,-0.5701,-0.6003,0.0000,0.0000,-1.4359,179.9986,-0.0005,179.9077
41.0127,searching,0.3335,-0.5708,-0.6026,0.0000,0.0000,-1.4359,179.9986,-0.0005,179.9077
41.0233,searching,0.3366,-0.5719,-0.6053,0.0000,0.0000,-1.4360,179.9980,-0.0018,179.9090
41.0328,searching,0.3385,-0.5728,-0.6077,0.0000,0.0000,-1.4362,179.9987,-0.0001,179.9092
41.0427,searching,0.3405,-0.5728,-0.6096,0.0000,0.0000,-1.4364,179.9987,-0.0001,179.9092
41.0527,searching,0.3430,-0.5729,-0.6117,0.0000,0.0000,-1.4366,179.9992,-0.0005,179.9099
41.0626,searching,0.3443,-0.5729,-0.6135,0.0000,0.0000,-1.4369,-179.9999,0.0016,179.9102
41.0727,searching,0.3457,-0.5719,-0.6150,0.0000,0.0000,-1.4372,-179.9999,0.0016,179.9102
41.0830,searching,0.3480,-0.5712,-0.6169,0.0000,0.0000,-1.4375,179.9993,-0.0003,179.9100
41.0927,searching,0.3492,-0.5713,-0.6189,0.0000,0.0000,-1.4379,179.9989,-0.0011,179.9086
41.1028,searching,0.3505,-0.5709,-0.6207,0.0000,0.0000,-1.4383,179.9989,-0.0011,179.9086
41.1127,searching,0.3531,-0.5699,-0.6220,0.0000,0.0000,-1.4387,179.9982,-0.0027,179.9093
41.1227,searching,0.3550,-0.5695,-0.6235,0.0000,0.0000,-1.4392,179.9993,-0.0002,179.9092
41.1332,searching,0.3560,-0.5687,-0.6249,0.0000,0.0000,-1.4397,179.9993,-0.0002,179.9092
41.1427,searching,0.3579,-0.5678,-0.6267,0.0000,0.0000,-1.4402,179.9986,-0.0018,179.9099
41.1526,searching,0.3594,-0.5675,-0.6290,0.0000,0.0000,-1.4408,179.9998,0.0010,179.9102
41.1626,searching,0.3601,-0.5669,-0.6312,0.0000,0.0000,-1.4414,179.9998,0.0010,179.9102
41.1728,searching,0.3612,-0.5651,-0.6331,0.0000,0.0000,-1.4421,179.9994,-0.0000,179.9099
41.1829,searching,0.3620,-0.5636,-0.6347,0.0000,0.0000,-1.4428,179.9985,-0.0021,179.9094
41.1927,searching,0.3625,-0.5615,-0.6359,0.0000,0.0000,-1.4435,179.9985,-0.0021,179.9094
41.2027,searching,0.3640,-0.5589,-0.6372,0.0000,0.0000,-1.4443,179.9991,-0.0008,179.9091
41.2127,searching,0.3649,-0.5576,-0.6388,0.0000,0.0000,-1.4450,-179.9999,0.0015,179.9088
41.2232,searching,0.3648,-0.5566,-0.6403,0.0000,0.0000,-1.4458,-179.9999,0.0015,179.9088
41.2327,searching,0.3660,-0.5541,-0.6410,0.0000,0.0000,-1.4467,179.9992,-0.0006,179.9084
41.2427,searching,0.3670,-0.5525,-0.6422,0.0000,0.0000,-1.4475,-179.9995,0.0023,179.9083
41.2527,searching,0.3664,-0.5514,-0.6434,0.0000,0.0000,-1.4484,-179.9995,0.0023,179.9083
41.2628,searching,0.3664,-0.5485,-0.6437,0.0000,0.0000,-1.4492,179.9986,-0.0020,179.9084
41.2728,searching,0.3669,-0.5457,-0.6445,0.0000,0.0000,-1.4501,179.9992,-0.0008,179.9084
41.2826,searching,0.3660,-0.5435,-0.6453,0.0000,0.0000,-1.4510,179.9992,-0.0008,179.9084
41.2927,searching,0.3652,-0.5396,-0.6453,0.0000,0.0000,-1.4519,179.9989,-0.0016,179.9071
41.3026,searching,0.3651,-0.5350,-0.6448,0.0000,0.0000,-1.4528,179.9990,0.0002,179.9066
41.3140,searching,0.3643,-0.5312,-0.6446,0.0000,0.0000,-1.4537,179.9990,0.0002,179.9066
41.3230,searching,0.3626,-0.5279,-0.6445,0.0000,0.0000,-1.4546,179.9990,-0.0000,179.9059
41.3330,searching,0.3616,-0.5238,-0.6438,0.0000,0.0000,-1.4555,179.9991,0.0002,179.9065
41.3429,searching,0.3612,-0.5193,-0.6430,0.0000,0.0000,-1.4564,179.9991,0.0002,179.9065
41.3528,searching,0.3601,-0.5157,-0.6425,0.0000,0.0000,-1.4572,179.9995,0.0013,179.9070
41.3628,searching,0.3587,-0.5122,-0.6422,0.0000,0.0000,-1.4580,179.9995,0.0013,179.9070
41.3726,searching,0.3575,-0.5078,-0.6415,0.0000,0.0000,-1.4589,179.9995,0.0013,179.9070
41.3827,searching,0.3559,-0.5037,-0.6411,0.0000,0.0000,-1.4597,179.9976,-0.0034,179.9053
41.3926,searching,0.3541,-0.4995,-0.6404,0.0000,0.0000,-1.4605,179.9988,-0.0006,179.9073
41.4036,searching,0.3525,-0.4951,-0.6395,0.0000,0.0000,-1.4613,179.9988,-0.0006,179.9073
41.4128,searching,0.3504,-0.4916,-0.6394,0.0000,0.0000,-1.4621,179.9974,-0.0038,179.9066
41.4227,searching,0.3479,-0.4884,-0.6394,0.0000,0.0000,-1.4629,179.9992,0.0002,179.9068
41.4326,searching,0.3464,-0.4847,-0.6390,0.0000,0.0000,-1.4637,179.9992,0.0002,179.9068
41.4434,searching,0.3445,-0.4813,-0.6387,0.0000,0.0000,-1.4644,179.9991,0.0001,179.9068
41.4528,searching,0.3417,-0.4782,-0.6381,0.0000,0.0000,-1.4652,179.9996,0.0011,179.9070
41.4627,searching,0.3392,-0.4741,-0.6369,0.0000,0.0000,-1.4659,179.9996,0.0011,179.9070
41.4726,searching,0.3365,-0.4691,-0.6350,0.0000,0.0000,-1.4666,179.9988,-0.0010,179.9076
41.4827,searching,0.3336,-0.4640,-0.6331,0.0000,0.0000,-1.4673,179.9993,0.0003,179.9064
41.4931,searching,0.3304,-0.4591,-0.6314,0.0000,0.0000,-1.4679,179.9993,0.0003,179.9064
41.5030,searching,0.3267,-0.4543,-0.6296,0.0000,0.0000,-1.4685,179.9982,-0.0024,179.9055
41.5131,searching,0.3236,-0.4491,-0.6278,0.0000,0.0000,-1.4691,-179.9993,0.0033,179.9052
41.5231,searching,0.3211,-0.4442,-0.6260,0.0000,0.0000,-1.4696,-179.9993,0.0033,179.9052
41.5331,searching,0.3179,-0.4399,-0.6245,0.0000,0.0000,-1.4701,-179.9999,0.0020,179.9058
41.5427,searching,0.3144,-0.4356,-0.6226,0.0000,0.0000,-1.4705,179.9998,0.0011,179.9053
41.5528,searching,0.3116,-0.4302,-0.6199,0.0000,0.0000,-1.4709,179.9998,0.0011,179.9053
41.5627,searching,0.3088,-0.4251,-0.6175,0.0000,0.0000,-1.4713,179.9996,0.0007,179.9044
41.5726,searching,0.3054,-0.4206,-0.6150,0.0000,0.0000,-1.4716,179.9990,-0.0008,179.9066
41.5855,searching,0.3023,-0.4158,-0.6126,0.0000,0.0000,-1.4718,179.9990,-0.0008,179.9066
41.5927,searching,0.2993,-0.4107,-0.6102,0.0000,0.0000,-1.4720,179.9988,-0.0015,179.9074
41.6027,searching,0.2960,-0.4064,-0.6082,0.0000,0.0000,-1.4722,179.9994,0.0012,179.9087
41.6126,searching,0.2926,-0.4020,-0.6060,0.0000,0.0000,-1.4723,179.9994,0.0012,179.9087
41.6229,searching,0.2897,-0.3961,-0.6032,0.0000,0.0000,-1.4724,179.9987,-0.0004,179.9086
41.6327,searching,0.2864,-0.3913,-0.6010,0.0000,0.0000,-1.4724,179.9990,0.0002,179.9091
41.6427,searching,0.2823,-0.3877,-0.5989,0.0000,0.0000,-1.4724,179.9990,0.0002,179.9091
41.6527,searching,0.2788,-0.3827,-0.5961,0.0000,0.0000,-1.4723,179.9986,-0.0008,179.9079
41.6626,searching,0.2762,-0.3775,-0.5934,0.0000,0.0000,-1.4722,179.9992,0.0005,179.9083
41.6733,searching,0.2726,-0.3743,-0.5915,0.0000,0.0000,-1.4720,179.9992,0.0005,179.9083
41.6827,searching,0.2689,-0.3698,-0.5888,0.0000,0.0000,-1.4718,179.9986,-0.0009,179.9077
41.6927,searching,0.2662,-0.3648,-0.5865,0.0000,0.0000,-1.4715,179.9992,0.0004,179.9084
41.7026,searching,0.2629,-0.3612,-0.5847,0.0000,0.0000,-1.4712,179.9992,0.0004,179.9084
41.7126,searching,0.2592,-0.3564,-0.5821,0.0000,0.0000,-1.4708,179.9993,0.0004,179.9085
41.7231,searching,0.2564,-0.3511,-0.5796,0.0000,0.0000,-1.4704,179.9992,0.0002,179.9091
41.7329,searching,0.2528,-0.3473,-0.5776,0.0000,0.0000,-1.4700,179.9992,0.0002,179.9091
41.7429,searching,0.2490,-0.3423,-0.5746,0.0000,0.0000,-1.4695,179.9992,0.0002,179.9091
41.7529,searching,0.2461,-0.3360,-0.5714,0.0000,0.0000,-1.4689,179.9983,-0.0007,179.9078
41.7638,searching,0.2428,-0.3317,-0.5692,0.0000,0.0000,-1.4683,179.9983,-0.0007,179.9078
41.7729,searching,0.2389,-0.3289,-0.5678,0.0000,0.0000,-1.4676,179.9984,-0.0003,179.9075
41.7829,searching,0.2357,-0.3254,-0.5666,0.0000,0.0000,-1.4670,179.9980,-0.0014,179.9071
41.7927,searching,0.2329,-0.3228,-0.5658,0.0000,0.0000,-1.4663,179.9980,-0.0014,179.9071
41.8030,searching,0.2299,-0.3208,-0.5648,0.0000,0.0000,-1.4656,179.9990,0.0007,179.9087
41.8131,searching,0.2269,-0.3174,-0.5630,0.0000,0.0000,-1.4648,179.9989,0.0005,179.9082
41.8227,searching,0.2236,-0.3137,-0.5612,0.0000,0.0000,-1.4641,179.9989,0.0005,179.9082
41.8326,searching,0.2199,-0.3109,-0.5596,0.0000,0.0000,-1.4633,179.9986,-0.0004,179.9086
41.8427,searching,0.2166,-0.3066,-0.5578,0.0000,0.0000,-1.4624,179.9987,-0.0002,179.9089
41.8534,searching,0.2131,-0.3027,-0.5566,0.0000,0.0000,-1.4616,179.9987,-0.0002,179.9089
41.8629,searching,0.2092,-0.3002,-0.5561,0.0000,0.0000,-1.4607,179.9994,0.0014,179.9094
41.8730,searching,0.2056,-0.2969,-0.5555,0.0000,0.0000,-1.4598,179.9994,0.0013,179.9081
41.8826,searching,0.2021,-0.2928,-0.5545,0.0000,0.0000,-1.4589,179.9994,0.0013,179.9081
41.8936,searching,0.0000,-0.2905,-0.5541,0.0000,0.0000,-1.4580,179.9997,0.0018,179.9085
41.9027,searching,0.0000,-0.2884,-0.5536,0.0000,0.0000,-1.4570,179.9992,0.0007,179.9081
41.9129,searching,0.0000,-0.2856,-0.5528,0.0000,0.0000,-1.4561,179.9992,0.0007,179.9081
41.9226,searching,0.0000,-0.2844,-0.5524,0.0000,0.0000,-1.4551,179.9984,0.0001,179.9076
41.9329,searching,0.0000,-0.2830,-0.5522,0.0000,0.0000,-1.4542,179.9983,-0.0003,179.9071
41.9429,searching,0.0000,-0.2814,-0.5523,0.0000,0.0000,-1.4532,179.9983,-0.0003,179.9071
41.9526,searching,0.0000,-0.2808,-0.5529,0.0000,0.0000,-1.4523,179.9983,-0.0003,179.9071
41.9630,searching,0.0000,-0.2798,-0.5532,0.0000,0.0000,-1.4513,179.9984,-0.0001,179.9082
41.9729,searching,0.0000,-0.2775,-0.5531,0.0000,0.0000,-1.4504,179.9984,-0.0001,179.9082
41.9841,searching,0.0000,-0.2762,-0.5534,0.0000,0.0000,-1.4495,179.9985,-0.0000,179.9074
41.9927,searching,0.0000,-0.2751,-0.5538,0.0000,0.0000,-1.4485,179.9992,0.0016,179.9088
42.0026,searching,0.0000,-0.2734,-0.5541,0.0000,0.0000,-1.4476,179.9992,0.0016,179.9088
42.0126,searching,0.0000,-0.2730,-0.5550,0.0000,0.0000,-1.4467,179.9986,0.0001,179.9095
42.0231,searching,0.0000,-0.2731,-0.5560,0.0000,0.0000,-1.4459,179.9988,0.0005,179.9093
42.0333,searching,0.0000,-0.2732,-0.5570,0.0000,0.0000,-1.4450,179.9988,0.0005,179.9093
42.0427,searching,0.0000,-0.2741,-0.5588,0.0000,0.0000,-1.4442,179.9984,-0.0004,179.9080
42.0526,searching,0.0000,-0.2763,-0.5611,0.0000,0.0000,-1.4434,179.9989,0.0005,179.9085
42.0626,searching,0.0000,-0.2775,-0.5629,0.0000,0.0000,-1.4426,179.9989,0.0005,179.9085
42.0730,searching,0.0000,-0.2781,-0.5646,0.0000,0.0000,-1.4419,179.9989,0.0005,179.9078
42.0830,searching,0.0000,-0.2795,-0.5666,0.0000,0.0000,-1.4413,179.9990,0.0006,179.9083
42.0929,searching,0.0000,-0.2799,-0.5682,0.0000,0.0000,-1.4406,179.9990,0.0006,179.9083
42.1029,searching,0.0000,-0.2801,-0.5701,0.0000,0.0000,-1.4400,179.9990,0.0006,179.9075
42.1126,searching,0.0000,-0.2817,-0.5729,0.0000,0.0000,-1.4395,179.9987,-0.0001,179.9087
42.1251,searching,0.0000,-0.2832,-0.5755,0.0000,0.0000,-1.4390,179.9987,-0.0001,179.9087
42.1327,searching,0.0000,-0.2844,-0.5783,0.0000,0.0000,-1.4386,179.9988,-0.0000,179.9074
42.1427,searching,0.0000,-0.2870,-0.5816,0.0000,0.0000,-1.4382,179.9988,-0.0000,179.9089
42.1526,searching,0.0000,-0.2908,-0.5853,0.0000,0.0000,-1.4379,179.9988,-0.0000,179.9089
42.1626,searching,0.0000,-0.2944,-0.5889,0.0000,0.0000,-1.4377,179.9984,-0.0010,179.9087
42.1727,searching,0.0000,-0.2982,-0.5924,0.0000,0.0000,-1.4375,179.9982,-0.0016,179.9083
42.1826,searching,0.0000,-0.3030,-0.5962,0.0000,0.0000,-1.4375,179.9982,-0.0016,179.9083
42.1929,searching,0.0000,-0.3072,-0.5999,0.0000,0.0000,-1.4375,179.9979,-0.0023,179.9072
42.2028,searching,0.0000,-0.3110,-0.6035,0.0000,0.0000,-1.4375,179.9979,-0.0023,179.9085
42.2139,searching,0.0000,-0.3155,-0.6077,0.0000,0.0000,-1.4377,179.9979,-0.0023,179.9085
42.2229,searching,0.0000,-0.3195,-0.6120,0.0000,0.0000,-1.4379,179.9979,-0.0023,179.9085
42.2329,searching,0.0000,-0.3234,-0.6161,0.0000,0.0000,-1.4382,179.9982,-0.0017,179.9074
42.2429,searching,0.0000,-0.3278,-0.6204,0.0000,0.0000,-1.4387,179.9982,-0.0017,179.9074
42.2530,searching,0.0000,-0.3323,-0.6246,0.0000,0.0000,-1.4391,179.9985,-0.0012,179.9079
42.2627,searching,0.0000,-0.3367,-0.6287,0.0000,0.0000,-1.4397,179.9984,-0.0013,179.9074
42.2726,searching,0.0000,-0.3420,-0.6333,0.0000,0.0000,-1.4404,179.9984,-0.0013,179.9074
42.2826,searching,0.0000,-0.3469,-0.6376,0.0000,0.0000,-1.4411,179.9986,-0.0009,179.9091
42.2926,searching,0.0000,-0.3513,-0.6416,0.0000,0.0000,-1.4420,179.9988,-0.0006,179.9087
42.3031,searching,0.0000,-0.3554,-0.6455,0.0000,0.0000,-1.4429,179.9988,-0.0006,179.9087
42.3127,searching,0.0000,-0.3600,-0.6495,0.0000,0.0000,-1.4439,179.9984,-0.0014,179.9092
42.3226,searching,0.0000,-0.3644,-0.6534,0.0000,0.0000,-1.4449,179.9990,-0.0003,179.9096
42.3326,searching,0.0000,-0.3688,-0.6574,0.0000,0.0000,-1.4461,179.9990,-0.0003,179.9096
42.3431,searching,0.0000,-0.3734,-0.6613,0.0000,0.0000,-1.4473,179.9991,0.0001,179.9092
42.3527,searching,0.0000,-0.3782,-0.6652,0.0000,0.0000,-1.4486,179.9996,0.0011,179.9077
42.3627,searching,0.0000,-0.3836,-0.6695,0.0000,0.0000,-1.4500,179.9996,0.0011,179.9077
42.3726,searching,0.0000,-0.3887,-0.6734,0.0000,0.0000,-1.4515,179.9993,0.0003,179.9080
42.3827,searching,0.0000,-0.3931,-0.6765,0.0000,0.0000,-1.4530,179.9997,0.0011,179.9078
42.3932,searching,0.0000,-0.3972,-0.6795,0.0000,0.0000,-1.4546,179.9997,0.0011,179.9078
42.4026,searching,0.0000,-0.4015,-0.6819,0.0000,0.0000,-1.4562,179.9984,-0.0016,179.9081
42.4126,searching,0.0000,-0.4060,-0.6841,0.0000,0.0000,-1.4579,179.9986,-0.0013,179.9088
42.4226,searching,0.0000,-0.4103,-0.6861,0.0000,0.0000,-1.4596,179.9986,-0.0013,179.9088
42.4334,searching,0.0000,-0.4145,-0.6879,0.0000,0.0000,-1.4614,179.9995,0.0006,179.9097
42.4428,searching,0.0000,-0.4181,-0.6894,0.0000,0.0000,-1.4632,179.9997,0.0012,179.9091
42.4527,searching,0.0000,-0.4207,-0.6902,0.0000,0.0000,-1.4650,179.9997,0.0012,179.9091
42.4626,searching,0.0000,-0.4226,-0.6902,0.0000,0.0000,-1.4668,179.9988,-0.0009,179.9087
42.4728,searching,0.0000,-0.4244,-0.6901,0.0000,0.0000,-1.4686,179.9994,0.0004,179.9080
42.4829,searching,0.0000,-0.4261,-0.6897,0.0000,0.0000,-1.4704,179.9994,0.0004,179.9080
42.4926,searching,0.0000,-0.4276,-0.6891,0.0000,0.0000,-1.4722,179.9988,-0.0011,179.9085
42.5026,searching,0.0000,-0.4296,-0.6886,0.0000,0.0000,-1.4739,179.9997,0.0009,179.9081
42.5126,searching,0.0000,-0.4319,-0.6879,0.0000,0.0000,-1.4757,179.9997,0.0009,179.9081
42.5238,searching,0.0000,-0.4336,-0.6868,0.0000,0.0000,-1.4774,179.9996,0.0007,179.9089
42.5341,searching,0.0000,-0.4353,-0.6859,0.0000,0.0000,-1.4792,-179.9997,0.0022,179.9084
42.5427,searching,0.0000,-0.4370,-0.6846,0.0000,0.0000,-1.4808,-179.9997,0.0022,179.9084
42.5526,searching,0.0000,-0.4375,-0.6826,0.0000,0.0000,-1.4825,-179.9997,0.0022,179.9084
42.5626,searching,0.0000,-0.4382,-0.6808,0.0000,0.0000,-1.4841,179.9988,-0.0010,179.9085
42.5755,searching,0.0000,-0.4394,-0.6789,0.0000,0.0000,-1.4857,179.9988,-0.0010,179.9085
42.5828,searching,0.0000,-0.4399,-0.6764,0.0000,0.0000,-1.4872,179.9994,0.0003,179.9085
42.5929,searching,0.0000,-0.4407,-0.6740,0.0000,0.0000,-1.4887,179.9992,-0.0001,179.9078
42.6029,searching,0.0000,-0.4427,-0.6718,0.0000,0.0000,-1.4901,179.9992,-0.0001,179.9078
42.6130,searching,0.0000,-0.4440,-0.6693,0.0000,0.0000,-1.4915,179.9996,0.0007,179.9070
42.6231,searching,0.0000,-0.4451,-0.6668,0.0000,0.0000,-1.4929,179.9994,0.0003,179.9069
42.6329,searching,0.0000,-0.4467,-0.6645,0.0000,0.0000,-1.4941,179.9994,0.0003,179.9069
42.6429,searching,0.0000,-0.4472,-0.6614,0.0000,0.0000,-1.4954,-179.9997,0.0022,179.9061
42.6528,searching,0.0000,-0.4466,-0.6580,0.0000,0.0000,-1.4965,179.9987,-0.0013,179.9063
42.6627,searching,0.0000,-0.4462,-0.6545,0.0000,0.0000,-1.4976,179.9987,-0.0013,179.9063
42.6729,searching,0.0000,-0.4460,-0.6508,0.0000,0.0000,-1.4986,179.9995,0.0004,179.9063
42.6829,searching,0.0000,-0.4454,-0.6473,0.0000,0.0000,-1.4996,179.9991,-0.0004,179.9072
42.6927,searching,0.0000,-0.4461,-0.6445,0.0000,0.0000,-1.5005,179.9991,-0.0004,179.9072
42.7026,searching,0.0000,-0.4478,-0.6421,0.0000,0.0000,-1.5013,-179.9994,0.0030,179.9068
42.7127,searching,0.0000,-0.4489,-0.6397,0.0000,0.0000,-1.5021,179.9994,0.0003,179.9069
42.7245,searching,0.0000,-0.4498,-0.6372,0.0000,0.0000,-1.5029,179.9994,0.0003,179.9069
42.7327,searching,0.0000,-0.4510,-0.6349,0.0000,0.0000,-1.5035,-179.9997,0.0023,179.9072
42.7426,searching,0.0000,-0.4515,-0.6320,0.0000,0.0000,-1.5042,179.9992,-0.0001,179.9077
42.7526,searching,0.0000,-0.4527,-0.6296,0.0000,0.0000,-1.5048,179.9992,-0.0001,179.9077
42.7627,searching,0.0000,-0.4543,-0.6273,0.0000,0.0000,-1.5053,179.9983,-0.0020,179.9075
42.7731,searching,0.0000,-0.4548,-0.6247,0.0000,0.0000,-1.5058,179.9991,-0.0002,179.9079
42.7826,searching,0.0000,-0.4558,-0.6226,0.0000,0.0000,-1.5063,179.9991,-0.0002,179.9079
42.7927,searching,0.0000,-0.4580,-0.6210,0.0000,0.0000,-1.5067,-179.9998,0.0022,179.9072
42.8026,searching,0.0000,-0.4586,-0.6189,0.0000,0.0000,-1.5071,-179.9999,0.0021,179.9074
42.8134,searching,0.0000,-0.4593,-0.6168,0.0000,0.0000,-1.5074,-179.9999,0.0021,179.9074
42.8227,searching,0.0000,-0.4610,-0.6151,0.0000,0.0000,-1.5077,179.9996,0.0010,179.9081
42.8326,searching,0.0000,-0.4620,-0.6129,0.0000,0.0000,-1.5080,179.9982,-0.0022,179.9082
42.8426,searching,0.0000,-0.4623,-0.6108,0.0000,0.0000,-1.5082,179.9982,-0.0022,179.9082
42.8532,searching,0.0000,-0.4644,-0.6097,0.0000,0.0000,-1.5084,179.9988,-0.0007,179.9088
42.8627,searching,0.0000,-0.4659,-0.6081,0.0000,0.0000,-1.5085,179.9991,-0.0000,179.9099
42.8729,searching,0.0000,-0.4663,-0.6065,0.0000,0.0000,-1.5087,179.9991,-0.0000,179.9099
42.8829,searching,0.0000,-0.4684,-0.6058,0.0000,0.0000,-1.5088,-179.9993,0.0036,179.9115
42.8927,searching,0.0000,-0.4710,-0.6050,0.0000,0.0000,-1.5089,-179.9993,0.0036,179.9115
42.9030,searching,0.0000,-0.4715,-0.6033,0.0000,0.0000,-1.5089,-179.9993,0.0036,179.9115
42.9127,searching,0.0000,-0.4727,-0.6021,0.0000,0.0000,-1.5090,-179.9998,0.0025,179.9118
42.9226,searching,0.0000,-0.4748,-0.6011,0.0000,0.0000,-1.5090,-179.9990,0.0043,179.9118
42.9326,searching,0.0000,-0.4753,-0.5994,0.0000,0.0000,-1.5090,-179.9990,0.0043,179.9118
42.9443,searching,0.0000,-0.4760,-0.5981,0.0000,0.0000,-1.5090,179.9992,0.0003,179.9115
42.9530,searching,0.0000,-0.4776,-0.5968,0.0000,0.0000,-1.5089,179.9993,0.0006,179.9122
42.9627,searching,0.0000,-0.4774,-0.5947,0.0000,0.0000,-1.5088,179.9993,0.0006,179.9122
42.9726,searching,0.0000,-0.4775,-0.5932,0.0000,0.0000,-1.5087,179.9991,0.0002,179.9113
42.9827,searching,0.0000,-0.4795,-0.5923,0.0000,0.0000,-1.5085,179.9999,0.0021,179.9109
42.9932,searching,0.0000,-0.4801,-0.5908,0.0000,0.0000,-1.5083,179.9999,0.0021,179.9109
43.0026,searching,0.0000,-0.4793,-0.5889,0.0000,0.0000,-1.5081,179.9996,0.0015,179.9102
43.0126,searching,0.0000,-0.4800,-0.5877,0.0000,0.0000,-1.5079,179.9984,-0.0010,179.9097
43.0226,searching,0.0000,-0.4812,-0.5863,0.0000,0.0000,-1.5076,179.9984,-0.0010,179.9097
43.0339,searching,0.0000,-0.4813,-0.5845,0.0000,0.0000,-1.5073,179.9984,-0.0010,179.9097
43.0441,searching,0.0000,-0.4813,-0.5828,0.0000,0.0000,-1.5069,179.9984,-0.0009,179.9098
43.0528,searching,0.0000,-0.4824,-0.5813,0.0000,0.0000,-1.5065,179.9984,-0.0009,179.9098
43.0626,searching,0.0000,-0.4827,-0.5797,0.0000,0.0000,-1.5061,179.9980,-0.0019,179.9109
43.0726,searching,0.0000,-0.4824,-0.5781,0.0000,0.0000,-1.5057,179.9993,-0.0001,179.9105
43.0833,searching,0.0000,-0.4827,-0.5767,0.0000,0.0000,-1.5052,179.9993,-0.0001,179.9105
43.0930,searching,0.0000,-0.4835,-0.5757,0.0000,0.0000,-1.5048,179.9996,0.0005,179.9120
43.1030,searching,0.0000,-0.4839,-0.5744,0.0000,0.0000,-1.5042,179.9995,0.0003,179.9103
43.1128,searching,0.0000,-0.4837,-0.5730,0.0000,0.0000,-1.5037,179.9995,0.0003,179.9103
43.1230,searching,0.0000,-0.4838,-0.5715,0.0000,0.0000,-1.5031,179.9995,0.0005,179.9113
43.1330,searching,0.0000,-0.4841,-0.5699,0.0000,0.0000,-1.5025,179.9976,-0.0036,179.9094
43.1436,searching,0.0000,-0.4837,-0.5679,0.0000,0.0000,-1.5019,179.9976,-0.0036,179.9094
43.1530,searching,0.0000,-0.4832,-0.5659,0.0000,0.0000,-1.5012,179.9996,0.0009,179.9100
43.1629,searching,0.0000,-0.4840,-0.5642,0.0000,0.0000,-1.5005,179.9998,0.0013,179.9085
43.1729,searching,0.0000,-0.4850,-0.5625,0.0000,0.0000,-1.4997,179.9998,0.0013,179.9085
43.1827,searching,0.0000,-0.4843,-0.5598,0.0000,0.0000,-1.4989,179.9998,0.0013,179.9085
43.1931,searching,0.0000,-0.4821,-0.5567,0.0000,0.0000,-1.4981,179.9999,0.0017,179.9092
43.2030,searching,0.0000,-0.4809,-0.5542,0.0000,0.0000,-1.4972,179.9999,0.0017,179.9092
43.2129,searching,0.0000,-0.4805,-0.5522,0.0000,0.0000,-1.4962,179.9996,0.0011,179.9088
43.2229,searching,0.0000,-0.4795,-0.5500,0.0000,0.0000,-1.4952,179.9976,-0.0032,179.9094
43.2331,searching,0.0000,-0.4789,-0.5480,0.0000,0.0000,-1.4942,179.9976,-0.0032,179.9094
43.2429,searching,0.0000,-0.4790,-0.5461,0.0000,0.0000,-1.4931,179.9992,0.0004,179.9082
43.2530,searching,0.0000,-0.4792,-0.5442,0.0000,0.0000,-1.4920,179.9995,0.0011,179.9074
43.2630,searching,0.0000,-0.4811,-0.5432,0.0000,0.0000,-1.4908,179.9995,0.0011,179.9074
43.2729,searching,0.0000,-0.4824,-0.5416,0.0000,0.0000,-1.4897,179.9986,-0.0008,179.9071
43.2827,searching,0.0000,-0.4821,-0.5398,0.0000,0.0000,-1.4885,180.0000,0.0023,179.9063
43.2927,searching,0.0000,-0.4843,-0.5395,0.0000,0.0000,-1.4872,180.0000,0.0023,179.9063
43.3026,searching,0.0000,-0.4873,-0.5393,0.0000,0.0000,-1.4860,179.9999,0.0023,179.9073
43.3127,searching,0.0000,-0.4881,-0.5383,0.0000,0.0000,-1.4848,179.9992,0.0007,179.9066
43.3232,searching,0.0000,-0.4889,-0.5375,0.0000,0.0000,-1.4835,179.9992,0.0007,179.9066
43.3327,searching,0.0000,-0.4901,-0.5367,0.0000,0.0000,-1.4823,-179.9999,0.0029,179.9090
43.3427,searching,0.0000,-0.4908,-0.5359,0.0000,0.0000,-1.4810,179.9980,-0.0016,179.9087
43.3529,searching,0.0000,-0.4916,-0.5355,0.0000,0.0000,-1.4797,179.9980,-0.0016,179.9087
43.3632,searching,0.0000,-0.4932,-0.5354,0.0000,0.0000,-1.4784,179.9981,-0.0013,179.9084
43.3730,searching,0.0000,-0.4956,-0.5357,0.0000,0.0000,-1.4771,179.9993,0.0013,179.9070
43.3827,searching,0.0000,-0.4976,-0.5357,0.0000,0.0000,-1.4758,179.9993,0.0013,179.9070
43.3926,searching,0.0000,-0.4987,-0.5351,0.0000,0.0000,-1.4745,179.9995,0.0020,179.9073
43.4026,searching,0.0000,-0.5003,-0.5346,0.0000,0.0000,-1.4732,179.9992,0.0014,179.9060
43.4130,searching,0.2004,-0.5025,-0.5343,0.0000,0.0000,-1.4719,179.9992,0.0014,179.9060
43.4227,searching,0.2020,-0.5041,-0.5337,0.0000,0.0000,-1.4706,179.9993,0.0017,179.9061
43.4326,searching,0.2044,-0.5058,-0.5334,0.0000,0.0000,-1.4693,179.9985,-0.0000,179.9073
43.4426,searching,0.2055,-0.5082,-0.5332,0.0000,0.0000,-1.4679,179.9985,-0.0000,179.9073
43.4538,searching,0.2066,-0.5101,-0.5328,0.0000,0.0000,-1.4666,179.9996,0.0024,179.9078
43.4627,searching,0.2086,-0.5108,-0.5320,0.0000,0.0000,-1.4652,179.9994,0.0007,179.9076
43.4727,searching,0.2102,-0.5119,-0.5315,0.0000,0.0000,-1.4639,179.9994,0.0007,179.9076
43.4826,searching,0.2116,-0.5144,-0.5319,0.0000,0.0000,-1.4625,179.9996,0.0011,179.9091
43.4931,searching,0.2127,-0.5180,-0.5331,0.0000,0.0000,-1.4612,179.9990,-0.0000,179.9088
43.5027,searching,0.2138,-0.5211,-0.5339,0.0000,0.0000,-1.4598,179.9990,-0.0000,179.9088
43.5126,searching,0.2160,-0.5240,-0.5344,0.0000,0.0000,-1.4585,179.9986,-0.0008,179.9081
43.5226,searching,0.2184,-0.5267,-0.5348,0.0000,0.0000,-1.4572,179.9982,-0.0017,179.9075
43.5327,searching,0.2199,-0.5294,-0.5353,0.0000,0.0000,-1.4559,179.9982,-0.0017,179.9075
43.5430,searching,0.2215,-0.5323,-0.5360,0.0000,0.0000,-1.4546,179.9992,0.0007,179.9084
43.5527,searching,0.2235,-0.5350,-0.5365,0.0000,0.0000,-1.4534,179.9989,0.0001,179.9076
43.5626,searching,0.2258,-0.5369,-0.5369,0.0000,0.0000,-1.4521,179.9989,0.0001,179.9076
43.5727,searching,0.2280,-0.5399,-0.5379,0.0000,0.0000,-1.4509,179.9989,0.0001,179.9076
43.5829,searching,0.2295,-0.5432,-0.5387,0.0000,0.0000,-1.4496,179.9998,0.0007,179.9085
43.5931,searching,0.2312,-0.5443,-0.5384,0.0000,0.0000,-1.4484,179.9998,0.0007,179.9085
43.6026,searching,0.2335,-0.5449,-0.5382,0.0000,0.0000,-1.4472,179.9994,-0.0000,179.9081
43.6126,searching,0.2352,-0.5465,-0.5384,0.0000,0.0000,-1.4459,179.9990,-0.0009,179.9089
43.6226,searching,0.2366,-0.5479,-0.5388,0.0000,0.0000,-1.4447,179.9990,-0.0009,179.9089
43.6332,searching,0.2384,-0.5498,-0.5396,0.0000,0.0000,-1.4435,179.9992,-0.0003,179.9095
43.6427,searching,0.2406,-0.5524,-0.5406,0.0000,0.0000,-1.4423,179.9992,-0.0003,179.9088
43.6526,searching,0.2427,-0.5541,-0.5412,0.0000,0.0000,-1.4412,179.9992,-0.0003,179.9088
43.6626,searching,0.2449,-0.5560,-0.5419,0.0000,0.0000,-1.4400,179.9996,0.0009,179.9069
43.6726,searching,0.2472,-0.5591,-0.5427,0.0000,0.0000,-1.4388,-179.9999,0.0007,179.9071
43.6833,searching,0.2496,-0.5614,-0.5433,0.0000,0.0000,-1.4377,-179.9999,0.0007,179.9071
43.6926,searching,0.2520,-0.5632,-0.5441,0.0000,0.0000,-1.4366,-179.9996,0.0014,179.9076
43.7027,searching,0.2544,-0.5660,-0.5455,0.0000,0.0000,-1.4355,-179.9995,0.0016,179.9081
43.7126,searching,0.2567,-0.5685,-0.5471,0.0000,0.0000,-1.4344,-179.9995,0.0016,179.9081
43.7232,searching,0.2589,-0.5698,-0.5484,0.0000,0.0000,-1.4334,-179.9995,0.0016,179.9079
43.7327,searching,0.2611,-0.5713,-0.5499,0.0000,0.0000,-1.4324,-179.9994,0.0021,179.9087
43.7427,searching,0.2635,-0.5734,-0.5518,0.0000,0.0000,-1.4314,-179.9994,0.0021,179.9087
43.7526,searching,0.2660,-0.5753,-0.5536,0.0000,0.0000,-1.4305,-179.9989,0.0032,179.9089
43.7626,searching,0.2689,-0.5781,-0.5559,0.0000,0.0000,-1.4296,-179.9992,0.0026,179.9092
43.7731,searching,0.2719,-0.5812,-0.5582,0.0000,0.0000,-1.4288,-179.9992,0.0026,179.9092
43.7826,searching,0.2746,-0.5834,-0.5600,0.0000,0.0000,-1.4280,-179.9995,0.0020,179.9082
43.7926,searching,0.2774,-0.5859,-0.5619,0.0000,0.0000,-1.4272,179.9997,0.0003,179.9085
43.8026,searching,0.2805,-0.5885,-0.5638,0.0000,0.0000,-1.4265,179.9997,0.0003,179.9085
43.8131,searching,0.2833,-0.5903,-0.5658,0.0000,0.0000,-1.4258,180.0000,0.0010,179.9088
43.8227,searching,0.2860,-0.5922,-0.5680,0.0000,0.0000,-1.4252,179.9996,0.0001,179.9078
43.8326,searching,0.2888,-0.5946,-0.5706,0.0000,0.0000,-1.4246,179.9996,0.0001,179.9078
43.8426,searching,0.2913,-0.5966,-0.5734,0.0000,0.0000,-1.4241,180.0000,0.0011,179.9074
43.8530,searching,0.2938,-0.5978,-0.5761,0.0000,0.0000,-1.4236,179.9998,0.0006,179.9089
43.8627,searching,0.2967,-0.5997,-0.5795,0.0000,0.0000,-1.4232,179.9998,0.0006,179.9089
43.8727,searching,0.2988,-0.6015,-0.5828,0.0000,0.0000,-1.4228,180.0000,0.0011,179.9082
43.8827,searching,0.3008,-0.6028,-0.5858,0.0000,0.0000,-1.4225,179.9997,0.0007,179.9082
43.8926,searching,0.3038,-0.6046,-0.5890,0.0000,0.0000,-1.4223,179.9997,0.0007,179.9082
43.9040,searching,0.3063,-0.6064,-0.5920,0.0000,0.0000,-1.4222,179.9997,0.0007,179.9082
43.9127,searching,0.3084,-0.6084,-0.5953,0.0000,0.0000,-1.4221,-179.9998,0.0018,179.9083
43.9226,searching,0.3115,-0.6106,-0.5989,0.0000,0.0000,-1.4221,-179.9998,0.0018,179.9083
43.9326,searching,0.3144,-0.6127,-0.6023,0.0000,0.0000,-1.4221,-179.9998,0.0018,179.9083
43.9429,searching,0.3166,-0.6145,-0.6059,0.0000,0.0000,-1.4222,-179.9989,0.0039,179.9077
43.9527,searching,0.3192,-0.6165,-0.6095,0.0000,0.0000,-1.4224,-179.9989,0.0039,179.9077
43.9627,searching,0.3216,-0.6182,-0.6131,0.0000,0.0000,-1.4227,179.9997,0.0008,179.9081
43.9726,searching,0.3234,-0.6195,-0.6169,0.0000,0.0000,-1.4230,-179.9999,0.0017,179.9075
43.9827,searching,0.3259,-0.6207,-0.6209,0.0000,0.0000,-1.4234,-179.9999,0.0017,179.9075
43.9933,searching,0.3286,-0.6224,-0.6251,0.0000,0.0000,-1.4239,179.9990,-0.0007,179.9077
44.0029,searching,0.3304,-0.6241,-0.6294,0.0000,0.0000,-1.4245,179.9988,-0.0012,179.9070
44.0126,searching,0.3330,-0.6256,-0.6333,0.0000,0.0000,-1.4252,179.9988,-0.0012,179.9070
44.0226,searching,0.3363,-0.6279,-0.6376,0.0000,0.0000,-1.4259,179.9985,-0.0019,179.9074
44.0332,searching,0.3387,-0.6305,-0.6421,0.0000,0.0000,-1.4268,180.0000,0.0016,179.9064
44.0432,searching,0.3415,-0.6327,-0.6465,0.0000,0.0000,-1.4277,180.0000,0.0016,179.9064
44.0528,searching,0.3447,-0.6351,-0.6513,0.0000,0.0000,-1.4287,179.9996,0.0006,179.9078
44.0626,searching,0.3466,-0.6375,-0.6561,0.0000,0.0000,-1.4298,180.0000,0.0016,179.9068
44.0726,searching,0.3485,-0.6388,-0.6604,0.0000,0.0000,-1.4311,180.0000,0.0016,179.9068
44.0830,searching,0.3513,-0.6393,-0.6643,0.0000,0.0000,-1.4323,179.9988,-0.0012,179.9085
44.0927,searching,0.3536,-0.6398,-0.6680,0.0000,0.0000,-1.4337,179.9998,0.0012,179.9092
44.1026,searching,0.3551,-0.6406,-0.6720,0.0000,0.0000,-1.4351,179.9998,0.0012,179.9092
44.1126,searching,0.3573,-0.6415,-0.6760,0.0000,0.0000,-1.4367,179.9982,-0.0025,179.9097
44.1226,searching,0.3594,-0.6428,-0.6800,0.0000,0.0000,-1.4383,179.9999,0.0015,179.9095
44.1346,searching,0.3615,-0.6441,-0.6838,0.0000,0.0000,-1.4399,179.9999,0.0015,179.9095
44.1427,searching,0.3642,-0.6450,-0.6874,0.0000,0.0000,-1.4417,179.9998,0.0013,179.9087
44.1526,searching,0.3661,-0.6464,-0.6911,0.0000,0.0000,-1.4435,179.9991,-0.0005,179.9088
44.1627,searching,0.3673,-0.6465,-0.6937,0.0000,0.0000,-1.4454,179.9991,-0.0005,179.9088
44.1729,searching,0.3698,-0.6457,-0.6959,0.0000,0.0000,-1.4473,179.9980,-0.0030,179.9085
44.1827,searching,0.3716,-0.6461,-0.6988,0.0000,0.0000,-1.4493,179.9980,-0.0030,179.9088
44.1926,searching,0.3719,-0.6461,-0.7013,0.0000,0.0000,-1.4513,179.9980,-0.0030,179.9088
44.2026,searching,0.3737,-0.6452,-0.7034,0.0000,0.0000,-1.4534,179.9981,-0.0028,179.9086
44.2126,searching,0.3755,-0.6448,-0.7055,0.0000,0.0000,-1.4555,-179.9995,0.0030,179.9088
44.2236,searching,0.3773,-0.6444,-0.7075,0.0000,0.0000,-1.4576,-179.9995,0.0030,179.9088
44.2329,searching,0.3781,-0.6434,-0.7091,0.0000,0.0000,-1.4598,-179.9995,0.0030,179.9088
44.2429,searching,0.3795,-0.6426,-0.7108,0.0000,0.0000,-1.4620,179.9993,-0.0000,179.9084
44.2529,searching,0.3797,-0.6425,-0.7129,0.0000,0.0000,-1.4643,179.9993,-0.0000,179.9084
44.2629,searching,0.3802,-0.6411,-0.7141,0.0000,0.0000,-1.4666,179.9993,0.0001,179.9086
44.2727,searching,0.3818,-0.6390,-0.7151,0.0000,0.0000,-1.4689,179.9985,-0.0019,179.9094
44.2826,searching,0.3822,-0.6375,-0.7159,0.0000,0.0000,-1.4712,179.9985,-0.0019,179.9094
44.2927,searching,0.3816,-0.6356,-0.7164,0.0000,0.0000,-1.4735,179.9989,-0.0009,179.9089
44.3029,searching,0.3825,-0.6329,-0.7165,0.0000,0.0000,-1.4758,179.9986,-0.0016,179.9088
44.3127,searching,0.3829,-0.6312,-0.7171,0.0000,0.0000,-1.4782,179.9986,-0.0016,179.9088
44.3226,searching,0.3823,-0.6290,-0.7174,0.0000,0.0000,-1.4805,-179.9995,0.0028,179.9091
44.3327,searching,0.3828,-0.6261,-0.7175,0.0000,0.0000,-1.4829,179.9991,-0.0004,179.9086
44.3426,searching,0.3828,-0.6238,-0.7179,0.0000,0.0000,-1.4852,179.9991,-0.0004,179.9086
44.3536,searching,0.3829,-0.6216,-0.7183,0.0000,0.0000,-1.4876,179.9986,-0.0018,179.9079
44.3630,searching,0.3831,-0.6175,-0.7176,0.0000,0.0000,-1.4900,179.9992,-0.0004,179.9077
44.3729,searching,0.3830,-0.6147,-0.7176,0.0000,0.0000,-1.4923,179.9992,-0.0004,179.9077
44.3829,searching,0.3811,-0.6130,-0.7180,0.0000,0.0000,-1.4947,179.9993,-0.0001,179.9079
44.3930,searching,0.3804,-0.6098,-0.7178,0.0000,0.0000,-1.4970,179.9992,-0.0004,179.9078
44.4030,searching,0.3807,-0.6070,-0.7181,0.0000,0.0000,-1.4994,179.9992,-0.0004,179.9078
44.4127,searching,0.3792,-0.6050,-0.7184,0.0000,0.0000,-1.5018,-179.9995,0.0026,179.9071
44.4226,searching,0.3781,-0.6016,-0.7182,0.0000,0.0000,-1.5041,179.9985,-0.0021,179.9060
44.4326,searching,0.3779,-0.5970,-0.7174,0.0000,0.0000,-1.5065,179.9985,-0.0021,179.9060
44.4433,searching,0.3763,-0.5928,-0.7161,0.0000,0.0000,-1.5088,180.0000,0.0013,179.9061
44.4530,searching,0.3747,-0.5881,-0.7146,0.0000,0.0000,-1.5111,179.9984,-0.0025,179.9070
44.4630,searching,0.3733,-0.5838,-0.7135,0.0000,0.0000,-1.5134,179.9984,-0.0025,179.9070
44.4726,searching,0.3710,-0.5804,-0.7127,0.0000,0.0000,-1.5156,-179.9999,0.0015,179.9075
44.4829,searching,0.3697,-0.5758,-0.7112,0.0000,0.0000,-1.5178,-179.9997,0.0018,179.9082
44.4930,searching,0.3695,-0.5713,-0.7102,0.0000,0.0000,-1.5200,-179.9997,0.0018,179.9082
44.5029,searching,0.3673,-0.5682,-0.7093,0.0000,0.0000,-1.5222,179.9991,0.0003,179.9078
44.5129,searching,0.3651,-0.5638,-0.7075,0.0000,0.0000,-1.5244,179.9975,-0.0033,179.9085
44.5233,searching,0.3645,-0.5578,-0.7053,0.0000,0.0000,-1.5265,179.9975,-0.0033,179.9085
44.5327,searching,0.3623,-0.5535,-0.7036,0.0000,0.0000,-1.5286,179.9984,-0.0013,179.9091
44.5426,searching,0.3591,-0.5490,-0.7015,0.0000,0.0000,-1.5306,179.9984,-0.0013,179.9091
44.5527,searching,0.3574,-0.5432,-0.6994,0.0000,0.0000,-1.5326,179.9984,-0.0013,179.9091
44.5628,searching,0.3553,-0.5391,-0.6980,0.0000,0.0000,-1.5345,179.9977,-0.0030,179.9084
44.5730,searching,0.3516,-0.5357,-0.6967,0.0000,0.0000,-1.5365,180.0000,0.0021,179.9079
44.5836,searching,0.3488,-0.5310,-0.6948,0.0000,0.0000,-1.5384,180.0000,0.0021,179.9079
44.5932,searching,0.3468,-0.5262,-0.6926,0.0000,0.0000,-1.5402,179.9985,-0.0012,179.9074
44.6027,searching,0.3436,-0.5222,-0.6904,0.0000,0.0000,-1.5420,179.9988,-0.0007,179.9085
44.6127,searching,0.3404,-0.5168,-0.6876,0.0000,0.0000,-1.5438,179.9988,-0.0007,179.9085
44.6237,searching,0.3373,-0.5116,-0.6849,0.0000,0.0000,-1.5455,179.9985,-0.0014,179.9075
44.6330,searching,0.3331,-0.5076,-0.6825,0.0000,0.0000,-1.5471,179.9994,0.0007,179.9078
44.6426,searching,0.3292,-0.5018,-0.6791,0.0000,0.0000,-1.5487,179.9994,0.0007,179.9078
44.6527,searching,0.3262,-0.4961,-0.6759,0.0000,0.0000,-1.5502,179.9994,0.0005,179.9081
44.6629,searching,0.3217,-0.4919,-0.6728,0.0000,0.0000,-1.5517,-179.9998,0.0024,179.9088
44.6727,searching,0.3176,-0.4861,-0.6687,0.0000,0.0000,-1.5531,-179.9998,0.0024,179.9088
44.6829,searching,0.3149,-0.4791,-0.6645,0.0000,0.0000,-1.5543,179.9995,0.0005,179.9076
44.6929,searching,0.3107,-0.4743,-0.6612,0.0000,0.0000,-1.5556,180.0000,0.0016,179.9076
44.7028,searching,0.3055,-0.4689,-0.6568,0.0000,0.0000,-1.5567,180.0000,0.0016,179.9076
44.7133,searching,0.3015,-0.4618,-0.6519,0.0000,0.0000,-1.5577,179.9989,-0.0009,179.9070
44.7226,searching,0.2970,-0.4558,-0.6473,0.0000,0.0000,-1.5587,179.9991,-0.0005,179.9065
44.7326,searching,0.2918,-0.4510,-0.6430,0.0000,0.0000,-1.5596,179.9991,-0.0005,179.9065
44.7426,searching,0.2876,-0.4456,-0.6389,0.0000,0.0000,-1.5603,179.9993,-0.0001,179.9070
44.7531,searching,0.2836,-0.4414,-0.6353,0.0000,0.0000,-1.5610,179.9986,-0.0019,179.9064
44.7627,searching,0.2794,-0.4373,-0.6316,0.0000,0.0000,-1.5617,179.9986,-0.0019,179.9064
44.7726,searching,0.2761,-0.4318,-0.6275,0.0000,0.0000,-1.5622,179.9993,-0.0004,179.9082
44.7826,searching,0.2720,-0.4277,-0.6241,0.0000,0.0000,-1.5627,179.9994,0.0011,179.9090
44.7927,searching,0.2669,-0.4243,-0.6208,0.0000,0.0000,-1.5631,179.9994,0.0011,179.9090
44.8027,searching,0.2630,-0.4188,-0.6171,0.0000,0.0000,-1.5635,179.9980,-0.0022,179.9091
44.8126,searching,0.2591,-0.4144,-0.6140,0.0000,0.0000,-1.5637,179.9991,0.0003,179.9100
44.8226,searching,0.2543,-0.4116,-0.6113,0.0000,0.0000,-1.5640,179.9991,0.0003,179.9100
44.8326,searching,0.2504,-0.4070,-0.6080,0.0000,0.0000,-1.5641,179.9981,-0.0020,179.9094
44.8429,searching,0.2472,-0.4030,-0.6050,0.0000,0.0000,-1.5642,179.9982,-0.0019,179.9090
44.8527,searching,0.2431,-0.4003,-0.6021,0.0000,0.0000,-1.5643,179.9982,-0.0019,179.9090
44.8627,searching,0.2396,-0.3963,-0.5988,0.0000,0.0000,-1.5642,179.9981,-0.0023,179.9087
44.8727,searching,0.2366,-0.3927,-0.5959,0.0000,0.0000,-1.5642,179.9989,-0.0004,179.9090
44.8831,searching,0.2328,-0.3905,-0.5935,0.0000,0.0000,-1.5640,179.9989,-0.0004,179.9090
44.8927,searching,0.2294,-0.3873,-0.5910,0.0000,0.0000,-1.5639,179.9984,-0.0017,179.9095
44.9026,searching,0.2263,-0.3836,-0.5885,0.0000,0.0000,-1.5636,179.9987,0.0004,179.9091
44.9126,searching,0.2224,-0.3813,-0.5866,0.0000,0.0000,-1.5634,179.9987,0.0004,179.9091
44.9228,searching,0.2186,-0.3777,-0.5838,0.0000,0.0000,-1.5630,179.9984,-0.0004,179.9084
44.9332,searching,0.2157,-0.3727,-0.5806,0.0000,0.0000,-1.5626,179.9984,-0.0004,179.9084
44.9426,searching,0.2123,-0.3690,-0.5780,0.0000,0.0000,-1.5622,179.9984,-0.0004,179.9084
44.9526,searching,0.2084,-0.3653,-0.5753,0.0000,0.0000,-1.5617,179.9991,0.0010,179.9084
44.9626,searching,0.2054,-0.3613,-0.5729,0.0000,0.0000,-1.5612,179.9987,-0.0000,179.9094
44.9747,searching,0.2023,-0.3587,-0.5714,0.0000,0.0000,-1.5606,179.9987,-0.0000,179.9094
44.9827,searching,0.0000,-0.3574,-0.5701,0.0000,0.0000,-1.5600,179.9998,0.0024,179.9092
44.9927,searching,0.0000,-0.3555,-0.5688,0.0000,0.0000,-1.5594,179.9997,0.0022,179.9089
45.0026,searching,0.0000,-0.3540,-0.5677,0.0000,0.0000,-1.5587,179.9997,0.0022,179.9089
45.0129,searching,0.0000,-0.3528,-0.5666,0.0000,0.0000,-1.5581,179.9988,-0.0000,179.9092
45.0228,searching,0.0000,-0.3506,-0.5652,0.0000,0.0000,-1.5574,179.9987,-0.0004,179.9085
45.0326,searching,0.0000,-0.3492,-0.5641,0.0000,0.0000,-1.5566,179.9987,-0.0004,179.9085
45.0427,searching,0.0000,-0.3480,-0.5631,0.0000,0.0000,-1.5559,179.9989,-0.0001,179.9089
45.0526,searching,0.0000,-0.3452,-0.5618,0.0000,0.0000,-1.5551,179.9989,-0.0002,179.9083
45.0629,searching,0.0000,-0.3434,-0.5610,0.0000,0.0000,-1.5544,179.9989,-0.0002,179.9083
45.0748,searching,0.0000,-0.3417,-0.5603,0.0000,0.0000,-1.5536,179.9999,0.0020,179.9091
45.0826,searching,0.0000,-0.3394,-0.5592,0.0000,0.0000,-1.5528,179.9991,0.0001,179.9085
45.0926,searching,0.0000,-0.3372,-0.5581,0.0000,0.0000,-1.5519,179.9991,0.0001,179.9085
45.1026,searching,0.0000,-0.3369,-0.5577,0.0000,0.0000,-1.5511,179.9990,-0.0002,179.9079
45.1127,searching,0.0000,-0.3362,-0.5573,0.0000,0.0000,-1.5502,179.9983,-0.0005,179.9075
45.1229,searching,0.0000,-0.3357,-0.5573,0.0000,0.0000,-1.5494,179.9983,-0.0005,179.9075
45.1326,searching,0.0000,-0.3360,-0.5577,0.0000,0.0000,-1.5485,179.9983,-0.0004,179.9071
45.1428,searching,0.0000,-0.3351,-0.5575,0.0000,0.0000,-1.5477,179.9984,-0.0004,179.9082
45.1527,searching,0.0000,-0.3336,-0.5574,0.0000,0.0000,-1.5468,179.9984,-0.0004,179.9082
45.1628,searching,0.0000,-0.3331,-0.5578,0.0000,0.0000,-1.5460,179.9987,0.0003,179.9093
45.1727,searching,0.0000,-0.3318,-0.5578,0.0000,0.0000,-1.5451,179.9987,0.0001,179.9081
45.1826,searching,0.0000,-0.3300,-0.5576,0.0000,0.0000,-1.5443,179.9987,0.0001,179.9081
45.1926,searching,0.0000,-0.3296,-0.5583,0.0000,0.0000,-1.5434,179.9984,-0.0005,179.9089
45.2026,searching,0.0000,-0.3292,-0.5588,0.0000,0.0000,-1.5426,179.9983,-0.0009,179.9076
45.2131,searching,0.0000,-0.3287,-0.5595,0.0000,0.0000,-1.5418,179.9983,-0.0009,179.9076
45.2226,searching,0.0000,-0.3293,-0.5607,0.0000,0.0000,-1.5410,179.9982,-0.0012,179.9079
45.2326,searching,0.0000,-0.3314,-0.5622,0.0000,0.0000,-1.5403,179.9982,-0.0013,179.9077
45.2426,searching,0.0000,-0.3337,-0.5640,0.0000,0.0000,-1.5395,179.9982,-0.0013,179.9077
45.2532,searching,0.0000,-0.3362,-0.5658,0.0000,0.0000,-1.5389,179.9985,-0.0006,179.9075
45.2630,searching,0.0000,-0.3387,-0.5674,0.0000,0.0000,-1.5382,179.9986,-0.0006,179.9074
45.2727,searching,0.0000,-0.3406,-0.5689,0.0000,0.0000,-1.5376,179.9986,-0.0006,179.9074
45.2827,searching,0.0000,-0.3420,-0.5701,0.0000,0.0000,-1.5370,179.9983,-0.0012,179.9088
45.2927,searching,0.0000,-0.3427,-0.5709,0.0000,0.0000,-1.5364,179.9983,-0.0014,179.9082
45.3030,searching,0.0000,-0.3425,-0.5715,0.0000,0.0000,-1.5358,179.9983,-0.0014,179.9082
45.3126,searching,0.0000,-0.3428,-0.5723,0.0000,0.0000,-1.5353,179.9983,-0.0014,179.9082
45.3228,searching,0.0000,-0.3437,-0.5735,0.0000,0.0000,-1.5348,179.9985,-0.0010,179.9088
45.3326,searching,0.0000,-0.3443,-0.5750,0.0000,0.0000,-1.5343,179.9985,-0.0010,179.9088
45.3442,searching,0.0000,-0.3452,-0.5765,0.0000,0.0000,-1.5338,179.9993,0.0008,179.9077
45.3530,searching,0.0000,-0.3475,-0.5782,0.0000,0.0000,-1.5333,179.9995,0.0013,179.9080
45.3626,searching,0.0000,-0.3495,-0.5796,0.0000,0.0000,-1.5329,179.9995,0.0013,179.9080
45.3726,searching,0.0000,-0.3514,-0.5809,0.0000,0.0000,-1.5326,180.0000,0.0021,179.9065
45.3829,searching,0.0000,-0.3540,-0.5824,0.0000,0.0000,-1.5322,179.9998,0.0017,179.9079
45.3930,searching,0.0000,-0.3563,-0.5841,0.0000,0.0000,-1.5319,179.9998,0.0017,179.9079
45.4026,searching,0.0000,-0.3577,-0.5855,0.0000,0.0000,-1.5316,-179.9999,0.0025,179.9079
45.4127,searching,0.0000,-0.3591,-0.5872,0.0000,0.0000,-1.5313,179.9996,0.0013,179.9084
45.4226,searching,0.0000,-0.3604,-0.5889,0.0000,0.0000,-1.5311,179.9996,0.0013,179.9084
45.4331,searching,0.0000,-0.3616,-0.5905,0.0000,0.0000,-1.5309,-179.9999,0.0022,179.9088
45.4427,searching,0.0000,-0.3628,-0.5921,0.0000,0.0000,-1.5308,-179.9997,0.0026,179.9103
45.4527,searching,0.0000,-0.3645,-0.5936,0.0000,0.0000,-1.5306,-179.9997,0.0026,179.9103
45.4626,searching,0.0000,-0.3663,-0.5950,0.0000,0.0000,-1.5305,-179.9996,0.0027,179.9095
45.4730,searching,0.0000,-0.3683,-0.5964,0.0000,0.0000,-1.5305,179.9995,0.0007,179.9084
45.4827,searching,0.0000,-0.3713,-0.5979,0.0000,0.0000,-1.5304,179.9995,0.0007,179.9084
45.4927,searching,0.0000,-0.3740,-0.5989,0.0000,0.0000,-1.5304,179.9998,0.0014,179.9077
45.5026,searching,0.0000,-0.3769,-0.6000,0.0000,0.0000,-1.5304,179.9999,0.0016,179.9078
45.5127,searching,0.0000,-0.3796,-0.6010,0.0000,0.0000,-1.5304,179.9999,0.0016,179.9078
45.5232,searching,0.0000,-0.3819,-0.6019,0.0000,0.0000,-1.5305,-179.9998,0.0022,179.9072
45.5329,searching,0.0000,-0.3830,-0.6025,0.0000,0.0000,-1.5305,179.9996,0.0009,179.9087
45.5427,searching,0.0000,-0.3839,-0.6031,0.0000,0.0000,-1.5306,179.9996,0.0009,179.9087
45.5526,searching,0.0000,-0.3845,-0.6038,0.0000,0.0000,-1.5306,-179.9997,0.0023,179.9091
45.5630,searching,0.0000,-0.3846,-0.6042,0.0000,0.0000,-1.5307,179.9991,-0.0003,179.9098
45.5744,searching,0.0000,-0.3846,-0.6045,0.0000,0.0000,-1.5308,179.9991,-0.0003,179.9098
45.5826,searching,0.0000,-0.3860,-0.6052,0.0000,0.0000,-1.5309,179.9998,0.0011,179.9085
45.5927,searching,0.0000,-0.3878,-0.6060,0.0000,0.0000,-1.5310,179.9991,-0.0004,179.9089
45.6026,searching,0.0000,-0.3901,-0.6070,0.0000,0.0000,-1.5312,179.9991,-0.0004,179.9089
45.6133,searching,0.0000,-0.3932,-0.6082,0.0000,0.0000,-1.5314,179.9998,0.0012,179.9081
45.6227,searching,0.0000,-0.3963,-0.6094,0.0000,0.0000,-1.5315,179.9993,-0.0000,179.9083
45.6326,searching,0.0000,-0.3982,-0.6097,0.0000,0.0000,-1.5317,179.9993,-0.0000,179.9083
45.6426,searching,0.0000,-0.3994,-0.6098,0.0000,0.0000,-1.5319,-179.9999,0.0017,179.9086
45.6527,searching,0.0000,-0.4004,-0.6097,0.0000,0.0000,-1.5321,179.9989,-0.0008,179.9087
45.6636,searching,0.0000,-0.4014,-0.6097,0.0000,0.0000,-1.5323,179.9989,-0.0008,179.9087
45.6727,searching,0.0000,-0.4011,-0.6089,0.0000,0.0000,-1.5325,179.9995,0.0003,179.9084
45.6827,searching,0.0000,-0.4016,-0.6084,0.0000,0.0000,-1.5327,179.9995,0.0003,179.9084
45.6926,searching,0.0000,-0.4031,-0.6079,0.0000,0.0000,-1.5328,179.9995,0.0003,179.9084
45.7029,searching,0.0000,-0.4043,-0.6068,0.0000,0.0000,-1.5330,-179.9995,0.0026,179.9073
45.7127,searching,0.0000,-0.4054,-0.6055,0.0000,0.0000,-1.5331,179.9994,0.0001,179.9065
45.7226,searching,0.0000,-0.4071,-0.6039,0.0000,0.0000,-1.5331,179.9994,0.0001,179.9065
45.7326,searching,0.0000,-0.4084,-0.6019,0.0000,0.0000,-1.5332,-179.9992,0.0032,179.9058
45.7426,searching,0.0000,-0.4098,-0.6004,0.0000,0.0000,-1.5332,179.9999,0.0013,179.9065
45.7531,searching,0.0000,-0.4112,-0.5990,0.0000,0.0000,-1.5332,179.9999,0.0013,179.9065
45.7627,searching,0.0000,-0.4118,-0.5972,0.0000,0.0000,-1.5331,180.0000,0.0016,179.9063
45.7726,searching,0.0000,-0.4123,-0.5959,0.0000,0.0000,-1.5330,179.9993,-0.0000,179.9072
45.7826,searching,0.0000,-0.4132,-0.5945,0.0000,0.0000,-1.5329,179.9993,-0.0000,179.9072
45.7931,searching,0.0000,-0.4138,-0.5929,0.0000,0.0000,-1.5328,-179.9999,0.0018,179.9065
45.8027,searching,0.0000,-0.4141,-0.5910,0.0000,0.0000,-1.5326,179.9996,0.0006,179.9073
45.8127,searching,0.0000,-0.4147,-0.5893,0.0000,0.0000,-1.5324,179.9996,0.0006,179.9073
45.8226,searching,0.0000,-0.4158,-0.5878,0.0000,0.0000,-1.5321,-179.9995,0.0027,179.9065
45.8328,searching,0.0000,-0.4175,-0.5869,0.0000,0.0000,-1.5319,179.9989,-0.0008,179.9071
45.8433,searching,0.0000,-0.4191,-0.5861,0.0000,0.0000,-1.5316,179.9989,-0.0008,179.9071
45.8527,searching,0.0000,-0.4209,-0.5849,0.0000,0.0000,-1.5313,179.9999,0.0013,179.9070
45.8626,searching,0.0000,-0.4224,-0.5839,0.0000,0.0000,-1.5310,180.0000,0.0015,179.9077
45.8726,searching,0.0000,-0.4245,-0.5831,0.0000,0.0000,-1.5306,180.0000,0.0015,179.9077
45.8832,searching,0.0000,-0.4263,-0.5820,0.0000,0.0000,-1.5303,-179.9992,0.0034,179.9074
45.8927,searching,0.0000,-0.4272,-0.5809,0.0000,0.0000,-1.5299,179.9997,0.0011,179.9073
45.9026,searching,0.0000,-0.4286,-0.5800,0.0000,0.0000,-1.5295,179.9997,0.0011,179.9073
45.9126,searching,0.0000,-0.4300,-0.5787,0.0000,0.0000,-1.5291,179.9997,0.0011,179.9073
45.9226,searching,0.0000,-0.4297,-0.5764,0.0000,0.0000,-1.5286,179.9998,0.0012,179.9075
45.9332,searching,0.0000,-0.4301,-0.5749,0.0000,0.0000,-1.5281,179.9998,0.0012,179.9075
45.9429,searching,0.0000,-0.4330,-0.5745,0.0000,0.0000,-1.5276,179.9990,-0.0004,179.9071
45.9527,searching,0.0000,-0.4361,-0.5745,0.0000,0.0000,-1.5271,-179.9997,0.0023,179.9078
45.9627,searching,0.0000,-0.4379,-0.5742,0.0000,0.0000,-1.5266,-179.9997,0.0023,179.9078
45.9732,searching,0.0000,-0.4407,-0.5747,0.0000,0.0000,-1.5261,179.9993,0.0003,179.9079
45.9827,searching,0.0000,-0.4436,-0.5750,0.0000,0.0000,-1.5256,-179.9997,0.0026,179.9088
45.9926,searching,0.0000,-0.4448,-0.5747,0.0000,0.0000,-1.5250,-179.9997,0.0026,179.9088
46.0026,searching,0.0000,-0.4466,-0.5747,0.0000,0.0000,-1.5245,179.9973,-0.0041,179.9091
46.0128,searching,0.0000,-0.4485,-0.5744,0.0000,0.0000,-1.5240,179.9999,0.0017,179.9117
46.0228,searching,0.0000,-0.4494,-0.5740,0.0000,0.0000,-1.5235,179.9999,0.0017,179.9117
46.0326,searching,0.0000,-0.4513,-0.5743,0.0000,0.0000,-1.5230,179.9999,0.0017,179.9117
46.0426,searching,0.0000,-0.4541,-0.5747,0.0000,0.0000,-1.5225,179.9998,0.0016,179.9116
46.0526,searching,0.0000,-0.4553,-0.5742,0.0000,0.0000,-1.5220,179.9998,0.0016,179.9116
46.0636,searching,0.0000,-0.4570,-0.5742,0.0000,0.0000,-1.5215,-179.9993,0.0037,179.9114
46.0729,searching,0.0000,-0.4599,-0.5742,0.0000,0.0000,-1.5209,-179.9993,0.0036,179.9115
46.0827,searching,0.0000,-0.4608,-0.5734,0.0000,0.0000,-1.5204,-179.9993,0.0036,179.9115
46.0927,searching,0.0000,-0.4611,-0.5730,0.0000,0.0000,-1.5199,179.9980,-0.0023,179.9108
46.1027,searching,0.0000,-0.4632,-0.5733,0.0000,0.0000,-1.5193,179.9990,-0.0000,179.9110
46.1143,searching,0.0000,-0.4653,-0.5735,0.0000,0.0000,-1.5188,179.9990,-0.0000,179.9110
46.1227,searching,0.0000,-0.4658,-0.5730,0.0000,0.0000,-1.5183,-179.9994,0.0036,179.9103
46.1326,searching,0.0000,-0.4671,-0.5724,0.0000,0.0000,-1.5177,-179.9994,0.0036,179.9103
46.1429,searching,0.0000,-0.4685,-0.5717,0.0000,0.0000,-1.5171,-179.9994,0.0036,179.9103
46.1528,searching,0.0000,-0.4701,-0.5712,0.0000,0.0000,-1.5166,180.0000,0.0025,179.9088
46.1629,searching,0.0000,-0.4717,-0.5703,0.0000,0.0000,-1.5160,180.0000,0.0025,179.9088
46.1726,searching,0.0000,-0.4731,-0.5694,0.0000,0.0000,-1.5154,180.0000,0.0025,179.9088
46.1826,searching,0.0000,-0.4746,-0.5685,0.0000,0.0000,-1.5147,179.9985,-0.0008,179.9097
46.1929,searching,0.0000,-0.4759,-0.5672,0.0000,0.0000,-1.5141,179.9993,0.0010,179.9090
46.2029,searching,0.0000,-0.4772,-0.5660,0.0000,0.0000,-1.5134,179.9993,0.0010,179.9090
46.2127,searching,0.0000,-0.4783,-0.5649,0.0000,0.0000,-1.5127,179.9999,0.0023,179.9101
46.2226,searching,0.0000,-0.4799,-0.5642,0.0000,0.0000,-1.5120,179.9996,0.0019,179.9092
46.2326,searching,0.0000,-0.4810,-0.5632,0.0000,0.0000,-1.5112,179.9996,0.0019,179.9092
46.2429,searching,0.0000,-0.4813,-0.5616,0.0000,0.0000,-1.5105,-179.9994,0.0040,179.9112
46.2530,searching,0.0000,-0.4803,-0.5588,0.0000,0.0000,-1.5097,179.9993,0.0013,179.9103
46.2626,searching,0.0000,-0.4803,-0.5567,0.0000,0.0000,-1.5088,179.9993,0.0013,179.9103
46.2726,searching,0.0000,-0.4811,-0.5547,0.0000,0.0000,-1.5079,179.9993,0.0013,179.9103
46.2826,searching,0.0000,-0.4813,-0.5523,0.0000,0.0000,-1.5069,179.9993,0.0013,179.9103
46.2927,searching,0.0000,-0.4812,-0.5499,0.0000,0.0000,-1.5059,179.9993,0.0013,179.9103
46.3027,searching,0.0000,-0.4813,-0.5476,0.0000,0.0000,-1.5049,179.9988,0.0003,179.9095
46.3126,searching,0.0000,-0.4814,-0.5454,0.0000,0.0000,-1.5038,-179.9995,0.0042,179.9090
46.3226,searching,0.0000,-0.4811,-0.5431,0.0000,0.0000,-1.5027,-179.9995,0.0042,179.9090
46.3332,searching,0.0000,-0.4805,-0.5407,0.0000,0.0000,-1.5015,179.9993,0.0018,179.9082
46.3427,searching,0.0000,-0.4792,-0.5378,0.0000,0.0000,-1.5002,179.9993,0.0018,179.9082
46.3526,searching,0.0000,-0.4785,-0.5351,0.0000,0.0000,-1.4989,179.9993,0.0018,179.9082
46.3626,searching,0.0000,-0.4782,-0.5325,0.0000,0.0000,-1.4976,179.9991,0.0014,179.9078
46.3727,searching,0.0000,-0.4771,-0.5294,0.0000,0.0000,-1.4962,180.0000,0.0036,179.9079
46.3829,searching,0.0000,-0.4759,-0.5265,0.0000,0.0000,-1.4947,180.0000,0.0036,179.9079
46.3927,searching,0.0000,-0.4759,-0.5241,0.0000,0.0000,-1.4932,179.9993,0.0020,179.9079
46.4026,searching,0.0000,-0.4755,-0.5215,0.0000,0.0000,-1.4916,-179.9996,0.0033,179.9081
46.4126,searching,0.0000,-0.4746,-0.5188,0.0000,0.0000,-1.4900,-179.9996,0.0033,179.9081
46.4238,searching,0.0000,-0.4746,-0.5165,0.0000,0.0000,-1.4883,179.9994,0.0009,179.9068
46.4327,searching,0.0000,-0.4749,-0.5143,0.0000,0.0000,-1.4866,-179.9996,0.0034,179.9072
46.4427,searching,0.0000,-0.4740,-0.5120,0.0000,0.0000,-1.4848,-179.9996,0.0034,179.9072
46.4526,searching,0.0000,-0.4728,-0.5096,0.0000,0.0000,-1.4830,179.9995,0.0014,179.9089
46.4627,searching,0.0000,-0.4728,-0.5080,0.0000,0.0000,-1.4812,179.9995,0.0014,179.9089
46.4729,searching,0.0000,-0.4717,-0.5058,0.0000,0.0000,-1.4793,179.9995,0.0014,179.9089
46.4826,searching,0.0000,-0.4694,-0.5034,0.0000,0.0000,-1.4774,179.9994,0.0014,179.9085
46.4926,searching,0.0000,-0.4691,-0.5020,0.0000,0.0000,-1.4754,179.9994,0.0014,179.9085
46.5026,searching,0.0000,-0.4695,-0.5006,0.0000,0.0000,-1.4734,179.9994,0.0014,179.9085
46.5131,searching,0.0000,-0.4688,-0.4987,0.0000,0.0000,-1.4714,179.9987,-0.0001,179.9087
46.5227,searching,0.0000,-0.4692,-0.4975,0.0000,0.0000,-1.4694,179.9986,-0.0002,179.9068
46.5331,searching,0.0000,-0.4714,-0.4968,0.0000,0.0000,-1.4673,179.9986,-0.0002,179.9068
46.5431,searching,0.0000,-0.4721,-0.4954,0.0000,0.0000,-1.4652,179.9996,0.0007,179.9075
46.5529,searching,0.0000,-0.4724,-0.4943,0.0000,0.0000,-1.4631,179.9991,-0.0002,179.9066
46.5630,searching,0.0000,-0.4735,-0.4934,0.0000,0.0000,-1.4609,179.9991,-0.0002,179.9066
46.5732,searching,0.0000,-0.4734,-0.4923,0.0000,0.0000,-1.4588,180.0000,0.0018,179.9059
46.5842,searching,0.0000,-0.4725,-0.4913,0.0000,0.0000,-1.4566,-179.9996,0.0014,179.9070
46.5927,searching,0.0000,-0.4731,-0.4908,0.0000,0.0000,-1.4544,-179.9996,0.0014,179.9070
46.6031,searching,0.0000,-0.4741,-0.4905,0.0000,0.0000,-1.4522,-179.9991,0.0027,179.9088
46.6127,searching,0.0000,-0.4755,-0.4908,0.0000,0.0000,-1.4501,-179.9996,0.0015,179.9079
46.6226,searching,0.2001,-0.4787,-0.4917,0.0000,0.0000,-1.4479,-179.9996,0.0015,179.9079
46.6327,searching,0.2022,-0.4821,-0.4925,0.0000,0.0000,-1.4457,179.9997,0.0001,179.9084
46.6426,searching,0.2046,-0.4850,-0.4936,0.0000,0.0000,-1.4436,179.9990,-0.0015,179.9082
46.6547,searching,0.2064,-0.4890,-0.4952,0.0000,0.0000,-1.4415,179.9990,-0.0015,179.9082
46.6627,searching,0.2085,-0.4926,-0.4969,0.0000,0.0000,-1.4395,179.9989,-0.0014,179.9074
46.6726,searching,0.2109,-0.4947,-0.4984,0.0000,0.0000,-1.4374,179.9996,0.0001,179.9079
46.6826,searching,0.2124,-0.4978,-0.5007,0.0000,0.0000,-1.4354,179.9996,0.0001,179.9079
46.6926,searching,0.2137,-0.5006,-0.5026,0.0000,0.0000,-1.4335,179.9997,0.0004,179.9085
46.7035,searching,0.2155,-0.5022,-0.5040,0.0000,0.0000,-1.4316,179.9993,-0.0003,179.9086
46.7129,searching,0.2173,-0.5047,-0.5055,0.0000,0.0000,-1.4297,179.9993,-0.0003,179.9086
46.7231,searching,0.2189,-0.5078,-0.5069,0.0000,0.0000,-1.4278,179.9992,-0.0005,179.9089
46.7329,searching,0.2210,-0.5103,-0.5080,0.0000,0.0000,-1.4260,179.9990,-0.0009,179.9071
46.7433,searching,0.2231,-0.5139,-0.5096,0.0000,0.0000,-1.4242,179.9990,-0.0009,179.9071
46.7527,searching,0.2256,-0.5183,-0.5116,0.0000,0.0000,-1.4224,179.9992,-0.0003,179.9078
46.7626,searching,0.2281,-0.5216,-0.5133,0.0000,0.0000,-1.4207,179.9993,-0.0001,179.9081
46.7726,searching,0.2305,-0.5251,-0.5157,0.0000,0.0000,-1.4190,179.9993,-0.0001,179.9081
46.7826,searching,0.2327,-0.5296,-0.5185,0.0000,0.0000,-1.4174,179.9996,0.0006,179.9087
46.7929,searching,0.2350,-0.5329,-0.5210,0.0000,0.0000,-1.4158,179.9995,0.0005,179.9080
46.8026,searching,0.2375,-0.5352,-0.5234,0.0000,0.0000,-1.4143,179.9995,0.0005,179.9080
46.8126,searching,0.2400,-0.5384,-0.5263,0.0000,0.0000,-1.4128,179.9994,0.0004,179.9079
46.8227,searching,0.2425,-0.5425,-0.5294,0.0000,0.0000,-1.4114,179.9991,-0.0001,179.9077
46.8330,searching,0.2451,-0.5458,-0.5321,0.0000,0.0000,-1.4100,179.9991,-0.0001,179.9077
46.8427,searching,0.2481,-0.5495,-0.5352,0.0000,0.0000,-1.4087,179.9991,-0.0001,179.9077
46.8526,searching,0.2515,-0.5546,-0.5388,0.0000,0.0000,-1.4075,179.9992,0.0002,179.9076
46.8626,searching,0.2549,-0.5590,-0.5420,0.0000,0.0000,-1.4063,179.9992,0.0002,179.9076
46.8728,searching,0.2582,-0.5631,-0.5451,0.0000,0.0000,-1.4052,179.9995,0.0008,179.9082
46.8831,searching,0.2617,-0.5679,-0.5488,0.0000,0.0000,-1.4042,180.0000,0.0021,179.9079
46.8926,searching,0.2651,-0.5718,-0.5524,0.0000,0.0000,-1.4033,180.0000,0.0021,179.9079
46.9026,searching,0.2683,-0.5747,-0.5559,0.0000,0.0000,-1.4024,179.9999,0.0018,179.9093
46.9126,searching,0.2714,-0.5773,-0.5593,0.0000,0.0000,-1.4016,179.9995,0.0010,179.9091
46.9240,searching,0.2740,-0.5790,-0.5622,0.0000,0.0000,-1.4008,179.9995,0.0010,179.9091
46.9327,searching,0.2765,-0.5805,-0.5650,0.0000,0.0000,-1.4001,179.9985,-0.0012,179.9090
46.9426,searching,0.2798,-0.5833,-0.5685,0.0000,0.0000,-1.3995,179.9986,-0.0009,179.9088
46.9526,searching,0.2831,-0.5863,-0.5720,0.0000,0.0000,-1.3989,179.9986,-0.0009,179.9088
46.9629,searching,0.2863,-0.5895,-0.5756,0.0000,0.0000,-1.3984,179.9993,0.0008,179.9077
46.9728,searching,0.2902,-0.5936,-0.5795,0.0000,0.0000,-1.3980,179.9988,-0.0003,179.9069
46.9826,searching,0.2939,-0.5975,-0.5832,0.0000,0.0000,-1.3977,179.9988,-0.0003,179.9069
46.9926,searching,0.2972,-0.6007,-0.5866,0.0000,0.0000,-1.3974,179.9992,0.0007,179.9069
47.0026,searching,0.3009,-0.6039,-0.5901,0.0000,0.0000,-1.3972,179.9978,-0.0025,179.9091
47.0131,searching,0.3044,-0.6070,-0.5935,0.0000,0.0000,-1.3971,179.9978,-0.0025,179.9091
47.0227,searching,0.3070,-0.6088,-0.5972,0.0000,0.0000,-1.3970,179.9986,-0.0007,179.9092
47.0326,searching,0.3101,-0.6103,-0.6007,0.0000,0.0000,-1.3970,179.9983,-0.0013,179.9089
47.0426,searching,0.3129,-0.6119,-0.6041,0.0000,0.0000,-1.3971,179.9983,-0.0013,179.9089
47.0531,searching,0.3151,-0.6131,-0.6070,0.0000,0.0000,-1.3973,179.9994,0.0013,179.9077
47.0627,searching,0.3181,-0.6147,-0.6098,0.0000,0.0000,-1.3975,179.9994,0.0014,179.9078
47.0727,searching,0.3218,-0.6166,-0.6123,0.0000,0.0000,-1.3977,179.9994,0.0014,179.9078
47.0827,searching,0.3251,-0.6186,-0.6147,0.0000,0.0000,-1.3980,-179.9999,0.0031,179.9068
47.0932,searching,0.3284,-0.6207,-0.6172,0.0000,0.0000,-1.3983,179.9984,-0.0008,179.9079
47.1056,searching,0.3319,-0.6230,-0.6198,0.0000,0.0000,-1.3987,179.9984,-0.0008,179.9079
47.1129,searching,0.3342,-0.6243,-0.6223,0.0000,0.0000,-1.3992,179.9991,0.0007,179.9076
47.1229,searching,0.3362,-0.6241,-0.6242,0.0000,0.0000,-1.3997,179.9987,-0.0000,179.9080
47.1329,searching,0.3381,-0.6232,-0.6261,0.0000,0.0000,-1.4002,179.9987,-0.0000,179.9080
47.1431,searching,0.3391,-0.6222,-0.6278,0.0000,0.0000,-1.4007,179.9982,-0.0013,179.9068
47.1537,searching,0.3399,-0.6211,-0.6294,0.0000,0.0000,-1.4013,179.9981,-0.0014,179.9064
47.1627,searching,0.3420,-0.6202,-0.6311,0.0000,0.0000,-1.4020,179.9981,-0.0014,179.9064
47.1727,searching,0.3436,-0.6206,-0.6333,0.0000,0.0000,-1.4026,179.9981,-0.0014,179.9064
47.1826,searching,0.3449,-0.6209,-0.6350,0.0000,0.0000,-1.4033,179.9986,-0.0001,179.9073
47.1928,searching,0.3474,-0.6210,-0.6365,0.0000,0.0000,-1.4041,179.9986,-0.0001,179.9073
47.2027,searching,0.3493,-0.6217,-0.6381,0.0000,0.0000,-1.4048,-179.9999,0.0019,179.9073
47.2127,searching,0.3504,-0.6221,-0.6394,0.0000,0.0000,-1.4056,-179.9999,0.0019,179.9073
47.2226,searching,0.3522,-0.6221,-0.6408,0.0000,0.0000,-1.4064,-179.9999,0.0019,179.9073
47.2327,searching,0.3536,-0.6218,-0.6424,0.0000,0.0000,-1.4073,179.9986,-0.0016,179.9089
47.2432,searching,0.3550,-0.6216,-0.6439,0.0000,0.0000,-1.4081,179.9988,-0.0012,179.9084
47.2526,searching,0.3561,-0.6197,-0.6447,0.0000,0.0000,-1.4090,179.9988,-0.0012,179.9084
47.2626,searching,0.3567,-0.6183,-0.6457,0.0000,0.0000,-1.4099,179.9995,0.0005,179.9098
47.2726,searching,0.3567,-0.6168,-0.6464,0.0000,0.0000,-1.4109,179.9996,0.0008,179.9090
47.2830,searching,0.3582,-0.6150,-0.6470,0.0000,0.0000,-1.4118,179.9996,0.0008,179.9090
47.2927,searching,0.3600,-0.6148,-0.6484,0.0000,0.0000,-1.4128,179.9998,-0.0002,179.9094
47.3026,searching,0.3606,-0.6151,-0.6501,0.0000,0.0000,-1.4138,179.9998,-0.0002,179.9081
47.3126,searching,0.3621,-0.6143,-0.6513,0.0000,0.0000,-1.4148,179.9998,-0.0002,179.9081
47.3228,searching,0.3639,-0.6138,-0.6527,0.0000,0.0000,-1.4159,179.9979,-0.0044,179.9082
47.3327,searching,0.3641,-0.6135,-0.6543,0.0000,0.0000,-1.4169,179.9991,-0.0017,179.9085
47.3426,searching,0.3645,-0.6120,-0.6556,0.0000,0.0000,-1.4181,179.9991,-0.0017,179.9085
47.3526,searching,0.3660,-0.6098,-0.6568,0.0000,0.0000,-1.4192,179.9989,-0.0023,179.9091
47.3626,searching,0.3666,-0.6085,-0.6585,0.0000,0.0000,-1.4204,-179.9993,0.0019,179.9097
47.3748,searching,0.3664,-0.6069,-0.6600,0.0000,0.0000,-1.4216,-179.9993,0.0019,179.9097
47.3827,searching,0.3670,-0.6055,-0.6618,0.0000,0.0000,-1.4228,179.9998,-0.0002,179.9088
47.3926,searching,0.3675,-0.6044,-0.6633,0.0000,0.0000,-1.4241,180.0000,0.0004,179.9082
47.4026,searching,0.3682,-0.6025,-0.6642,0.0000,0.0000,-1.4254,180.0000,0.0004,179.9082
47.4128,searching,0.3697,-0.6009,-0.6653,0.0000,0.0000,-1.4267,179.9995,-0.0010,179.9092
47.4227,searching,0.3698,-0.6004,-0.6669,0.0000,0.0000,-1.4280,179.9988,-0.0025,179.9089
47.4326,searching,0.3697,-0.5992,-0.6681,0.0000,0.0000,-1.4294,179.9988,-0.0025,179.9089
47.4426,searching,0.3712,-0.5969,-0.6691,0.0000,0.0000,-1.4307,179.9992,-0.0017,179.9092
47.4527,searching,0.3715,-0.5965,-0.6711,0.0000,0.0000,-1.4322,180.0000,0.0002,179.9093
47.4634,searching,0.3702,-0.5955,-0.6728,0.0000,0.0000,-1.4336,180.0000,0.0002,179.9093
47.4726,searching,0.3705,-0.5922,-0.6733,0.0000,0.0000,-1.4351,179.9988,-0.0025,179.9090
47.4826,searching,0.3710,-0.5897,-0.6743,0.0000,0.0000,-1.4366,-179.9995,0.0013,179.9085
47.4926,searching,0.3696,-0.5881,-0.6756,0.0000,0.0000,-1.4381,-179.9995,0.0013,179.9085
47.5026,searching,0.3691,-0.5859,-0.6767,0.0000,0.0000,-1.4396,179.9995,-0.0012,179.9077
47.5129,searching,0.3693,-0.5840,-0.6779,0.0000,0.0000,-1.4412,-179.9994,0.0014,179.9079
47.5226,searching,0.3685,-0.5825,-0.6791,0.0000,0.0000,-1.4428,-179.9994,0.0014,179.9079
47.5329,searching,0.3680,-0.5802,-0.6798,0.0000,0.0000,-1.4444,179.9993,-0.0015,179.9078
47.5426,searching,0.3679,-0.5784,-0.6811,0.0000,0.0000,-1.4460,180.0000,-0.0000,179.9075
47.5530,searching,0.3670,-0.5766,-0.6820,0.0000,0.0000,-1.4476,180.0000,-0.0000,179.9075
47.5627,searching,0.3672,-0.5733,-0.6825,0.0000,0.0000,-1.4493,179.9999,-0.0003,179.9074
47.5726,searching,0.3671,-0.5707,-0.6835,0.0000,0.0000,-1.4509,-179.9998,0.0003,179.9055
47.5826,searching,0.3654,-0.5692,-0.6848,0.0000,0.0000,-1.4526,-179.9998,0.0003,179.9055
47.5927,searching,0.3642,-0.5659,-0.6851,0.0000,0.0000,-1.4543,-179.9998,0.0003,179.9055
47.6031,searching,0.3645,-0.5615,-0.6851,0.0000,0.0000,-1.4560,179.9997,-0.0007,179.9053
47.6128,searching,0.3636,-0.5585,-0.6855,0.0000,0.0000,-1.4577,179.9997,-0.0007,179.9053
47.6226,searching,0.3620,-0.5551,-0.6855,0.0000,0.0000,-1.4595,-179.9994,0.0013,179.9070
47.6326,searching,0.3617,-0.5514,-0.6855,0.0000,0.0000,-1.4612,179.9989,-0.0027,179.9066
47.6426,searching,0.3609,-0.5489,-0.6859,0.0000,0.0000,-1.4629,179.9989,-0.0027,179.9066
47.6532,searching,0.3597,-0.5459,-0.6858,0.0000,0.0000,-1.4646,-179.9998,0.0002,179.9066
47.6630,searching,0.3590,-0.5422,-0.6858,0.0000,0.0000,-1.4663,179.9992,-0.0022,179.9057
47.6729,searching,0.3574,-0.5395,-0.6859,0.0000,0.0000,-1.4680,179.9992,-0.0022,179.9057
47.6827,searching,0.3555,-0.5355,-0.6852,0.0000,0.0000,-1.4697,179.9984,-0.0028,179.9066
47.6926,searching,0.3548,-0.5306,-0.6845,0.0000,0.0000,-1.4714,179.9986,-0.0023,179.9072
47.7033,searching,0.3527,-0.5278,-0.6844,0.0000,0.0000,-1.4731,179.9986,-0.0023,179.9072
47.7126,searching,0.3495,-0.5251,-0.6841,0.0000,0.0000,-1.4748,179.9995,-0.0002,179.9075
47.7226,searching,0.3485,-0.5203,-0.6830,0.0000,0.0000,-1.4765,179.9989,-0.0018,179.9070
47.7326,searching,0.3472,-0.5168,-0.6821,0.0000,0.0000,-1.4781,179.9989,-0.0018,179.9070
47.7432,searching,0.3443,-0.5138,-0.6810,0.0000,0.0000,-1.4797,-179.9997,0.0028,179.9079
47.7527,searching,0.3425,-0.5085,-0.6790,0.0000,0.0000,-1.4813,179.9983,-0.0019,179.9091
47.7626,searching,0.3406,-0.5041,-0.6772,0.0000,0.0000,-1.4828,179.9983,-0.0019,179.9091
47.7726,searching,0.3374,-0.5012,-0.6759,0.0000,0.0000,-1.4844,179.9989,-0.0005,179.9087
47.7829,searching,0.3348,-0.4965,-0.6739,0.0000,0.0000,-1.4858,179.9994,0.0004,179.9086
47.7930,searching,0.3326,-0.4917,-0.6718,0.0000,0.0000,-1.4873,179.9994,0.0004,179.9086
47.8026,searching,0.3293,-0.4877,-0.6696,0.0000,0.0000,-1.4887,179.9995,0.0007,179.9083
47.8126,searching,0.3264,-0.4825,-0.6670,0.0000,0.0000,-1.4900,179.9986,-0.0001,179.9075
47.8226,searching,0.3240,-0.4775,-0.6645,0.0000,0.0000,-1.4913,179.9986,-0.0001,179.9075
47.8328,searching,0.3207,-0.4738,-0.6621,0.0000,0.0000,-1.4925,179.9998,0.0026,179.9083
47.8427,searching,0.3172,-0.4687,-0.6584,0.0000,0.0000,-1.4937,179.9983,-0.0008,179.9067
47.8528,searching,0.3142,-0.4627,-0.6548,0.0000,0.0000,-1.4948,179.9983,-0.0008,179.9067
47.8627,searching,0.3102,-0.4579,-0.6514,0.0000,0.0000,-1.4958,179.9988,0.0003,179.9061
47.8737,searching,0.3060,-0.4524,-0.6475,0.0000,0.0000,-1.4968,179.9978,-0.0022,179.9062
47.8827,searching,0.3025,-0.4458,-0.6432,0.0000,0.0000,-1.4976,179.9978,-0.0022,179.9062
47.8926,searching,0.2982,-0.4404,-0.6392,0.0000,0.0000,-1.4984,179.9981,-0.0003,179.9055
47.9026,searching,0.2934,-0.4358,-0.6351,0.0000,0.0000,-1.4991,179.9981,-0.0003,179.9055
47.9129,searching,0.2893,-0.4305,-0.6308,0.0000,0.0000,-1.4998,179.9981,-0.0003,179.9055
47.9232,searching,0.2852,-0.4257,-0.6266,0.0000,0.0000,-1.5003,179.9982,-0.0000,179.9082
47.9326,searching,0.2807,-0.4209,-0.6218,0.0000,0.0000,-1.5007,179.9980,-0.0006,179.9094
47.9427,searching,0.2768,-0.4142,-0.6163,0.0000,0.0000,-1.5010,179.9980,-0.0006,179.9094
47.9526,searching,0.2727,-0.4085,-0.6117,0.0000,0.0000,-1.5013,179.9977,-0.0014,179.9093
47.9629,searching,0.2673,-0.4035,-0.6069,0.0000,0.0000,-1.5014,179.9979,-0.0012,179.9102
47.9726,searching,0.2626,-0.3967,-0.6017,0.0000,0.0000,-1.5015,179.9979,-0.0012,179.9102
47.9826,searching,0.2581,-0.3901,-0.5969,0.0000,0.0000,-1.5014,179.9974,-0.0022,179.9090
47.9926,searching,0.2522,-0.3851,-0.5923,0.0000,0.0000,-1.5012,179.9990,0.0013,179.9093
48.0032,searching,0.2474,-0.3784,-0.5871,0.0000,0.0000,-1.5010,179.9990,0.0013,179.9093
48.0127,searching,0.2435,-0.3715,-0.5820,0.0000,0.0000,-1.5006,179.9981,-0.0009,179.9097
48.0226,searching,0.2386,-0.3672,-0.5777,0.0000,0.0000,-1.5002,179.9979,-0.0015,179.9099
48.0326,searching,0.2342,-0.3626,-0.5734,0.0000,0.0000,-1.4996,179.9979,-0.0015,179.9099
48.0428,searching,0.2305,-0.3579,-0.5696,0.0000,0.0000,-1.4990,179.9978,-0.0017,179.9087
48.0528,searching,0.2262,-0.3547,-0.5661,0.0000,0.0000,-1.4984,179.9984,-0.0004,179.9078
48.0627,searching,0.2222,-0.3503,-0.5622,0.0000,0.0000,-1.4976,179.9984,-0.0004,179.9078
48.0727,searching,0.2185,-0.3447,-0.5582,0.0000,0.0000,-1.4968,179.9984,-0.0005,179.9080
48.0826,searching,0.2140,-0.3401,-0.5546,0.0000,0.0000,-1.4959,179.9992,0.0013,179.9095
48.0930,searching,0.2098,-0.3357,-0.5511,0.0000,0.0000,-1.4949,179.9992,0.0013,179.9095
48.1029,searching,0.2062,-0.3295,-0.5471,0.0000,0.0000,-1.4938,179.9988,0.0002,179.9093
48.1127,searching,0.2019,-0.3247,-0.5434,0.0000,0.0000,-1.4927,179.9993,0.0013,179.9110
48.1227,searching,0.0000,-0.3200,-0.5394,0.0000,0.0000,-1.4915,179.9993,0.0013,179.9110
48.1327,searching,0.0000,-0.3147,-0.5356,0.0000,0.0000,-1.4902,179.9986,-0.0004,179.9093
48.1439,searching,0.0000,-0.3096,-0.5320,0.0000,0.0000,-1.4888,179.9991,0.0005,179.9092
48.1526,searching,0.0000,-0.3067,-0.5289,0.0000,0.0000,-1.4874,179.9991,0.0005,179.9092
48.1627,searching,0.0000,-0.3027,-0.5252,0.0000,0.0000,-1.4859,179.9988,-0.0002,179.9086
48.1726,searching,0.0000,-0.2985,-0.5219,0.0000,0.0000,-1.4843,179.9990,0.0002,179.9086
