t_sec,phase,F_ext_x,F_ext_y,F_ext_z,correction_x_mm,correction_y_mm,correction_z_mm,tool_rot_x_deg,tool_rot_y_deg,tool_rot_z_deg
0.0017,approaching,0.0000,0.0000,0.0000,0.0000,0.0000,0.0000,179.9998,0.0009,179.9087
0.0065,approaching,0.0000,0.0000,0.0000,0.0000,0.0000,0.0000,179.9998,0.0009,179.9087
0.0166,approaching,0.0000,0.0000,0.0000,0.0000,0.0000,0.0000,179.9998,0.0009,179.9087
0.0269,approaching,0.0000,0.0000,0.0000,0.0000,0.0000,0.0000,179.9998,0.0009,179.9087
0.0366,approaching,0.0000,0.0000,0.0000,0.0000,0.0000,0.0000,179.9998,0.0009,179.9087
0.0466,approaching,0.0000,0.0000,0.0000,0.0000,0.0000,0.0000,179.9998,0.0009,179.9087
0.0569,approaching,0.0000,0.0000,0.0000,0.0000,0.0000,0.0000,179.9998,0.0009,179.9087
0.0674,approaching,0.0000,0.0000,0.0000,0.0000,0.0000,0.0000,179.9998,0.0009,179.9087
0.0771,approaching,0.0000,0.0000,0.0000,0.0000,0.0000,0.0000,179.9998,0.0009,179.9087
0.0873,approaching,0.0000,0.0000,0.0000,0.0000,0.0000,0.0000,179.9998,0.0009,179.9087
0.0975,approaching,0.0000,0.0000,0.0000,0.0000,0.0000,0.0000,179.9996,0.0007,179.9087
0.1077,approaching,0.0000,0.0000,0.0000,0.0000,0.0000,0.0000,179.9996,0.0007,179.9087
0.1171,approaching,0.0000,0.0000,0.0000,0.0000,0.0000,0.0000,179.9997,0.0009,179.9087
0.1279,approaching,0.0000,0.0000,0.0000,0.0000,0.0000,0.0000,180.0000,0.0016,179.9086
0.1368,approaching,0.0000,0.0000,0.0000,0.0000,0.0000,0.0000,180.0000,0.0016,179.9086
0.1467,approaching,0.0000,0.0000,0.0000,0.0000,0.0000,0.0000,179.9999,0.0012,179.9086
0.1572,approaching,0.0000,0.0000,0.0000,0.0000,0.0000,0.0000,179.9999,0.0013,179.9086
0.1679,approaching,0.0000,0.0000,0.0000,0.0000,0.0000,0.0000,179.9999,0.0013,179.9086
0.1774,approaching,0.0000,0.0000,0.0000,0.0000,0.0000,0.0000,-179.9997,0.0021,179.9085
0.1878,approaching,0.0000,0.0000,0.0000,0.0000,0.0000,0.0000,-179.9992,0.0034,179.9085
0.1975,approaching,0.0000,0.0000,0.0000,0.0000,0.0000,0.0000,-179.9992,0.0034,179.9085
0.2075,approaching,0.0000,0.0000,0.0000,0.0000,0.0000,0.0000,-179.9993,0.0032,179.9084
0.2174,approaching,0.0000,0.0000,0.0000,0.0000,0.0000,0.0000,-179.9995,0.0026,179.9084
0.2271,approaching,0.0000,0.0000,0.0000,0.0000,0.0000,0.0000,-179.9995,0.0026,179.9084
0.2376,approaching,0.0000,0.0000,0.0000,0.0000,0.0000,0.0000,180.0000,0.0016,179.9084
0.2475,approaching,0.0000,0.0000,0.0000,0.0000,0.0000,0.0000,179.9996,0.0007,179.9083
0.2573,approaching,0.0000,0.0000,0.0000,0.0000,0.0000,0.0000,179.9996,0.0007,179.9083
0.2672,approaching,0.0000,0.0000,0.0000,0.0000,0.0000,0.0000,180.0000,0.0016,179.9083
0.2772,approaching,0.0000,0.0000,0.0000,0.0000,0.0000,0.0000,179.9996,0.0007,179.9082
0.2874,approaching,0.0000,0.0000,0.0000,0.0000,0.0000,0.0000,179.9996,0.0007,179.9082
0.2971,approaching,0.0000,0.0000,0.0000,0.0000,0.0000,0.0000,179.9999,0.0015,179.9082
0.3077,approaching,0.0000,0.0000,0.0000,0.0000,0.0000,0.0000,180.0000,0.0016,179.9082
0.3175,approaching,0.0000,0.0000,0.0000,0.0000,0.0000,0.0000,180.0000,0.0016,179.9082
0.3272,approaching,0.0000,0.0000,0.0000,0.0000,0.0000,0.0000,180.0000,0.0016,179.9082
0.3373,approaching,0.0000,0.0000,0.0000,0.0000,0.0000,0.0000,179.9994,0.0004,179.9081
0.3474,approaching,0.0000,0.0000,0.0000,0.0000,0.0000,0.0000,179.9994,0.0004,179.9081
0.3572,approaching,0.0000,0.0000,0.0000,0.0000,0.0000,0.0000,179.9995,0.0005,179.9081
0.3680,approaching,0.0000,0.0000,0.0000,0.0000,0.0000,0.0000,179.9989,-0.0007,179.9081
0.3774,approaching,0.0000,0.0000,0.0000,0.0000,0.0000,0.0000,179.9989,-0.0007,179.9081
0.3873,approaching,0.0000,0.0000,0.0000,0.0000,0.0000,0.0000,179.9988,-0.0011,179.9080
0.3979,approaching,0.0000,0.0000,0.0000,0.0000,0.0000,0.0000,179.9994,0.0004,179.9080
0.4072,approaching,0.0000,0.0000,0.0000,0.0000,0.0000,0.0000,179.9994,0.0004,179.9080
0.4173,approaching,0.0000,0.0000,0.0000,0.0000,0.0000,0.0000,179.9994,0.0004,179.9080
0.4278,approaching,0.0000,0.0000,0.0000,0.0000,0.0000,0.0000,179.9995,0.0007,179.9079
0.4374,approaching,0.0000,0.0000,0.0000,0.0000,0.0000,0.0000,179.9995,0.0007,179.9079
0.4473,approaching,0.0000,0.0000,0.0000,0.0000,0.0000,0.0000,179.9993,0.0003,179.9079
0.4579,approaching,0.0000,0.0000,0.0000,0.0000,0.0000,0.0000,179.9990,-0.0005,179.9078
0.4673,approaching,0.0000,0.0000,0.0000,0.0000,0.0000,0.0000,179.9990,-0.0005,179.9078
0.4772,approaching,0.0000,0.0000,0.0000,0.0000,0.0000,0.0000,179.9989,-0.0006,179.9078
0.4875,approaching,0.0000,0.0000,0.0000,0.0000,0.0000,0.0000,179.9989,-0.0006,179.9078
0.4977,approaching,0.0000,0.0000,0.0000,0.0000,0.0000,0.0000,179.9990,-0.0004,179.9078
0.5073,approaching,0.0000,0.0000,0.0000,0.0000,0.0000,0.0000,179.9989,-0.0006,179.9083
0.5173,approaching,0.0000,0.0000,0.0000,0.0000,0.0000,0.0000,179.9993,0.0003,179.9083
0.5272,approaching,0.0000,0.0000,0.0000,0.0000,0.0000,0.0000,179.9993,0.0003,179.9083
0.5373,approaching,0.0000,0.0000,0.0000,0.0000,0.0000,0.0000,179.9992,0.0001,179.9082
0.5478,approaching,0.0000,0.0000,0.0000,0.0000,0.0000,0.0000,179.9991,-0.0001,179.9082
0.5573,approaching,0.0000,0.0000,0.0000,0.0000,0.0000,0.0000,179.9991,-0.0001,179.9082
0.5674,approaching,0.0000,0.0000,0.0000,0.0000,0.0000,0.0000,179.9991,-0.0002,179.9081
0.5776,approaching,0.0000,0.0000,0.0000,0.0000,0.0000,0.0000,179.9993,0.0005,179.9087
0.5873,approaching,0.0000,0.0000,0.0000,0.0000,0.0000,0.0000,179.9993,0.0005,179.9087
0.5973,approaching,0.0000,0.0000,0.0000,0.0000,0.0000,0.0000,179.9993,0.0005,179.9087
0.6075,approaching,0.0000,0.0000,0.0000,0.0000,0.0000,0.0000,179.9993,0.0003,179.9086
0.6179,approaching,0.0000,0.0000,0.0000,0.0000,0.0000,0.0000,179.9993,0.0003,179.9086
0.6271,approaching,0.0000,0.0000,0.0000,0.0000,0.0000,0.0000,179.9993,0.0004,179.9086
0.6378,approaching,0.0000,0.0000,0.0000,0.0000,0.0000,0.0000,179.9997,0.0013,179.9085
0.6476,approaching,0.0000,0.0000,0.0000,0.0000,0.0000,0.0000,179.9997,0.0013,179.9085
0.6571,approaching,0.0000,0.0000,0.0000,0.0000,0.0000,0.0000,179.9994,0.0007,179.9085
0.6679,approaching,0.0000,0.0000,0.0000,0.0000,0.0000,0.0000,179.9990,-0.0002,179.9085
0.6772,approaching,0.0000,0.0000,0.0000,0.0000,0.0000,0.0000,179.9990,-0.0002,179.9085
0.6872,approaching,0.0000,0.0000,0.0000,0.0000,0.0000,0.0000,179.9992,0.0002,179.9084
0.6976,approaching,0.0000,0.0000,0.0000,0.0000,0.0000,0.0000,179.9993,0.0004,179.9084
0.7075,approaching,0.0000,0.0000,0.0000,0.0000,0.0000,0.0000,179.9993,0.0004,179.9084
0.7170,approaching,0.0000,0.0000,0.0000,0.0000,0.0000,0.0000,179.9995,0.0010,179.9084
0.7277,approaching,0.0000,0.0000,0.0000,0.0000,0.0000,0.0000,179.9993,0.0006,179.9083
0.7376,approaching,0.0000,0.0000,0.0000,0.0000,0.0000,0.0000,179.9993,0.0006,179.9083
0.7474,approaching,0.0000,0.0000,0.0000,0.0000,0.0000,0.0000,179.9995,0.0009,179.9088
0.7574,approaching,0.0000,0.0000,0.0000,0.0000,0.0000,0.0000,179.9991,0.0001,179.9088
0.7676,approaching,0.0000,0.0000,0.0000,0.0000,0.0000,0.0000,179.9991,0.0001,179.9088
0.7773,approaching,0.0000,0.0000,0.0000,0.0000,0.0000,0.0000,179.9988,-0.0005,179.9088
0.7872,approaching,0.0000,0.0000,0.0000,0.0000,0.0000,0.0000,179.9986,-0.0011,179.9088
0.7975,approaching,0.0000,0.0000,0.0000,0.0000,0.0000,0.0000,179.9986,-0.0011,179.9088
0.8072,approaching,0.0000,0.0000,0.0000,0.0000,0.0000,0.0000,179.9992,0.0004,179.9087
0.8176,approaching,0.0000,0.0000,0.0000,0.0000,0.0000,0.0000,179.9992,0.0003,179.9087
0.8272,approaching,0.0000,0.0000,0.0000,0.0000,0.0000,0.0000,179.9992,0.0003,179.9087
0.8373,approaching,0.0000,0.0000,0.0000,0.0000,0.0000,0.0000,179.9991,0.0001,179.9092
0.8476,approaching,0.0000,0.0000,0.0000,0.0000,0.0000,0.0000,179.9993,-0.0007,179.9091
0.8574,approaching,0.0000,0.0000,0.0000,0.0000,0.0000,0.0000,179.9993,-0.0007,179.9091
0.8671,approaching,0.0000,0.0000,0.0000,0.0000,0.0000,0.0000,179.9995,-0.0004,179.9091
0.8773,approaching,0.0000,0.0000,0.0000,0.0000,0.0000,0.0000,179.9993,-0.0006,179.9091
0.8875,approaching,0.0000,0.0000,0.0000,0.0000,0.0000,0.0000,179.9993,-0.0006,179.9091
0.8970,approaching,0.0000,0.0000,0.0000,0.0000,0.0000,0.0000,179.9995,-0.0001,179.9090
0.9075,approaching,0.0000,0.0000,0.0000,0.0000,0.0000,0.0000,179.9992,-0.0009,179.9090
0.9175,approaching,0.0000,0.0000,0.0000,0.0000,0.0000,0.0000,179.9992,-0.0009,179.9090
0.9274,approaching,0.0000,0.0000,0.0000,0.0000,0.0000,0.0000,179.9991,-0.0011,179.9090
0.9371,approaching,0.0000,0.0000,0.0000,0.0000,0.0000,0.0000,179.9997,0.0004,179.9089
0.9475,approaching,0.0000,0.0000,0.0000,0.0000,0.0000,0.0000,179.9997,0.0004,179.9089
0.9572,approaching,0.0000,0.0000,0.0000,0.0000,0.0000,0.0000,179.9996,-0.0000,179.9089
0.9674,approaching,0.0000,0.0000,0.0000,0.0000,0.0000,0.0000,179.9996,-0.0000,179.9089
0.9771,approaching,0.0000,0.0000,0.0000,0.0000,0.0000,0.0000,179.9996,-0.0000,179.9089
0.9871,approaching,0.0000,0.0000,0.0000,0.0000,0.0000,0.0000,179.9998,0.0006,179.9088
0.9965,approaching,0.0000,0.0000,0.0000,0.0000,0.0000,0.0000,179.9998,0.0005,179.9088
1.0064,approaching,0.0000,0.0000,0.0000,0.0000,0.0000,0.0000,179.9998,0.0005,179.9088
1.0166,approaching,0.0000,0.0000,0.0000,0.0000,0.0000,0.0000,179.9997,0.0003,179.9088
1.0265,approaching,0.0000,0.0000,0.0000,0.0000,0.0000,0.0000,179.9999,0.0008,179.9087
1.0368,approaching,0.0000,0.0000,0.0000,0.0000,0.0000,0.0000,179.9999,0.0008,179.9087
1.0467,approaching,0.0000,0.0000,0.0000,0.0000,0.0000,0.0000,-179.9998,0.0016,179.9087
1.0565,approaching,0.0000,0.0000,0.0000,0.0000,0.0000,0.0000,-179.9999,0.0013,179.9087
1.0666,approaching,0.0000,0.0000,0.0000,0.0000,0.0000,0.0000,-179.9999,0.0013,179.9087
1.0764,approaching,0.0000,0.0000,0.0000,0.0000,0.0000,0.0000,-179.9998,0.0016,179.9086
1.0864,approaching,0.0000,0.0000,0.0000,0.0000,0.0000,0.0000,180.0000,0.0010,179.9086
1.0968,approaching,0.0000,0.0000,0.0000,0.0000,0.0000,0.0000,180.0000,0.0010,179.9086
1.1069,approaching,0.0000,-0.2088,-0.2083,0.0000,0.0000,0.0000,-179.9999,0.0014,179.9086
1.1164,approaching,0.0000,-0.2289,-0.2301,0.0000,0.0000,0.0000,-179.9998,0.0016,179.9085
1.1265,approaching,0.0000,-0.2514,-0.2542,0.0000,0.0000,0.0000,-179.9998,0.0016,179.9085
1.1366,approaching,0.0000,-0.2764,-0.2808,0.0000,0.0000,0.0000,-179.9995,0.0022,179.9085
1.1468,approaching,0.0000,-0.3037,-0.3099,0.0000,0.0000,0.0000,-179.9994,0.0024,179.9084
1.1565,approaching,0.0000,-0.3338,-0.3417,0.0000,0.0000,0.0000,-179.9994,0.0024,179.9084
1.1665,approaching,0.0000,-0.3625,-0.3719,0.0000,0.0000,0.0000,-179.9996,0.0022,179.9084
1.1764,approaching,0.0000,-0.3984,-0.4095,0.0000,0.0000,0.0000,-179.9997,0.0018,179.9084
1.1868,approaching,0.0000,-0.4368,-0.4497,0.0000,0.0000,0.0000,-179.9997,0.0018,179.9084
1.1965,approaching,0.0000,-0.4782,-0.4926,0.0000,0.0000,0.0000,-179.9999,0.0014,179.9083
1.2064,approaching,0.0000,-0.5225,-0.5386,0.0000,0.0000,0.0000,179.9998,0.0008,179.9083
1.2165,approaching,0.0000,-0.5700,-0.5880,0.0000,0.0000,0.0000,179.9998,0.0008,179.9083
1.2274,approaching,0.0000,-0.6204,-0.6402,0.0000,0.0000,0.0000,-179.9998,0.0016,179.9083
1.2366,searching,0.2091,-0.6738,-0.6956,0.0000,0.0000,-0.0019,-179.9998,0.0016,179.9083
1.2465,searching,0.2282,-0.7299,-0.7539,0.0000,0.0000,-0.0050,-179.9998,0.0016,179.9083
1.2566,searching,0.2462,-0.7832,-0.8092,0.0000,0.0000,-0.0092,-179.9999,0.0015,179.9082
1.2670,searching,0.2682,-0.8470,-0.8750,0.0000,0.0000,-0.0147,179.9998,0.0009,179.9082
1.2767,searching,0.2919,-0.9137,-0.9440,0.0000,0.0000,-0.0216,179.9998,0.0009,179.9082
1.2865,searching,0.3170,-0.9835,-1.0161,0.0000,0.0000,-0.0299,179.9997,0.0007,179.9082
1.2964,searching,0.3409,-1.0497,-1.0845,0.0000,0.0000,-0.0396,179.9998,0.0009,179.9081
1.3069,searching,0.3682,-1.1242,-1.1619,0.0000,0.0000,-0.0508,179.9998,0.0009,179.9081
1.3167,searching,0.3967,-1.2007,-1.2414,0.0000,0.0000,-0.0636,179.9999,0.0010,179.9081
1.3265,searching,0.4260,-1.2789,-1.3230,0.0000,0.0000,-0.0781,179.9998,0.0009,179.9086
1.3366,searching,0.4563,-1.3593,-1.4067,0.0000,0.0000,-0.0942,179.9998,0.0009,179.9086
1.3475,searching,0.4851,-1.4355,-1.4863,0.0000,0.0000,-0.1120,179.9997,0.0006,179.9086
1.3565,searching,0.5178,-1.5206,-1.5754,0.0000,0.0000,-0.1315,180.0000,0.0013,179.9082
1.3666,searching,0.5490,-1.6014,-1.6600,0.0000,0.0000,-0.1527,180.0000,0.0013,179.9082
1.3766,searching,0.5811,-1.6843,-1.7471,0.0000,0.0000,-0.1756,-179.9998,0.0017,179.9092
1.3870,searching,0.6171,-1.7753,-1.8430,0.0000,0.0000,-0.2005,-179.9996,0.0021,179.9092
1.3966,searching,0.6514,-1.8617,-1.9341,0.0000,0.0000,-0.2271,-179.9996,0.0021,179.9092
1.4066,searching,0.6867,-1.9500,-2.0271,0.0000,0.0000,-0.2557,-179.9996,0.0023,179.9088
1.4164,searching,0.7231,-2.0402,-2.1220,0.0000,0.0000,-0.2857,-179.9994,0.0027,179.9094
1.4267,searching,0.7631,-2.1374,-2.2248,0.0000,0.0000,-0.3157,-179.9994,0.0027,179.9094
1.4366,searching,0.8039,-2.2352,-2.3286,0.0000,0.0000,-0.3457,-179.9993,0.0029,179.9094
1.4465,searching,0.8453,-2.3339,-2.4336,0.0000,0.0000,-0.3757,-179.9992,0.0032,179.9094
1.4571,searching,0.8874,-2.4336,-2.5400,0.0000,0.0000,-0.4057,-179.9992,0.0032,179.9094
1.4666,searching,0.9306,-2.5344,-2.6476,0.0000,0.0000,-0.4357,-179.9990,0.0036,179.9094
1.4765,searching,0.9747,-2.6363,-2.7564,0.0000,0.0000,-0.4657,-179.9987,0.0042,179.9094
1.4866,searching,1.0165,-2.7330,-2.8598,0.0000,0.0000,-0.4957,-179.9987,0.0042,179.9094
1.4966,searching,1.0590,-2.8311,-2.9646,0.0000,0.0000,-0.5257,-179.9984,0.0050,179.9095
1.5066,searching,1.1053,-2.9354,-3.0765,0.0000,0.0000,-0.5557,-179.9983,0.0052,179.9099
1.5166,searching,1.1519,-3.0397,-3.1885,0.0000,0.0000,-0.5857,-179.9983,0.0052,179.9099
1.5267,searching,1.1962,-3.1388,-3.2950,0.0000,0.0000,-0.6157,-179.9983,0.0052,179.9099
1.5365,searching,1.2411,-3.2385,-3.4021,0.0000,0.0000,-0.6457,-179.9983,0.0052,179.9099
1.5472,searching,1.2887,-3.3434,-3.5151,0.0000,0.0000,-0.6757,-179.9983,0.0052,179.9099
1.5567,searching,1.3339,-3.4431,-3.6225,0.0000,0.0000,-0.7057,-179.9985,0.0046,179.9097
1.5665,searching,1.3788,-3.5421,-3.7290,0.0000,0.0000,-0.7357,-179.9982,0.0054,179.9097
1.5765,searching,1.4254,-3.6432,-3.8384,0.0000,0.0000,-0.7657,-179.9982,0.0054,179.9097
1.5870,searching,1.4713,-3.7424,-3.9457,0.0000,0.0000,-0.7957,-179.9985,0.0047,179.9095
1.5965,searching,1.5165,-3.8396,-4.0508,0.0000,0.0000,-0.8257,-179.9990,0.0035,179.9099
1.6066,searching,1.5609,-3.9349,-4.1537,0.0000,0.0000,-0.8557,-179.9990,0.0035,179.9099
1.6166,searching,1.6031,-4.0254,-4.2515,0.0000,0.0000,-0.8857,-179.9996,0.0020,179.9097
1.6268,searching,1.6444,-4.1139,-4.3473,0.0000,0.0000,-0.9157,-179.9996,0.0022,179.9090
1.6366,searching,1.6852,-4.2013,-4.4422,0.0000,0.0000,-0.9457,-179.9996,0.0022,179.9090
1.6466,searching,1.7240,-4.2844,-4.5324,0.0000,0.0000,-0.9757,-179.9996,0.0022,179.9097
1.6565,searching,1.7611,-4.3636,-4.6187,0.0000,0.0000,-1.0057,-179.9994,0.0026,179.9095
1.6668,searching,1.7966,-4.4392,-4.7015,0.0000,0.0000,-1.0357,-179.9994,0.0026,179.9095
1.6765,searching,1.8304,-4.5111,-4.7801,0.0000,0.0000,-1.0657,-179.9996,0.0022,179.9094
1.6864,searching,1.8625,-4.5790,-4.8545,0.0000,0.0000,-1.0957,-179.9998,0.0016,179.9092
1.6966,searching,1.8928,-4.6430,-4.9246,0.0000,0.0000,-1.1257,-179.9998,0.0016,179.9092
1.7067,searching,1.9204,-4.6997,-4.9874,0.0000,0.0000,-1.1557,-179.9999,0.0015,179.9090
1.7165,searching,1.9467,-4.7536,-5.0469,0.0000,0.0000,-1.1857,-179.9996,0.0021,179.9088
1.7265,searching,1.9708,-4.8030,-5.1015,0.0000,0.0000,-1.2157,-179.9996,0.0021,179.9088
1.7365,searching,1.9926,-4.8475,-5.1507,0.0000,0.0000,-1.2457,-179.9998,0.0017,179.9087
1.7465,searching,2.0109,-4.8841,-5.1915,0.0000,0.0000,-1.2757,-179.9999,0.0014,179.9088
1.7566,searching,2.0283,-4.9190,-5.2303,0.0000,0.0000,-1.3057,-179.9999,0.0014,179.9088
1.7666,searching,2.0427,-4.9480,-5.2629,0.0000,0.0000,-1.3357,179.9998,0.0007,179.9092
1.7767,searching,2.0545,-4.9707,-5.2893,0.0000,0.0000,-1.3657,179.9998,0.0006,179.9090
1.7868,searching,2.0631,-4.9874,-5.3094,0.0000,0.0000,-1.3957,179.9998,0.0006,179.9090
1.7966,searching,2.0685,-4.9978,-5.3230,0.0000,0.0000,-1.4257,179.9996,0.0002,179.9086
1.8068,searching,2.0678,-4.9955,-5.3232,0.0000,0.0000,-1.4557,179.9998,0.0007,179.9085
1.8169,searching,2.0672,-4.9933,-5.3235,0.0000,0.0000,-1.4857,179.9998,0.0007,179.9085
1.8276,searching,2.0630,-4.9845,-5.3168,0.0000,0.0000,-1.5157,179.9993,-0.0003,179.9086
1.8364,searching,2.0553,-4.9685,-5.3026,0.0000,0.0000,-1.5457,179.9995,-0.0000,179.9085
1.8467,searching,2.0443,-4.9454,-5.2811,0.0000,0.0000,-1.5757,179.9995,-0.0000,179.9085
1.8566,searching,2.0299,-4.9155,-5.2527,0.0000,0.0000,-1.6057,179.9996,0.0003,179.9086
1.8670,searching,2.0122,-4.8787,-5.2175,0.0000,0.0000,-1.6357,179.9993,-0.0003,179.9088
1.8769,searching,1.9916,-4.8352,-5.1755,0.0000,0.0000,-1.6657,179.9993,-0.0003,179.9088
1.8867,searching,1.9680,-4.7859,-5.1276,0.0000,0.0000,-1.6957,179.9995,-0.0000,179.9088
1.8967,searching,1.9418,-4.7310,-5.0741,0.0000,0.0000,-1.7257,179.9995,-0.0000,179.9088
1.9070,searching,1.9133,-4.6710,-5.0152,0.0000,0.0000,-1.7557,179.9995,-0.0000,179.9088
1.9169,searching,1.8824,-4.6062,-4.9511,0.0000,0.0000,-1.7857,179.9997,0.0004,179.9086
1.9268,searching,1.8494,-4.5366,-4.8816,0.0000,0.0000,-1.8157,179.9996,0.0003,179.9088
1.9368,searching,1.8146,-4.4624,-4.8070,0.0000,0.0000,-1.8457,179.9996,0.0003,179.9088
1.9471,searching,1.7780,-4.3842,-4.7279,0.0000,0.0000,-1.8757,179.9996,0.0003,179.9086
1.9568,searching,1.7400,-4.3025,-4.6446,0.0000,0.0000,-1.9057,179.9994,-0.0002,179.9083
1.9671,searching,1.7009,-4.2171,-4.5576,0.0000,0.0000,-1.9357,179.9994,-0.0002,179.9083
1.9768,searching,1.6606,-4.1290,-4.4676,0.0000,0.0000,-1.9657,179.9995,-0.0002,179.9086
1.9869,searching,1.6190,-4.0380,-4.3744,0.0000,0.0000,-1.9957,179.9997,0.0004,179.9092
1.9970,searching,1.5765,-3.9438,-4.2780,0.0000,0.0000,-2.0257,179.9997,0.0004,179.9092
2.0069,searching,1.5330,-3.8473,-4.1791,0.0000,0.0000,-2.0557,180.0000,0.0011,179.9088
2.0167,searching,1.4885,-3.7489,-4.0780,0.0000,0.0000,-2.0857,-179.9996,0.0019,179.9090
2.0273,searching,1.4434,-3.6483,-3.9746,0.0000,0.0000,-2.1157,-179.9996,0.0019,179.9090
2.0369,searching,1.3979,-3.5460,-3.8692,0.0000,0.0000,-2.1457,180.0000,0.0010,179.9088
2.0465,searching,1.3519,-3.4425,-3.7625,0.0000,0.0000,-2.1757,180.0000,0.0010,179.9086
2.0570,searching,1.3057,-3.3378,-3.6543,0.0000,0.0000,-2.2057,180.0000,0.0010,179.9086
2.0670,searching,1.2597,-3.2324,-3.5451,0.0000,0.0000,-2.2357,-179.9999,0.0012,179.9086
2.0765,searching,1.2137,-3.1267,-3.4352,0.0000,0.0000,-2.2657,180.0000,0.0011,179.9088
2.0866,searching,1.1681,-3.0209,-3.3250,0.0000,0.0000,-2.2957,180.0000,0.0011,179.9088
2.0970,searching,1.1232,-2.9152,-3.2147,0.0000,0.0000,-2.3257,179.9999,0.0007,179.9086
2.1078,searching,1.0789,-2.8102,-3.1050,0.0000,0.0000,-2.3557,179.9999,0.0007,179.9086
2.1169,searching,1.0354,-2.7062,-2.9962,0.0000,0.0000,-2.3857,179.9999,0.0007,179.9086
2.1269,searching,0.9931,-2.6035,-2.8886,0.0000,0.0000,-2.4157,179.9999,0.0007,179.9086
2.1368,searching,0.9521,-2.5032,-2.7830,0.0000,0.0000,-2.4457,179.9999,0.0007,179.9084
2.1474,searching,0.9120,-2.4051,-2.6793,0.0000,0.0000,-2.4757,179.9999,0.0007,179.9084
2.1565,searching,0.8733,-2.3090,-2.5774,0.0000,0.0000,-2.5057,-179.9998,0.0015,179.9086
2.1667,searching,0.8360,-2.2156,-2.4778,0.0000,0.0000,-2.5357,-179.9995,0.0021,179.9084
2.1765,searching,0.7995,-2.1246,-2.3803,0.0000,0.0000,-2.5657,-179.9995,0.0021,179.9084
2.1868,searching,0.7645,-2.0360,-2.2852,0.0000,0.0000,-2.5957,-179.9992,0.0028,179.9086
2.1964,searching,0.7308,-1.9499,-2.1923,0.0000,0.0000,-2.6257,-179.9994,0.0023,179.9084
2.2065,searching,0.6979,-1.8665,-2.1019,0.0000,0.0000,-2.6557,-179.9994,0.0023,179.9084
2.2165,searching,0.6663,-1.7855,-2.0143,0.0000,0.0000,-2.6840,-179.9994,0.0024,179.9086
2.2267,searching,0.6359,-1.7073,-1.9295,0.0000,0.0000,-2.7106,-179.9993,0.0024,179.9088
2.2365,searching,0.6065,-1.6320,-1.8477,0.0000,0.0000,-2.7355,-179.9993,0.0024,179.9088
2.2465,searching,0.5785,-1.5594,-1.7688,0.0000,0.0000,-2.7589,-179.9996,0.0020,179.9090
2.2564,searching,0.5520,-1.4900,-1.6931,0.0000,0.0000,-2.7808,-179.9995,0.0021,179.9088
2.2668,searching,0.5264,-1.4235,-1.6201,0.0000,0.0000,-2.8012,-179.9995,0.0021,179.9088
2.2765,searching,0.5020,-1.3594,-1.5494,0.0000,0.0000,-2.8201,-179.9997,0.0017,179.9086
2.2865,searching,0.4792,-1.2980,-1.4814,0.0000,0.0000,-2.8378,-179.9998,0.0015,179.9084
2.2964,searching,0.4573,-1.2397,-1.4164,0.0000,0.0000,-2.8541,-179.9998,0.0015,179.9084
2.3067,searching,0.4365,-1.1837,-1.3540,0.0000,0.0000,-2.8692,-179.9996,0.0018,179.9083
2.3165,searching,0.4173,-1.1300,-1.2939,0.0000,0.0000,-2.8831,-179.9996,0.0018,179.9086
2.3265,searching,0.3989,-1.0792,-1.2367,0.0000,0.0000,-2.8958,-179.9996,0.0018,179.9086
2.3366,searching,0.3813,-1.0305,-1.1817,0.0000,0.0000,-2.9074,-179.9997,0.0016,179.9085
2.3470,searching,0.3647,-0.9836,-1.1287,0.0000,0.0000,-2.9180,-179.9998,0.0014,179.9088
2.3565,searching,0.3489,-0.9389,-1.0781,0.0000,0.0000,-2.9276,-179.9998,0.0014,179.9088
2.3666,searching,0.3336,-0.8963,-1.0297,0.0000,0.0000,-2.9362,-179.9997,0.0016,179.9087
2.3765,searching,0.3190,-0.8554,-0.9835,0.0000,0.0000,-2.9438,-179.9995,0.0021,179.9087
2.3867,searching,0.3050,-0.8164,-0.9392,0.0000,0.0000,-2.9506,-179.9995,0.0021,179.9087
2.3965,searching,0.2913,-0.7791,-0.8968,0.0000,0.0000,-2.9565,-179.9995,0.0021,179.9085
2.4066,searching,0.2782,-0.7434,-0.8564,0.0000,0.0000,-2.9617,-179.9998,0.0013,179.9085
2.4165,searching,0.2657,-0.7092,-0.8176,0.0000,0.0000,-2.9660,-179.9998,0.0013,179.9085
2.4266,searching,0.2532,-0.6766,-0.7805,0.0000,0.0000,-2.9696,-179.9998,0.0013,179.9085
2.4365,searching,0.2413,-0.6450,-0.7448,0.0000,0.0000,-2.9725,-179.9999,0.0010,179.9083
2.4466,searching,0.2301,-0.6146,-0.7105,0.0000,0.0000,-2.9747,-179.9999,0.0010,179.9083
2.4565,searching,0.2191,-0.5856,-0.6777,0.0000,0.0000,-2.9763,179.9998,0.0004,179.9090
2.4671,searching,0.2084,-0.5577,-0.6463,0.0000,0.0000,-2.9772,179.9998,0.0003,179.9085
2.4766,searching,0.0000,-0.5311,-0.6164,0.0000,0.0000,-2.9775,179.9998,0.0003,179.9085
2.4865,searching,0.0000,-0.5056,-0.5876,0.0000,0.0000,-2.9773,-179.9998,0.0014,179.9085
2.4964,searching,0.0000,-0.4812,-0.5600,0.0000,0.0000,-2.9765,-179.9999,0.0011,179.9085
2.5071,searching,0.0000,-0.4579,-0.5338,0.0000,0.0000,-2.9752,-179.9999,0.0011,179.9085
2.5165,searching,0.0000,-0.4353,-0.5082,0.0000,0.0000,-2.9733,-179.9998,0.0012,179.9085
2.5265,searching,0.0000,-0.4135,-0.4837,0.0000,0.0000,-2.9710,-179.9999,0.0010,179.9082
2.5366,searching,0.0000,-0.3925,-0.4601,0.0000,0.0000,-2.9682,-179.9999,0.0010,179.9082
2.5470,searching,0.0000,-0.3722,-0.4373,0.0000,0.0000,-2.9650,180.0000,0.0008,179.9085
2.5564,searching,0.0000,-0.3524,-0.4151,0.0000,0.0000,-2.9613,180.0000,0.0007,179.9085
2.5666,searching,0.0000,-0.3332,-0.3938,0.0000,0.0000,-2.9571,180.0000,0.0007,179.9085
2.5765,searching,0.0000,-0.3147,-0.3732,0.0000,0.0000,-2.9526,-179.9998,0.0014,179.9082
2.5866,searching,0.0000,-0.2968,-0.3534,0.0000,0.0000,-2.9477,-179.9998,0.0013,179.9082
2.5965,searching,0.0000,-0.2796,-0.3342,0.0000,0.0000,-2.9424,-179.9998,0.0013,179.9082
2.6066,searching,0.0000,-0.2632,-0.3160,0.0000,0.0000,-2.9367,-179.9999,0.0011,179.9078
2.6165,searching,0.0000,-0.2477,-0.2987,0.0000,0.0000,-2.9306,-179.9999,0.0010,179.9081
2.6268,searching,0.0000,-0.2324,-0.2816,0.0000,0.0000,-2.9243,-179.9999,0.0010,179.9081
2.6365,searching,0.0000,-0.2179,-0.2653,0.0000,0.0000,-2.9176,179.9997,0.0001,179.9077
2.6465,searching,0.0000,-0.2040,-0.2496,0.0000,0.0000,-2.9106,179.9999,0.0005,179.9079
2.6566,searching,0.0000,0.0000,-0.2343,0.0000,0.0000,-2.9033,179.9999,0.0005,179.9079
2.6666,searching,0.0000,0.0000,-0.2194,0.0000,0.0000,-2.8957,179.9996,-0.0001,179.9081
2.6765,searching,0.0000,0.0000,-0.2052,0.0000,0.0000,-2.8878,179.9995,-0.0004,179.9083
2.6866,searching,0.0000,0.0000,0.0000,0.0000,0.0000,-2.8758,179.9995,-0.0004,179.9083
2.6965,searching,0.0000,0.0000,0.0000,0.0000,0.0000,-2.8638,179.9993,-0.0007,179.9081
2.7069,searching,0.0000,0.0000,0.0000,0.0000,0.0000,-2.8518,179.9993,-0.0007,179.9081
2.7166,searching,0.0000,0.0000,0.0000,0.0000,0.0000,-2.8398,179.9993,-0.0007,179.9081
2.7266,searching,0.0000,0.0000,0.0000,0.0000,0.0000,-2.8278,179.9995,-0.0004,179.9085
2.7365,searching,0.0000,0.0000,0.0000,0.0000,0.0000,-2.8158,179.9996,-0.0002,179.9087
2.7467,searching,0.0000,0.0000,0.0000,0.0000,0.0000,-2.8038,179.9996,-0.0002,179.9087
2.7565,searching,0.0000,0.0000,0.0000,0.0000,0.0000,-2.7918,179.9995,-0.0003,179.9086
2.7665,searching,0.0000,0.0000,0.0000,0.0000,0.0000,-2.7798,179.9995,-0.0003,179.9084
2.7766,searching,0.0000,0.0000,0.0000,0.0000,0.0000,-2.7678,179.9995,-0.0003,179.9084
2.7869,searching,0.0000,0.0000,0.0000,0.0000,0.0000,-2.7558,179.9995,-0.0003,179.9082
2.7965,searching,0.0000,0.0000,0.0000,0.0000,0.0000,-2.7438,179.9996,-0.0000,179.9090
2.8066,searching,0.0000,0.0000,0.0000,0.0000,0.0000,-2.7318,179.9996,-0.0000,179.9090
2.8165,searching,0.0000,0.0000,0.0000,0.0000,0.0000,-2.7198,180.0000,0.0007,179.9085
2.8272,searching,0.0000,0.0000,0.0000,0.0000,0.0000,-2.7078,-179.9999,0.0011,179.9085
2.8365,searching,0.0000,0.0000,0.0000,0.0000,0.0000,-2.6958,-179.9999,0.0011,179.9085
2.8465,searching,0.0000,0.0000,0.0000,0.0000,0.0000,-2.6838,-179.9997,0.0015,179.9095
2.8565,searching,0.0000,0.0000,0.0000,0.0000,0.0000,-2.6718,-179.9999,0.0009,179.9090
2.8669,searching,0.0000,0.0000,0.0000,0.0000,0.0000,-2.6598,-179.9999,0.0009,179.9090
2.8765,searching,0.0000,0.0000,0.0000,0.0000,0.0000,-2.6478,-179.9999,0.0010,179.9090
2.8865,searching,0.0000,0.0000,0.0000,0.0000,0.0000,-2.6358,-179.9998,0.0012,179.9086
2.8966,searching,0.0000,0.0000,0.0000,0.0000,0.0000,-2.6238,-179.9998,0.0012,179.9086
2.9069,searching,0.0000,0.0000,0.0000,0.0000,0.0000,-2.6118,-179.9996,0.0017,179.9090
2.9164,searching,0.0000,0.0000,0.0000,0.0000,0.0000,-2.5998,-179.9997,0.0028,179.9089
2.9266,searching,0.0000,0.0000,0.0000,0.0000,0.0000,-2.5878,-179.9997,0.0028,179.9089
2.9366,searching,0.0000,0.0000,0.0000,0.0000,0.0000,-2.5758,-179.9997,0.0028,179.9089
2.9466,searching,0.0000,0.0000,0.0000,0.0000,0.0000,-2.5638,-179.9999,0.0024,179.9086
2.9566,searching,0.0000,0.0000,0.0000,0.0000,0.0000,-2.5518,-179.9999,0.0024,179.9086
2.9666,searching,0.0000,0.0000,0.0000,0.0000,0.0000,-2.5398,-179.9999,0.0023,179.9086
2.9765,searching,0.0000,0.0000,0.0000,0.0000,0.0000,-2.5278,180.0000,0.0020,179.9085
2.9867,searching,0.0000,0.0000,0.0000,0.0000,0.0000,-2.5158,180.0000,0.0020,179.9085
2.9966,searching,0.0000,0.0000,0.0000,0.0000,0.0000,-2.5038,179.9999,0.0019,179.9085
3.0069,searching,0.0000,0.0000,0.0000,0.0000,0.0000,-2.4918,179.9999,0.0018,179.9088
3.0168,searching,0.0000,0.0000,0.0000,0.0000,0.0000,-2.4798,179.9999,0.0018,179.9088
3.0275,searching,0.0000,0.0000,0.0000,0.0000,0.0000,-2.4678,180.0000,0.0021,179.9086
3.0368,searching,0.0000,0.0000,0.0000,0.0000,0.0000,-2.4558,-179.9998,0.0025,179.9088
3.0469,searching,0.0000,0.0000,0.0000,0.0000,0.0000,-2.4438,-179.9998,0.0025,179.9088
3.0569,searching,0.0000,0.0000,0.0000,0.0000,0.0000,-2.4318,-179.9997,0.0027,179.9089
3.0673,searching,0.0000,0.0000,0.0000,0.0000,0.0000,-2.4198,179.9999,0.0019,179.9082
3.0768,searching,0.0000,0.0000,0.0000,0.0000,0.0000,-2.4078,179.9999,0.0019,179.9082
3.0869,searching,0.0000,0.0000,0.0000,0.0000,0.0000,-2.3958,179.9997,0.0013,179.9086
3.0965,searching,0.0000,0.0000,0.0000,0.0000,0.0000,-2.3838,179.9997,0.0014,179.9085
3.1070,searching,0.0000,0.0000,0.0000,0.0000,0.0000,-2.3718,179.9997,0.0014,179.9085
3.1166,searching,0.0000,0.0000,0.0000,0.0000,0.0000,-2.3598,179.9995,0.0010,179.9085
3.1264,searching,0.0000,0.0000,0.0000,0.0000,0.0000,-2.3478,179.9993,0.0005,179.9091
3.1365,searching,0.0000,0.0000,0.0000,0.0000,0.0000,-2.3358,179.9993,0.0005,179.9091
3.1467,searching,0.0000,0.0000,0.0000,0.0000,0.0000,-2.3238,179.9994,0.0008,179.9091
3.1564,searching,0.0000,0.0000,0.0000,0.0000,0.0000,-2.3118,179.9993,0.0005,179.9090
3.1665,searching,0.0000,0.0000,0.0000,0.0000,0.0000,-2.2998,179.9993,0.0005,179.9090
3.1765,searching,0.0000,0.0000,0.0000,0.0000,0.0000,-2.2878,179.9993,0.0004,179.9087
3.1866,searching,0.0000,0.0000,0.0000,0.0000,0.0000,-2.2758,179.9991,-0.0000,179.9086
3.1966,searching,0.0000,0.0000,0.0000,0.0000,0.0000,-2.2638,179.9991,-0.0000,179.9086
3.2066,searching,0.0000,0.0000,0.0000,0.0000,0.0000,-2.2518,179.9991,0.0001,179.9084
3.2165,searching,0.0000,0.0000,0.0000,0.0000,0.0000,-2.2398,179.9992,0.0002,179.9083
3.2268,searching,0.0000,0.0000,0.0000,0.0000,0.0000,-2.2278,179.9992,0.0002,179.9083
3.2366,searching,0.0000,0.0000,0.0000,0.0000,0.0000,-2.2158,179.9992,0.0001,179.9082
3.2465,searching,0.0000,0.0000,0.0000,0.0000,0.0000,-2.2038,179.9990,-0.0003,179.9081
3.2566,searching,0.0000,0.0000,0.0000,0.0000,0.0000,-2.1918,179.9990,-0.0003,179.9081
3.2667,searching,0.0000,0.0000,0.0000,0.0000,0.0000,-2.1798,179.9990,-0.0002,179.9081
3.2765,searching,0.0000,0.0000,0.0000,0.0000,0.0000,-2.1678,179.9990,-0.0003,179.9080
3.2866,searching,0.0000,0.0000,0.0000,0.0000,0.0000,-2.1558,179.9990,-0.0003,179.9080
3.2966,searching,0.0000,0.0000,0.0000,0.0000,0.0000,-2.1438,179.9987,0.0004,179.9086
3.3066,searching,0.0000,0.0000,0.0000,0.0000,0.0000,-2.1318,179.9987,0.0004,179.9086
3.3166,searching,0.0000,0.0000,0.0000,0.0000,0.0000,-2.1198,179.9987,0.0004,179.9086
3.3265,searching,0.0000,0.0000,0.0000,0.0000,0.0000,-2.1078,179.9986,0.0003,179.9081
3.3364,searching,0.0000,0.0000,0.0000,0.0000,0.0000,-2.0958,179.9984,-0.0001,179.9081
3.3469,searching,0.0000,0.0000,0.0000,0.0000,0.0000,-2.0838,179.9984,-0.0001,179.9081
3.3566,searching,0.0000,0.0000,0.0000,0.0000,0.0000,-2.0718,179.9986,0.0003,179.9085
3.3665,searching,0.0000,0.0000,0.0000,0.0000,0.0000,-2.0598,179.9988,0.0007,179.9091
3.3765,searching,0.0000,0.0000,0.0000,0.0000,0.0000,-2.0478,179.9988,0.0007,179.9091
3.3869,searching,0.0000,0.0000,0.0000,0.0000,0.0000,-2.0358,179.9986,0.0001,179.9085
3.3966,searching,0.0000,0.0000,0.0000,0.0000,0.0000,-2.0238,179.9985,-0.0001,179.9089
3.4066,searching,0.0000,0.0000,0.0000,0.0000,0.0000,-2.0118,179.9985,-0.0001,179.9089
3.4166,searching,0.0000,0.0000,0.0000,0.0000,0.0000,-1.9998,179.9987,0.0006,179.9084
3.4266,searching,0.0000,0.0000,0.0000,0.0000,0.0000,-1.9878,179.9984,-0.0003,179.9083
3.4367,searching,0.0000,0.0000,0.0000,0.0000,0.0000,-1.9758,179.9984,-0.0003,179.9083
3.4466,searching,0.0000,0.0000,0.0000,0.0000,0.0000,-1.9638,179.9986,0.0001,179.9080
3.4565,searching,0.0000,0.0000,0.0000,0.0000,0.0000,-1.9518,179.9989,0.0009,179.9084
3.4668,searching,0.0000,0.0000,0.0000,0.0000,0.0000,-1.9398,179.9989,0.0009,179.9084
3.4766,searching,0.0000,0.0000,0.0000,0.0000,0.0000,-1.9278,179.9990,0.0012,179.9082
3.4864,searching,0.0000,0.0000,0.0000,0.0000,0.0000,-1.9158,179.9990,0.0011,179.9087
3.4965,searching,0.0000,0.0000,0.0000,0.0000,0.0000,-1.9038,179.9990,0.0011,179.9087
3.5070,searching,0.0000,0.0000,0.0000,0.0000,0.0000,-1.8918,179.9992,0.0016,179.9089
3.5164,searching,0.0000,0.0000,0.0000,0.0000,0.0000,-1.8798,179.9990,0.0010,179.9091
3.5266,searching,0.0000,0.0000,0.0000,0.0000,0.0000,-1.8678,179.9990,0.0010,179.9091
3.5366,searching,0.0000,0.0000,0.0000,0.0000,0.0000,-1.8558,179.9990,0.0010,179.9091
3.5476,searching,0.0000,0.0000,0.0000,0.0000,0.0000,-1.8438,179.9990,0.0011,179.9094
3.5566,searching,0.0000,0.0000,0.0000,0.0000,0.0000,-1.8318,179.9990,0.0011,179.9094
3.5666,searching,0.0000,0.0000,0.0000,0.0000,0.0000,-1.8198,179.9990,0.0011,179.9085
3.5765,searching,0.0000,0.0000,0.0000,0.0000,0.0000,-1.8078,179.9993,0.0017,179.9087
3.5869,searching,0.0000,0.0000,0.0000,0.0000,0.0000,-1.7958,179.9993,0.0017,179.9087
3.5965,searching,0.0000,0.0000,0.0000,0.0000,0.0000,-1.7838,179.9992,0.0016,179.9087
3.6065,searching,0.0000,0.0000,0.0000,0.0000,0.0000,-1.7718,179.9992,0.0016,179.9090
3.6166,searching,0.0000,0.0000,0.0000,0.0000,0.0000,-1.7598,179.9992,0.0016,179.9090
3.6269,searching,0.0000,0.0000,0.0000,0.0000,0.0000,-1.7478,179.9989,0.0009,179.9090
3.6364,searching,0.0000,0.0000,0.0000,0.0000,0.0000,-1.7358,179.9989,0.0009,179.9083
3.6466,searching,0.0000,0.0000,0.0000,0.0000,0.0000,-1.7238,179.9989,0.0009,179.9083
3.6566,searching,0.0000,0.0000,0.0000,0.0000,0.0000,-1.7118,179.9988,0.0006,179.9084
3.6666,searching,0.0000,0.0000,0.0000,0.0000,0.0000,-1.6998,179.9991,0.0013,179.9084
3.6765,searching,0.0000,0.0000,0.0000,0.0000,0.0000,-1.6878,179.9991,0.0013,179.9084
3.6866,searching,0.0000,0.0000,0.0000,0.0000,0.0000,-1.6758,179.9990,0.0012,179.9084
3.6964,searching,0.0000,0.0000,0.0000,0.0000,0.0000,-1.6638,179.9991,0.0014,179.9084
3.7068,searching,0.0000,0.0000,0.0000,0.0000,0.0000,-1.6518,179.9991,0.0014,179.9084
3.7166,searching,0.0000,0.0000,0.0000,0.0000,0.0000,-1.6398,179.9989,0.0010,179.9088
3.7265,searching,0.0000,0.0000,0.0000,0.0000,0.0000,-1.6278,179.9992,0.0016,179.9088
3.7365,searching,0.0000,-0.2024,0.0000,0.0000,0.0000,-1.6158,179.9992,0.0016,179.9088
3.7469,searching,0.0000,-0.2082,0.0000,0.0000,0.0000,-1.6038,179.9993,0.0018,179.9083
3.7565,searching,0.0000,-0.2139,-0.2051,0.0000,0.0000,-1.5959,179.9992,0.0016,179.9083
3.7666,searching,0.0000,-0.2194,-0.2106,0.0000,0.0000,-1.5881,179.9992,0.0016,179.9083
3.7766,searching,0.0000,-0.2247,-0.2159,0.0000,0.0000,-1.5804,179.9992,0.0016,179.9084
3.7869,searching,0.0000,-0.2297,-0.2209,0.0000,0.0000,-1.5728,179.9992,0.0016,179.9084
3.7966,searching,0.0000,-0.2345,-0.2256,0.0000,0.0000,-1.5653,179.9992,0.0016,179.9084
3.8066,searching,0.0000,-0.2389,-0.2297,0.0000,0.0000,-1.5579,179.9991,0.0014,179.9091
3.8165,searching,0.0000,-0.2429,-0.2337,0.0000,0.0000,-1.5506,179.9993,0.0018,179.9090
3.8268,searching,0.0000,-0.2471,-0.2377,0.0000,0.0000,-1.5433,179.9993,0.0018,179.9090
3.8366,searching,0.0000,-0.2511,-0.2415,0.0000,0.0000,-1.5362,179.9992,0.0016,179.9091
3.8464,searching,0.0000,-0.2548,-0.2452,0.0000,0.0000,-1.5291,179.9992,0.0016,179.9090
3.8565,searching,0.0000,-0.2584,-0.2486,0.0000,0.0000,-1.5220,179.9992,0.0016,179.9090
3.8668,searching,0.0000,-0.2622,-0.2521,0.0000,0.0000,-1.5151,179.9990,0.0012,179.9088
3.8764,searching,0.0000,-0.2657,-0.2556,0.0000,0.0000,-1.5082,179.9993,0.0018,179.9090
3.8866,searching,0.0000,-0.2690,-0.2588,0.0000,0.0000,-1.5014,179.9993,0.0018,179.9090
3.8968,searching,0.0000,-0.2722,-0.2619,0.0000,0.0000,-1.4946,179.9992,0.0016,179.9092
3.9067,searching,0.0000,-0.2754,-0.2652,0.0000,0.0000,-1.4879,179.9992,0.0016,179.9092
3.9166,searching,0.0000,-0.2787,-0.2686,0.0000,0.0000,-1.4813,179.9992,0.0016,179.9092
3.9266,searching,0.0000,-0.2819,-0.2718,0.0000,0.0000,-1.4747,179.9992,0.0016,179.9088
3.9365,searching,0.0000,-0.2847,-0.2746,0.0000,0.0000,-1.4682,179.9993,0.0018,179.9094
3.9469,searching,0.0000,-0.2871,-0.2773,0.0000,0.0000,-1.4618,179.9993,0.0018,179.9094
3.9566,searching,0.0000,-0.2896,-0.2798,0.0000,0.0000,-1.4554,179.9987,0.0006,179.9090
3.9665,searching,0.0000,-0.2920,-0.2822,0.0000,0.0000,-1.4490,179.9991,0.0016,179.9090
3.9768,searching,0.0000,-0.2941,-0.2845,0.0000,0.0000,-1.4427,179.9991,0.0016,179.9090
3.9867,searching,0.0000,-0.2964,-0.2869,0.0000,0.0000,-1.4364,179.9994,0.0022,179.9090
3.9964,searching,0.0000,-0.2987,-0.2892,0.0000,0.0000,-1.4302,179.9994,0.0021,179.9090
4.0067,searching,0.0000,-0.3011,-0.2917,0.0000,0.0000,-1.4240,179.9994,0.0021,179.9090
4.0166,searching,0.0000,-0.3032,-0.2937,0.0000,0.0000,-1.4179,179.9993,0.0021,179.9089
4.0269,searching,0.0000,-0.3049,-0.2953,0.0000,0.0000,-1.4118,179.9991,0.0016,179.9089
4.0366,searching,0.0000,-0.3065,-0.2969,0.0000,0.0000,-1.4058,179.9991,0.0016,179.9089
4.0466,searching,0.0000,-0.3080,-0.2984,0.0000,0.0000,-1.3997,179.9990,0.0014,179.9096
4.0565,searching,0.0000,-0.3092,-0.2996,0.0000,0.0000,-1.3937,179.9997,0.0015,179.9096
4.0671,searching,0.0000,-0.3102,-0.3008,0.0000,0.0000,-1.3877,179.9997,0.0015,179.9096
4.0765,searching,0.0000,-0.3112,-0.3020,0.0000,0.0000,-1.3818,179.9999,0.0019,179.9098
4.0865,searching,0.0000,-0.3119,-0.3028,0.0000,0.0000,-1.3758,180.0000,0.0021,179.9101
4.0966,searching,0.0000,-0.3122,-0.3033,0.0000,0.0000,-1.3699,180.0000,0.0021,179.9101
4.1069,searching,0.0000,-0.3128,-0.3041,0.0000,0.0000,-1.3640,179.9999,0.0019,179.9097
4.1165,searching,0.0000,-0.3131,-0.3047,0.0000,0.0000,-1.3581,179.9998,0.0018,179.9098
4.1265,searching,0.0000,-0.3128,-0.3046,0.0000,0.0000,-1.3522,179.9998,0.0018,179.9098
4.1366,searching,0.0000,-0.3122,-0.3043,0.0000,0.0000,-1.3463,179.9998,0.0018,179.9098
4.1468,searching,0.0000,-0.3112,-0.3035,0.0000,0.0000,-1.3403,-179.9999,0.0024,179.9094
4.1567,searching,0.0000,-0.3096,-0.3022,0.0000,0.0000,-1.3344,-179.9999,0.0024,179.9094
4.1666,searching,0.0000,-0.3077,-0.3007,0.0000,0.0000,-1.3284,-179.9995,0.0020,179.9093
4.1764,searching,0.0000,-0.3057,-0.2990,0.0000,0.0000,-1.3224,-179.9994,0.0022,179.9086
4.1868,searching,0.0000,-0.3036,-0.2972,0.0000,0.0000,-1.3163,-179.9994,0.0022,179.9086
4.1966,searching,0.0000,-0.3011,-0.2951,0.0000,0.0000,-1.3102,-179.9997,0.0017,179.9088
4.2066,searching,0.0000,-0.2987,-0.2928,0.0000,0.0000,-1.3041,-179.9999,0.0011,179.9085
4.2166,searching,0.0000,-0.2958,-0.2901,0.0000,0.0000,-1.2979,-179.9999,0.0011,179.9085
4.2274,searching,0.0000,-0.2923,-0.2870,0.0000,0.0000,-1.2916,-179.9999,0.0012,179.9088
4.2364,searching,0.0000,-0.2892,-0.2841,0.0000,0.0000,-1.2853,-179.9999,0.0011,179.9087
4.2467,searching,0.0000,-0.2858,-0.2810,0.0000,0.0000,-1.2789,-179.9999,0.0011,179.9087
4.2566,searching,0.0000,-0.2822,-0.2780,0.0000,0.0000,-1.2725,-179.9999,0.0011,179.9084
4.2669,searching,0.0000,-0.2785,-0.2747,0.0000,0.0000,-1.2660,-179.9999,0.0012,179.9080
4.2766,searching,0.0000,-0.2745,-0.2712,0.0000,0.0000,-1.2594,-179.9999,0.0012,179.9080
4.2867,searching,0.0000,-0.2703,-0.2676,0.0000,0.0000,-1.2527,-179.9999,0.0012,179.9080
4.2964,searching,0.0000,-0.2656,-0.2635,0.0000,0.0000,-1.2460,-179.9999,0.0012,179.9087
4.3069,searching,0.0000,-0.2608,-0.2592,0.0000,0.0000,-1.2392,-179.9999,0.0012,179.9087
4.3166,searching,0.0000,-0.2557,-0.2548,0.0000,0.0000,-1.2323,180.0000,0.0010,179.9088
4.3265,searching,0.0000,-0.2509,-0.2507,0.0000,0.0000,-1.2253,179.9999,0.0008,179.9087
4.3366,searching,0.0000,-0.2459,-0.2463,0.0000,0.0000,-1.2182,179.9999,0.0008,179.9087
4.3474,searching,0.0000,-0.2404,-0.2416,0.0000,0.0000,-1.2111,180.0000,0.0010,179.9088
4.3564,searching,0.0000,-0.2350,-0.2367,0.0000,0.0000,-1.2038,180.0000,0.0011,179.9089
4.3666,searching,0.0000,-0.2296,-0.2319,0.0000,0.0000,-1.1964,180.0000,0.0011,179.9089
4.3765,searching,0.0000,-0.2240,-0.2271,0.0000,0.0000,-1.1890,-179.9997,0.0017,179.9092
4.3868,searching,0.0000,-0.2187,-0.2226,0.0000,0.0000,-1.1814,-179.9995,0.0022,179.9091
4.3966,searching,0.0000,-0.2138,-0.2182,0.0000,0.0000,-1.1738,-179.9995,0.0022,179.9091
4.4066,searching,0.0000,-0.2084,-0.2136,0.0000,0.0000,-1.1661,-179.9998,0.0016,179.9085
4.4164,searching,0.0000,-0.2033,-0.2091,0.0000,0.0000,-1.1582,-179.9997,0.0019,179.9084
4.4267,searching,0.0000,0.0000,-0.2048,0.0000,0.0000,-1.1503,-179.9997,0.0019,179.9084
4.4366,searching,0.0000,0.0000,-0.2005,0.0000,0.0000,-1.1424,-179.9999,0.0015,179.9082
4.4465,searching,0.0000,0.0000,0.0000,0.0000,0.0000,-1.1304,-179.9997,0.0018,179.9084
4.4564,searching,0.0000,0.0000,0.0000,0.0000,0.0000,-1.1184,-179.9997,0.0018,179.9084
4.4671,searching,0.0000,0.0000,0.0000,0.0000,0.0000,-1.1064,-179.9999,0.0015,179.9085
4.4768,searching,0.0000,0.0000,0.0000,0.0000,0.0000,-1.0944,-179.9997,0.0018,179.9084
4.4866,searching,0.0000,0.0000,0.0000,0.0000,0.0000,-1.0824,-179.9997,0.0018,179.9084
4.4964,searching,0.0000,0.0000,0.0000,0.0000,0.0000,-1.0704,-179.9997,0.0019,179.9085
4.5071,searching,0.0000,0.0000,0.0000,0.0000,0.0000,-1.0584,180.0000,0.0013,179.9088
4.5168,searching,0.0000,0.0000,0.0000,0.0000,0.0000,-1.0464,180.0000,0.0013,179.9088
4.5271,searching,0.0000,0.0000,0.0000,0.0000,0.0000,-1.0344,180.0000,0.0011,179.9085
4.5364,searching,0.0000,0.0000,0.0000,0.0000,0.0000,-1.0224,179.9999,0.0011,179.9083
4.5470,searching,0.0000,0.0000,0.0000,0.0000,0.0000,-1.0104,179.9999,0.0011,179.9083
4.5569,searching,0.0000,0.0000,0.0000,0.0000,0.0000,-0.9984,179.9999,0.0011,179.9085
4.5667,searching,0.0000,0.0000,0.0000,0.0000,0.0000,-0.9864,179.9999,0.0010,179.9091
4.5769,searching,0.0000,0.0000,0.0000,0.0000,0.0000,-0.9744,179.9999,0.0010,179.9091
4.5872,searching,0.0000,0.0000,0.0000,0.0000,0.0000,-0.9624,179.9997,0.0006,179.9095
4.5968,searching,0.0000,0.0000,0.0000,0.0000,0.0000,-0.9504,179.9996,0.0005,179.9096
4.6065,searching,0.0000,0.0000,0.0000,0.0000,0.0000,-0.9384,179.9996,0.0005,179.9096
4.6166,searching,0.0000,0.0000,0.0000,0.0000,0.0000,-0.9264,179.9998,0.0009,179.9095
4.6267,searching,0.0000,0.0000,0.0000,0.0000,0.0000,-0.9144,179.9998,0.0009,179.9099
4.6367,searching,0.0000,0.0000,0.0000,0.0000,0.0000,-0.9024,179.9998,0.0009,179.9099
4.6467,searching,0.0000,0.0000,0.0000,0.0000,0.0000,-0.8904,180.0000,0.0015,179.9098
4.6564,searching,0.0000,0.0000,0.0000,0.0000,0.0000,-0.8784,180.0000,0.0015,179.9098
4.6669,searching,0.0000,0.0000,0.0000,0.0000,0.0000,-0.8664,180.0000,0.0015,179.9098
4.6765,searching,0.0000,0.0000,0.0000,0.0000,0.0000,-0.8544,179.9999,0.0011,179.9102
4.6865,searching,0.0000,0.0000,0.0000,0.0000,0.0000,-0.8424,180.0000,0.0014,179.9102
4.6966,searching,0.0000,0.0000,0.0000,0.0000,0.0000,-0.8304,180.0000,0.0014,179.9102
4.7069,searching,0.0000,0.0000,0.0000,0.0000,0.0000,-0.8184,180.0000,0.0014,179.9102
4.7164,searching,0.0000,0.0000,0.0000,0.0000,0.0000,-0.8064,-179.9998,0.0005,179.9094
4.7265,searching,0.0000,0.0000,0.0000,0.0000,0.0000,-0.7944,-179.9998,0.0005,179.9094
4.7367,searching,0.0000,0.0000,0.0000,0.0000,0.0000,-0.7824,-179.9999,0.0003,179.9098
4.7469,searching,0.0000,0.0000,0.0000,0.0000,0.0000,-0.7704,-179.9997,0.0007,179.9102
4.7566,searching,0.0000,0.0000,0.0000,0.0000,0.0000,-0.7584,-179.9997,0.0007,179.9102
4.7666,searching,0.0000,0.0000,0.0000,0.0000,0.0000,-0.7464,180.0000,0.0002,179.9099
4.7765,searching,0.0000,0.0000,0.0000,0.0000,0.0000,-0.7344,-179.9995,0.0013,179.9101
4.7868,searching,0.0000,0.0000,0.0000,0.0000,0.0000,-0.7224,-179.9995,0.0013,179.9101
4.7966,searching,0.0000,0.0000,0.0000,0.0000,0.0000,-0.7104,-179.9997,0.0009,179.9100
4.8075,searching,0.0000,0.0000,0.0000,0.0000,0.0000,-0.6984,-179.9995,0.0013,179.9090
4.8167,searching,0.0000,0.0000,0.0000,0.0000,0.0000,-0.6864,-179.9995,0.0013,179.9090
4.8267,searching,0.0000,0.0000,0.0000,0.0000,0.0000,-0.6744,-179.9995,0.0012,179.9090
4.8364,searching,0.0000,0.0000,0.0000,0.0000,0.0000,-0.6624,-179.9995,0.0013,179.9093
4.8467,searching,0.0000,0.0000,0.0000,0.0000,0.0000,-0.6504,-179.9995,0.0013,179.9093
4.8566,searching,0.0000,0.0000,0.0000,0.0000,0.0000,-0.6384,-179.9995,0.0012,179.9092
4.8667,searching,0.0000,0.0000,0.0000,0.0000,0.0000,-0.6264,-179.9997,0.0010,179.9090
4.8765,searching,0.0000,0.0000,0.0000,0.0000,0.0000,-0.6144,-179.9997,0.0010,179.9090
4.8865,searching,0.0000,0.0000,0.0000,0.0000,0.0000,-0.6024,-179.9997,0.0010,179.9090
4.8964,searching,0.0000,0.0000,0.0000,0.0000,0.0000,-0.5904,-179.9997,0.0009,179.9089
4.9069,searching,0.0000,0.0000,0.0000,0.0000,0.0000,-0.5784,-179.9997,0.0009,179.9089
4.9166,searching,0.0000,0.0000,0.0000,0.0000,0.0000,-0.5664,-179.9998,0.0006,179.9090
4.9264,searching,0.0000,0.0000,0.0000,0.0000,0.0000,-0.5544,179.9997,-0.0004,179.9087
4.9366,searching,0.0000,0.0000,0.0000,0.0000,0.0000,-0.5424,179.9997,-0.0004,179.9087
4.9468,searching,0.0000,0.0000,0.0000,0.0000,0.0000,-0.5304,180.0000,0.0003,179.9086
4.9565,searching,0.0000,0.0000,0.0000,0.0000,0.0000,-0.5184,179.9997,-0.0005,179.9083
4.9666,searching,0.0000,0.0000,0.0000,0.0000,0.0000,-0.5064,179.9997,-0.0005,179.9083
4.9765,searching,0.0000,0.0000,0.0000,0.0000,0.0000,-0.4944,179.9998,-0.0003,179.9086
4.9866,searching,0.0000,0.0000,0.0000,0.0000,0.0000,-0.4824,179.9996,-0.0005,179.9088
4.9967,searching,0.0000,0.0000,0.0000,0.0000,0.0000,-0.4704,179.9996,-0.0005,179.9088
5.0066,searching,0.0000,0.0000,0.0000,0.0000,0.0000,-0.4584,179.9995,-0.0008,179.9089
5.0164,searching,0.0000,0.0000,0.0000,0.0000,0.0000,-0.4464,179.9995,-0.0007,179.9084
5.0273,searching,0.0000,0.0000,0.0000,0.0000,0.0000,-0.4344,179.9995,-0.0007,179.9084
5.0366,searching,0.0000,0.0000,0.0000,0.0000,0.0000,-0.4224,179.9994,-0.0010,179.9089
5.0465,searching,0.0000,0.0000,0.0000,0.0000,0.0000,-0.4104,179.9995,-0.0008,179.9086
5.0567,searching,0.0000,0.0000,0.0000,0.0000,0.0000,-0.3984,179.9995,-0.0008,179.9086
5.0671,searching,0.0000,0.0000,0.0000,0.0000,0.0000,-0.3864,179.9998,-0.0001,179.9091
5.0769,searching,0.0000,0.0000,0.0000,0.0000,0.0000,-0.3744,180.0000,0.0004,179.9095
5.0869,searching,0.0000,0.0000,0.0000,0.0000,0.0000,-0.3624,180.0000,0.0004,179.9095
5.0969,searching,0.0000,0.0000,0.0000,0.0000,0.0000,-0.3504,-179.9998,0.0008,179.9096
5.1069,searching,0.0000,0.0000,0.0000,0.0000,0.0000,-0.3384,-179.9998,0.0008,179.9096
5.1166,searching,0.0000,0.0000,0.0000,0.0000,0.0000,-0.3264,-179.9998,0.0008,179.9096
5.1265,searching,0.0000,0.0000,0.0000,0.0000,0.0000,-0.3144,-179.9998,0.0008,179.9102
5.1365,searching,0.0000,0.0000,0.0000,0.0000,0.0000,-0.3024,-179.9996,0.0012,179.9103
5.1467,searching,0.0000,0.0000,0.0000,0.0000,0.0000,-0.2904,-179.9996,0.0012,179.9103
5.1566,searching,0.0000,0.0000,0.0000,0.0000,0.0000,-0.2784,180.0000,0.0005,179.9096
5.1665,searching,0.0000,0.0000,0.0000,0.0000,0.0000,-0.2664,180.0000,0.0005,179.9096
5.1766,searching,0.0000,0.0000,0.0000,0.0000,0.0000,-0.2544,180.0000,0.0005,179.9096
5.1870,searching,0.0000,0.0000,0.0000,0.0000,0.0000,-0.2424,-179.9999,0.0006,179.9098
5.1964,searching,0.0000,0.0000,0.0000,0.0000,0.0000,-0.2304,-179.9995,0.0016,179.9094
5.2065,searching,0.0000,0.0000,0.0000,0.0000,0.0000,-0.2184,-179.9995,0.0016,179.9094
5.2166,searching,0.0000,0.0000,0.0000,0.0000,0.0000,-0.2064,-179.9994,0.0017,179.9091
5.2268,searching,0.0000,0.0000,0.0000,0.0000,0.0000,-0.1944,-179.9995,0.0015,179.9092
5.2365,searching,0.0000,0.0000,0.0000,0.0000,0.0000,-0.1824,-179.9995,0.0015,179.9092
5.2466,searching,0.0000,0.0000,0.0000,0.0000,0.0000,-0.1704,-179.9996,0.0014,179.9093
5.2564,searching,0.0000,0.0000,0.0000,0.0000,0.0000,-0.1584,-179.9999,0.0007,179.9088
5.2669,searching,0.0000,0.0000,0.0000,0.0000,0.0000,-0.1464,-179.9999,0.0007,179.9088
5.2765,searching,0.0000,0.0000,0.0000,0.0000,0.0000,-0.1344,-179.9998,0.0009,179.9091
5.2864,searching,0.0000,0.0000,0.0000,0.0000,0.0000,-0.1224,-179.9995,0.0016,179.9088
5.2966,searching,0.0000,0.0000,0.0000,0.0000,0.0000,-0.1104,-179.9995,0.0016,179.9088
5.3068,searching,0.0000,0.0000,0.0000,0.0000,0.0000,-0.0984,-179.9994,0.0017,179.9091
5.3165,searching,0.0000,0.0000,0.0000,0.0000,0.0000,-0.0864,-179.9994,0.0017,179.9086
5.3266,searching,0.0000,0.0000,0.0000,0.0000,0.0000,-0.0744,-179.9994,0.0017,179.9086
5.3366,searching,0.0000,0.0000,0.0000,0.0000,0.0000,-0.0624,-179.9993,0.0019,179.9088
5.3465,searching,0.0000,0.0000,0.0000,0.0000,0.0000,-0.0504,-179.9995,0.0016,179.9088
5.3565,searching,0.0000,0.0000,0.0000,0.0000,0.0000,-0.0384,-179.9995,0.0016,179.9088
5.3666,searching,0.0000,0.0000,0.0000,0.0000,0.0000,-0.0264,-179.9995,0.0016,179.9088
5.3764,searching,0.0000,0.0000,0.0000,0.0000,0.0000,-0.0144,-179.9993,0.0019,179.9084
5.3868,searching,0.0000,0.0000,0.0000,0.0000,0.0000,-0.0024,-179.9993,0.0019,179.9084
5.3967,searching,0.0000,0.0000,0.0000,0.0000,0.0000,0.0096,-179.9993,0.0019,179.9085
5.4065,searching,0.0000,0.0000,0.0000,0.0000,0.0000,0.0216,-179.9995,0.0016,179.9087
5.4166,searching,0.0000,0.0000,0.0000,0.0000,0.0000,0.0336,-179.9995,0.0016,179.9087
5.4266,searching,0.0000,0.0000,0.0000,0.0000,0.0000,0.0456,-179.9993,0.0019,179.9088
5.4366,searching,0.0000,0.0000,0.0000,0.0000,0.0000,0.0576,-179.9993,0.0019,179.9088
5.4465,searching,0.0000,0.0000,0.0000,0.0000,0.0000,0.0696,-179.9993,0.0019,179.9088
5.4566,searching,0.0000,0.0000,0.0000,0.0000,0.0000,0.0816,-179.9996,0.0013,179.9090
5.4672,searching,0.0000,0.0000,0.0000,0.0000,0.0000,0.0936,-179.9995,0.0016,179.9088
5.4766,searching,0.0000,0.0000,0.0000,0.0000,0.0000,0.1056,-179.9995,0.0016,179.9088
5.4866,searching,0.0000,0.0000,0.0000,0.0000,0.0000,0.1176,-179.9993,0.0019,179.9092
5.4964,searching,0.0000,0.0000,0.0000,0.0000,0.0000,0.1296,-179.9993,0.0021,179.9086
5.5074,searching,0.0000,0.0000,0.0000,0.0000,0.0000,0.1416,-179.9993,0.0021,179.9086
5.5166,searching,0.0000,0.0000,0.0000,0.0000,0.0000,0.1536,-179.9988,0.0030,179.9086
5.5264,searching,0.0000,0.0000,0.0000,0.0000,0.0000,0.1656,-179.9991,0.0025,179.9086
5.5365,searching,0.0000,0.0000,0.0000,0.0000,0.0000,0.1776,-179.9991,0.0025,179.9086
5.5468,searching,0.0000,0.0000,0.0000,0.0000,0.0000,0.1896,-179.9993,0.0020,179.9086
5.5566,searching,0.0000,0.0000,0.0000,0.0000,0.0000,0.2016,-179.9995,0.0015,179.9083
5.5667,searching,0.0000,0.0000,0.0000,0.0000,0.0000,0.2136,-179.9995,0.0015,179.9083
5.5766,searching,0.0000,0.0000,0.0000,0.0000,0.0000,0.2256,-179.9997,0.0010,179.9079
5.5872,searching,0.0000,0.0000,0.0000,0.0000,0.0000,0.2376,-179.9998,0.0008,179.9076
5.5966,searching,0.0000,0.0000,0.0000,0.0000,0.0000,0.2496,-179.9998,0.0008,179.9076
5.6066,searching,0.0000,0.0000,0.0000,0.0000,0.0000,0.2616,179.9998,-0.0002,179.9074
5.6165,searching,0.0000,0.0000,0.0000,0.0000,0.0000,0.2736,179.9998,-0.0002,179.9078
5.6271,searching,0.0000,0.0000,0.0000,0.0000,0.0000,0.2856,179.9998,-0.0002,179.9078
5.6366,searching,0.0000,0.0000,0.0000,0.0000,0.0000,0.2976,179.9997,-0.0004,179.9079
5.6466,searching,0.0000,0.0000,0.0000,0.0000,0.0000,0.3096,179.9999,0.0001,179.9083
5.6566,searching,0.0000,0.0000,0.0000,0.0000,0.0000,0.3216,179.9999,0.0001,179.9083
5.6668,searching,0.0000,0.0000,0.0000,0.0000,0.0000,0.3336,-179.9996,0.0012,179.9082
5.6764,searching,0.0000,0.0000,0.0000,0.0000,0.0000,0.3456,-179.9996,0.0012,179.9082
5.6866,searching,0.0000,0.0000,0.0000,0.0000,0.0000,0.3576,-179.9996,0.0012,179.9082
5.6966,searching,0.0000,0.0000,0.0000,0.0000,0.0000,0.3696,-179.9995,0.0013,179.9086
5.7067,searching,0.0000,0.0000,0.0000,0.0000,0.0000,0.3816,-179.9995,0.0015,179.9092
5.7166,searching,0.0000,0.0000,0.0000,0.0000,0.0000,0.3936,-179.9995,0.0015,179.9092
5.7267,searching,0.0000,0.0000,0.0000,0.0000,0.0000,0.4056,180.0000,0.0003,179.9091
5.7365,searching,0.0000,0.0000,0.0000,0.0000,0.0000,0.4176,180.0000,0.0002,179.9093
5.7468,searching,0.0000,0.0000,0.0000,0.0000,0.0000,0.4296,180.0000,0.0002,179.9093
5.7566,searching,0.0000,0.0000,0.0000,0.0000,0.0000,0.4416,-179.9999,0.0005,179.9088
5.7665,searching,0.0000,0.0000,0.0000,0.0000,0.0000,0.4536,180.0000,0.0003,179.9086
5.7766,searching,0.0000,0.0000,0.0000,0.0000,0.0000,0.4656,180.0000,0.0003,179.9086
5.7868,searching,0.0000,0.0000,0.0000,0.0000,0.0000,0.4776,180.0000,0.0001,179.9088
5.7965,searching,0.0000,0.0000,0.0000,0.0000,0.0000,0.4896,179.9998,-0.0002,179.9083
5.8066,searching,0.0000,0.0000,0.0000,0.0000,0.0000,0.5016,179.9998,-0.0002,179.9083
5.8166,searching,0.0000,0.0000,0.0000,0.0000,0.0000,0.5136,179.9999,-0.0001,179.9090
5.8267,searching,0.0000,0.0000,0.0000,0.0000,0.0000,0.5256,179.9998,-0.0002,179.9087
5.8367,searching,0.0000,0.0000,0.0000,0.0000,0.0000,0.5376,179.9998,-0.0002,179.9087
5.8466,searching,0.0000,0.0000,0.0000,0.0000,0.0000,0.5496,180.0000,0.0001,179.9081
5.8564,searching,0.0000,0.0000,0.0000,0.0000,0.0000,0.5616,-179.9999,0.0002,179.9085
5.8669,searching,0.0000,0.0000,0.0000,0.0000,0.0000,0.5736,-179.9999,0.0002,179.9085
5.8766,searching,0.0000,0.0000,0.0000,0.0000,0.0000,0.5856,179.9998,-0.0004,179.9086
5.8864,searching,0.0000,0.0000,0.0000,0.0000,0.0000,0.5976,179.9998,-0.0004,179.9082
5.8966,searching,0.0000,0.0000,0.0000,0.0000,0.0000,0.6096,179.9998,-0.0004,179.9082
5.9068,searching,0.0000,0.0000,0.0000,0.0000,0.0000,0.6216,179.9999,-0.0001,179.9086
5.9165,searching,0.0000,0.0000,0.0000,0.0000,0.0000,0.6336,179.9999,-0.0003,179.9082
5.9266,searching,0.0000,0.0000,0.0000,0.0000,0.0000,0.6456,179.9999,-0.0003,179.9082
5.9367,searching,0.0000,0.0000,0.0000,0.0000,0.0000,0.6576,179.9997,-0.0006,179.9081
5.9466,searching,0.0000,0.0000,0.0000,0.0000,0.0000,0.6696,179.9997,-0.0006,179.9082
5.9565,searching,0.0000,0.0000,0.0000,0.0000,0.0000,0.6816,179.9997,-0.0006,179.9082
5.9666,searching,0.0000,0.0000,0.0000,0.0000,0.0000,0.6936,179.9997,-0.0006,179.9082
5.9765,searching,0.0000,0.0000,0.0000,0.0000,0.0000,0.7056,179.9996,-0.0009,179.9083
5.9869,searching,0.0000,0.0000,0.0000,0.0000,0.0000,0.7176,179.9996,-0.0009,179.9083
5.9970,searching,0.0000,0.0000,0.0000,0.0000,0.0000,0.7296,179.9993,-0.0016,179.9079
6.0068,searching,0.0000,0.0000,0.0000,0.0000,0.0000,0.7416,179.9995,-0.0012,179.9078
6.0169,searching,0.0000,0.0000,0.0000,0.0000,0.0000,0.7536,179.9995,-0.0012,179.9078
6.0275,searching,0.0000,0.0000,0.0000,0.0000,0.0000,0.7656,179.9997,-0.0007,179.9079
6.0368,searching,0.0000,0.0000,0.0000,0.0000,0.0000,0.7776,179.9997,-0.0007,179.9080
6.0468,searching,0.0000,0.0000,0.0000,0.0000,0.0000,0.7896,179.9997,-0.0007,179.9080
6.0566,searching,0.0000,0.0000,0.0000,0.0000,0.0000,0.8016,180.0000,-0.0000,179.9083
6.0666,searching,0.0000,0.0000,0.0000,0.0000,0.0000,0.8136,-179.9997,0.0005,179.9086
6.0766,searching,0.0000,0.0000,0.0000,0.0000,0.0000,0.8256,-179.9997,0.0005,179.9086
6.0867,searching,0.0000,0.0000,0.0000,0.0000,0.0000,0.8376,-179.9997,0.0005,179.9086
6.0965,searching,0.0000,0.0000,0.0000,0.0000,0.0000,0.8496,-179.9995,0.0009,179.9084
6.1070,searching,0.0000,0.0000,0.0000,0.0000,0.0000,0.8616,-179.9995,0.0009,179.9084
6.1169,searching,0.0000,0.0000,0.0000,0.0000,0.0000,0.8736,-179.9996,0.0008,179.9086
6.1268,searching,0.0000,0.0000,0.0000,0.0000,0.0000,0.8856,-179.9994,0.0011,179.9087
6.1368,searching,0.0000,0.0000,0.0000,0.0000,0.0000,0.8976,-179.9994,0.0011,179.9087
6.1472,searching,0.0000,0.0000,0.0000,0.0000,0.0000,0.9096,-179.9995,0.0010,179.9090
6.1568,searching,0.0000,0.0000,0.0000,0.0000,0.0000,0.9216,-179.9993,0.0013,179.9086
6.1668,searching,0.0000,0.0000,0.0000,0.0000,0.0000,0.9336,-179.9993,0.0013,179.9086
6.1770,searching,0.0000,0.0000,0.0000,0.0000,0.0000,0.9456,-179.9992,0.0016,179.9089
6.1867,searching,0.0000,0.0000,0.0000,0.0000,0.0000,0.9576,-179.9994,0.0011,179.9088
6.1965,searching,0.0000,0.0000,0.0000,0.0000,0.0000,0.9696,-179.9994,0.0011,179.9088
6.2066,searching,0.0000,0.0000,0.0000,0.0000,0.0000,0.9816,-179.9996,0.0007,179.9083
6.2167,searching,0.0000,0.0000,0.0000,0.0000,0.0000,0.9936,-179.9993,0.0012,179.9079
6.2276,searching,0.0000,0.0000,0.0000,0.0000,0.0000,1.0056,-179.9993,0.0012,179.9079
6.2369,searching,0.0000,0.0000,0.0000,0.0000,0.0000,1.0176,-179.9992,0.0015,179.9080
6.2466,searching,0.0000,0.0000,0.0000,0.0000,0.0000,1.0296,-179.9994,0.0012,179.9076
6.2565,searching,0.0000,0.0000,0.0000,0.0000,0.0000,1.0416,-179.9994,0.0012,179.9076
6.2667,searching,0.0000,0.0000,0.0000,0.0000,0.0000,1.0536,-179.9992,0.0016,179.9072
6.2764,searching,0.0000,0.0000,0.0000,0.0000,0.0000,1.0656,-179.9993,0.0013,179.9072
6.2866,searching,0.0000,0.0000,0.0000,0.0000,0.0000,1.0776,-179.9993,0.0013,179.9072
6.2966,searching,0.0000,0.0000,0.0000,0.0000,0.0000,1.0896,-179.9994,0.0011,179.9068
6.3065,searching,0.0000,0.0000,0.0000,0.0000,0.0000,1.1016,-179.9993,0.0011,179.9069
6.3166,searching,0.0000,0.0000,0.0000,0.0000,0.0000,1.1136,-179.9993,0.0011,179.9069
6.3266,searching,0.0000,0.0000,0.0000,0.0000,0.0000,1.1256,-179.9990,0.0019,179.9074
6.3367,searching,0.0000,0.0000,0.0000,0.0000,0.0000,1.1376,-179.9990,0.0019,179.9074
6.3467,searching,0.0000,0.0000,0.0000,0.0000,0.0000,1.1496,-179.9990,0.0019,179.9074
6.3566,searching,0.0000,0.0000,0.0000,0.0000,0.0000,1.1616,-179.9990,0.0020,179.9076
6.3664,searching,0.0000,0.0000,0.0000,0.0000,0.0000,1.1736,-179.9991,0.0017,179.9081
6.3766,searching,0.0000,0.0000,0.0000,0.0000,0.0000,1.1856,-179.9991,0.0017,179.9081
6.3868,searching,0.0000,0.0000,0.0000,0.0000,0.0000,1.1976,-179.9993,0.0012,179.9077
6.3964,searching,0.0000,0.0000,0.0000,0.0000,0.0000,1.2096,-179.9995,0.0007,179.9075
6.4066,searching,0.0000,0.0000,0.0000,0.0000,0.0000,1.2216,-179.9995,0.0007,179.9075
6.4165,searching,0.0000,0.0000,0.0000,0.0000,0.0000,1.2336,-179.9997,0.0002,179.9082
6.4266,searching,0.0000,0.0000,0.0000,0.0000,0.0000,1.2456,-179.9996,0.0005,179.9074
6.4366,searching,0.0000,0.0000,0.0000,0.0000,0.0000,1.2576,-179.9996,0.0005,179.9074
6.4469,searching,0.0000,0.0000,0.0000,0.0000,0.0000,1.2696,-179.9998,0.0001,179.9076
6.4566,searching,0.0000,0.0000,0.0000,0.0000,0.0000,1.2816,-179.9996,0.0005,179.9072
6.4669,searching,0.0000,0.0000,0.0000,0.0000,0.0000,1.2936,-179.9996,0.0005,179.9072
6.4765,searching,0.0000,0.0000,0.0000,0.0000,0.0000,1.3056,-179.9994,0.0009,179.9073
6.4865,searching,0.0000,0.0000,0.0000,0.0000,0.0000,1.3176,-179.9991,0.0015,179.9076
6.4966,searching,0.0000,0.0000,0.0000,0.0000,0.0000,1.3296,-179.9991,0.0015,179.9076
6.5069,searching,0.0000,0.0000,0.0000,0.0000,0.0000,1.3416,-179.9991,0.0015,179.9083
6.5165,searching,0.0000,0.0000,0.0000,0.0000,0.0000,1.3536,-179.9993,0.0011,179.9075
6.5266,searching,0.0000,0.0000,0.0000,0.0000,0.0000,1.3656,-179.9993,0.0011,179.9075
6.5365,searching,0.0000,0.0000,0.0000,0.0000,0.0000,1.3776,-179.9995,0.0007,179.9071
6.5466,searching,0.0000,0.0000,0.0000,0.0000,0.0000,1.3896,-179.9991,0.0016,179.9072
6.5565,searching,0.0000,0.0000,0.0000,0.0000,0.0000,1.4016,-179.9991,0.0016,179.9072
6.5665,searching,0.0000,0.0000,0.0000,0.0000,0.0000,1.4136,-179.9992,0.0013,179.9066
6.5765,searching,0.0000,0.0000,0.0000,0.0000,0.0000,1.4256,-179.9988,0.0023,179.9071
6.5872,searching,0.0000,0.0000,0.0000,0.0000,0.0000,1.4376,-179.9988,0.0023,179.9071
6.5967,searching,0.0000,0.0000,0.0000,0.0000,0.0000,1.4496,-179.9991,0.0015,179.9067
6.6065,searching,0.0000,0.0000,0.0000,0.0000,0.0000,1.4616,-179.9991,0.0015,179.9065
6.6166,searching,0.0000,0.0000,0.0000,0.0000,0.0000,1.4736,-179.9991,0.0015,179.9065
6.6268,searching,0.0000,0.0000,0.0000,0.0000,0.0000,1.4856,-179.9987,0.0023,179.9069
6.6366,searching,0.0000,0.0000,0.0000,0.0000,0.0000,1.4976,-179.9989,0.0020,179.9069
6.6466,searching,0.0000,0.0000,0.0000,0.0000,0.0000,1.5096,-179.9989,0.0020,179.9069
6.6567,searching,0.0000,0.0000,0.0000,0.0000,0.0000,1.5216,-179.9992,0.0013,179.9075
6.6672,searching,0.0000,0.0000,0.0000,0.0000,0.0000,1.5336,-179.9993,0.0012,179.9073
6.6765,searching,0.0000,0.0000,0.0000,0.0000,0.0000,1.5456,-179.9993,0.0012,179.9073
6.6866,searching,0.0000,0.0000,0.0000,0.0000,0.0000,1.5576,-179.9993,0.0011,179.9075
6.6965,searching,0.0000,0.0000,0.0000,0.0000,0.0000,1.5696,-179.9993,0.0010,179.9076
6.7071,searching,0.0000,0.0000,0.0000,0.0000,0.0000,1.5816,-179.9993,0.0010,179.9076
6.7166,searching,0.0000,0.0000,0.0000,0.0000,0.0000,1.5936,-179.9993,0.0010,179.9076
6.7264,searching,0.0000,0.0000,0.0000,0.0000,0.0000,1.6056,-179.9993,0.0010,179.9083
6.7365,searching,0.0000,0.0000,0.0000,0.0000,0.0000,1.6176,-179.9993,0.0010,179.9083
6.7468,searching,0.0000,0.0000,0.0000,0.0000,0.0000,1.6296,-179.9990,0.0017,179.9080
6.7564,searching,0.0000,0.0000,0.0000,0.0000,0.0000,1.6416,-179.9992,0.0013,179.9084
6.7667,searching,0.0000,0.0000,0.0000,0.0000,0.0000,1.6536,-179.9992,0.0013,179.9084
6.7765,searching,0.0000,0.0000,0.0000,0.0000,0.0000,1.6656,-179.9995,0.0006,179.9083
6.7866,searching,0.0000,0.0000,0.0000,0.0000,0.0000,1.6776,-179.9997,0.0001,179.9077
6.7966,searching,0.0000,0.0000,0.0000,0.0000,0.0000,1.6896,-179.9997,0.0001,179.9077
6.8066,searching,0.0000,0.0000,0.0000,0.0000,0.0000,1.7016,-179.9996,0.0004,179.9078
6.8164,searching,0.0000,0.0000,0.0000,0.0000,0.0000,1.7136,-179.9997,0.0003,179.9078
6.8267,searching,0.0000,0.0000,0.0000,0.0000,0.0000,1.7256,-179.9997,0.0003,179.9078
6.8367,searching,0.0000,0.0000,0.0000,0.0000,0.0000,1.7376,-179.9997,0.0001,179.9082
6.8465,searching,0.0000,0.0000,0.0000,0.0000,0.0000,1.7496,-179.9992,0.0013,179.9077
6.8566,searching,0.0000,0.0000,0.0000,0.0000,0.0000,1.7616,-179.9992,0.0013,179.9077
6.8668,searching,0.0000,0.0000,0.0000,0.0000,0.0000,1.7736,-179.9993,0.0010,179.9085
6.8765,searching,0.0000,0.0000,0.0000,0.0000,0.0000,1.7856,-179.9993,0.0011,179.9084
6.8865,searching,0.0000,0.0000,0.0000,0.0000,0.0000,1.7976,-179.9993,0.0011,179.9084
6.8966,searching,0.0000,0.0000,0.0000,0.0000,0.0000,1.8096,-179.9992,0.0014,179.9086
6.9065,searching,0.0000,0.0000,0.0000,0.0000,0.0000,1.8216,-179.9996,0.0004,179.9081
6.9166,searching,0.0000,0.0000,0.0000,0.0000,0.0000,1.8336,-179.9996,0.0004,179.9081
6.9266,searching,0.0000,0.0000,0.0000,0.0000,0.0000,1.8456,180.0000,-0.0003,179.9090
6.9364,searching,0.0000,0.0000,0.0000,0.0000,0.0000,1.8576,-179.9998,0.0001,179.9087
6.9471,searching,0.0000,0.0000,0.0000,0.0000,0.0000,1.8696,-179.9998,0.0001,179.9087
6.9566,searching,0.0000,0.0000,0.0000,0.0000,0.0000,1.8816,-179.9998,0.0001,179.9087
6.9665,searching,0.0000,0.0000,0.0000,0.0000,0.0000,1.8936,-179.9996,0.0004,179.9087
6.9766,searching,0.0000,0.0000,0.0000,0.0000,0.0000,1.9056,-179.9996,0.0004,179.9087
6.9869,searching,0.0000,0.0000,0.0000,0.0000,0.0000,1.9176,-179.9999,-0.0001,179.9095
6.9965,searching,0.0000,0.0000,0.0000,0.0000,0.0000,1.9296,-179.9997,0.0002,179.9086
7.0065,searching,0.0000,0.0000,0.0000,0.0000,0.0000,1.9416,-179.9997,0.0002,179.9086
7.0166,searching,0.0000,0.0000,0.0000,0.0000,0.0000,1.9536,-179.9993,0.0012,179.9093
7.0266,searching,0.0000,0.0000,0.0000,0.0000,0.0000,1.9656,-179.9994,0.0010,179.9087
7.0366,searching,0.0000,0.0000,0.0000,0.0000,0.0000,1.9776,-179.9994,0.0010,179.9087
7.0466,searching,0.0000,0.0000,0.0000,0.0000,0.0000,1.9896,-179.9994,0.0010,179.9087
7.0565,searching,0.0000,0.0000,0.0000,0.0000,0.0000,2.0016,-179.9993,0.0013,179.9089
7.0668,searching,0.0000,0.0000,0.0000,0.0000,0.0000,2.0136,-179.9993,0.0013,179.9089
7.0765,searching,0.0000,0.0000,0.0000,0.0000,0.0000,2.0256,-179.9996,0.0005,179.9089
7.0865,searching,0.0000,0.0000,0.0000,0.0000,0.0000,2.0376,-179.9993,0.0014,179.9092
7.0967,searching,0.0000,0.0000,0.0000,0.0000,0.0000,2.0496,-179.9993,0.0014,179.9092
7.1071,searching,0.0000,0.0000,0.0000,0.0000,0.0000,2.0616,-179.9993,0.0014,179.9092
7.1165,searching,0.0000,0.0000,0.0000,0.0000,0.0000,2.0736,-179.9993,0.0014,179.9095
7.1266,searching,0.0000,0.0000,0.0000,0.0000,0.0000,2.0856,-179.9993,0.0014,179.9095
7.1366,searching,0.0000,0.0000,0.0000,0.0000,0.0000,2.0976,-179.9992,0.0015,179.9099
7.1468,searching,0.0000,0.0000,0.0000,0.0000,0.0000,2.1096,-179.9993,0.0013,179.9099
7.1566,searching,0.0000,0.0000,0.0000,0.0000,0.0000,2.1216,-179.9993,0.0013,179.9099
7.1666,searching,0.0000,0.0000,0.0000,0.0000,0.0000,2.1336,-179.9994,0.0012,179.9098
7.1766,searching,0.0000,0.0000,0.0000,0.0000,0.0000,2.1456,-179.9996,0.0006,179.9097
7.1870,searching,0.0000,0.0000,0.0000,0.0000,0.0000,2.1576,-179.9996,0.0006,179.9097
7.1966,searching,0.0000,0.0000,0.0000,0.0000,0.0000,2.1696,-179.9996,0.0007,179.9098
7.2064,searching,0.0000,0.0000,0.0000,0.0000,0.0000,2.1816,179.9998,-0.0005,179.9099
7.2166,searching,0.0000,0.0000,0.0000,0.0000,0.0000,2.1936,179.9998,-0.0005,179.9099
7.2270,searching,0.0000,0.0000,0.0000,0.0000,0.0000,2.2056,179.9996,-0.0009,179.9094
7.2364,searching,0.0000,0.0000,0.0000,0.0000,0.0000,2.2176,180.0000,-0.0002,179.9085
7.2464,searching,0.0000,0.0000,0.0000,0.0000,0.0000,2.2296,180.0000,-0.0002,179.9085
7.2566,searching,0.0000,0.0000,0.0000,0.0000,0.0000,2.2416,-179.9995,0.0011,179.9083
7.2668,searching,0.0000,0.0000,0.0000,0.0000,0.0000,2.2536,-179.9997,0.0006,179.9084
7.2766,searching,0.0000,0.0000,0.0000,0.0000,0.0000,2.2656,-179.9997,0.0006,179.9084
7.2865,searching,0.0000,0.0000,0.0000,0.0000,0.0000,2.2776,180.0000,-0.0000,179.9092
7.2964,searching,0.0000,0.0000,0.0000,0.0000,0.0000,2.2896,179.9997,-0.0006,179.9084
7.3069,searching,0.0000,0.0000,0.0000,0.0000,0.0000,2.3016,179.9997,-0.0006,179.9084
7.3166,searching,0.0000,0.0000,0.0000,0.0000,0.0000,2.3136,180.0000,0.0002,179.9087
7.3266,searching,0.0000,0.0000,0.0000,0.0000,0.0000,2.3256,179.9999,-0.0002,179.9084
7.3366,searching,0.0000,0.0000,0.0000,0.0000,0.0000,2.3376,179.9999,-0.0002,179.9084
7.3467,searching,0.0000,0.0000,0.0000,0.0000,0.0000,2.3496,-179.9998,0.0006,179.9081
7.3566,searching,0.0000,0.0000,0.0000,0.0000,0.0000,2.3616,-179.9998,0.0006,179.9081
7.3666,searching,0.0000,0.0000,0.0000,0.0000,0.0000,2.3736,-179.9998,0.0006,179.9081
7.3765,searching,0.0000,0.0000,0.0000,0.0000,0.0000,2.3856,180.0000,0.0002,179.9080
7.3867,searching,0.0000,0.0000,0.0000,0.0000,0.0000,2.3976,-179.9995,0.0012,179.9089
7.3967,searching,0.0000,0.0000,0.0000,0.0000,0.0000,2.4096,-179.9995,0.0012,179.9089
7.4066,searching,0.0000,0.0000,0.0000,0.0000,0.0000,2.4216,-179.9998,0.0007,179.9086
7.4164,searching,0.0000,0.0000,0.0000,0.0000,0.0000,2.4336,-179.9993,0.0018,179.9088
7.4272,searching,0.0000,0.0000,0.0000,0.0000,0.0000,2.4456,-179.9993,0.0018,179.9088
7.4366,searching,0.0000,0.0000,0.0000,0.0000,0.0000,2.4576,-179.9995,0.0013,179.9089
7.4465,searching,0.0000,0.0000,0.0000,0.0000,0.0000,2.4696,-179.9993,0.0018,179.9083
7.4565,searching,0.0000,0.0000,0.0000,0.0000,0.0000,2.4816,-179.9993,0.0018,179.9083
7.4669,searching,0.0000,0.0000,0.0000,0.0000,0.0000,2.4936,-179.9993,0.0019,179.9084
7.4764,searching,0.0000,0.0000,0.0000,0.0000,0.0000,2.5056,-179.9993,0.0020,179.9088
7.4866,searching,0.0000,0.0000,0.0000,0.0000,0.0000,2.5176,-179.9993,0.0020,179.9088
7.4965,searching,0.0000,0.0000,0.0000,0.0000,0.0000,2.5296,-179.9993,0.0020,179.9088
7.5066,searching,0.0000,0.0000,0.0000,0.0000,0.0000,2.5416,-179.9995,0.0014,179.9088
7.5165,searching,0.0000,0.0000,0.0000,0.0000,0.0000,2.5536,-179.9995,0.0014,179.9088
7.5266,searching,0.0000,0.0000,0.0000,0.0000,0.0000,2.5656,-179.9999,0.0008,179.9092
7.5365,searching,0.0000,0.0000,0.0000,0.0000,0.0000,2.5776,179.9996,0.0009,179.9096
7.5467,searching,0.0000,0.0000,0.0000,0.0000,0.0000,2.5896,179.9996,0.0009,179.9096
7.5566,searching,0.0000,0.0000,0.0000,0.0000,0.0000,2.6016,179.9994,0.0005,179.9094
7.5664,searching,0.0000,0.0000,0.0000,0.0000,0.0000,2.6136,179.9997,0.0012,179.9097
7.5766,searching,0.0000,0.0000,0.0000,0.0000,0.0000,2.6256,179.9997,0.0012,179.9097
7.5868,searching,0.0000,0.0000,0.0000,0.0000,0.0000,2.6376,179.9995,0.0009,179.9106
7.5964,searching,0.0000,0.0000,0.0000,0.0000,0.0000,2.6496,179.9995,0.0009,179.9106
7.6066,searching,0.0000,0.0000,0.0000,0.0000,0.0000,2.6616,179.9995,0.0009,179.9106
7.6166,searching,0.0000,0.0000,0.0000,0.0000,0.0000,2.6736,179.9997,0.0013,179.9109
7.6272,searching,0.0000,0.0000,0.0000,0.0000,0.0000,2.6856,179.9996,0.0012,179.9097
7.6366,searching,0.0000,0.0000,0.0000,0.0000,0.0000,2.6976,179.9996,0.0012,179.9097
7.6466,searching,0.0000,0.0000,0.0000,0.0000,0.0000,2.7096,179.9998,0.0015,179.9097
7.6564,searching,0.0000,0.0000,0.0000,0.0000,0.0000,2.7216,179.9998,0.0015,179.9096
7.6669,searching,0.0000,0.0000,0.0000,0.0000,0.0000,2.7336,179.9998,0.0015,179.9096
7.6766,searching,0.0000,0.0000,0.0000,0.0000,0.0000,2.7456,179.9993,0.0006,179.9093
7.6865,searching,0.0000,0.0000,0.0000,0.0000,0.0000,2.7576,179.9993,0.0006,179.9093
7.6966,searching,0.0000,0.0000,0.0000,0.0000,0.0000,2.7696,179.9993,0.0006,179.9093
7.7068,searching,0.0000,0.0000,0.0000,0.0000,0.0000,2.7816,179.9994,0.0008,179.9100
7.7169,searching,0.0000,0.0000,0.0000,0.0000,0.0000,2.7936,179.9995,0.0010,179.9095
7.7269,searching,0.0000,0.0000,0.0000,0.0000,0.0000,2.8056,179.9995,0.0010,179.9095
7.7369,searching,0.0000,0.0000,0.0000,0.0000,0.0000,2.8176,179.9995,0.0010,179.9096
7.7469,searching,0.0000,0.0000,0.0000,0.0000,0.0000,2.8296,179.9994,0.0008,179.9102
7.7569,searching,0.0000,0.0000,0.0000,0.0000,0.0000,2.8416,179.9994,0.0008,179.9102
7.7669,searching,0.0000,0.0000,0.0000,0.0000,0.0000,2.8536,179.9993,0.0006,179.9094
7.7766,searching,0.0000,0.0000,0.0000,0.0000,0.0000,2.8656,179.9995,0.0010,179.9092
7.7867,searching,0.0000,0.0000,0.0000,0.0000,0.0000,2.8776,179.9995,0.0010,179.9092
7.7965,searching,0.0000,0.0000,0.0000,0.0000,0.0000,2.8896,179.9994,0.0008,179.9099
7.8064,searching,0.0000,0.0000,0.0000,0.0000,0.0000,2.9016,179.9993,0.0008,179.9097
7.8167,searching,0.0000,0.0000,0.0000,0.0000,0.0000,2.9136,179.9993,0.0008,179.9097
7.8269,searching,0.0000,0.0000,0.0000,0.0000,0.0000,2.9256,179.9994,0.0009,179.9105
7.8364,searching,0.0000,0.0000,0.0000,0.0000,0.0000,2.9376,179.9997,0.0003,179.9108
7.8466,searching,0.0000,0.0000,0.0000,0.0000,0.0000,2.9496,179.9997,0.0003,179.9108
7.8566,searching,0.0000,0.0000,0.0000,0.0000,0.0000,2.9616,179.9996,0.0001,179.9106
7.8667,searching,0.0000,0.0000,0.0000,0.0000,0.0000,2.9736,179.9997,0.0004,179.9104
7.8765,searching,0.0000,0.0000,0.0000,0.0000,0.0000,2.9856,179.9997,0.0004,179.9104
7.8866,searching,0.0000,0.0000,0.0000,0.0000,0.0000,2.9976,179.9997,0.0004,179.9103
7.8965,searching,0.0000,0.0000,0.0000,0.0000,0.0000,3.0096,-179.9999,0.0013,179.9098
7.9069,searching,0.0000,0.0000,0.0000,0.0000,0.0000,3.0216,-179.9999,0.0013,179.9098
7.9166,searching,0.0000,0.0000,0.0000,0.0000,0.0000,3.0336,179.9997,0.0005,179.9094
7.9264,searching,0.0000,0.0000,0.0000,0.0000,0.0000,3.0456,179.9997,0.0005,179.9094
7.9365,searching,0.0000,0.0000,0.0000,0.0000,0.0000,3.0576,179.9997,0.0005,179.9094
7.9469,searching,0.0000,0.0000,0.0000,0.0000,0.0000,3.0696,180.0000,0.0011,179.9088
7.9564,searching,0.0000,0.0000,0.0000,0.0000,0.0000,3.0816,179.9999,0.0009,179.9085
7.9666,searching,0.0000,0.0000,0.0000,0.0000,0.0000,3.0936,179.9999,0.0009,179.9085
7.9765,searching,0.0000,0.0000,0.0000,0.0000,0.0000,3.1056,-179.9999,0.0014,179.9080
7.9866,searching,0.0000,0.0000,0.0000,0.0000,0.0000,3.1176,-179.9999,0.0015,179.9085
7.9967,searching,0.0000,0.0000,0.0000,0.0000,0.0000,3.1296,-179.9999,0.0015,179.9085
8.0066,searching,0.0000,0.0000,0.0000,0.0000,0.0000,3.1416,180.0000,0.0013,179.9081
8.0165,searching,0.0000,0.0000,0.0000,0.0000,0.0000,3.1536,179.9998,0.0009,179.9087
8.0271,searching,0.0000,0.0000,0.0000,0.0000,0.0000,3.1656,179.9998,0.0009,179.9087
8.0365,searching,0.0000,0.0000,0.0000,0.0000,0.0000,3.1776,179.9992,-0.0005,179.9100
8.0464,searching,0.0000,0.0000,0.0000,0.0000,0.0000,3.1896,179.9992,-0.0005,179.9100
8.0566,searching,0.0000,0.0000,0.0000,0.0000,0.0000,3.2016,179.9992,-0.0005,179.9100
8.0671,searching,0.0000,0.0000,0.0000,0.0000,0.0000,3.2136,179.9991,-0.0008,179.9098
8.0765,searching,0.0000,0.0000,0.0000,0.0000,0.0000,3.2256,179.9989,-0.0011,179.9099
8.0866,searching,0.0000,0.0000,0.0000,0.0000,0.0000,3.2376,179.9989,-0.0011,179.9099
8.0966,searching,0.0000,0.0000,0.0000,0.0000,0.0000,3.2496,179.9995,0.0001,179.9101
8.1069,searching,0.0000,0.0000,0.0000,0.0000,0.0000,3.2616,179.9995,0.0001,179.9101
8.1167,searching,0.0000,0.0000,0.0000,0.0000,0.0000,3.2736,179.9996,0.0005,179.9095
8.1265,searching,0.0000,0.0000,0.0000,0.0000,0.0000,3.2856,179.9997,0.0006,179.9090
8.1364,searching,0.0000,0.0000,0.0000,0.0000,0.0000,3.2976,-179.9999,0.0017,179.9093
8.1470,searching,0.0000,0.0000,0.0000,0.0000,0.0000,3.3096,-179.9999,0.0017,179.9093
8.1565,searching,0.0000,0.0000,0.0000,0.0000,0.0000,3.3216,180.0000,0.0013,179.9096
8.1665,searching,0.0000,0.0000,0.0000,0.0000,0.0000,3.3336,-179.9998,0.0018,179.9094
8.1766,searching,0.0000,0.0000,0.0000,0.0000,0.0000,3.3456,-179.9998,0.0018,179.9094
8.1868,searching,0.0000,0.0000,0.0000,0.0000,0.0000,3.3576,-179.9997,0.0020,179.9092
8.1965,searching,0.0000,0.0000,0.0000,0.0000,0.0000,3.3696,-179.9999,0.0017,179.9094
8.2066,searching,0.0000,0.0000,0.0000,0.0000,0.0000,3.3816,-179.9999,0.0017,179.9094
8.2166,searching,0.0000,0.0000,0.0000,0.0000,0.0000,3.3936,180.0000,0.0013,179.9099
8.2276,searching,0.0000,0.0000,0.0000,0.0000,0.0000,3.4056,180.0000,0.0013,179.9099
8.2366,searching,0.0000,0.0000,0.0000,0.0000,0.0000,3.4176,180.0000,0.0013,179.9099
8.2466,searching,0.0000,0.0000,0.0000,0.0000,0.0000,3.4296,-179.9999,0.0017,179.9099
8.2565,searching,0.0000,0.0000,0.0000,0.0000,0.0000,3.4416,-179.9999,0.0017,179.9099
8.2669,searching,0.0000,0.0000,0.0000,0.0000,0.0000,3.4536,-179.9999,0.0017,179.9099
8.2766,searching,0.0000,0.0000,0.0000,0.0000,0.0000,3.4656,-179.9996,0.0023,179.9107
8.2864,searching,0.0000,0.0000,0.0000,0.0000,0.0000,3.4776,-179.9998,0.0020,179.9102
8.2965,searching,0.0000,0.0000,0.0000,0.0000,0.0000,3.4896,-179.9998,0.0020,179.9102
8.3069,searching,0.0000,0.0000,0.0000,0.0000,0.0000,3.5016,-179.9997,0.0021,179.9106
8.3164,searching,0.0000,0.0000,0.0000,0.0000,0.0000,3.5136,180.0000,0.0014,179.9103
8.3266,searching,0.0000,0.0000,0.0000,0.0000,0.0000,3.5256,180.0000,0.0014,179.9103
8.3366,searching,0.0000,0.0000,0.0000,0.0000,0.0000,3.5376,179.9998,0.0010,179.9105
8.3467,searching,0.0000,0.0000,0.0000,0.0000,0.0000,3.5496,179.9998,0.0010,179.9106
8.3566,searching,0.0000,0.0000,0.0000,0.0000,0.0000,3.5616,179.9998,0.0010,179.9106
8.3665,searching,0.0000,0.0000,0.0000,0.0000,0.0000,3.5736,179.9993,-0.0001,179.9104
8.3765,searching,0.0000,0.0000,0.0000,0.0000,0.0000,3.5856,179.9989,-0.0010,179.9105
8.3869,searching,0.0000,0.0000,0.0000,0.0000,0.0000,3.5976,179.9989,-0.0010,179.9105
8.3966,searching,0.0000,0.0000,0.0000,0.0000,0.0000,3.6096,179.9990,-0.0008,179.9106
8.4065,searching,0.0000,0.0000,0.0000,0.0000,0.0000,3.6216,179.9992,-0.0004,179.9098
8.4166,searching,0.0000,0.0000,0.0000,0.0000,0.0000,3.6336,179.9992,-0.0004,179.9098
8.4273,searching,0.0000,0.0000,0.0000,0.0000,0.0000,3.6456,179.9987,-0.0014,179.9095
8.4365,searching,0.0000,0.0000,0.0000,0.0000,0.0000,3.6576,179.9991,-0.0007,179.9089
8.4470,searching,0.0000,0.0000,0.0000,0.0000,0.0000,3.6696,179.9991,-0.0007,179.9089
8.4569,searching,0.0000,0.0000,0.0000,0.0000,0.0000,3.6816,179.9991,-0.0007,179.9089
8.4666,searching,0.0000,0.0000,0.0000,0.0000,0.0000,3.6936,179.9988,-0.0013,179.9086
8.4766,searching,0.0000,0.0000,0.0000,0.0000,0.0000,3.7056,179.9988,-0.0013,179.9086
8.4867,searching,0.0000,0.0000,0.0000,0.0000,0.0000,3.7176,179.9988,-0.0013,179.9088
8.4964,searching,0.0000,0.0000,0.0000,0.0000,0.0000,3.7296,179.9987,-0.0014,179.9092
8.5069,searching,0.0000,0.0000,0.0000,0.0000,0.0000,3.7416,179.9987,-0.0014,179.9092
8.5166,searching,0.0000,0.0000,0.0000,0.0000,0.0000,3.7536,179.9995,0.0002,179.9092
8.5265,searching,0.0000,0.0000,0.0000,0.0000,0.0000,3.7656,179.9995,0.0002,179.9090
8.5366,searching,0.0000,0.0000,0.0000,0.0000,0.0000,3.7776,179.9995,0.0002,179.9090
8.5467,searching,0.0000,0.0000,0.0000,0.0000,0.0000,3.7896,-179.9998,0.0018,179.9086
8.5568,searching,0.0000,0.0000,0.0000,0.0000,0.0000,3.8016,179.9991,-0.0006,179.9082
8.5669,searching,0.0000,0.0000,0.0000,0.0000,0.0000,3.8136,179.9991,-0.0006,179.9082
8.5768,searching,0.0000,0.0000,0.0000,0.0000,0.0000,3.8256,179.9990,-0.0009,179.9082
8.5870,searching,0.0000,0.0000,0.0000,0.0000,0.0000,3.8376,179.9986,-0.0019,179.9078
8.5965,searching,0.0000,0.0000,0.0000,0.0000,0.0000,3.8496,179.9986,-0.0019,179.9078
8.6065,searching,0.0000,0.0000,-0.2043,0.0000,0.0000,3.8576,179.9990,-0.0009,179.9079
8.6165,searching,0.0000,0.0000,-0.2123,0.0000,0.0000,3.8653,179.9993,-0.0002,179.9080
8.6272,searching,0.0000,0.0000,-0.2196,0.0000,0.0000,3.8729,179.9993,-0.0002,179.9080
8.6367,searching,0.0000,0.0000,-0.2265,0.0000,0.0000,3.8804,179.9995,0.0002,179.9080
8.6465,searching,0.0000,0.0000,-0.2331,0.0000,0.0000,3.8877,179.9992,-0.0004,179.9076
8.6566,searching,0.0000,0.0000,-0.2392,0.0000,0.0000,3.8949,179.9992,-0.0004,179.9076
8.6671,searching,0.0000,0.0000,-0.2447,0.0000,0.0000,3.9021,179.9989,-0.0013,179.9076
8.6765,searching,0.0000,0.0000,-0.2494,0.0000,0.0000,3.9091,179.9987,-0.0017,179.9073
8.6866,searching,0.0000,0.0000,-0.2534,0.0000,0.0000,3.9160,179.9987,-0.0017,179.9073
8.6965,searching,0.0000,0.0000,-0.2573,0.0000,0.0000,3.9229,179.9990,-0.0010,179.9068
8.7073,searching,0.0000,0.0000,-0.2605,0.0000,0.0000,3.9296,179.9994,-0.0002,179.9076
8.7166,searching,0.0000,0.0000,-0.2635,0.0000,0.0000,3.9364,179.9994,-0.0002,179.9076
8.7266,searching,0.0000,0.0000,-0.2659,0.0000,0.0000,3.9431,179.9995,0.0001,179.9077
8.7365,searching,0.0000,0.0000,-0.2678,0.0000,0.0000,3.9497,179.9996,0.0004,179.9081
8.7472,searching,0.0000,0.0000,-0.2685,0.0000,0.0000,3.9563,179.9996,0.0004,179.9081
8.7566,searching,0.0000,0.0000,-0.2683,0.0000,0.0000,3.9630,179.9997,0.0005,179.9084
8.7666,searching,0.0000,0.0000,-0.2676,0.0000,0.0000,3.9696,179.9993,-0.0004,179.9085
8.7766,searching,0.0000,0.0000,-0.2656,0.0000,0.0000,3.9763,179.9993,-0.0004,179.9085
8.7868,searching,0.0000,0.0000,-0.2631,0.0000,0.0000,3.9830,179.9997,0.0006,179.9085
8.7964,searching,0.0000,0.0000,-0.2602,0.0000,0.0000,3.9898,179.9997,0.0006,179.9085
8.8067,searching,0.0000,0.0000,-0.2566,0.0000,0.0000,3.9967,179.9997,0.0006,179.9085
8.8166,searching,0.0000,0.0000,-0.2526,0.0000,0.0000,4.0036,179.9999,0.0010,179.9086
8.8268,searching,0.0000,0.0000,-0.2480,0.0000,0.0000,4.0107,-179.9996,0.0019,179.9088
8.8365,searching,0.0000,0.0000,-0.2430,0.0000,0.0000,4.0178,-179.9996,0.0019,179.9088
8.8467,searching,0.0000,0.0000,-0.2375,0.0000,0.0000,4.0251,-179.9993,0.0026,179.9096
8.8565,searching,0.0000,0.0000,-0.2325,0.0000,0.0000,4.0324,-179.9996,0.0019,179.9093
8.8671,searching,0.0000,0.0000,-0.2277,0.0000,0.0000,4.0399,-179.9996,0.0019,179.9093
8.8765,searching,0.0000,0.0000,-0.2226,0.0000,0.0000,4.0474,-179.9999,0.0012,179.9089
8.8864,searching,0.0000,0.0000,-0.2174,0.0000,0.0000,4.0551,-179.9995,0.0021,179.9091
8.8966,searching,0.0000,0.0000,-0.2123,0.0000,0.0000,4.0628,-179.9995,0.0021,179.9091
8.9068,searching,0.0000,0.0000,-0.2076,0.0000,0.0000,4.0707,179.9997,0.0004,179.9098
8.9164,searching,0.0000,0.0000,-0.2034,0.0000,0.0000,4.0786,-179.9998,0.0014,179.9088
8.9267,searching,0.0000,0.0000,-0.2005,0.0000,0.0000,4.0866,-179.9998,0.0014,179.9088
8.9366,searching,0.0000,0.0000,0.0000,0.0000,0.0000,4.0986,-179.9995,0.0021,179.9084
8.9468,searching,0.0000,0.0000,0.0000,0.0000,0.0000,4.1106,-179.9992,0.0028,179.9083
8.9565,searching,0.0000,0.0000,0.0000,0.0000,0.0000,4.1226,-179.9992,0.0028,179.9083
8.9666,searching,0.0000,0.0000,-0.2017,0.0000,0.0000,4.1306,-179.9989,0.0033,179.9080
8.9764,searching,0.0000,0.0000,-0.2052,0.0000,0.0000,4.1385,-179.9994,0.0023,179.9083
8.9868,searching,0.0000,0.0000,-0.2104,0.0000,0.0000,4.1463,-179.9994,0.0023,179.9083
8.9966,searching,0.0000,0.0000,-0.2165,0.0000,0.0000,4.1539,179.9998,0.0003,179.9085
9.0065,searching,0.0000,0.0000,-0.2236,0.0000,0.0000,4.1614,180.0000,0.0007,179.9079
9.0167,searching,0.0000,0.0000,-0.2313,0.0000,0.0000,4.1688,180.0000,0.0007,179.9079
9.0268,searching,0.0000,-0.2081,-0.2397,0.0000,0.0000,4.1760,180.0000,0.0007,179.9079
9.0364,searching,0.0000,-0.2209,-0.2485,0.0000,0.0000,4.1831,179.9996,-0.0002,179.9076
9.0466,searching,0.0000,-0.2345,-0.2582,0.0000,0.0000,4.1899,179.9996,-0.0002,179.9076
9.0565,searching,0.0000,-0.2484,-0.2686,0.0000,0.0000,4.1965,179.9996,-0.0001,179.9078
9.0669,searching,0.0000,-0.2620,-0.2794,0.0000,0.0000,4.2029,179.9998,0.0003,179.9071
9.0766,searching,0.0000,-0.2764,-0.2915,0.0000,0.0000,4.2091,179.9998,0.0003,179.9071
9.0866,searching,0.0000,-0.2908,-0.3040,0.0000,0.0000,4.2150,179.9999,0.0004,179.9078
9.0964,searching,0.0000,-0.3043,-0.3163,0.0000,0.0000,4.2207,180.0000,0.0007,179.9080
9.1069,searching,0.0000,-0.3177,-0.3290,0.0000,0.0000,4.2261,180.0000,0.0007,179.9080
9.1167,searching,0.0000,-0.3308,-0.3418,0.0000,0.0000,4.2313,179.9997,-0.0001,179.9087
9.1266,searching,0.0000,-0.3434,-0.3547,0.0000,0.0000,4.2362,179.9997,-0.0001,179.9087
9.1365,searching,0.0000,-0.3566,-0.3685,0.0000,0.0000,4.2408,179.9997,-0.0001,179.9087
9.1470,searching,0.0000,-0.3709,-0.3828,0.0000,0.0000,4.2452,180.0000,0.0006,179.9089
9.1565,searching,0.0000,-0.3848,-0.3970,0.0000,0.0000,4.2492,-179.9998,0.0010,179.9086
9.1667,searching,0.0000,-0.3986,-0.4115,0.0000,0.0000,4.2530,-179.9998,0.0010,179.9086
9.1766,searching,0.2087,-0.4131,-0.4265,0.0000,0.0000,4.2565,-179.9994,0.0018,179.9088
9.1872,searching,0.2202,-0.4277,-0.4416,0.0000,0.0000,4.2596,-179.9994,0.0019,179.9074
9.1967,searching,0.2319,-0.4420,-0.4570,0.0000,0.0000,4.2625,-179.9994,0.0019,179.9074
9.2066,searching,0.2439,-0.4559,-0.4723,0.0000,0.0000,4.2650,-179.9996,0.0027,179.9081
9.2165,searching,0.2556,-0.4694,-0.4870,0.0000,0.0000,4.2673,179.9999,0.0015,179.9075
9.2272,searching,0.2668,-0.4813,-0.5006,0.0000,0.0000,4.2693,179.9999,0.0015,179.9075
9.2368,searching,0.2777,-0.4921,-0.5134,0.0000,0.0000,4.2710,-179.9999,0.0021,179.9077
9.2468,searching,0.2876,-0.5014,-0.5248,0.0000,0.0000,4.2725,-179.9999,0.0019,179.9075
9.2568,searching,0.2968,-0.5088,-0.5347,0.0000,0.0000,4.2738,-179.9999,0.0019,179.9075
9.2670,searching,0.3052,-0.5153,-0.5436,0.0000,0.0000,4.2750,-179.9998,0.0022,179.9077
9.2764,searching,0.3124,-0.5214,-0.5518,0.0000,0.0000,4.2759,180.0000,0.0018,179.9083
9.2866,searching,0.3188,-0.5266,-0.5591,0.0000,0.0000,4.2767,180.0000,0.0018,179.9083
9.2966,searching,0.3246,-0.5313,-0.5658,0.0000,0.0000,4.2774,-179.9998,0.0022,179.9084
9.3073,searching,0.3295,-0.5356,-0.5719,0.0000,0.0000,4.2780,180.0000,0.0015,179.9085
9.3166,searching,0.3336,-0.5391,-0.5773,0.0000,0.0000,4.2784,180.0000,0.0015,179.9085
9.3266,searching,0.3372,-0.5420,-0.5823,0.0000,0.0000,4.2788,179.9997,0.0009,179.9088
9.3365,searching,0.3404,-0.5451,-0.5874,0.0000,0.0000,4.2791,179.9994,0.0002,179.9091
9.3470,searching,0.3431,-0.5476,-0.5921,0.0000,0.0000,4.2792,179.9994,0.0002,179.9091
9.3566,searching,0.3457,-0.5498,-0.5967,0.0000,0.0000,4.2793,179.9993,-0.0001,179.9095
9.3665,searching,0.3480,-0.5522,-0.6014,0.0000,0.0000,4.2792,179.9993,-0.0002,179.9083
9.3768,searching,0.3500,-0.5543,-0.6057,0.0000,0.0000,4.2791,179.9993,-0.0002,179.9083
9.3869,searching,0.3521,-0.5563,-0.6100,0.0000,0.0000,4.2789,179.9993,-0.0002,179.9080
9.3965,searching,0.3543,-0.5592,-0.6150,0.0000,0.0000,4.2786,179.9993,-0.0002,179.9080
9.4066,searching,0.3565,-0.5626,-0.6202,0.0000,0.0000,4.2782,179.9993,-0.0002,179.9080
9.4165,searching,0.3590,-0.5665,-0.6262,0.0000,0.0000,4.2777,179.9997,0.0007,179.9072
9.4267,searching,0.3617,-0.5710,-0.6327,0.0000,0.0000,4.2771,179.9996,0.0006,179.9072
9.4365,searching,0.3642,-0.5757,-0.6395,0.0000,0.0000,4.2763,179.9996,0.0006,179.9072
9.4465,searching,0.3668,-0.5806,-0.6468,0.0000,0.0000,4.2753,179.9996,0.0004,179.9071
9.4565,searching,0.3694,-0.5860,-0.6547,0.0000,0.0000,4.2742,179.9996,0.0006,179.9075
9.4668,searching,0.3719,-0.5915,-0.6628,0.0000,0.0000,4.2730,179.9996,0.0006,179.9075
9.4765,searching,0.3743,-0.5970,-0.6710,0.0000,0.0000,4.2716,179.9997,0.0007,179.9073
9.4865,searching,0.3767,-0.6029,-0.6797,0.0000,0.0000,4.2700,179.9996,0.0005,179.9082
9.4966,searching,0.3791,-0.6094,-0.6889,0.0000,0.0000,4.2682,179.9996,0.0005,179.9082
9.5068,searching,0.3816,-0.6165,-0.6989,0.0000,0.0000,4.2662,180.0000,0.0012,179.9077
9.5164,searching,0.3845,-0.6246,-0.7099,0.0000,0.0000,4.2640,179.9997,0.0007,179.9073
9.5268,searching,0.3875,-0.6334,-0.7215,0.0000,0.0000,4.2616,179.9997,0.0007,179.9073
9.5366,searching,0.3906,-0.6428,-0.7337,0.0000,0.0000,4.2589,179.9995,-0.0000,179.9074
9.5466,searching,0.3940,-0.6524,-0.7463,0.0000,0.0000,4.2560,179.9996,0.0004,179.9078
9.5565,searching,0.3976,-0.6628,-0.7598,0.0000,0.0000,4.2528,179.9996,0.0004,179.9078
9.5666,searching,0.4013,-0.6736,-0.7740,0.0000,0.0000,4.2493,179.9996,0.0002,179.9079
9.5765,searching,0.4051,-0.6848,-0.7887,0.0000,0.0000,4.2455,179.9993,-0.0004,179.9072
9.5870,searching,0.4090,-0.6965,-0.8040,0.0000,0.0000,4.2415,179.9993,-0.0004,179.9072
9.5966,searching,0.4129,-0.7082,-0.8195,0.0000,0.0000,4.2371,179.9995,-0.0000,179.9071
9.6064,searching,0.4167,-0.7201,-0.8352,0.0000,0.0000,4.2324,179.9996,0.0002,179.9073
9.6166,searching,0.4207,-0.7323,-0.8515,0.0000,0.0000,4.2273,179.9996,0.0002,179.9073
9.6276,searching,0.4247,-0.7449,-0.8682,0.0000,0.0000,4.2220,179.9998,0.0007,179.9072
9.6365,searching,0.4285,-0.7573,-0.8848,0.0000,0.0000,4.2163,179.9998,0.0006,179.9075
9.6467,searching,0.4322,-0.7703,-0.9017,0.0000,0.0000,4.2102,179.9998,0.0006,179.9075
9.6565,searching,0.4356,-0.7832,-0.9184,0.0000,0.0000,4.2039,-179.9998,0.0015,179.9073
9.6670,searching,0.4387,-0.7959,-0.9350,0.0000,0.0000,4.1972,180.0000,0.0010,179.9082
9.6765,searching,0.4417,-0.8087,-0.9518,0.0000,0.0000,4.1901,180.0000,0.0010,179.9082
9.6865,searching,0.4442,-0.8212,-0.9682,0.0000,0.0000,4.1828,-179.9995,0.0021,179.9079
9.6965,searching,0.4463,-0.8334,-0.9845,0.0000,0.0000,4.1751,-179.9997,0.0018,179.9082
9.7070,searching,0.4482,-0.8453,-1.0005,0.0000,0.0000,4.1671,-179.9997,0.0018,179.9082
9.7165,searching,0.4498,-0.8568,-1.0160,0.0000,0.0000,4.1587,-179.9993,0.0027,179.9086
9.7265,searching,0.4508,-0.8682,-1.0316,0.0000,0.0000,4.1501,-179.9994,0.0024,179.9093
9.7366,searching,0.4514,-0.8793,-1.0468,0.0000,0.0000,4.1412,-179.9994,0.0024,179.9093
9.7468,searching,0.4519,-0.8901,-1.0616,0.0000,0.0000,4.1319,-179.9993,0.0026,179.9086
9.7566,searching,0.4520,-0.9009,-1.0764,0.0000,0.0000,4.1224,-179.9992,0.0028,179.9081
9.7666,searching,0.4519,-0.9117,-1.0912,0.0000,0.0000,4.1126,-179.9992,0.0028,179.9081
9.7766,searching,0.4517,-0.9226,-1.1059,0.0000,0.0000,4.1025,-179.9992,0.0028,179.9081
9.7868,searching,0.4512,-0.9337,-1.1208,0.0000,0.0000,4.0921,-179.9991,0.0029,179.9080
9.7967,searching,0.4504,-0.9446,-1.1354,0.0000,0.0000,4.0814,-179.9991,0.0029,179.9080
9.8066,searching,0.4492,-0.9550,-1.1494,0.0000,0.0000,4.0704,-179.9993,0.0027,179.9078
9.8164,searching,0.4474,-0.9648,-1.1628,0.0000,0.0000,4.0591,-179.9992,0.0027,179.9086
9.8270,searching,0.4453,-0.9744,-1.1761,0.0000,0.0000,4.0476,-179.9992,0.0027,179.9086
9.8368,searching,0.4429,-0.9833,-1.1889,0.0000,0.0000,4.0358,-179.9993,0.0025,179.9076
9.8465,searching,0.4400,-0.9925,-1.2018,0.0000,0.0000,4.0238,-179.9994,0.0023,179.9080
9.8566,searching,0.4364,-1.0013,-1.2142,0.0000,0.0000,4.0115,-179.9994,0.0023,179.9080
9.8669,searching,0.4328,-1.0099,-1.2263,0.0000,0.0000,3.9990,-179.9998,0.0014,179.9083
9.8765,searching,0.4288,-1.0184,-1.2384,0.0000,0.0000,3.9862,-179.9994,0.0023,179.9086
9.8866,searching,0.4243,-1.0265,-1.2499,0.0000,0.0000,3.9732,-179.9994,0.0023,179.9086
9.8966,searching,0.4199,-1.0347,-1.2616,0.0000,0.0000,3.9600,-179.9996,0.0017,179.9079
9.9068,searching,0.4154,-1.0432,-1.2734,0.0000,0.0000,3.9465,-179.9997,0.0015,179.9080
9.9166,searching,0.4104,-1.0518,-1.2853,0.0000,0.0000,3.9328,-179.9997,0.0015,179.9080
9.9266,searching,0.4055,-1.0603,-1.2970,0.0000,0.0000,3.9189,-179.9997,0.0015,179.9075
9.9364,searching,0.4005,-1.0686,-1.3086,0.0000,0.0000,3.9047,-179.9998,0.0013,179.9079
9.9468,searching,0.3947,-1.0766,-1.3197,0.0000,0.0000,3.8903,-179.9998,0.0013,179.9079
9.9566,searching,0.3889,-1.0844,-1.3309,0.0000,0.0000,3.8757,179.9998,0.0005,179.9082
9.9664,searching,0.3830,-1.0920,-1.3419,0.0000,0.0000,3.8608,-179.9999,0.0011,179.9079
9.9766,searching,0.3762,-1.0994,-1.3525,0.0000,0.0000,3.8458,-179.9999,0.0011,179.9079
9.9866,searching,0.3692,-1.1068,-1.3630,0.0000,0.0000,3.8305,-179.9994,0.0023,179.9078
9.9965,searching,0.3620,-1.1138,-1.3732,0.0000,0.0000,3.8151,-179.9994,0.0023,179.9078
10.0066,searching,0.3543,-1.1208,-1.3833,0.0000,0.0000,3.7994,-179.9994,0.0023,179.9078
10.0168,searching,0.3462,-1.1276,-1.3931,0.0000,0.0000,3.7835,-179.9990,0.0032,179.9074
10.0276,searching,0.3382,-1.1340,-1.4025,0.0000,0.0000,3.7675,-179.9996,0.0019,179.9072
10.0366,searching,0.3298,-1.1408,-1.4121,0.0000,0.0000,3.7512,-179.9996,0.0019,179.9072
10.0467,searching,0.3208,-1.1478,-1.4216,0.0000,0.0000,3.7348,-179.9996,0.0018,179.9075
10.0564,searching,0.3117,-1.1539,-1.4302,0.0000,0.0000,3.7182,180.0000,0.0009,179.9077
10.0669,searching,0.3023,-1.1597,-1.4386,0.0000,0.0000,3.7014,180.0000,0.0009,179.9077
10.0766,searching,0.2922,-1.1657,-1.4470,0.0000,0.0000,3.6845,179.9999,0.0007,179.9081
10.0865,searching,0.2818,-1.1711,-1.4549,0.0000,0.0000,3.6674,179.9995,-0.0002,179.9080
10.0966,searching,0.2711,-1.1761,-1.4622,0.0000,0.0000,3.6501,179.9995,-0.0002,179.9080
10.1069,searching,0.2598,-1.1811,-1.4693,0.0000,0.0000,3.6328,-179.9997,0.0017,179.9088
10.1164,searching,0.2482,-1.1864,-1.4764,0.0000,0.0000,3.6152,-179.9998,0.0014,179.9082
10.1268,searching,0.2364,-1.1915,-1.4832,0.0000,0.0000,3.5976,-179.9998,0.0014,179.9082
10.1367,searching,0.2241,-1.1967,-1.4898,0.0000,0.0000,3.5798,-179.9990,0.0033,179.9085
10.1471,searching,0.2116,-1.2015,-1.4958,0.0000,0.0000,3.5619,-179.9990,0.0033,179.9085
10.1567,searching,0.0000,-1.2062,-1.5016,0.0000,0.0000,3.5438,-179.9993,0.0026,179.9085
10.1669,searching,0.0000,-1.2110,-1.5072,0.0000,0.0000,3.5257,-179.9997,0.0017,179.9083
10.1765,searching,0.0000,-1.2150,-1.5120,0.0000,0.0000,3.5074,180.0000,0.0011,179.9085
10.1869,searching,0.0000,-1.2187,-1.5165,0.0000,0.0000,3.4891,180.0000,0.0011,179.9085
10.1965,searching,0.0000,-1.2225,-1.5208,0.0000,0.0000,3.4707,179.9998,0.0005,179.9091
10.2064,searching,0.0000,-1.2257,-1.5244,0.0000,0.0000,3.4522,179.9997,0.0004,179.9091
10.2166,searching,0.0000,-1.2285,-1.5278,0.0000,0.0000,3.4337,179.9997,0.0004,179.9091
10.2274,searching,0.0000,-1.2315,-1.5309,0.0000,0.0000,3.4150,179.9998,0.0019,179.9094
10.2366,searching,0.0000,-1.2347,-1.5339,0.0000,0.0000,3.3964,179.9993,0.0010,179.9097
10.2466,searching,0.0000,-1.2376,-1.5365,0.0000,0.0000,3.3776,179.9993,0.0010,179.9097
10.2565,searching,0.0000,-1.2406,-1.5390,0.0000,0.0000,3.3588,179.9992,0.0008,179.9099
10.2668,searching,0.0000,-1.2438,-1.5413,0.0000,0.0000,3.3400,179.9989,-0.0000,179.9104
10.2765,searching,0.0000,-1.2466,-1.5432,0.0000,0.0000,3.3212,179.9989,-0.0000,179.9104
10.2865,searching,0.0000,-1.2491,-1.5448,0.0000,0.0000,3.3023,179.9992,0.0007,179.9101
10.2965,searching,0.0000,-1.2516,-1.5460,0.0000,0.0000,3.2833,179.9995,0.0015,179.9102
10.3069,searching,0.0000,-1.2538,-1.5468,0.0000,0.0000,3.2644,179.9995,0.0015,179.9102
10.3164,searching,0.0000,-1.2558,-1.5471,0.0000,0.0000,3.2455,179.9998,0.0020,179.9092
10.3265,searching,0.0000,-1.2582,-1.5473,0.0000,0.0000,3.2265,179.9993,0.0010,179.9086
10.3366,searching,0.0000,-1.2601,-1.5469,0.0000,0.0000,3.2076,179.9993,0.0010,179.9086
10.3469,searching,0.0000,-1.2617,-1.5461,0.0000,0.0000,3.1887,179.9997,0.0020,179.9087
10.3564,searching,0.0000,-1.2640,-1.5454,0.0000,0.0000,3.1697,179.9994,0.0013,179.9088
10.3667,searching,0.0000,-1.2659,-1.5441,0.0000,0.0000,3.1509,179.9994,0.0013,179.9088
10.3765,searching,0.0000,-1.2672,-1.5422,0.0000,0.0000,3.1320,179.9994,0.0013,179.9088
10.3868,searching,0.0000,-1.2685,-1.5399,0.0000,0.0000,3.1132,179.9993,0.0012,179.9093
10.3965,searching,0.0000,-1.2694,-1.5374,0.0000,0.0000,3.0945,179.9993,0.0012,179.9093
10.4065,searching,0.0000,-1.2701,-1.5347,0.0000,0.0000,3.0758,179.9997,0.0020,179.9096
10.4164,searching,0.0000,-1.2706,-1.5318,0.0000,0.0000,3.0571,179.9995,0.0017,179.9102
10.4268,searching,0.0000,-1.2708,-1.5282,0.0000,0.0000,3.0386,179.9995,0.0017,179.9102
10.4366,searching,0.0000,-1.2704,-1.5242,0.0000,0.0000,3.0201,179.9995,0.0016,179.9091
10.4464,searching,0.0000,-1.2703,-1.5202,0.0000,0.0000,3.0017,179.9992,0.0010,179.9095
10.4566,searching,0.0000,-1.2702,-1.5158,0.0000,0.0000,2.9834,179.9992,0.0010,179.9095
10.4670,searching,-0.2045,-1.2692,-1.5107,0.0000,0.0000,2.9652,179.9991,0.0007,179.9091
10.4765,searching,-0.2125,-1.2686,-1.5056,0.0000,0.0000,2.9470,179.9992,0.0011,179.9089
10.4866,searching,-0.2201,-1.2683,-1.5006,0.0000,0.0000,2.9290,179.9992,0.0011,179.9089
10.4965,searching,-0.2270,-1.2673,-1.4951,0.0000,0.0000,2.9111,179.9992,0.0010,179.9084
10.5068,searching,-0.2333,-1.2667,-1.4901,0.0000,0.0000,2.8933,179.9995,0.0017,179.9090
10.5166,searching,-0.2396,-1.2663,-1.4848,0.0000,0.0000,2.8756,179.9995,0.0017,179.9090
10.5266,searching,-0.2454,-1.2647,-1.4785,0.0000,0.0000,2.8581,179.9996,0.0021,179.9094
10.5365,searching,-0.2506,-1.2627,-1.4718,0.0000,0.0000,2.8406,179.9998,0.0025,179.9088
10.5467,searching,-0.2557,-1.2609,-1.4648,0.0000,0.0000,2.8233,179.9998,0.0025,179.9088
10.5566,searching,-0.2605,-1.2585,-1.4572,0.0000,0.0000,2.8062,179.9997,0.0022,179.9085
10.5665,searching,-0.2647,-1.2556,-1.4492,0.0000,0.0000,2.7892,179.9996,0.0021,179.9088
10.5766,searching,-0.2688,-1.2531,-1.4414,0.0000,0.0000,2.7724,179.9996,0.0021,179.9088
10.5869,searching,-0.2725,-1.2506,-1.4335,0.0000,0.0000,2.7557,179.9993,0.0015,179.9097
10.5965,searching,-0.2756,-1.2477,-1.4253,0.0000,0.0000,2.7392,179.9995,0.0020,179.9093
10.6066,searching,-0.2785,-1.2452,-1.4173,0.0000,0.0000,2.7229,179.9995,0.0020,179.9093
10.6165,searching,-0.2810,-1.2424,-1.4093,0.0000,0.0000,2.7067,179.9992,0.0013,179.9094
10.6269,searching,-0.2831,-1.2392,-1.4011,0.0000,0.0000,2.6906,179.9990,0.0008,179.9099
10.6366,searching,-0.2847,-1.2363,-1.3931,0.0000,0.0000,2.6748,179.9990,0.0008,179.9099
10.6467,searching,-0.2863,-1.2332,-1.3851,0.0000,0.0000,2.6591,179.9993,0.0015,179.9097
10.6565,searching,-0.2875,-1.2297,-1.3769,0.0000,0.0000,2.6435,179.9990,0.0009,179.9092
10.6672,searching,-0.2885,-1.2267,-1.3689,0.0000,0.0000,2.6282,179.9990,0.0009,179.9092
10.6766,searching,-0.2892,-1.2232,-1.3605,0.0000,0.0000,2.6130,179.9991,0.0012,179.9089
10.6864,searching,-0.2895,-1.2194,-1.3519,0.0000,0.0000,2.5979,179.9993,0.0016,179.9081
10.6969,searching,-0.2896,-1.2160,-1.3433,0.0000,0.0000,2.5830,179.9993,0.0016,179.9081
10.7072,searching,-0.2896,-1.2125,-1.3344,0.0000,0.0000,2.5684,179.9987,0.0005,179.9088
10.7167,searching,-0.2894,-1.2081,-1.3251,0.0000,0.0000,2.5539,179.9990,0.0012,179.9090
10.7270,searching,-0.2889,-1.2041,-1.3160,0.0000,0.0000,2.5395,179.9990,0.0012,179.9090
10.7369,searching,-0.2886,-1.2003,-1.3069,0.0000,0.0000,2.5254,179.9987,0.0005,179.9088
10.7468,searching,-0.2880,-1.1956,-1.2975,0.0000,0.0000,2.5115,179.9987,0.0005,179.9088
10.7566,searching,-0.2871,-1.1905,-1.2878,0.0000,0.0000,2.4977,179.9987,0.0005,179.9088
10.7666,searching,-0.2863,-1.1861,-1.2783,0.0000,0.0000,2.4841,179.9989,0.0009,179.9094
10.7766,searching,-0.2853,-1.1814,-1.2690,0.0000,0.0000,2.4707,179.9988,0.0007,179.9090
10.7869,searching,-0.2839,-1.1767,-1.2598,0.0000,0.0000,2.4576,179.9988,0.0007,179.9090
10.7966,searching,-0.2827,-1.1720,-1.2502,0.0000,0.0000,2.4445,179.9993,0.0019,179.9091
10.8065,searching,-0.2815,-1.1665,-1.2398,0.0000,0.0000,2.4318,179.9993,0.0020,179.9100
10.8166,searching,-0.2799,-1.1606,-1.2291,0.0000,0.0000,2.4192,179.9993,0.0020,179.9100
10.8267,searching,-0.2782,-1.1556,-1.2191,0.0000,0.0000,2.4068,179.9995,0.0024,179.9102
10.8365,searching,-0.2765,-1.1504,-1.2088,0.0000,0.0000,2.3946,179.9992,0.0017,179.9103
10.8466,searching,-0.2746,-1.1447,-1.1984,0.0000,0.0000,2.3826,179.9992,0.0017,179.9103
10.8566,searching,-0.2726,-1.1396,-1.1882,0.0000,0.0000,2.3709,179.9989,0.0010,179.9093
10.8665,searching,-0.2705,-1.1345,-1.1782,0.0000,0.0000,2.3593,179.9991,0.0002,179.9102
10.8767,searching,-0.2683,-1.1287,-1.1678,0.0000,0.0000,2.3480,179.9991,0.0002,179.9102
10.8865,searching,-0.2658,-1.1230,-1.1574,0.0000,0.0000,2.3368,179.9993,0.0008,179.9098
10.8965,searching,-0.2632,-1.1176,-1.1475,0.0000,0.0000,2.3259,179.9995,0.0013,179.9096
10.9073,searching,-0.2604,-1.1122,-1.1376,0.0000,0.0000,2.3151,179.9995,0.0013,179.9096
10.9165,searching,-0.2573,-1.1073,-1.1280,0.0000,0.0000,2.3046,179.9998,0.0020,179.9096
10.9264,searching,-0.2539,-1.1026,-1.1187,0.0000,0.0000,2.2942,179.9995,0.0013,179.9095
10.9365,searching,-0.2503,-1.0978,-1.1094,0.0000,0.0000,2.2840,179.9995,0.0013,179.9095
10.9471,searching,-0.2463,-1.0935,-1.1003,0.0000,0.0000,2.2740,179.9993,0.0010,179.9105
10.9565,searching,-0.2422,-1.0894,-1.0915,0.0000,0.0000,2.2642,179.9992,0.0006,179.9103
10.9665,searching,-0.2376,-1.0855,-1.0831,0.0000,0.0000,2.2545,179.9992,0.0006,179.9103
10.9766,searching,-0.2326,-1.0824,-1.0754,0.0000,0.0000,2.2450,179.9998,0.0006,179.9107
10.9871,searching,-0.2274,-1.0798,-1.0683,0.0000,0.0000,2.2356,179.9995,0.0001,179.9108
10.9966,searching,-0.2221,-1.0769,-1.0611,0.0000,0.0000,2.2264,179.9995,0.0001,179.9108
11.0066,searching,-0.2165,-1.0744,-1.0546,0.0000,0.0000,2.2173,179.9997,0.0005,179.9106
11.0165,searching,-0.2107,-1.0724,-1.0484,0.0000,0.0000,2.2083,179.9995,-0.0000,179.9106
11.0271,searching,-0.2046,-1.0706,-1.0424,0.0000,0.0000,2.1995,179.9995,-0.0000,179.9106
11.0366,searching,0.0000,-1.0691,-1.0367,0.0000,0.0000,2.1908,179.9992,-0.0006,179.9099
11.0464,searching,0.0000,-1.0685,-1.0316,0.0000,0.0000,2.1821,179.9991,-0.0008,179.9084
11.0566,searching,0.0000,-1.0682,-1.0269,0.0000,0.0000,2.1736,179.9991,-0.0008,179.9084
11.0669,searching,0.0000,-1.0683,-1.0229,0.0000,0.0000,2.1651,179.9984,-0.0022,179.9083
11.0764,searching,0.0000,-1.0688,-1.0192,0.0000,0.0000,2.1567,179.9985,-0.0021,179.9084
11.0866,searching,0.0000,-1.0693,-1.0154,0.0000,0.0000,2.1484,179.9985,-0.0021,179.9084
11.0966,searching,0.0000,-1.0702,-1.0123,0.0000,0.0000,2.1402,179.9989,-0.0012,179.9091
11.1067,searching,0.0000,-1.0721,-1.0104,0.0000,0.0000,2.1320,179.9990,-0.0010,179.9102
11.1166,searching,0.0000,-1.0747,-1.0092,0.0000,0.0000,2.1238,179.9990,-0.0010,179.9102
11.1267,searching,0.0000,-1.0776,-1.0087,0.0000,0.0000,2.1156,179.9990,-0.0010,179.9102
11.1364,searching,0.0000,-1.0813,-1.0091,0.0000,0.0000,2.1074,179.9992,-0.0005,179.9102
11.1470,searching,0.0000,-1.0858,-1.0106,0.0000,0.0000,2.0992,179.9992,-0.0005,179.9102
11.1567,searching,0.0000,-1.0906,-1.0124,0.0000,0.0000,2.0910,179.9992,-0.0004,179.9106
11.1665,searching,0.0000,-1.0956,-1.0146,0.0000,0.0000,2.0827,179.9987,-0.0014,179.9099
11.1769,searching,0.0000,-1.1015,-1.0176,0.0000,0.0000,2.0743,179.9987,-0.0014,179.9099
11.1873,searching,0.0000,-1.1077,-1.0213,0.0000,0.0000,2.0659,179.9991,-0.0005,179.9100
11.1968,searching,0.0000,-1.1145,-1.0254,0.0000,0.0000,2.0574,179.9991,-0.0006,179.9090
11.2066,searching,0.0000,-1.1217,-1.0300,0.0000,0.0000,2.0488,179.9991,-0.0006,179.9090
11.2166,searching,0.0000,-1.1290,-1.0349,0.0000,0.0000,2.0401,179.9994,0.0001,179.9099
11.2275,searching,0.0000,-1.1364,-1.0400,0.0000,0.0000,2.0313,179.9992,-0.0004,179.9098
11.2366,searching,0.0000,-1.1442,-1.0456,0.0000,0.0000,2.0224,179.9992,-0.0004,179.9098
11.2466,searching,0.0000,-1.1522,-1.0518,0.0000,0.0000,2.0134,179.9993,-0.0000,179.9096
11.2565,searching,0.0000,-1.1607,-1.0588,0.0000,0.0000,2.0042,179.9992,-0.0004,179.9102
11.2669,searching,0.0000,-1.1697,-1.0664,0.0000,0.0000,1.9949,179.9992,-0.0004,179.9102
11.2765,searching,0.0000,-1.1790,-1.0745,0.0000,0.0000,1.9854,179.9993,-0.0000,179.9106
11.2864,searching,0.0000,-1.1885,-1.0830,0.0000,0.0000,1.9757,179.9996,0.0007,179.9108
11.2966,searching,0.0000,-1.1985,-1.0921,0.0000,0.0000,1.9659,179.9996,0.0007,179.9108
11.3070,searching,0.0000,-1.2089,-1.1014,0.0000,0.0000,1.9558,180.0000,0.0017,179.9108
11.3164,searching,0.0000,-1.2197,-1.1112,0.0000,0.0000,1.9456,-179.9996,0.0012,179.9108
11.3265,searching,0.0000,-1.2310,-1.1216,0.0000,0.0000,1.9352,-179.9996,0.0012,179.9108
11.3368,searching,0.0000,-1.2426,-1.1326,0.0000,0.0000,1.9245,-179.9989,0.0027,179.9096
11.3470,searching,0.0000,-1.2546,-1.1442,0.0000,0.0000,1.9136,-179.9990,0.0025,179.9092
11.3568,searching,0.2024,-1.2670,-1.1564,0.0000,0.0000,1.9025,-179.9990,0.0025,179.9092
11.3667,searching,0.2188,-1.2790,-1.1681,0.0000,0.0000,1.8911,-179.9994,0.0016,179.9097
11.3765,searching,0.2355,-1.2908,-1.1801,0.0000,0.0000,1.8795,-179.9993,0.0019,179.9097
11.3868,searching,0.2518,-1.3029,-1.1924,0.0000,0.0000,1.8677,-179.9993,0.0019,179.9097
11.3966,searching,0.2679,-1.3149,-1.2045,0.0000,0.0000,1.8556,-179.9999,0.0005,179.9094
11.4065,searching,0.2842,-1.3269,-1.2169,0.0000,0.0000,1.8433,-179.9995,0.0013,179.9096
11.4166,searching,0.3003,-1.3394,-1.2297,0.0000,0.0000,1.8307,-179.9995,0.0013,179.9096
11.4270,searching,0.3161,-1.3518,-1.2424,0.0000,0.0000,1.8178,-179.9996,0.0011,179.9092
11.4364,searching,0.3322,-1.3644,-1.2556,0.0000,0.0000,1.8047,-179.9995,0.0015,179.9096
11.4467,searching,0.3480,-1.3776,-1.2692,0.0000,0.0000,1.7913,-179.9995,0.0015,179.9096
11.4566,searching,0.3638,-1.3908,-1.2830,0.0000,0.0000,1.7777,-179.9999,0.0004,179.9103
11.4667,searching,0.3799,-1.4042,-1.2971,0.0000,0.0000,1.7637,179.9999,0.0001,179.9102
11.4766,searching,0.3962,-1.4179,-1.3117,0.0000,0.0000,1.7495,179.9999,0.0001,179.9102
11.4866,searching,0.4124,-1.4320,-1.3266,0.0000,0.0000,1.7350,179.9998,-0.0003,179.9106
11.4966,searching,0.4289,-1.4463,-1.3419,0.0000,0.0000,1.7201,179.9998,-0.0003,179.9106
11.5071,searching,0.4454,-1.4609,-1.3574,0.0000,0.0000,1.7050,179.9998,-0.0003,179.9106
11.5166,searching,0.4621,-1.4761,-1.3736,0.0000,0.0000,1.6895,-179.9996,0.0011,179.9101
11.5264,searching,0.4789,-1.4910,-1.3899,0.0000,0.0000,1.6737,-179.9995,0.0014,179.9097
11.5366,searching,0.4958,-1.5063,-1.4064,0.0000,0.0000,1.6576,-179.9995,0.0014,179.9097
11.5466,searching,0.5126,-1.5215,-1.4228,0.0000,0.0000,1.6411,-179.9993,0.0018,179.9097
11.5565,searching,0.5295,-1.5367,-1.4392,0.0000,0.0000,1.6243,-179.9998,0.0006,179.9094
11.5666,searching,0.5464,-1.5519,-1.4556,0.0000,0.0000,1.6072,-179.9998,0.0006,179.9094
11.5765,searching,0.5631,-1.5669,-1.4714,0.0000,0.0000,1.5898,-179.9992,0.0020,179.9098
11.5867,searching,0.5798,-1.5817,-1.4870,0.0000,0.0000,1.5721,-179.9999,0.0004,179.9088
11.5967,searching,0.5966,-1.5963,-1.5027,0.0000,0.0000,1.5540,-179.9999,0.0004,179.9088
11.6066,searching,0.6130,-1.6112,-1.5187,0.0000,0.0000,1.5356,-179.9997,0.0008,179.9086
11.6164,searching,0.6296,-1.6257,-1.5345,0.0000,0.0000,1.5169,179.9995,-0.0011,179.9087
11.6273,searching,0.6464,-1.6398,-1.5501,0.0000,0.0000,1.4979,179.9995,-0.0011,179.9087
11.6366,searching,0.6625,-1.6541,-1.5656,0.0000,0.0000,1.4786,179.9999,-0.0001,179.9092
11.6465,searching,0.6784,-1.6676,-1.5804,0.0000,0.0000,1.4590,179.9993,-0.0015,179.9091
11.6566,searching,0.6948,-1.6799,-1.5944,0.0000,0.0000,1.4391,179.9993,-0.0015,179.9091
11.6673,searching,0.7111,-1.6931,-1.6090,0.0000,0.0000,1.4190,180.0000,0.0002,179.9089
11.6764,searching,0.7269,-1.7061,-1.6234,0.0000,0.0000,1.3985,179.9994,-0.0014,179.9087
11.6866,searching,0.7435,-1.7184,-1.6373,0.0000,0.0000,1.3777,179.9994,-0.0014,179.9087
11.6966,searching,0.7603,-1.7309,-1.6512,0.0000,0.0000,1.3567,179.9999,-0.0002,179.9087
11.7068,searching,0.7763,-1.7431,-1.6645,0.0000,0.0000,1.3354,179.9999,-0.0003,179.9082
11.7166,searching,0.7921,-1.7544,-1.6768,0.0000,0.0000,1.3139,179.9999,-0.0003,179.9082
11.7266,searching,0.8078,-1.7656,-1.6889,0.0000,0.0000,1.2921,-179.9993,0.0015,179.9084
11.7365,searching,0.8229,-1.7756,-1.6999,0.0000,0.0000,1.2701,-179.9991,0.0021,179.9084
11.7469,searching,0.8380,-1.7839,-1.7095,0.0000,0.0000,1.2479,-179.9991,0.0021,179.9084
11.7565,searching,0.8530,-1.7922,-1.7191,0.0000,0.0000,1.2255,-179.9999,0.0002,179.9079
11.7665,searching,0.8674,-1.8005,-1.7285,0.0000,0.0000,1.2030,179.9999,-0.0004,179.9079
11.7766,searching,0.8816,-1.8077,-1.7366,0.0000,0.0000,1.1802,179.9999,-0.0004,179.9079
11.7868,searching,0.8956,-1.8139,-1.7436,0.0000,0.0000,1.1574,-179.9993,0.0016,179.9076
11.7964,searching,0.9087,-1.8195,-1.7496,0.0000,0.0000,1.1344,-179.9999,-0.0000,179.9075
11.8066,searching,0.9211,-1.8235,-1.7542,0.0000,0.0000,1.1113,-179.9999,-0.0000,179.9075
11.8166,searching,0.9331,-1.8257,-1.7571,0.0000,0.0000,1.0881,-179.9998,0.0003,179.9070
11.8267,searching,0.9443,-1.8272,-1.7593,0.0000,0.0000,1.0650,179.9994,-0.0016,179.9077
11.8366,searching,0.9547,-1.8278,-1.7605,0.0000,0.0000,1.0417,179.9994,-0.0016,179.9077
11.8466,searching,0.9649,-1.8274,-1.7609,0.0000,0.0000,1.0185,179.9994,-0.0017,179.9078
11.8564,searching,0.9746,-1.8260,-1.7603,0.0000,0.0000,0.9953,-179.9998,-0.0000,179.9083
11.8667,searching,0.9833,-1.8240,-1.7589,0.0000,0.0000,0.9721,-179.9998,-0.0000,179.9083
11.8766,searching,0.9916,-1.8210,-1.7569,0.0000,0.0000,0.9490,-179.9998,-0.0000,179.9083
11.8865,searching,0.9996,-1.8167,-1.7539,0.0000,0.0000,0.9259,-179.9987,0.0027,179.9083
11.8966,searching,1.0067,-1.8123,-1.7504,0.0000,0.0000,0.9029,-179.9987,0.0027,179.9083
11.9067,searching,1.0133,-1.8070,-1.7459,0.0000,0.0000,0.8800,-179.9979,0.0043,179.9091
11.9165,searching,1.0195,-1.8000,-1.7400,0.0000,0.0000,0.8572,-179.9993,0.0010,179.9084
11.9266,searching,1.0252,-1.7922,-1.7333,0.0000,0.0000,0.8345,-179.9993,0.0010,179.9084
11.9364,searching,1.0300,-1.7834,-1.7255,0.0000,0.0000,0.8120,-179.9992,0.0012,179.9086
11.9467,searching,1.0344,-1.7733,-1.7169,0.0000,0.0000,0.7897,179.9996,-0.0016,179.9087
11.9566,searching,1.0384,-1.7635,-1.7084,0.0000,0.0000,0.7675,179.9996,-0.0016,179.9087
11.9666,searching,1.0416,-1.7531,-1.6993,0.0000,0.0000,0.7455,-179.9993,0.0011,179.9091
11.9764,searching,1.0445,-1.7416,-1.6892,0.0000,0.0000,0.7238,-179.9995,0.0004,179.9099
11.9870,searching,1.0467,-1.7302,-1.6792,0.0000,0.0000,0.7022,-179.9995,0.0004,179.9099
11.9966,searching,1.0478,-1.7184,-1.6685,0.0000,0.0000,0.6808,-179.9991,0.0014,179.9093
12.0064,searching,1.0486,-1.7049,-1.6566,0.0000,0.0000,0.6597,-179.9997,-0.0001,179.9092
12.0166,searching,1.0493,-1.6906,-1.6443,0.0000,0.0000,0.6388,-179.9997,-0.0001,179.9092
12.0271,searching,1.0492,-1.6759,-1.6317,0.0000,0.0000,0.6181,180.0000,-0.0008,179.9101
12.0364,searching,1.0485,-1.6608,-1.6186,0.0000,0.0000,0.5978,179.9996,-0.0018,179.9096
12.0467,searching,1.0475,-1.6455,-1.6055,0.0000,0.0000,0.5777,179.9996,-0.0018,179.9096
12.0565,searching,1.0457,-1.6298,-1.5920,0.0000,0.0000,0.5578,-179.9996,0.0002,179.9094
12.0672,searching,1.0433,-1.6134,-1.5779,0.0000,0.0000,0.5383,-179.9999,-0.0007,179.9087
12.0765,searching,1.0406,-1.5961,-1.5634,0.0000,0.0000,0.5190,-179.9999,-0.0007,179.9087
12.0866,searching,1.0373,-1.5788,-1.5490,0.0000,0.0000,0.5000,-179.9986,0.0022,179.9085
12.0965,searching,1.0338,-1.5612,-1.5346,0.0000,0.0000,0.4813,179.9998,-0.0001,179.9075
12.1070,searching,1.0301,-1.5433,-1.5200,0.0000,0.0000,0.4629,179.9998,-0.0001,179.9075
12.1166,searching,1.0261,-1.5252,-1.5054,0.0000,0.0000,0.4448,-179.9997,0.0010,179.9083
12.1265,searching,1.0215,-1.5073,-1.4908,0.0000,0.0000,0.4270,-179.9999,0.0004,179.9075
12.1367,searching,1.0167,-1.4886,-1.4758,0.0000,0.0000,0.4095,-179.9999,0.0004,179.9075
12.1468,searching,1.0113,-1.4697,-1.4606,0.0000,0.0000,0.3923,-179.9995,0.0013,179.9079
12.1564,searching,1.0051,-1.4510,-1.4453,0.0000,0.0000,0.3754,-179.9998,0.0007,179.9079
12.1668,searching,0.9990,-1.4315,-1.4296,0.0000,0.0000,0.3588,-179.9998,0.0007,179.9079
12.1767,searching,0.9930,-1.4120,-1.4140,0.0000,0.0000,0.3425,179.9996,0.0007,179.9085
12.1866,searching,0.9863,-1.3935,-1.3989,0.0000,0.0000,0.3265,179.9998,0.0009,179.9081
12.1966,searching,0.9794,-1.3738,-1.3831,0.0000,0.0000,0.3109,179.9998,0.0009,179.9081
12.2066,searching,0.9728,-1.3537,-1.3673,0.0000,0.0000,0.2955,179.9999,0.0012,179.9087
12.2165,searching,0.9653,-1.3349,-1.3523,0.0000,0.0000,0.2805,179.9998,0.0008,179.9083
12.2269,searching,0.9574,-1.3153,-1.3369,0.0000,0.0000,0.2657,179.9998,0.0008,179.9083
12.2366,searching,0.9499,-1.2952,-1.3214,0.0000,0.0000,0.2513,179.9998,0.0008,179.9083
12.2470,searching,0.9419,-1.2764,-1.3067,0.0000,0.0000,0.2372,179.9998,0.0009,179.9086
12.2569,searching,0.9333,-1.2571,-1.2915,0.0000,0.0000,0.2233,179.9998,0.0009,179.9086
12.2669,searching,0.9251,-1.2365,-1.2757,0.0000,0.0000,0.2098,179.9995,0.0001,179.9076
12.2767,searching,0.9165,-1.2161,-1.2600,0.0000,0.0000,0.1966,179.9998,0.0007,179.9080
12.2869,searching,0.9072,-1.1960,-1.2444,0.0000,0.0000,0.1837,179.9998,0.0007,179.9080
12.2968,searching,0.8980,-1.1746,-1.2283,0.0000,0.0000,0.1712,180.0000,0.0010,179.9072
12.3071,searching,0.8887,-1.1537,-1.2126,0.0000,0.0000,0.1589,-179.9995,0.0022,179.9078
12.3168,searching,0.8788,-1.1336,-1.1971,0.0000,0.0000,0.1470,-179.9995,0.0022,179.9078
12.3269,searching,0.8692,-1.1127,-1.1812,0.0000,0.0000,0.1353,-179.9998,0.0014,179.9067
12.3368,searching,0.8595,-1.0920,-1.1654,0.0000,0.0000,0.1240,180.0000,0.0009,179.9076
12.3472,searching,0.8493,-1.0720,-1.1498,0.0000,0.0000,0.1130,180.0000,0.0009,179.9076
12.3568,searching,0.8392,-1.0509,-1.1336,0.0000,0.0000,0.1024,179.9994,0.0010,179.9081
12.3667,searching,0.8290,-1.0296,-1.1173,0.0000,0.0000,0.0920,179.9997,0.0016,179.9081
12.3768,searching,0.8180,-1.0095,-1.1015,0.0000,0.0000,0.0820,179.9997,0.0016,179.9081
12.3868,searching,0.8069,-0.9886,-1.0854,0.0000,0.0000,0.0723,179.9999,0.0020,179.9075
12.3964,searching,0.7960,-0.9671,-1.0690,0.0000,0.0000,0.0629,180.0000,0.0022,179.9076
12.4066,searching,0.7845,-0.9463,-1.0529,0.0000,0.0000,0.0538,180.0000,0.0022,179.9076
12.4165,searching,0.7729,-0.9261,-1.0371,0.0000,0.0000,0.0451,179.9997,0.0015,179.9062
12.4268,searching,0.7615,-0.9055,-1.0211,0.0000,0.0000,0.0367,179.9998,0.0016,179.9068
12.4367,searching,0.7501,-0.8856,-1.0054,0.0000,0.0000,0.0286,179.9998,0.0016,179.9068
12.4466,searching,0.7384,-0.8659,-0.9897,0.0000,0.0000,0.0208,179.9994,0.0006,179.9070
12.4564,searching,0.7267,-0.8454,-0.9737,0.0000,0.0000,0.0133,179.9996,0.0012,179.9077
12.4665,searching,0.7147,-0.8251,-0.9579,0.0000,0.0000,0.0062,179.9996,0.0012,179.9077
12.4766,searching,0.7023,-0.8047,-0.9418,0.0000,0.0000,-0.0007,179.9996,0.0012,179.9077
12.4864,searching,0.6897,-0.7838,-0.9255,0.0000,0.0000,-0.0072,179.9995,0.0007,179.9088
12.4966,searching,0.6767,-0.7635,-0.9094,0.0000,0.0000,-0.0134,179.9995,0.0007,179.9088
12.5067,searching,0.6634,-0.7435,-0.8934,0.0000,0.0000,-0.0193,179.9996,0.0010,179.9085
12.5165,searching,0.6503,-0.7233,-0.8772,0.0000,0.0000,-0.0248,179.9998,0.0013,179.9082
12.5265,searching,0.6371,-0.7037,-0.8612,0.0000,0.0000,-0.0300,179.9998,0.0013,179.9082
12.5365,searching,0.6236,-0.6846,-0.8452,0.0000,0.0000,-0.0349,179.9997,0.0011,179.9078
12.5471,searching,0.6102,-0.6651,-0.8289,0.0000,0.0000,-0.0395,179.9995,0.0006,179.9069
12.5566,searching,0.5968,-0.6459,-0.8127,0.0000,0.0000,-0.0438,179.9995,0.0006,179.9069
12.5666,searching,0.5827,-0.6275,-0.7967,0.0000,0.0000,-0.0477,179.9986,-0.0002,179.9069
12.5765,searching,0.5683,-0.6090,-0.7804,0.0000,0.0000,-0.0513,179.9987,0.0002,179.9069
12.5869,searching,0.5542,-0.5900,-0.7636,0.0000,0.0000,-0.0546,179.9987,0.0002,179.9069
12.5966,searching,0.5400,-0.5719,-0.7474,0.0000,0.0000,-0.0575,179.9990,0.0006,179.9072
12.6064,searching,0.5255,-0.5540,-0.7311,0.0000,0.0000,-0.0601,179.9991,0.0009,179.9080
12.6166,searching,0.5111,-0.5361,-0.7145,0.0000,0.0000,-0.0624,179.9991,0.0009,179.9080
12.6269,searching,0.4969,-0.5187,-0.6981,0.0000,0.0000,-0.0644,179.9987,-0.0000,179.9080
12.6364,searching,0.4824,-0.5017,-0.6815,0.0000,0.0000,-0.0660,179.9990,0.0007,179.9073
12.6468,searching,0.4678,-0.4845,-0.6647,0.0000,0.0000,-0.0673,179.9990,0.0007,179.9073
12.6566,searching,0.4533,-0.4680,-0.6480,0.0000,0.0000,-0.0683,179.9989,0.0005,179.9078
12.6669,searching,0.4388,-0.4517,-0.6312,0.0000,0.0000,-0.0689,179.9989,0.0003,179.9067
12.6767,searching,0.4245,-0.4354,-0.6144,0.0000,0.0000,-0.0692,179.9989,0.0003,179.9067
12.6866,searching,0.4103,-0.4197,-0.5978,0.0000,0.0000,-0.0691,179.9988,0.0002,179.9068
12.6967,searching,0.3960,-0.4047,-0.5812,0.0000,0.0000,-0.0688,179.9991,0.0008,179.9063
12.7072,searching,0.3817,-0.3897,-0.5646,0.0000,0.0000,-0.0681,179.9991,0.0008,179.9063
12.7168,searching,0.3676,-0.3750,-0.5482,0.0000,0.0000,-0.0670,179.9990,0.0005,179.9069
12.7266,searching,0.3537,-0.3611,-0.5323,0.0000,0.0000,-0.0657,179.9990,0.0006,179.9074
12.7366,searching,0.3398,-0.3472,-0.5163,0.0000,0.0000,-0.0640,179.9990,0.0006,179.9074
12.7470,searching,0.3261,-0.3336,-0.5005,0.0000,0.0000,-0.0620,179.9991,0.0008,179.9074
12.7564,searching,0.3128,-0.3210,-0.4852,0.0000,0.0000,-0.0597,179.9998,0.0022,179.9078
12.7666,searching,0.2996,-0.3090,-0.4698,0.0000,0.0000,-0.0571,179.9998,0.0022,179.9078
12.7765,searching,0.2867,-0.2970,-0.4542,0.0000,0.0000,-0.0542,180.0000,0.0026,179.9079
12.7869,searching,0.2745,-0.2855,-0.4389,0.0000,0.0000,-0.0510,-179.9996,0.0036,179.9074
12.7966,searching,0.2623,-0.2743,-0.4236,0.0000,0.0000,-0.0474,-179.9996,0.0036,179.9074
12.8066,searching,0.2505,-0.2632,-0.4085,0.0000,0.0000,-0.0436,-179.9996,0.0036,179.9074
12.8168,searching,0.2393,-0.2526,-0.3936,0.0000,0.0000,-0.0395,-179.9998,0.0030,179.9078
12.8271,searching,0.2283,-0.2428,-0.3794,0.0000,0.0000,-0.0351,-179.9998,0.0030,179.9078
12.8368,searching,0.2172,-0.2337,-0.3658,0.0000,0.0000,-0.0304,-179.9993,0.0040,179.9073
12.8467,searching,0.2065,-0.2243,-0.3519,0.0000,0.0000,-0.0254,-179.9995,0.0036,179.9073
12.8567,searching,0.0000,-0.2152,-0.3384,0.0000,0.0000,-0.0202,-179.9995,0.0036,179.9073
12.8673,searching,0.0000,-0.2067,-0.3255,0.0000,0.0000,-0.0147,-179.9993,0.0041,179.9082
12.8764,searching,0.0000,0.0000,-0.3131,0.0000,0.0000,-0.0090,-179.9997,0.0031,179.9077
12.8866,searching,0.0000,0.0000,-0.3013,0.0000,0.0000,-0.0030,-179.9997,0.0031,179.9077
12.8966,searching,0.0000,0.0000,-0.2900,0.0000,0.0000,0.0032,-179.9993,0.0040,179.9073
12.9069,searching,0.0000,0.0000,-0.2792,0.0000,0.0000,0.0096,-179.9998,0.0030,179.9075
12.9166,searching,0.0000,0.0000,-0.2685,0.0000,0.0000,0.0163,-179.9998,0.0030,179.9075
12.9266,searching,0.0000,0.0000,-0.2582,0.0000,0.0000,0.0231,-179.9998,0.0030,179.9067
12.9364,searching,0.0000,0.0000,-0.2480,0.0000,0.0000,0.0301,180.0000,0.0026,179.9073
12.9468,searching,0.0000,0.0000,-0.2383,0.0000,0.0000,0.0374,180.0000,0.0026,179.9073
12.9566,searching,0.0000,0.0000,-0.2292,0.0000,0.0000,0.0448,-179.9999,0.0027,179.9075
12.9665,searching,0.0000,0.0000,-0.2202,0.0000,0.0000,0.0524,179.9998,0.0020,179.9073
12.9766,searching,0.0000,0.0000,-0.2113,0.0000,0.0000,0.0601,179.9998,0.0020,179.9073
12.9869,searching,0.0000,0.0000,-0.2027,0.0000,0.0000,0.0681,179.9994,0.0012,179.9072
12.9968,searching,0.0000,0.0000,0.0000,0.0000,0.0000,0.0801,179.9989,-0.0000,179.9072
13.0069,searching,0.0000,0.0000,0.0000,0.0000,0.0000,0.0921,179.9989,-0.0000,179.9072
13.0165,searching,0.0000,0.0000,0.0000,0.0000,0.0000,0.1041,179.9993,0.0010,179.9071
13.0269,searching,0.0000,0.0000,0.0000,0.0000,0.0000,0.1161,179.9991,0.0005,179.9083
13.0366,searching,0.0000,0.0000,0.0000,0.0000,0.0000,0.1281,179.9991,0.0005,179.9083
13.0466,searching,0.0000,0.0000,0.0000,0.0000,0.0000,0.1401,179.9993,0.0008,179.9081
13.0564,searching,0.0000,0.0000,0.0000,0.0000,0.0000,0.1521,179.9985,-0.0008,179.9080
13.0666,searching,0.0000,0.0000,0.0000,0.0000,0.0000,0.1641,179.9985,-0.0008,179.9080
13.0766,searching,0.0000,0.0000,0.0000,0.0000,0.0000,0.1761,179.9987,-0.0004,179.9084
13.0864,searching,0.0000,0.0000,0.0000,0.0000,0.0000,0.1881,179.9990,0.0003,179.9085
13.0966,searching,0.0000,0.0000,0.0000,0.0000,0.0000,0.2001,179.9990,0.0003,179.9085
13.1072,searching,0.0000,0.0000,0.0000,0.0000,0.0000,0.2121,179.9993,0.0010,179.9083
13.1164,searching,0.0000,0.0000,0.0000,0.0000,0.0000,0.2241,179.9993,0.0010,179.9083
13.1266,searching,0.0000,0.0000,0.0000,0.0000,0.0000,0.2361,179.9993,0.0010,179.9083
13.1365,searching,0.0000,0.0000,0.0000,0.0000,0.0000,0.2481,179.9996,0.0017,179.9083
13.1466,searching,0.0000,0.0000,0.0000,0.0000,0.0000,0.2601,179.9996,0.0017,179.9083
13.1566,searching,0.0000,0.0000,0.0000,0.0000,0.0000,0.2721,179.9994,0.0011,179.9075
13.1666,searching,0.0000,0.0000,0.0000,0.0000,0.0000,0.2841,179.9995,0.0015,179.9079
13.1765,searching,0.0000,0.0000,0.0000,0.0000,0.0000,0.2961,179.9999,0.0023,179.9077
13.1873,searching,0.0000,0.0000,0.0000,0.0000,0.0000,0.3081,179.9999,0.0023,179.9077
13.1966,searching,0.0000,0.0000,0.0000,0.0000,0.0000,0.3201,179.9989,0.0002,179.9077
13.2064,searching,0.0000,0.0000,0.0000,0.0000,0.0000,0.3321,179.9992,0.0009,179.9082
13.2166,searching,0.0000,0.0000,0.0000,0.0000,0.0000,0.3441,179.9992,0.0009,179.9082
13.2270,searching,0.0000,0.0000,0.0000,0.0000,0.0000,0.3561,179.9987,-0.0003,179.9078
13.2364,searching,0.0000,0.0000,0.0000,0.0000,0.0000,0.3681,179.9991,0.0006,179.9079
13.2466,searching,0.0000,0.0000,0.0000,0.0000,0.0000,0.3801,179.9991,0.0006,179.9079
13.2567,searching,0.0000,0.0000,0.0000,0.0000,0.0000,0.3921,179.9990,0.0006,179.9079
13.2666,searching,0.0000,0.0000,0.0000,0.0000,0.0000,0.4041,179.9993,0.0011,179.9081
13.2766,searching,0.0000,0.0000,0.0000,0.0000,0.0000,0.4161,179.9993,0.0011,179.9081
13.2866,searching,0.0000,0.0000,0.0000,0.0000,0.0000,0.4281,179.9998,0.0023,179.9088
13.2965,searching,0.0000,0.0000,0.0000,0.0000,0.0000,0.4401,179.9997,0.0022,179.9083
13.3068,searching,0.0000,0.0000,0.0000,0.0000,0.0000,0.4521,179.9997,0.0022,179.9083
13.3166,searching,0.0000,0.0000,0.0000,0.0000,0.0000,0.4641,179.9985,-0.0006,179.9094
13.3266,searching,0.0000,0.0000,0.0000,0.0000,0.0000,0.4761,179.9997,0.0021,179.9090
13.3366,searching,0.0000,0.0000,0.0000,0.0000,0.0000,0.4881,179.9997,0.0021,179.9090
13.3467,searching,0.0000,0.0000,0.0000,0.0000,0.0000,0.5001,179.9997,0.0021,179.9090
13.3565,searching,0.0000,0.0000,0.0000,0.0000,0.0000,0.5121,179.9993,0.0014,179.9089
13.3667,searching,0.0000,0.0000,0.0000,0.0000,0.0000,0.5241,179.9993,0.0014,179.9089
13.3765,searching,0.0000,0.0000,0.0000,0.0000,0.0000,0.5361,179.9999,0.0027,179.9089
13.3865,searching,0.0000,0.0000,0.0000,0.0000,0.0000,0.5481,-179.9998,0.0034,179.9095
13.3966,searching,0.0000,0.0000,0.0000,0.0000,0.0000,0.5601,-179.9998,0.0034,179.9095
13.4067,searching,0.0000,0.0000,0.0000,0.0000,0.0000,0.5721,179.9996,0.0021,179.9095
13.4164,searching,0.0000,0.0000,0.0000,0.0000,0.0000,0.5841,179.9982,-0.0009,179.9094
13.4272,searching,0.0000,0.0000,0.0000,0.0000,0.0000,0.5961,179.9982,-0.0009,179.9094
13.4366,searching,0.0000,0.0000,0.0000,0.0000,0.0000,0.6081,179.9984,-0.0006,179.9085
13.4466,searching,0.0000,0.0000,0.0000,0.0000,0.0000,0.6201,179.9981,-0.0011,179.9077
13.4566,searching,0.0000,0.0000,0.0000,0.0000,0.0000,0.6321,179.9981,-0.0011,179.9077
13.4669,searching,0.0000,0.0000,0.0000,0.0000,0.0000,0.6441,179.9990,0.0009,179.9077
13.4764,searching,0.0000,0.0000,0.0000,0.0000,0.0000,0.6561,179.9993,0.0017,179.9079
13.4866,searching,0.0000,0.0000,0.0000,0.0000,0.0000,0.6681,179.9993,0.0017,179.9079
13.4966,searching,0.0000,0.0000,0.0000,0.0000,0.0000,0.6801,179.9986,0.0001,179.9073
13.5067,searching,0.0000,0.0000,0.0000,0.0000,0.0000,0.6921,179.9990,0.0010,179.9075
13.5166,searching,0.0000,0.0000,0.0000,0.0000,0.0000,0.7041,179.9990,0.0010,179.9075
13.5271,searching,0.0000,0.0000,0.0000,0.0000,0.0000,0.7161,179.9985,-0.0000,179.9075
13.5365,searching,0.0000,0.0000,0.0000,0.0000,0.0000,0.7281,179.9984,-0.0003,179.9068
13.5471,searching,0.0000,0.0000,0.0000,0.0000,0.0000,0.7401,179.9984,-0.0003,179.9068
13.5565,searching,0.0000,0.0000,0.0000,0.0000,0.0000,0.7521,179.9994,0.0020,179.9068
13.5664,searching,0.0000,0.0000,0.0000,0.0000,0.0000,0.7641,179.9984,-0.0001,179.9065
13.5764,searching,0.0000,0.0000,0.0000,0.0000,0.0000,0.7761,179.9984,-0.0001,179.9065
13.5867,searching,0.0000,0.0000,0.0000,0.0000,0.0000,0.7881,179.9992,0.0004,179.9072
13.5964,searching,0.0000,0.0000,0.0000,0.0000,0.0000,0.8001,179.9997,0.0015,179.9064
13.6066,searching,0.0000,0.0000,0.0000,0.0000,0.0000,0.8121,179.9997,0.0015,179.9064
13.6167,searching,0.0000,0.0000,0.0000,0.0000,0.0000,0.8241,179.9986,-0.0009,179.9059
13.6266,searching,0.0000,0.0000,0.0000,0.0000,0.0000,0.8361,179.9997,0.0017,179.9061
13.6366,searching,0.0000,0.0000,0.0000,0.0000,0.0000,0.8481,179.9997,0.0017,179.9061
13.6466,searching,0.0000,0.0000,0.0000,0.0000,0.0000,0.8601,179.9994,0.0010,179.9064
13.6565,searching,0.0000,0.0000,0.0000,0.0000,0.0000,0.8721,179.9993,0.0008,179.9060
13.6668,searching,0.0000,0.0000,0.0000,0.0000,0.0000,0.8841,179.9993,0.0008,179.9060
13.6765,searching,0.0000,0.0000,0.0000,0.0000,0.0000,0.8961,179.9993,0.0008,179.9060
13.6865,searching,0.0000,0.0000,0.0000,0.0000,0.0000,0.9081,-179.9999,0.0026,179.9068
13.6966,searching,0.0000,0.0000,0.0000,0.0000,0.0000,0.9201,-179.9999,0.0026,179.9068
13.7069,searching,0.0000,0.0000,0.0000,0.0000,0.0000,0.9321,179.9995,0.0015,179.9070
13.7165,searching,0.0000,0.0000,0.0000,0.0000,0.0000,0.9441,179.9996,0.0018,179.9086
13.7269,searching,0.0000,0.0000,0.0000,0.0000,0.0000,0.9561,179.9996,0.0018,179.9086
13.7366,searching,0.0000,0.0000,0.0000,0.0000,0.0000,0.9681,179.9987,-0.0002,179.9089
13.7467,searching,0.0000,0.0000,0.0000,0.0000,0.0000,0.9801,179.9995,0.0015,179.9092
13.7566,searching,0.0000,0.0000,0.0000,0.0000,0.0000,0.9921,179.9995,0.0015,179.9092
13.7666,searching,0.0000,0.0000,0.0000,0.0000,0.0000,1.0041,179.9991,0.0006,179.9101
13.7764,searching,0.0000,0.0000,0.0000,0.0000,0.0000,1.0161,179.9995,0.0002,179.9096
13.7868,searching,0.0000,0.0000,0.0000,0.0000,0.0000,1.0281,179.9995,0.0002,179.9096
13.7965,searching,0.0000,0.0000,0.0000,0.0000,0.0000,1.0401,179.9997,0.0008,179.9093
13.8065,searching,0.0000,0.0000,0.0000,0.0000,0.0000,1.0521,179.9996,0.0007,179.9101
13.8165,searching,0.0000,0.0000,0.0000,0.0000,0.0000,1.0641,179.9996,0.0007,179.9101
13.8271,searching,0.0000,0.0000,0.0000,0.0000,0.0000,1.0761,179.9995,0.0005,179.9096
13.8364,searching,0.0000,0.0000,0.0000,0.0000,0.0000,1.0881,-179.9999,0.0020,179.9097
13.8465,searching,0.0000,0.0000,0.0000,0.0000,0.0000,1.1001,-179.9999,0.0020,179.9097
13.8565,searching,0.0000,0.0000,0.0000,0.0000,0.0000,1.1121,179.9999,0.0014,179.9099
13.8670,searching,0.0000,0.0000,0.0000,0.0000,0.0000,1.1241,179.9999,0.0016,179.9104
13.8765,searching,0.0000,0.0000,0.0000,0.0000,0.0000,1.1361,179.9999,0.0016,179.9104
13.8865,searching,0.0000,0.0000,0.0000,0.0000,0.0000,1.1481,179.9994,0.0004,179.9092
13.8965,searching,0.0000,0.0000,0.0000,0.0000,0.0000,1.1601,179.9993,0.0002,179.9093
13.9068,searching,0.0000,0.0000,0.0000,0.0000,0.0000,1.1721,179.9993,0.0002,179.9093
13.9166,searching,0.0000,0.0000,0.0000,0.0000,0.0000,1.1841,179.9987,-0.0009,179.9096
13.9264,searching,0.0000,0.0000,0.0000,0.0000,0.0000,1.1961,179.9992,0.0002,179.9088
13.9368,searching,0.0000,0.0000,0.0000,0.0000,0.0000,1.2081,179.9992,0.0002,179.9088
13.9469,searching,0.0000,0.0000,0.0000,0.0000,0.0000,1.2201,179.9992,0.0002,179.9088
13.9564,searching,0.0000,0.0000,0.0000,0.0000,0.0000,1.2321,179.9994,0.0007,179.9088
13.9667,searching,0.0000,0.0000,0.0000,0.0000,0.0000,1.2441,179.9994,0.0007,179.9088
13.9767,searching,0.0000,0.0000,0.0000,0.0000,0.0000,1.2561,179.9994,0.0008,179.9089
13.9868,searching,0.0000,0.0000,0.0000,0.0000,0.0000,1.2681,179.9995,0.0010,179.9098
13.9966,searching,0.0000,0.0000,0.0000,0.0000,0.0000,1.2801,179.9995,0.0010,179.9098
14.0067,searching,0.0000,0.0000,0.0000,0.0000,0.0000,1.2921,179.9992,0.0004,179.9104
14.0164,searching,0.0000,0.0000,0.0000,0.0000,0.0000,1.3041,179.9990,-0.0001,179.9098
14.0270,searching,0.0000,0.0000,0.0000,0.0000,0.0000,1.3161,179.9990,-0.0001,179.9098
14.0366,searching,0.0000,0.0000,0.0000,0.0000,0.0000,1.3281,179.9997,0.0002,179.9095
14.0465,searching,0.0000,0.0000,0.0000,0.0000,0.0000,1.3401,179.9993,-0.0006,179.9096
14.0568,searching,0.0000,0.0000,0.0000,0.0000,0.0000,1.3521,179.9993,-0.0006,179.9096
14.0668,searching,0.0000,0.0000,0.0000,0.0000,0.0000,1.3641,179.9994,-0.0002,179.9098
14.0764,searching,0.0000,0.0000,0.0000,0.0000,0.0000,1.3761,-179.9999,0.0014,179.9098
14.0867,searching,0.0000,0.0000,0.0000,0.0000,0.0000,1.3881,-179.9999,0.0014,179.9098
14.0966,searching,0.0000,0.0000,0.0000,0.0000,0.0000,1.4001,180.0000,0.0011,179.9107
14.1068,searching,0.0000,0.0000,0.0000,0.0000,0.0000,1.4121,179.9998,0.0008,179.9106
14.1168,searching,0.0000,0.0000,0.0000,0.0000,0.0000,1.4241,179.9998,0.0008,179.9106
14.1266,searching,0.0000,0.0000,0.0000,0.0000,0.0000,1.4361,179.9997,0.0005,179.9110
14.1364,searching,0.0000,0.0000,0.0000,0.0000,0.0000,1.4481,179.9995,0.0001,179.9096
14.1472,searching,0.0000,0.0000,0.0000,0.0000,0.0000,1.4601,179.9995,0.0001,179.9096
14.1565,searching,0.0000,0.0000,0.0000,0.0000,0.0000,1.4721,-179.9999,0.0016,179.9095
14.1664,searching,0.0000,0.0000,0.0000,0.0000,0.0000,1.4841,-179.9999,0.0016,179.9085
14.1766,searching,0.0000,0.0000,0.0000,0.0000,0.0000,1.4961,-179.9999,0.0016,179.9085
14.1869,searching,0.0000,0.0000,0.0000,0.0000,0.0000,1.5081,180.0000,0.0014,179.9084
14.1965,searching,0.0000,0.0000,0.0000,0.0000,0.0000,1.5201,179.9999,0.0011,179.9084
14.2066,searching,0.0000,0.0000,0.0000,0.0000,0.0000,1.5321,179.9999,0.0011,179.9084
14.2166,searching,0.0000,0.0000,0.0000,0.0000,0.0000,1.5441,180.0000,0.0014,179.9094
14.2272,searching,0.0000,0.0000,0.0000,0.0000,0.0000,1.5561,180.0000,0.0016,179.9100
14.2366,searching,0.0000,0.0000,0.0000,0.0000,0.0000,1.5681,180.0000,0.0016,179.9100
14.2466,searching,0.0000,0.0000,0.0000,0.0000,0.0000,1.5801,180.0000,0.0016,179.9100
14.2565,searching,0.0000,0.0000,0.0000,0.0000,0.0000,1.5921,-179.9995,0.0026,179.9096
14.2667,searching,0.0000,0.0000,0.0000,0.0000,0.0000,1.6041,-179.9995,0.0026,179.9096
14.2766,searching,0.0000,0.0000,0.0000,0.0000,0.0000,1.6161,-179.9994,0.0030,179.9093
14.2865,searching,0.0000,0.0000,0.0000,0.0000,0.0000,1.6281,180.0000,0.0017,179.9090
14.2966,searching,0.0000,0.0000,0.0000,0.0000,0.0000,1.6401,180.0000,0.0017,179.9090
14.3068,searching,0.0000,0.0000,0.0000,0.0000,0.0000,1.6521,179.9996,0.0008,179.9093
14.3165,searching,0.0000,0.0000,0.0000,0.0000,0.0000,1.6641,179.9996,0.0008,179.9100
14.3266,searching,0.0000,0.0000,0.0000,0.0000,0.0000,1.6761,179.9996,0.0008,179.9100
14.3366,searching,0.0000,0.0000,0.0000,0.0000,0.0000,1.6881,179.9995,0.0007,179.9111
14.3468,searching,0.0000,0.0000,0.0000,0.0000,0.0000,1.7001,179.9999,0.0015,179.9111
14.3565,searching,0.0000,0.0000,0.0000,0.0000,0.0000,1.7121,179.9999,0.0015,179.9111
14.3668,searching,0.0000,0.0000,0.0000,0.0000,0.0000,1.7241,-179.9999,0.0020,179.9107
14.3767,searching,0.0000,0.0000,0.0000,0.0000,0.0000,1.7361,-179.9997,0.0026,179.9091
14.3871,searching,0.0000,0.0000,0.0000,0.0000,0.0000,1.7481,-179.9997,0.0026,179.9091
14.3967,searching,0.0000,0.0000,0.0000,0.0000,0.0000,1.7601,-179.9997,0.0026,179.9093
14.4068,searching,0.0000,0.0000,0.0000,0.0000,0.0000,1.7721,-179.9996,0.0027,179.9087
14.4169,searching,0.0000,0.0000,0.0000,0.0000,0.0000,1.7841,-179.9996,0.0027,179.9087
14.4268,searching,0.0000,0.0000,0.0000,0.0000,0.0000,1.7961,179.9996,0.0010,179.9096
14.4365,searching,0.0000,0.0000,0.0000,0.0000,0.0000,1.8081,179.9991,-0.0000,179.9107
14.4466,searching,0.0000,0.0000,0.0000,0.0000,0.0000,1.8201,179.9991,-0.0000,179.9107
14.4566,searching,0.0000,0.0000,0.0000,0.0000,0.0000,1.8321,179.9991,-0.0000,179.9107
14.4668,searching,0.0000,0.0000,0.0000,0.0000,0.0000,1.8441,179.9993,0.0005,179.9102
14.4766,searching,0.0000,0.0000,0.0000,0.0000,0.0000,1.8561,179.9993,0.0005,179.9102
14.4864,searching,0.0000,0.0000,0.0000,0.0000,0.0000,1.8681,179.9993,0.0005,179.9102
14.4964,searching,0.0000,0.0000,0.0000,0.0000,0.0000,1.8801,179.9991,0.0001,179.9091
14.5068,searching,0.0000,0.0000,0.0000,0.0000,0.0000,1.8921,179.9991,0.0001,179.9091
14.5165,searching,0.0000,0.0000,0.0000,0.0000,0.0000,1.9041,179.9990,-0.0004,179.9095
14.5265,searching,0.0000,0.0000,0.0000,0.0000,0.0000,1.9161,179.9990,-0.0004,179.9095
14.5366,searching,0.0000,0.0000,0.0000,0.0000,0.0000,1.9281,179.9990,-0.0004,179.9095
14.5471,searching,0.0000,0.0000,0.0000,0.0000,0.0000,1.9401,179.9992,0.0001,179.9092
14.5564,searching,0.0000,0.0000,0.0000,0.0000,0.0000,1.9521,179.9991,-0.0000,179.9085
14.5665,searching,0.0000,0.0000,0.0000,0.0000,0.0000,1.9641,179.9991,-0.0000,179.9085
14.5764,searching,0.0000,0.0000,0.0000,0.0000,0.0000,1.9761,179.9989,-0.0005,179.9089
14.5865,searching,0.0000,0.0000,0.0000,0.0000,0.0000,1.9881,179.9985,-0.0015,179.9093
14.5966,searching,0.0000,0.0000,0.0000,0.0000,0.0000,2.0001,179.9985,-0.0015,179.9093
14.6066,searching,0.0000,0.0000,0.0000,0.0000,0.0000,2.0121,179.9985,-0.0014,179.9088
14.6164,searching,0.0000,0.0000,0.0000,0.0000,0.0000,2.0241,179.9988,-0.0008,179.9097
14.6269,searching,0.0000,0.0000,0.0000,0.0000,0.0000,2.0361,179.9988,-0.0008,179.9097
14.6366,searching,0.0000,0.0000,0.0000,0.0000,0.0000,2.0481,179.9996,0.0011,179.9091
14.6464,searching,0.0000,0.0000,0.0000,0.0000,0.0000,2.0601,179.9997,0.0014,179.9100
14.6567,searching,0.0000,0.0000,0.0000,0.0000,0.0000,2.0721,179.9997,0.0014,179.9100
14.6668,searching,0.0000,0.0000,0.0000,0.0000,0.0000,2.0841,-179.9999,0.0023,179.9104
14.6764,searching,0.0000,0.0000,0.0000,0.0000,0.0000,2.0961,179.9991,-0.0000,179.9105
14.6866,searching,0.0000,0.0000,0.0000,0.0000,0.0000,2.1081,179.9991,-0.0000,179.9105
14.6966,searching,0.0000,0.0000,0.0000,0.0000,0.0000,2.1201,179.9996,0.0011,179.9108
14.7067,searching,0.0000,0.0000,0.0000,0.0000,0.0000,2.1321,179.9990,-0.0003,179.9103
14.7165,searching,0.0000,0.0000,0.0000,0.0000,0.0000,2.1441,179.9990,-0.0003,179.9103
14.7267,searching,0.0000,0.0000,0.0000,0.0000,0.0000,2.1561,179.9992,0.0003,179.9089
14.7365,searching,0.0000,0.0000,0.0000,0.0000,0.0000,2.1681,179.9986,-0.0013,179.9095
14.7469,searching,0.0000,0.0000,0.0000,0.0000,0.0000,2.1801,179.9986,-0.0013,179.9095
14.7566,searching,0.0000,0.0000,0.0000,0.0000,0.0000,2.1921,179.9986,-0.0013,179.9095
14.7665,searching,0.0000,0.0000,0.0000,0.0000,0.0000,2.2041,-179.9999,0.0023,179.9094
14.7765,searching,0.0000,0.0000,0.0000,0.0000,0.0000,2.2161,-179.9999,0.0023,179.9094
14.7869,searching,0.0000,0.0000,0.0000,0.0000,0.0000,2.2281,179.9997,0.0012,179.9095
14.7966,searching,0.0000,0.0000,0.0000,0.0000,0.0000,2.2401,179.9991,-0.0002,179.9097
14.8066,searching,0.0000,0.0000,0.0000,0.0000,0.0000,2.2521,179.9991,-0.0002,179.9097
14.8166,searching,0.0000,0.0000,0.0000,0.0000,0.0000,2.2641,179.9991,-0.0002,179.9097
14.8272,searching,0.0000,0.0000,0.0000,0.0000,0.0000,2.2761,179.9991,-0.0002,179.9086
14.8366,searching,0.0000,0.0000,0.0000,0.0000,0.0000,2.2881,179.9991,-0.0002,179.9086
14.8466,searching,0.0000,0.0000,0.0000,0.0000,0.0000,2.3001,179.9992,-0.0000,179.9087
14.8564,searching,0.0000,0.0000,0.0000,0.0000,0.0000,2.3121,179.9998,0.0014,179.9087
14.8667,searching,0.0000,0.0000,0.0000,0.0000,0.0000,2.3241,179.9998,0.0014,179.9087
14.8765,searching,0.0000,0.0000,0.0000,0.0000,0.0000,2.3361,179.9992,-0.0000,179.9087
14.8868,searching,0.0000,0.0000,0.0000,0.0000,0.0000,2.3481,179.9992,-0.0000,179.9089
14.8970,searching,0.0000,0.0000,0.0000,0.0000,0.0000,2.3601,179.9992,-0.0000,179.9089
14.9069,searching,0.0000,0.0000,0.0000,0.0000,0.0000,2.3721,179.9987,-0.0012,179.9084
14.9165,searching,0.0000,0.0000,0.0000,0.0000,0.0000,2.3841,179.9998,0.0013,179.9079
14.9266,searching,0.0000,0.0000,0.0000,0.0000,0.0000,2.3961,179.9998,0.0013,179.9079
14.9366,searching,0.0000,0.0000,0.0000,0.0000,0.0000,2.4081,179.9998,0.0013,179.9079
14.9472,searching,0.0000,0.0000,0.0000,0.0000,0.0000,2.4201,-179.9988,0.0045,179.9072
14.9566,searching,0.0000,0.0000,0.0000,0.0000,0.0000,2.4321,-179.9988,0.0045,179.9072
14.9666,searching,0.0000,0.0000,0.0000,0.0000,0.0000,2.4441,-179.9994,0.0030,179.9068
14.9765,searching,0.0000,0.0000,0.0000,0.0000,0.0000,2.4561,-179.9999,0.0018,179.9066
14.9870,searching,0.0000,0.0000,0.0000,0.0000,0.0000,2.4681,-179.9999,0.0018,179.9066
14.9966,searching,0.0000,0.0000,0.0000,0.0000,0.0000,2.4801,179.9998,0.0012,179.9079
15.0064,searching,0.0000,0.0000,0.0000,0.0000,0.0000,2.4921,179.9993,-0.0000,179.9088
15.0165,searching,0.0000,0.0000,0.0000,0.0000,0.0000,2.5041,179.9993,-0.0000,179.9088
15.0270,searching,0.0000,0.0000,0.0000,0.0000,0.0000,2.5161,-179.9987,0.0046,179.9090
15.0364,searching,0.0000,0.0000,0.0000,0.0000,0.0000,2.5281,-179.9996,0.0023,179.9079
15.0467,searching,0.0000,0.0000,0.0000,0.0000,0.0000,2.5401,-179.9996,0.0023,179.9079
15.0566,searching,0.0000,0.0000,0.0000,0.0000,0.0000,2.5521,-179.9996,0.0024,179.9088
15.0667,searching,0.0000,0.0000,0.0000,0.0000,0.0000,2.5641,180.0000,0.0013,179.9086
15.0766,searching,0.0000,0.0000,0.0000,0.0000,0.0000,2.5761,180.0000,0.0013,179.9086
15.0866,searching,0.0000,0.0000,0.0000,0.0000,0.0000,2.5881,179.9995,0.0002,179.9086
15.0965,searching,0.0000,0.0000,0.0000,0.0000,0.0000,2.6001,-179.9998,0.0017,179.9082
15.1069,searching,0.0000,0.0000,0.0000,0.0000,0.0000,2.6121,-179.9998,0.0017,179.9082
15.1166,searching,0.0000,0.0000,0.0000,0.0000,0.0000,2.6241,-179.9987,0.0043,179.9096
15.1265,searching,0.0000,0.0000,0.0000,0.0000,0.0000,2.6361,-179.9987,0.0043,179.9096
15.1366,searching,0.0000,0.0000,0.0000,0.0000,0.0000,2.6481,-179.9987,0.0043,179.9096
15.1468,searching,0.0000,0.0000,0.0000,0.0000,0.0000,2.6601,-179.9994,0.0025,179.9090
15.1565,searching,0.0000,0.0000,0.0000,0.0000,0.0000,2.6721,-179.9991,0.0032,179.9092
15.1670,searching,0.0000,0.0000,0.0000,0.0000,0.0000,2.6841,-179.9991,0.0032,179.9092
15.1769,searching,0.0000,0.0000,0.0000,0.0000,0.0000,2.6961,-179.9998,0.0014,179.9083
15.1872,searching,0.0000,0.0000,0.0000,0.0000,0.0000,2.7081,179.9998,0.0006,179.9085
15.1967,searching,0.0000,0.0000,0.0000,0.0000,0.0000,2.7201,179.9998,0.0006,179.9085
15.2066,searching,0.0000,0.0000,0.0000,0.0000,0.0000,2.7321,179.9995,-0.0001,179.9077
15.2164,searching,0.0000,0.0000,0.0000,0.0000,0.0000,2.7441,179.9991,-0.0011,179.9090
15.2270,searching,0.0000,0.0000,0.0000,0.0000,0.0000,2.7561,179.9991,-0.0011,179.9090
15.2365,searching,0.0000,0.0000,0.0000,0.0000,0.0000,2.7681,179.9997,0.0001,179.9097
15.2464,searching,0.0000,0.0000,0.0000,0.0000,0.0000,2.7801,-179.9994,0.0022,179.9082
15.2565,searching,0.0000,0.0000,0.0000,0.0000,0.0000,2.7921,-179.9994,0.0022,179.9082
15.2676,searching,0.0000,0.0000,0.0000,0.0000,0.0000,2.8041,179.9998,0.0004,179.9082
15.2764,searching,0.0000,0.0000,0.0000,0.0000,0.0000,2.8161,179.9990,-0.0017,179.9086
15.2865,searching,0.0000,0.0000,0.0000,0.0000,0.0000,2.8281,179.9990,-0.0017,179.9086
15.2965,searching,0.0000,0.0000,0.0000,0.0000,0.0000,2.8401,179.9986,-0.0026,179.9091
15.3076,searching,0.0000,0.0000,0.0000,0.0000,0.0000,2.8521,-179.9997,0.0013,179.9095
15.3169,searching,0.0000,0.0000,0.0000,0.0000,0.0000,2.8641,-179.9997,0.0013,179.9095
15.3266,searching,0.0000,0.0000,0.0000,0.0000,0.0000,2.8761,-179.9999,0.0009,179.9091
15.3366,searching,0.0000,0.0000,0.0000,0.0000,0.0000,2.8881,-179.9999,0.0009,179.9091
15.3472,searching,0.0000,0.0000,0.0000,0.0000,0.0000,2.9001,-179.9999,0.0009,179.9091
15.3568,searching,0.0000,0.0000,0.0000,0.0000,0.0000,2.9121,-179.9988,0.0032,179.9088
15.3665,searching,0.0000,0.0000,0.0000,0.0000,0.0000,2.9241,-179.9991,0.0025,179.9084
15.3766,searching,0.0000,0.0000,0.0000,0.0000,0.0000,2.9361,-179.9991,0.0025,179.9084
15.3867,searching,0.0000,0.0000,0.0000,0.0000,0.0000,2.9481,179.9999,-0.0000,179.9075
15.3965,searching,0.0000,0.0000,0.0000,0.0000,0.0000,2.9601,-179.9998,0.0007,179.9072
15.4066,searching,0.0000,0.0000,0.0000,0.0000,0.0000,2.9721,-179.9998,0.0007,179.9072
15.4168,searching,0.0000,0.0000,0.0000,0.0000,0.0000,2.9841,-179.9999,0.0006,179.9080
15.4270,searching,0.0000,0.0000,0.0000,0.0000,0.0000,2.9961,-179.9996,0.0011,179.9084
15.4369,searching,0.0000,0.0000,0.0000,0.0000,0.0000,3.0081,-179.9996,0.0011,179.9084
15.4466,searching,0.0000,0.0000,0.0000,0.0000,0.0000,3.0201,-179.9984,0.0037,179.9086
15.4564,searching,0.0000,0.0000,0.0000,0.0000,0.0000,3.0321,-179.9991,0.0020,179.9079
15.4671,searching,0.0000,0.0000,0.0000,0.0000,0.0000,3.0441,-179.9991,0.0020,179.9079
15.4765,searching,0.0000,0.0000,0.0000,0.0000,0.0000,3.0561,-179.9997,0.0007,179.9077
15.4866,searching,0.0000,0.0000,0.0000,0.0000,0.0000,3.0681,179.9998,-0.0004,179.9070
15.4966,searching,0.0000,0.0000,0.0000,0.0000,0.0000,3.0801,179.9998,-0.0004,179.9070
15.5067,searching,0.0000,0.0000,0.0000,0.0000,0.0000,3.0921,179.9991,-0.0022,179.9067
15.5164,searching,0.0000,0.0000,0.0000,0.0000,0.0000,3.1041,179.9999,-0.0005,179.9072
15.5266,searching,0.0000,0.0000,0.0000,0.0000,0.0000,3.1161,179.9999,-0.0005,179.9072
15.5365,searching,0.0000,0.0000,0.0000,0.0000,0.0000,3.1281,-179.9994,0.0012,179.9075
15.5466,searching,0.0000,0.0000,0.0000,0.0000,0.0000,3.1401,-179.9991,0.0019,179.9083
15.5566,searching,0.0000,0.0000,0.0000,0.0000,0.0000,3.1521,-179.9991,0.0019,179.9083
15.5665,searching,0.0000,0.0000,0.0000,0.0000,0.0000,3.1641,-179.9990,0.0020,179.9086
15.5764,searching,0.0000,0.0000,0.0000,0.0000,0.0000,3.1761,-179.9995,0.0008,179.9077
15.5866,searching,0.0000,0.0000,0.0000,0.0000,0.0000,3.1881,-179.9995,0.0008,179.9077
15.5965,searching,0.0000,0.0000,0.0000,0.0000,0.0000,3.2001,179.9999,-0.0007,179.9070
15.6064,searching,0.0000,0.0000,0.0000,0.0000,0.0000,3.2121,-179.9996,0.0004,179.9080
15.6165,searching,0.0000,0.0000,0.0000,0.0000,0.0000,3.2241,-179.9996,0.0004,179.9080
15.6266,searching,0.0000,0.0000,0.0000,0.0000,0.0000,3.2361,-179.9996,0.0004,179.9085
15.6365,searching,0.0000,0.0000,0.0000,0.0000,0.0000,3.2481,-179.9991,0.0014,179.9098
15.6465,searching,0.0000,0.0000,0.0000,0.0000,0.0000,3.2601,-179.9991,0.0014,179.9098
15.6564,searching,0.0000,0.0000,0.0000,0.0000,0.0000,3.2721,-179.9993,0.0011,179.9097
15.6668,searching,0.0000,0.0000,0.0000,0.0000,0.0000,3.2841,179.9999,-0.0008,179.9090
15.6765,searching,0.0000,0.0000,0.0000,0.0000,0.0000,3.2961,179.9999,-0.0008,179.9090
15.6865,searching,0.0000,0.0000,0.0000,0.0000,0.0000,3.3081,179.9992,-0.0011,179.9082
15.6965,searching,0.0000,0.0000,0.0000,0.0000,0.0000,3.3201,179.9992,-0.0012,179.9079
15.7069,searching,0.0000,0.0000,0.0000,0.0000,0.0000,3.3321,179.9992,-0.0012,179.9079
15.7165,searching,0.0000,0.0000,0.0000,0.0000,0.0000,3.3441,179.9992,-0.0012,179.9079
15.7265,searching,0.0000,0.0000,0.0000,0.0000,0.0000,3.3561,179.9995,-0.0006,179.9073
15.7365,searching,0.0000,0.0000,0.0000,0.0000,0.0000,3.3681,179.9995,-0.0006,179.9073
15.7470,searching,0.0000,0.0000,0.0000,0.0000,0.0000,3.3801,180.0000,0.0006,179.9079
15.7564,searching,0.0000,0.0000,0.0000,0.0000,0.0000,3.3921,-179.9994,0.0018,179.9080
15.7664,searching,0.0000,0.0000,0.0000,0.0000,0.0000,3.4041,-179.9994,0.0018,179.9080
15.7764,searching,0.0000,0.0000,0.0000,0.0000,0.0000,3.4161,-179.9990,0.0028,179.9087
15.7866,searching,0.0000,0.0000,0.0000,0.0000,0.0000,3.4281,179.9998,0.0015,179.9072
15.7965,searching,0.0000,0.0000,0.0000,0.0000,0.0000,3.4401,179.9998,0.0015,179.9072
15.8066,searching,0.0000,0.0000,0.0000,0.0000,0.0000,3.4521,179.9995,0.0006,179.9077
15.8165,searching,0.0000,0.0000,0.0000,0.0000,0.0000,3.4641,179.9999,0.0015,179.9067
15.8267,searching,0.0000,0.0000,0.0000,0.0000,0.0000,3.4761,179.9999,0.0015,179.9067
15.8365,searching,0.0000,0.0000,0.0000,0.0000,0.0000,3.4881,179.9999,0.0015,179.9078
15.8465,searching,0.0000,0.0000,0.0000,0.0000,0.0000,3.5001,180.0000,0.0018,179.9073
15.8566,searching,0.0000,0.0000,0.0000,0.0000,0.0000,3.5121,180.0000,0.0018,179.9073
15.8667,searching,0.0000,0.0000,0.0000,0.0000,0.0000,3.5241,179.9997,0.0009,179.9089
15.8764,searching,0.0000,0.0000,0.0000,0.0000,0.0000,3.5361,179.9991,-0.0004,179.9086
15.8865,searching,0.0000,0.0000,0.0000,0.0000,0.0000,3.5481,179.9991,-0.0004,179.9086
15.8965,searching,0.0000,0.0000,0.0000,0.0000,0.0000,3.5601,179.9991,-0.0004,179.9086
15.9065,searching,0.0000,0.0000,0.0000,0.0000,0.0000,3.5721,179.9989,-0.0008,179.9078
15.9165,searching,0.0000,0.0000,0.0000,0.0000,0.0000,3.5841,179.9989,-0.0008,179.9078
15.9265,searching,0.0000,0.0000,0.0000,0.0000,0.0000,3.5961,179.9995,0.0003,179.9079
15.9365,searching,0.0000,0.0000,0.0000,0.0000,0.0000,3.6081,180.0000,0.0014,179.9076
15.9466,searching,0.0000,0.0000,0.0000,0.0000,0.0000,3.6201,180.0000,0.0014,179.9076
15.9566,searching,0.0000,0.0000,0.0000,0.0000,0.0000,3.6321,179.9996,0.0007,179.9075
15.9665,searching,0.0000,0.0000,0.0000,0.0000,0.0000,3.6441,179.9996,0.0005,179.9075
15.9765,searching,0.0000,0.0000,0.0000,0.0000,0.0000,3.6561,179.9996,0.0005,179.9075
15.9866,searching,0.0000,0.0000,0.0000,0.0000,0.0000,3.6681,179.9993,-0.0001,179.9078
15.9965,searching,0.0000,0.0000,0.0000,0.0000,0.0000,3.6801,179.9997,0.0008,179.9069
16.0064,searching,0.0000,0.0000,0.0000,0.0000,0.0000,3.6921,179.9997,0.0008,179.9069
16.0167,searching,0.0000,0.0000,0.0000,0.0000,0.0000,3.7041,-179.9999,0.0017,179.9066
16.0269,searching,0.0000,0.0000,0.0000,0.0000,0.0000,3.7161,-179.9999,0.0017,179.9074
16.0365,searching,0.0000,0.0000,0.0000,0.0000,0.0000,3.7281,-179.9999,0.0017,179.9074
16.0464,searching,0.0000,0.0000,0.0000,0.0000,0.0000,3.7401,179.9996,0.0006,179.9074
16.0564,searching,0.0000,0.0000,0.0000,0.0000,0.0000,3.7521,179.9996,0.0006,179.9079
16.0667,searching,0.0000,0.0000,0.0000,0.0000,0.0000,3.7641,179.9996,0.0006,179.9079
16.0766,searching,0.0000,0.0000,0.0000,0.0000,0.0000,3.7761,179.9994,-0.0000,179.9089
16.0865,searching,0.0000,0.0000,0.0000,0.0000,0.0000,3.7881,179.9994,-0.0000,179.9089
16.0965,searching,0.0000,0.0000,0.0000,0.0000,0.0000,3.8001,179.9994,-0.0000,179.9089
16.1070,searching,0.0000,0.0000,0.0000,0.0000,0.0000,3.8121,179.9998,0.0009,179.9085
16.1165,searching,0.0000,0.0000,0.0000,0.0000,0.0000,3.8241,179.9993,0.0011,179.9084
16.1265,searching,0.0000,0.0000,0.0000,0.0000,0.0000,3.8361,179.9993,0.0011,179.9084
16.1365,searching,0.0000,0.0000,0.0000,0.0000,0.0000,3.8481,179.9994,0.0014,179.9073
16.1466,searching,0.0000,0.0000,0.0000,0.0000,0.0000,3.8601,179.9994,0.0014,179.9080
16.1565,searching,0.0000,0.0000,0.0000,0.0000,0.0000,3.8721,179.9994,0.0014,179.9080
16.1665,searching,0.0000,0.0000,0.0000,0.0000,0.0000,3.8841,179.9994,0.0014,179.9076
16.1765,searching,0.0000,0.0000,0.0000,0.0000,0.0000,3.8961,179.9980,-0.0016,179.9082
16.1867,searching,0.0000,0.0000,0.0000,0.0000,0.0000,3.9081,179.9980,-0.0016,179.9082
16.1966,searching,0.0000,0.0000,0.0000,0.0000,0.0000,3.9201,179.9987,-0.0000,179.9091
16.2065,searching,0.0000,0.0000,0.0000,0.0000,0.0000,3.9321,179.9988,0.0002,179.9093
16.2166,searching,0.0000,0.0000,0.0000,0.0000,0.0000,3.9441,179.9988,0.0002,179.9093
16.2273,searching,0.0000,0.0000,0.0000,0.0000,0.0000,3.9561,-179.9997,0.0034,179.9086
16.2365,searching,0.0000,0.0000,0.0000,0.0000,0.0000,3.9681,-179.9997,0.0034,179.9086
16.2466,searching,0.0000,0.0000,0.0000,0.0000,0.0000,3.9801,-179.9997,0.0034,179.9086
16.2566,searching,0.0000,0.0000,0.0000,0.0000,0.0000,3.9921,-179.9998,0.0032,179.9084
16.2666,searching,0.0000,0.0000,0.0000,0.0000,0.0000,4.0041,179.9991,0.0009,179.9087
16.2766,searching,0.0000,0.0000,0.0000,0.0000,0.0000,4.0161,179.9991,0.0009,179.9087
16.2865,searching,0.0000,0.0000,0.0000,0.0000,0.0000,4.0281,179.9996,0.0020,179.9090
16.2964,searching,0.0000,0.0000,0.0000,0.0000,0.0000,4.0401,179.9990,0.0007,179.9084
16.3068,searching,0.0000,0.0000,0.0000,0.0000,0.0000,4.0521,179.9990,0.0007,179.9084
16.3166,searching,0.0000,0.0000,0.0000,0.0000,0.0000,4.0641,179.9992,0.0012,179.9078
16.3264,searching,0.0000,0.0000,0.0000,0.0000,0.0000,4.0761,179.9992,0.0012,179.9078
16.3366,searching,0.0000,0.0000,0.0000,0.0000,0.0000,4.0881,179.9992,0.0012,179.9078
16.3467,searching,0.0000,0.0000,0.0000,0.0000,0.0000,4.1001,179.9990,0.0006,179.9079
16.3565,searching,0.0000,0.0000,0.0000,0.0000,0.0000,4.1121,179.9986,-0.0001,179.9067
16.3667,searching,0.0000,0.0000,0.0000,0.0000,0.0000,4.1241,179.9986,-0.0001,179.9067
16.3765,searching,0.0000,0.0000,0.0000,0.0000,0.0000,4.1361,179.9988,0.0003,179.9068
16.3866,searching,0.0000,0.0000,0.0000,0.0000,0.0000,4.1481,179.9991,0.0010,179.9073
16.3966,searching,0.0000,0.0000,0.0000,0.0000,0.0000,4.1601,179.9991,0.0010,179.9073
16.4066,searching,0.0000,0.0000,0.0000,0.0000,0.0000,4.1721,179.9983,-0.0007,179.9085
16.4164,searching,0.0000,0.0000,0.0000,0.0000,0.0000,4.1841,179.9997,0.0025,179.9086
16.4272,searching,0.0000,0.0000,0.0000,0.0000,0.0000,4.1961,179.9997,0.0025,179.9086
16.4371,searching,0.0000,0.0000,0.0000,0.0000,0.0000,4.2081,179.9992,0.0013,179.9083
16.4465,searching,0.0000,0.0000,0.0000,0.0000,0.0000,4.2201,179.9997,0.0025,179.9082
16.4565,searching,0.0000,0.0000,0.0000,0.0000,0.0000,4.2321,179.9997,0.0025,179.9082
16.4665,searching,0.0000,0.0000,0.0000,0.0000,0.0000,4.2441,179.9992,0.0014,179.9081
16.4764,searching,0.0000,0.0000,0.0000,0.0000,0.0000,4.2561,179.9985,-0.0002,179.9086
16.4871,searching,0.0000,0.0000,0.0000,0.0000,0.0000,4.2681,179.9985,-0.0002,179.9086
16.4965,searching,0.0000,0.0000,0.0000,0.0000,0.0000,4.2801,179.9976,-0.0022,179.9089
16.5066,searching,0.0000,0.0000,0.0000,0.0000,0.0000,4.2921,179.9985,-0.0000,179.9099
16.5167,searching,0.0000,0.0000,0.0000,0.0000,0.0000,4.3041,179.9985,-0.0000,179.9099
16.5270,searching,0.0000,0.0000,0.0000,0.0000,0.0000,4.3161,179.9988,0.0006,179.9097
16.5368,searching,0.0000,0.0000,0.0000,0.0000,0.0000,4.3281,-179.9999,0.0036,179.9100
16.5469,searching,0.0000,0.0000,0.0000,0.0000,0.0000,4.3401,-179.9999,0.0036,179.9100
16.5566,searching,0.0000,0.0000,0.0000,0.0000,0.0000,4.3521,179.9993,0.0018,179.9097
16.5665,searching,0.0000,0.0000,0.0000,0.0000,0.0000,4.3641,179.9988,0.0007,179.9090
16.5765,searching,0.0000,0.0000,0.0000,0.0000,0.0000,4.3761,179.9988,0.0007,179.9090
16.5867,searching,0.0000,0.0000,0.0000,0.0000,0.0000,4.3881,179.9987,0.0005,179.9090
16.5967,searching,0.0000,0.0000,0.0000,0.0000,0.0000,4.4001,179.9988,0.0010,179.9088
16.6068,searching,0.0000,0.0000,0.0000,0.0000,0.0000,4.4121,179.9988,0.0010,179.9088
16.6169,searching,0.0000,0.0000,0.0000,0.0000,0.0000,4.4241,179.9996,0.0027,179.9087
16.6267,searching,0.0000,0.0000,0.0000,0.0000,0.0000,4.4361,-179.9995,0.0047,179.9091
16.6365,searching,0.0000,0.0000,0.0000,0.0000,0.0000,4.4481,-179.9995,0.0047,179.9091
16.6465,searching,0.0000,0.0000,0.0000,0.0000,0.0000,4.4601,179.9994,0.0024,179.9079
16.6565,searching,0.0000,0.0000,0.0000,0.0000,0.0000,4.4721,179.9995,0.0026,179.9082
16.6666,searching,0.0000,0.0000,0.0000,0.0000,0.0000,4.4841,179.9995,0.0026,179.9082
16.6770,searching,0.0000,0.0000,0.0000,0.0000,0.0000,4.4961,179.9993,0.0009,179.9078
16.6865,searching,0.0000,0.0000,0.0000,0.0000,0.0000,4.5081,179.9995,0.0014,179.9076
16.6966,searching,0.0000,0.0000,0.0000,0.0000,0.0000,4.5201,179.9995,0.0014,179.9076
16.7068,searching,0.0000,0.0000,0.0000,0.0000,0.0000,4.5321,179.9995,0.0014,179.9076
16.7165,searching,0.0000,0.0000,0.0000,0.0000,0.0000,4.5441,179.9996,0.0018,179.9083
16.7266,searching,0.0000,0.0000,0.0000,0.0000,0.0000,4.5561,179.9996,0.0018,179.9083
16.7366,searching,0.0000,0.0000,0.0000,0.0000,0.0000,4.5681,179.9999,0.0024,179.9082
16.7470,searching,0.0000,0.0000,0.0000,0.0000,0.0000,4.5801,-179.9997,0.0033,179.9078
16.7566,searching,0.0000,0.0000,0.0000,0.0000,0.0000,4.5921,-179.9997,0.0033,179.9078
16.7666,searching,0.0000,0.0000,0.0000,0.0000,0.0000,4.6041,179.9999,0.0026,179.9079
16.7764,searching,0.0000,0.0000,0.0000,0.0000,0.0000,4.6161,179.9993,0.0013,179.9070
16.7871,searching,0.0000,0.0000,0.0000,0.0000,0.0000,4.6281,179.9993,0.0013,179.9070
16.7966,searching,0.0000,0.0000,0.0000,0.0000,0.0000,4.6401,-179.9999,0.0031,179.9077
16.8064,searching,0.0000,0.0000,0.0000,0.0000,0.0000,4.6521,179.9992,0.0012,179.9078
16.8166,searching,0.0000,0.0000,0.0000,0.0000,0.0000,4.6641,179.9992,0.0012,179.9078
16.8267,searching,0.0000,0.0000,0.0000,0.0000,0.0000,4.6761,179.9999,0.0015,179.9087
16.8364,searching,0.0000,0.0000,0.0000,0.0000,0.0000,4.6881,179.9999,0.0014,179.9092
16.8465,searching,0.0000,0.0000,0.0000,0.0000,0.0000,4.7001,179.9999,0.0014,179.9092
16.8565,searching,0.0000,0.0000,0.0000,0.0000,0.0000,4.7121,179.9995,0.0008,179.9093
16.8666,searching,0.0000,0.0000,0.0000,0.0000,0.0000,4.7241,179.9999,0.0016,179.9097
16.8766,searching,0.0000,0.0000,0.0000,0.0000,0.0000,4.7361,179.9999,0.0016,179.9097
16.8866,searching,0.0000,0.0000,0.0000,0.0000,0.0000,4.7481,179.9995,0.0009,179.9089
16.8965,searching,0.0000,0.0000,0.0000,0.0000,0.0000,4.7601,179.9991,-0.0001,179.9082
16.9068,searching,0.0000,0.0000,0.0000,0.0000,0.0000,4.7721,179.9991,-0.0001,179.9082
16.9166,searching,0.0000,0.0000,0.0000,0.0000,0.0000,4.7841,179.9996,0.0012,179.9084
16.9265,searching,0.0000,0.0000,0.0000,0.0000,0.0000,4.7961,179.9989,-0.0003,179.9083
16.9366,searching,0.0000,0.0000,0.0000,0.0000,0.0000,4.8081,179.9989,-0.0003,179.9083
16.9467,searching,0.0000,0.0000,0.0000,0.0000,0.0000,4.8201,179.9989,-0.0003,179.9083
16.9564,searching,0.0000,0.0000,0.0000,0.0000,0.0000,4.8321,179.9998,0.0019,179.9102
16.9666,searching,0.0000,0.0000,0.0000,0.0000,0.0000,4.8441,179.9998,0.0019,179.9102
16.9765,searching,0.0000,0.0000,0.0000,0.0000,0.0000,4.8561,179.9994,0.0009,179.9101
16.9866,searching,0.0000,0.0000,0.0000,0.0000,0.0000,4.8681,-179.9997,0.0016,179.9098
16.9966,searching,0.0000,0.0000,0.0000,0.0000,0.0000,4.8801,-179.9997,0.0016,179.9098
17.0066,searching,0.0000,0.0000,0.0000,0.0000,0.0000,4.8921,179.9996,0.0003,179.9095
17.0164,searching,0.0000,0.0000,0.0000,0.0000,0.0000,4.9041,179.9996,0.0003,179.9102
17.0267,searching,0.0000,0.0000,0.0000,0.0000,0.0000,4.9161,179.9996,0.0003,179.9102
17.0366,searching,0.0000,0.0000,0.0000,0.0000,0.0000,4.9281,-179.9998,0.0017,179.9095
17.0465,searching,0.0000,0.0000,0.0000,0.0000,0.0000,4.9401,-179.9997,0.0019,179.9096
17.0566,searching,0.0000,0.0000,0.0000,0.0000,0.0000,4.9521,-179.9997,0.0019,179.9096
17.0667,searching,0.0000,0.0000,0.0000,0.0000,0.0000,4.9641,179.9995,0.0003,179.9098
17.0765,searching,0.0000,0.0000,0.0000,0.0000,0.0000,4.9761,179.9988,-0.0013,179.9095
17.0866,searching,0.0000,0.0000,0.0000,0.0000,0.0000,4.9881,179.9988,-0.0013,179.9095
17.0966,searching,0.0000,0.0000,0.0000,0.0000,0.0000,5.0001,179.9988,-0.0011,179.9082
17.1066,searching,0.0000,0.0000,0.0000,0.0000,0.0000,5.0121,179.9995,0.0003,179.9088
17.1166,searching,0.0000,0.0000,0.0000,0.0000,0.0000,5.0241,179.9995,0.0003,179.9088
17.1265,searching,0.0000,0.0000,0.0000,0.0000,0.0000,5.0361,179.9992,-0.0003,179.9085
17.1365,searching,0.0000,0.0000,0.0000,0.0000,0.0000,5.0481,179.9998,0.0012,179.9087
17.1470,searching,0.0000,0.0000,0.0000,0.0000,0.0000,5.0601,179.9998,0.0012,179.9087
17.1566,searching,0.0000,0.0000,0.0000,0.0000,0.0000,5.0721,179.9998,0.0012,179.9087
17.1665,searching,0.0000,0.0000,0.0000,0.0000,0.0000,5.0841,180.0000,0.0018,179.9104
17.1766,searching,0.0000,0.0000,0.0000,0.0000,0.0000,5.0961,180.0000,0.0018,179.9104
17.1871,searching,0.0000,0.0000,0.0000,0.0000,0.0000,5.1081,179.9999,0.0016,179.9102
17.1967,searching,0.0000,0.0000,0.0000,0.0000,0.0000,5.1201,-179.9999,0.0020,179.9098
17.2068,searching,0.0000,0.0000,0.0000,0.0000,0.0000,5.1321,-179.9999,0.0020,179.9098
17.2165,searching,0.0000,0.0000,0.0000,0.0000,0.0000,5.1441,179.9999,0.0018,179.9091
17.2266,searching,0.0000,0.0000,0.0000,0.0000,0.0000,5.1561,179.9995,0.0007,179.9092
17.2366,searching,0.0000,0.0000,0.0000,0.0000,0.0000,5.1681,179.9995,0.0007,179.9092
17.2469,searching,0.0000,0.0000,0.0000,0.0000,0.0000,5.1801,179.9996,0.0012,179.9092
17.2568,searching,0.0000,0.0000,0.0000,0.0000,0.0000,5.1921,179.9996,0.0012,179.9107
17.2673,searching,0.0000,0.0000,0.0000,0.0000,0.0000,5.2041,179.9996,0.0012,179.9107
17.2766,searching,0.0000,0.0000,0.0000,0.0000,0.0000,5.2161,179.9996,0.0013,179.9105
17.2868,searching,0.0000,0.0000,0.0000,0.0000,0.0000,5.2281,179.9993,0.0006,179.9103
17.2966,searching,0.0000,0.0000,0.0000,0.0000,0.0000,5.2401,179.9993,0.0006,179.9103
17.3069,searching,0.0000,0.0000,0.0000,0.0000,0.0000,5.2521,179.9990,-0.0001,179.9084
17.3164,searching,0.0000,0.0000,0.0000,0.0000,0.0000,5.2641,179.9993,-0.0006,179.9084
17.3267,searching,0.0000,0.0000,0.0000,0.0000,0.0000,5.2761,179.9993,-0.0006,179.9084
17.3365,searching,0.0000,0.0000,0.0000,0.0000,0.0000,5.2881,179.9996,-0.0000,179.9076
17.3465,searching,0.0000,0.0000,0.0000,0.0000,0.0000,5.3001,179.9996,0.0003,179.9093
17.3566,searching,0.0000,0.0000,0.0000,0.0000,0.0000,5.3121,179.9996,0.0003,179.9093
17.3671,searching,0.0000,0.0000,0.0000,0.0000,0.0000,5.3241,-179.9998,0.0015,179.9092
17.3764,searching,0.0000,0.0000,0.0000,0.0000,0.0000,5.3361,-179.9999,0.0014,179.9094
17.3868,searching,0.0000,0.0000,0.0000,0.0000,0.0000,5.3481,-179.9999,0.0014,179.9094
17.3966,searching,0.0000,0.0000,0.0000,0.0000,0.0000,5.3601,-179.9999,0.0014,179.9092
17.4065,searching,0.0000,0.0000,0.0000,0.0000,0.0000,5.3721,-179.9998,0.0016,179.9094
17.4165,searching,0.0000,0.0000,0.0000,0.0000,0.0000,5.3841,-179.9998,0.0016,179.9094
17.4268,searching,0.0000,0.0000,0.0000,0.0000,0.0000,5.3961,-179.9996,0.0023,179.9095
17.4365,searching,0.0000,0.0000,0.0000,0.0000,0.0000,5.4081,-179.9994,0.0026,179.9106
17.4466,searching,0.0000,0.0000,0.0000,0.0000,0.0000,5.4201,-179.9994,0.0026,179.9106
17.4566,searching,0.0000,0.0000,0.0000,0.0000,0.0000,5.4321,-179.9994,0.0028,179.9091
17.4667,searching,0.0000,0.0000,0.0000,0.0000,0.0000,5.4441,-179.9994,0.0028,179.9097
17.4766,searching,0.0000,0.0000,0.0000,0.0000,0.0000,5.4561,-179.9994,0.0028,179.9097
17.4865,searching,0.0000,0.0000,0.0000,0.0000,0.0000,5.4681,-179.9994,0.0028,179.9097
17.4965,searching,0.0000,0.0000,0.0000,0.0000,0.0000,5.4801,-179.9993,0.0031,179.9095
17.5072,searching,0.0000,0.0000,0.0000,0.0000,0.0000,5.4921,-179.9993,0.0031,179.9095
17.5169,searching,0.0000,0.0000,0.0000,0.0000,0.0000,5.5041,-179.9998,0.0020,179.9099
17.5267,searching,0.0000,0.0000,0.0000,0.0000,0.0000,5.5161,-179.9996,0.0023,179.9093
17.5368,searching,0.0000,0.0000,0.0000,0.0000,0.0000,5.5281,-179.9996,0.0023,179.9093
17.5470,searching,0.0000,0.0000,0.0000,0.0000,0.0000,5.5401,179.9996,0.0007,179.9094
17.5566,searching,0.0000,0.0000,0.0000,0.0000,0.0000,5.5521,180.0000,0.0015,179.9087
17.5668,searching,0.0000,0.0000,0.0000,0.0000,0.0000,5.5641,180.0000,0.0015,179.9087
17.5771,searching,0.0000,0.0000,0.0000,0.0000,0.0000,5.5761,179.9995,0.0003,179.9090
17.5868,searching,0.0000,0.0000,0.0000,0.0000,0.0000,5.5881,179.9990,-0.0006,179.9088
17.5970,searching,0.0000,0.0000,0.0000,0.0000,0.0000,5.6001,179.9990,-0.0006,179.9088
17.6065,searching,0.0000,0.0000,0.0000,0.0000,0.0000,5.6121,179.9989,-0.0009,179.9092
17.6165,searching,0.0000,0.0000,0.0000,0.0000,0.0000,5.6241,179.9986,-0.0016,179.9090
17.6267,searching,0.0000,0.0000,0.0000,0.0000,0.0000,5.6361,179.9986,-0.0016,179.9090
17.6366,searching,0.0000,0.0000,0.0000,0.0000,0.0000,5.6481,179.9987,-0.0013,179.9092
17.6465,searching,0.0000,0.0000,0.0000,0.0000,0.0000,5.6601,179.9991,-0.0004,179.9100
17.6566,searching,0.0000,0.0000,0.0000,0.0000,0.0000,5.6721,179.9991,-0.0004,179.9100
17.6670,searching,0.0000,0.0000,0.0000,0.0000,0.0000,5.6841,179.9988,-0.0009,179.9104
17.6764,searching,0.0000,0.0000,0.0000,0.0000,0.0000,5.6961,179.9997,0.0009,179.9105
17.6867,searching,0.0000,0.0000,0.0000,0.0000,0.0000,5.7081,179.9997,0.0009,179.9105
17.6966,searching,0.0000,0.0000,0.0000,0.0000,0.0000,5.7201,179.9991,-0.0003,179.9105
17.7067,searching,0.0000,0.0000,0.0000,0.0000,0.0000,5.7321,179.9991,-0.0003,179.9105
17.7166,searching,0.0000,0.0000,0.0000,0.0000,0.0000,5.7441,179.9991,-0.0003,179.9105
17.7269,searching,0.0000,0.0000,0.0000,0.0000,0.0000,5.7561,-179.9993,0.0033,179.9104
17.7368,searching,0.0000,0.0000,0.0000,0.0000,0.0000,5.7681,-179.9993,0.0033,179.9104
17.7467,searching,0.0000,0.0000,0.0000,0.0000,0.0000,5.7801,-179.9993,0.0033,179.9104
17.7566,searching,0.0000,0.0000,0.0000,0.0000,0.0000,5.7921,179.9996,0.0009,179.9094
17.7665,searching,0.0000,0.0000,0.0000,0.0000,0.0000,5.8041,179.9995,0.0005,179.9093
17.7766,searching,0.0000,0.0000,0.0000,0.0000,0.0000,5.8161,179.9995,0.0005,179.9093
17.7870,searching,0.0000,0.0000,0.0000,0.0000,0.0000,5.8281,179.9992,-0.0001,179.9089
17.7965,searching,0.0000,0.0000,0.0000,0.0000,0.0000,5.8401,179.9986,-0.0016,179.9100
17.8064,searching,0.0000,0.0000,0.0000,0.0000,0.0000,5.8521,179.9986,-0.0016,179.9100
17.8164,searching,0.0000,0.0000,0.0000,0.0000,0.0000,5.8641,179.9999,0.0016,179.9100
17.8266,searching,0.0000,0.0000,0.0000,0.0000,0.0000,5.8761,179.9994,0.0003,179.9100
17.8364,searching,0.0000,0.0000,0.0000,0.0000,0.0000,5.8881,179.9994,0.0003,179.9100
17.8465,searching,0.0000,0.0000,0.0000,0.0000,0.0000,5.9001,179.9991,-0.0004,179.9089
17.8564,searching,0.0000,0.0000,0.0000,0.0000,0.0000,5.9121,179.9988,-0.0010,179.9093
17.8666,searching,0.0000,0.0000,0.0000,0.0000,0.0000,5.9241,179.9988,-0.0010,179.9093
17.8765,searching,0.0000,0.0000,0.0000,0.0000,0.0000,5.9361,179.9992,-0.0002,179.9090
17.8864,searching,0.0000,0.0000,0.0000,0.0000,0.0000,5.9481,179.9994,0.0003,179.9098
17.8964,searching,0.0000,0.0000,0.0000,0.0000,0.0000,5.9601,179.9994,0.0003,179.9098
17.9066,searching,0.0000,0.0000,0.0000,0.0000,0.0000,5.9721,-179.9999,0.0019,179.9091
17.9165,searching,0.0000,0.0000,0.0000,0.0000,0.0000,5.9841,179.9997,0.0009,179.9095
17.9265,searching,0.0000,0.0000,0.0000,0.0000,0.0000,5.9961,179.9997,0.0009,179.9095
17.9364,searching,0.0000,0.0000,0.0000,0.0000,0.0000,6.0081,179.9997,0.0009,179.9095
17.9466,searching,0.0000,0.0000,0.0000,0.0000,0.0000,6.0201,-179.9995,0.0028,179.9095
17.9564,searching,0.0000,0.0000,0.0000,0.0000,0.0000,6.0321,-179.9995,0.0028,179.9095
17.9664,searching,0.0000,0.0000,0.0000,0.0000,0.0000,6.0441,-179.9997,0.0022,179.9094
17.9764,searching,0.0000,0.0000,0.0000,0.0000,0.0000,6.0561,179.9992,-0.0002,179.9091
17.9866,searching,0.0000,0.0000,0.0000,0.0000,0.0000,6.0681,179.9992,-0.0002,179.9091
17.9964,searching,0.0000,0.0000,0.0000,0.0000,0.0000,6.0801,179.9984,-0.0021,179.9093
18.0064,searching,0.0000,0.0000,0.0000,0.0000,0.0000,6.0921,179.9992,-0.0004,179.9089
18.0165,searching,0.0000,0.0000,0.0000,0.0000,0.0000,6.1041,179.9992,-0.0004,179.9089
18.0267,searching,0.0000,0.0000,0.0000,0.0000,0.0000,6.1161,179.9999,0.0012,179.9088
18.0364,searching,0.0000,0.0000,0.0000,0.0000,0.0000,6.1281,-179.9995,0.0026,179.9086
18.0465,searching,0.0000,0.0000,0.0000,0.0000,0.0000,6.1401,-179.9995,0.0026,179.9086
18.0565,searching,0.0000,0.0000,0.0000,0.0000,0.0000,6.1521,179.9999,0.0012,179.9083
18.0665,searching,0.0000,0.0000,0.0000,0.0000,0.0000,6.1641,-179.9996,0.0024,179.9080
18.0766,searching,0.0000,0.0000,0.0000,0.0000,0.0000,6.1761,-179.9996,0.0024,179.9080
18.0866,searching,0.0000,0.0000,0.0000,0.0000,0.0000,6.1881,179.9991,-0.0008,179.9066
18.0965,searching,0.0000,0.0000,0.0000,0.0000,0.0000,6.2001,-179.9995,0.0024,179.9059
18.1067,searching,0.0000,0.0000,0.0000,0.0000,0.0000,6.2121,-179.9995,0.0024,179.9059
18.1166,searching,0.0000,0.0000,0.0000,0.0000,0.0000,6.2241,-179.9992,0.0031,179.9059
18.1265,searching,0.0000,0.0000,0.0000,0.0000,0.0000,6.2361,180.0000,0.0012,179.9072
18.1366,searching,0.0000,0.0000,0.0000,0.0000,0.0000,6.2481,180.0000,0.0012,179.9072
18.1467,searching,0.0000,0.0000,0.0000,0.0000,0.0000,6.2601,179.9997,0.0005,179.9072
18.1565,searching,0.0000,0.0000,0.0000,0.0000,0.0000,6.2721,179.9993,-0.0005,179.9078
18.1665,searching,0.0000,0.0000,0.0000,0.0000,0.0000,6.2841,179.9993,-0.0005,179.9078
18.1766,searching,0.0000,0.0000,0.0000,0.0000,0.0000,6.2961,179.9993,-0.0020,179.9075
18.1866,searching,0.0000,0.0000,0.0000,0.0000,0.0000,6.3081,-179.9993,0.0013,179.9078
18.1966,searching,0.0000,0.0000,0.0000,0.0000,0.0000,6.3201,-179.9993,0.0013,179.9078
18.2065,searching,0.0000,0.0000,0.0000,0.0000,0.0000,6.3321,-179.9996,0.0004,179.9075
18.2164,searching,0.0000,0.0000,0.0000,0.0000,0.0000,6.3441,-179.9988,0.0023,179.9082
18.2268,searching,0.0000,0.0000,0.0000,0.0000,0.0000,6.3561,-179.9988,0.0023,179.9082
18.2365,searching,0.0000,0.0000,0.0000,0.0000,0.0000,6.3681,-179.9995,0.0006,179.9077
18.2465,searching,0.0000,0.0000,0.0000,0.0000,0.0000,6.3801,179.9998,-0.0011,179.9085
18.2565,searching,0.0000,0.0000,0.0000,0.0000,0.0000,6.3921,179.9998,-0.0011,179.9085
18.2670,searching,0.0000,0.0000,0.0000,0.0000,0.0000,6.4041,179.9997,-0.0014,179.9080
18.2765,searching,0.0000,0.0000,0.0000,0.0000,0.0000,6.4161,180.0000,-0.0006,179.9088
18.2866,searching,0.0000,0.0000,0.0000,0.0000,0.0000,6.4281,180.0000,-0.0006,179.9088
18.2967,searching,0.0000,0.0000,0.0000,0.0000,0.0000,6.4401,179.9998,0.0002,179.9080
18.3075,searching,0.0000,0.0000,0.0000,0.0000,0.0000,6.4521,179.9998,0.0002,179.9080
18.3168,searching,0.0000,0.0000,0.0000,0.0000,0.0000,6.4641,179.9998,0.0002,179.9080
18.3268,searching,0.0000,0.0000,0.0000,0.0000,0.0000,6.4761,-179.9986,0.0038,179.9082
18.3365,searching,0.0000,0.0000,0.0000,0.0000,0.0000,6.4881,-179.9983,0.0042,179.9077
18.3467,searching,0.0000,0.0000,0.0000,0.0000,0.0000,6.5001,-179.9983,0.0042,179.9077
18.3565,searching,0.0000,0.0000,0.0000,0.0000,0.0000,6.5121,-179.9999,0.0007,179.9085
18.3665,searching,0.0000,0.0000,0.0000,0.0000,0.0000,6.5241,179.9998,-0.0003,179.9081
18.3765,searching,0.0000,0.0000,0.0000,0.0000,0.0000,6.5361,179.9998,-0.0003,179.9081
18.3866,searching,0.0000,0.0000,0.0000,0.0000,0.0000,6.5481,179.9999,-0.0000,179.9081
18.3964,searching,0.0000,0.0000,0.0000,0.0000,0.0000,6.5601,180.0000,0.0002,179.9085
18.4066,searching,0.0000,0.0000,0.0000,0.0000,0.0000,6.5721,180.0000,0.0002,179.9085
18.4166,searching,0.0000,0.0000,0.0000,0.0000,0.0000,6.5841,-179.9984,0.0037,179.9088
18.4267,searching,0.0000,0.0000,0.0000,0.0000,0.0000,6.5961,-179.9991,0.0022,179.9089
18.4366,searching,0.0000,0.0000,0.0000,0.0000,0.0000,6.6081,-179.9991,0.0022,179.9089
18.4466,searching,0.0000,0.0000,0.0000,0.0000,0.0000,6.6201,-179.9995,0.0012,179.9074
18.4564,searching,0.0000,0.0000,0.0000,0.0000,0.0000,6.6321,-179.9994,0.0013,179.9068
18.4667,searching,0.0000,0.0000,0.0000,0.0000,0.0000,6.6441,-179.9994,0.0013,179.9068
18.4765,searching,0.0000,0.0000,0.0000,0.0000,0.0000,6.6561,-179.9998,0.0003,179.9068
18.4865,searching,0.0000,0.0000,0.0000,0.0000,0.0000,6.6681,-179.9998,0.0003,179.9068
18.4965,searching,0.0000,0.0000,0.0000,0.0000,0.0000,6.6801,-179.9998,0.0003,179.9068
18.5071,searching,0.0000,0.0000,0.0000,0.0000,0.0000,6.6921,-179.9999,-0.0000,179.9071
18.5167,searching,0.0000,0.0000,0.0000,0.0000,0.0000,6.7041,-179.9996,0.0005,179.9084
18.5267,searching,0.0000,0.0000,0.0000,0.0000,0.0000,6.7161,-179.9996,0.0005,179.9084
18.5365,searching,0.0000,0.0000,0.0000,0.0000,0.0000,6.7281,-179.9993,0.0012,179.9088
18.5470,searching,0.0000,0.0000,0.0000,0.0000,0.0000,6.7401,-179.9990,0.0019,179.9086
18.5567,searching,0.0000,0.0000,0.0000,0.0000,0.0000,6.7521,-179.9990,0.0019,179.9086
18.5666,searching,0.0000,0.0000,0.0000,0.0000,0.0000,6.7641,179.9995,-0.0016,179.9085
18.5764,searching,0.0000,0.0000,0.0000,0.0000,0.0000,6.7761,179.9987,-0.0022,179.9074
18.5867,searching,0.0000,0.0000,0.0000,0.0000,0.0000,6.7881,179.9987,-0.0022,179.9074
18.5971,searching,0.0000,0.0000,0.0000,0.0000,0.0000,6.8001,179.9996,-0.0002,179.9081
18.6067,searching,0.0000,0.0000,0.0000,0.0000,0.0000,6.8121,179.9991,-0.0015,179.9076
18.6167,searching,0.0000,0.0000,0.0000,0.0000,0.0000,6.8241,179.9991,-0.0015,179.9076
18.6269,searching,0.0000,0.0000,0.0000,0.0000,0.0000,6.8361,-179.9995,0.0017,179.9091
18.6364,searching,0.0000,0.0000,0.0000,0.0000,0.0000,6.8481,179.9999,0.0002,179.9082
18.6465,searching,0.0000,0.0000,0.0000,0.0000,0.0000,6.8601,179.9999,0.0002,179.9082
18.6566,searching,0.0000,0.0000,0.0000,0.0000,0.0000,6.8721,179.9991,-0.0015,179.9081
18.6667,searching,0.0000,0.0000,0.0000,0.0000,0.0000,6.8841,179.9993,-0.0012,179.9074
18.6765,searching,0.0000,0.0000,0.0000,0.0000,0.0000,6.8961,179.9993,-0.0012,179.9074
18.6865,searching,0.0000,0.0000,0.0000,0.0000,0.0000,6.9081,179.9991,-0.0017,179.9075
18.6965,searching,0.0000,0.0000,0.0000,0.0000,0.0000,6.9201,179.9995,0.0005,179.9077
18.7069,searching,0.0000,0.0000,0.0000,0.0000,0.0000,6.9321,179.9995,0.0005,179.9077
18.7165,searching,0.0000,0.0000,0.0000,0.0000,0.0000,6.9441,-179.9997,0.0023,179.9087
18.7268,searching,0.0000,0.0000,0.0000,0.0000,0.0000,6.9561,-179.9999,0.0017,179.9082
18.7365,searching,0.0000,0.0000,0.0000,0.0000,0.0000,6.9681,-179.9999,0.0017,179.9082
18.7466,searching,0.0000,0.0000,0.0000,0.0000,0.0000,6.9801,179.9997,0.0009,179.9080
18.7565,searching,0.0000,0.0000,0.0000,0.0000,0.0000,6.9921,179.9994,-0.0000,179.9088
18.7665,searching,0.0000,0.0000,0.0000,0.0000,0.0000,7.0041,179.9994,-0.0000,179.9088
18.7765,searching,0.0000,0.0000,0.0000,0.0000,0.0000,7.0161,179.9989,-0.0012,179.9084
18.7865,searching,0.0000,0.0000,0.0000,0.0000,0.0000,7.0281,179.9995,0.0002,179.9093
18.7965,searching,0.0000,0.0000,0.0000,0.0000,0.0000,7.0401,179.9995,0.0002,179.9093
18.8065,searching,0.0000,0.0000,0.0000,0.0000,0.0000,7.0521,179.9997,0.0006,179.9077
18.8164,searching,0.0000,0.0000,0.0000,0.0000,0.0000,7.0641,-179.9996,0.0020,179.9081
18.8268,searching,0.0000,0.0000,0.0000,0.0000,0.0000,7.0761,-179.9996,0.0020,179.9081
18.8366,searching,0.0000,0.0000,0.0000,0.0000,0.0000,7.0881,179.9998,0.0005,179.9084
18.8465,searching,0.0000,0.0000,0.0000,0.0000,0.0000,7.1001,179.9990,-0.0012,179.9093
18.8564,searching,0.0000,0.0000,0.0000,0.0000,0.0000,7.1121,179.9990,-0.0012,179.9093
18.8668,searching,0.0000,0.0000,0.0000,0.0000,0.0000,7.1241,179.9990,-0.0012,179.9093
18.8767,searching,0.0000,0.0000,0.0000,0.0000,0.0000,7.1361,179.9987,-0.0020,179.9079
18.8869,searching,0.0000,0.0000,0.0000,0.0000,0.0000,7.1481,179.9987,-0.0020,179.9079
18.8969,searching,0.0000,0.0000,0.0000,0.0000,0.0000,7.1601,179.9992,-0.0009,179.9081
18.9066,searching,0.0000,0.0000,0.0000,0.0000,0.0000,7.1721,-179.9995,0.0020,179.9071
18.9165,searching,0.0000,0.0000,0.0000,0.0000,0.0000,7.1841,-179.9995,0.0020,179.9071
18.9266,searching,0.0000,0.0000,0.0000,0.0000,0.0000,7.1961,-179.9989,0.0033,179.9079
18.9364,searching,0.0000,0.0000,0.0000,0.0000,0.0000,7.2081,-179.9990,0.0031,179.9081
18.9472,searching,0.0000,0.0000,0.0000,0.0000,0.0000,7.2201,-179.9990,0.0031,179.9081
18.9565,searching,0.0000,0.0000,0.0000,0.0000,0.0000,7.2321,-179.9991,0.0027,179.9095
18.9664,searching,0.0000,0.0000,0.0000,0.0000,0.0000,7.2441,-179.9999,0.0009,179.9094
18.9766,searching,0.0000,0.0000,0.0000,0.0000,0.0000,7.2561,-179.9999,0.0009,179.9094
18.9867,searching,0.0000,0.0000,0.0000,0.0000,0.0000,7.2681,179.9995,0.0008,179.9090
18.9964,searching,0.0000,0.0000,0.0000,0.0000,0.0000,7.2801,179.9993,0.0005,179.9085
19.0066,searching,0.0000,0.0000,0.0000,0.0000,0.0000,7.2921,179.9993,0.0005,179.9085
19.0165,searching,0.0000,0.0000,0.0000,0.0000,0.0000,7.3041,179.9996,0.0009,179.9084
19.0268,searching,0.0000,0.0000,0.0000,0.0000,0.0000,7.3161,180.0000,0.0020,179.9089
19.0365,searching,0.0000,0.0000,0.0000,0.0000,0.0000,7.3281,180.0000,0.0020,179.9089
19.0466,searching,0.0000,0.0000,0.0000,0.0000,0.0000,7.3401,179.9997,0.0013,179.9083
19.0566,searching,0.0000,0.0000,0.0000,0.0000,0.0000,7.3521,179.9997,0.0013,179.9083
19.0670,searching,0.0000,0.0000,0.0000,0.0000,0.0000,7.3641,179.9997,0.0013,179.9083
19.0767,searching,0.0000,0.0000,0.0000,0.0000,0.0000,7.3761,179.9993,0.0003,179.9079
19.0867,searching,0.0000,0.0000,0.0000,0.0000,0.0000,7.3881,179.9988,-0.0009,179.9070
19.0968,searching,0.0000,0.0000,0.0000,0.0000,0.0000,7.4001,179.9988,-0.0009,179.9070
19.1070,searching,0.0000,0.0000,0.0000,0.0000,0.0000,7.4121,179.9994,0.0004,179.9070
19.1167,searching,0.0000,0.0000,0.0000,0.0000,0.0000,7.4241,179.9997,0.0011,179.9082
19.1268,searching,0.0000,0.0000,0.0000,0.0000,0.0000,7.4361,179.9997,0.0011,179.9082
19.1368,searching,0.0000,0.0000,0.0000,0.0000,0.0000,7.4481,-179.9993,0.0034,179.9090
19.1466,searching,0.0000,0.0000,0.0000,0.0000,0.0000,7.4601,180.0000,0.0017,179.9091
19.1565,searching,0.0000,0.0000,0.0000,0.0000,0.0000,7.4721,180.0000,0.0017,179.9091
19.1665,searching,0.0000,0.0000,0.0000,0.0000,0.0000,7.4841,179.9994,0.0003,179.9089
19.1765,searching,0.0000,0.0000,0.0000,0.0000,0.0000,7.4961,179.9990,-0.0007,179.9087
19.1867,searching,0.0000,0.0000,0.0000,0.0000,0.0000,7.5081,179.9990,-0.0007,179.9087
19.1966,searching,0.0000,0.0000,0.0000,0.0000,0.0000,7.5201,179.9993,0.0001,179.9082
19.2065,searching,0.0000,0.0000,0.0000,0.0000,0.0000,7.5321,179.9999,0.0014,179.9080
19.2168,searching,0.0000,0.0000,0.0000,0.0000,0.0000,7.5441,179.9999,0.0014,179.9080
19.2269,searching,0.0000,0.0000,0.0000,0.0000,0.0000,7.5561,-179.9998,0.0020,179.9086
19.2365,searching,0.0000,0.0000,0.0000,0.0000,0.0000,7.5681,179.9998,0.0011,179.9092
19.2464,searching,0.0000,0.0000,0.0000,0.0000,0.0000,7.5801,179.9998,0.0011,179.9092
19.2565,searching,0.0000,0.0000,0.0000,0.0000,0.0000,7.5921,-179.9999,0.0019,179.9085
19.2670,searching,0.0000,0.0000,0.0000,0.0000,0.0000,7.6041,179.9996,0.0009,179.9086
19.2765,searching,0.0000,0.0000,0.0000,0.0000,0.0000,7.6161,179.9996,0.0009,179.9086
19.2866,searching,0.0000,0.0000,0.0000,0.0000,0.0000,7.6281,-179.9995,0.0027,179.9076
19.2964,searching,0.0000,0.0000,0.0000,0.0000,0.0000,7.6401,-179.9996,0.0024,179.9075
19.3074,searching,0.0000,0.0000,0.0000,0.0000,0.0000,7.6521,-179.9996,0.0024,179.9075
19.3166,searching,0.0000,0.0000,0.0000,0.0000,0.0000,7.6641,-179.9996,0.0026,179.9063
19.3264,searching,0.0000,0.0000,0.0000,0.0000,0.0000,7.6761,179.9996,0.0008,179.9069
19.3365,searching,0.0000,0.0000,0.0000,0.0000,0.0000,7.6881,179.9996,0.0008,179.9069
19.3467,searching,0.0000,0.0000,0.0000,0.0000,0.0000,7.7001,179.9999,0.0013,179.9070
19.3564,searching,0.0000,0.0000,0.0000,0.0000,0.0000,7.7121,179.9995,0.0005,179.9077
19.3666,searching,0.0000,0.0000,0.0000,0.0000,0.0000,7.7241,179.9995,0.0005,179.9077
19.3765,searching,0.0000,0.0000,0.0000,0.0000,0.0000,7.7361,-179.9998,0.0021,179.9076
19.3867,searching,0.0000,0.0000,0.0000,0.0000,0.0000,7.7481,180.0000,0.0017,179.9079
19.3966,searching,0.0000,0.0000,0.0000,0.0000,0.0000,7.7601,180.0000,0.0017,179.9079
19.4065,searching,0.0000,0.0000,0.0000,0.0000,0.0000,7.7721,180.0000,0.0017,179.9079
19.4165,searching,0.0000,0.0000,0.0000,0.0000,0.0000,7.7841,-179.9992,0.0034,179.9077
19.4272,searching,0.0000,0.0000,0.0000,0.0000,0.0000,7.7961,-179.9992,0.0034,179.9077
19.4365,searching,0.0000,0.0000,0.0000,0.0000,0.0000,7.8081,-179.9995,0.0028,179.9077
19.4464,searching,0.0000,0.0000,0.0000,0.0000,0.0000,7.8201,179.9993,0.0001,179.9070
19.4565,searching,0.0000,0.0000,0.0000,0.0000,0.0000,7.8321,179.9993,0.0001,179.9070
19.4666,searching,0.0000,0.0000,0.0000,0.0000,0.0000,7.8441,179.9988,-0.0009,179.9081
19.4764,searching,0.0000,0.0000,0.0000,0.0000,0.0000,7.8561,179.9993,0.0002,179.9082
19.4867,searching,0.0000,0.0000,0.0000,0.0000,0.0000,7.8681,179.9993,0.0002,179.9082
19.4965,searching,0.0000,0.0000,0.0000,0.0000,0.0000,7.8801,179.9992,-0.0000,179.9084
19.5065,searching,0.0000,0.0000,0.0000,0.0000,0.0000,7.8921,-179.9995,0.0030,179.9083
19.5165,searching,0.0000,0.0000,0.0000,0.0000,0.0000,7.9041,-179.9995,0.0030,179.9083
19.5266,searching,0.0000,0.0000,0.0000,0.0000,0.0000,7.9161,179.9997,0.0027,179.9080
19.5364,searching,0.0000,0.0000,0.0000,0.0000,0.0000,7.9281,-179.9996,0.0042,179.9079
19.5467,searching,0.0000,0.0000,0.0000,0.0000,0.0000,7.9401,-179.9996,0.0042,179.9079
19.5566,searching,0.0000,0.0000,0.0000,0.0000,0.0000,7.9521,179.9989,0.0009,179.9083
19.5665,searching,0.0000,0.0000,0.0000,0.0000,0.0000,7.9641,179.9995,0.0022,179.9084
19.5765,searching,0.0000,0.0000,0.0000,0.0000,0.0000,7.9761,179.9995,0.0022,179.9084
19.5867,searching,0.0000,0.0000,0.0000,0.0000,0.0000,7.9881,179.9991,0.0013,179.9084
19.5964,searching,0.0000,0.0000,0.0000,0.0000,0.0000,8.0001,180.0000,0.0034,179.9091
19.6066,searching,0.0000,0.0000,0.0000,0.0000,0.0000,8.0121,180.0000,0.0034,179.9091
19.6166,searching,0.0000,0.0000,0.0000,0.0000,0.0000,8.0241,-179.9996,0.0044,179.9089
19.6269,searching,0.0000,0.0000,0.0000,0.0000,0.0000,8.0361,180.0000,0.0036,179.9088
19.6369,searching,0.0000,0.0000,0.0000,0.0000,0.0000,8.0481,180.0000,0.0036,179.9088
19.6468,searching,0.0000,0.0000,0.0000,0.0000,0.0000,8.0601,179.9984,-0.0000,179.9095
19.6567,searching,0.0000,0.0000,0.0000,0.0000,0.0000,8.0721,179.9978,-0.0011,179.9103
19.6671,searching,0.0000,0.0000,0.0000,0.0000,0.0000,8.0841,179.9978,-0.0011,179.9103
19.6768,searching,0.0000,0.0000,0.0000,0.0000,0.0000,8.0961,179.9987,0.0007,179.9107
19.6868,searching,0.0000,0.0000,0.0000,0.0000,0.0000,8.1081,-179.9996,0.0034,179.9105
19.6968,searching,0.0000,0.0000,0.0000,0.0000,0.0000,8.1201,-179.9996,0.0034,179.9105
19.7068,searching,0.0000,0.0000,0.0000,0.0000,0.0000,8.1321,-179.9999,0.0026,179.9098
19.7165,searching,0.0000,0.0000,0.0000,0.0000,0.0000,8.1441,-179.9991,0.0046,179.9096
19.7266,searching,0.0000,0.0000,0.0000,0.0000,0.0000,8.1561,-179.9991,0.0046,179.9096
19.7369,searching,0.0000,0.0000,0.0000,0.0000,0.0000,8.1681,179.9992,0.0007,179.9095
19.7469,searching,0.0000,0.0000,0.0000,0.0000,0.0000,8.1801,180.0000,0.0025,179.9094
19.7565,searching,0.0000,0.0000,0.0000,0.0000,0.0000,8.1921,180.0000,0.0025,179.9094
19.7666,searching,0.0000,0.0000,0.0000,0.0000,0.0000,8.2041,179.9993,0.0012,179.9088
19.7764,searching,0.0000,0.0000,0.0000,0.0000,0.0000,8.2161,179.9993,0.0012,179.9088
19.7871,searching,0.0000,0.0000,0.0000,0.0000,0.0000,8.2281,179.9993,0.0012,179.9088
19.7965,searching,0.0000,0.0000,0.0000,0.0000,0.0000,8.2401,179.9991,0.0008,179.9086
19.8065,searching,0.0000,0.0000,0.0000,0.0000,0.0000,8.2521,179.9996,0.0019,179.9089
19.8166,searching,0.0000,0.0000,0.0000,0.0000,0.0000,8.2641,179.9996,0.0019,179.9089
19.8268,searching,0.0000,0.0000,0.0000,0.0000,0.0000,8.2761,-179.9996,0.0037,179.9090
19.8364,searching,0.0000,0.0000,0.0000,0.0000,0.0000,8.2881,-179.9995,0.0040,179.9089
19.8466,searching,0.0000,0.0000,0.0000,0.0000,0.0000,8.3001,-179.9995,0.0040,179.9089
19.8566,searching,0.0000,0.0000,0.0000,0.0000,0.0000,8.3121,-179.9993,0.0046,179.9090
19.8666,searching,0.0000,0.0000,0.0000,0.0000,0.0000,8.3241,-179.9999,0.0033,179.9091
19.8765,searching,0.0000,0.0000,0.0000,0.0000,0.0000,8.3361,-179.9999,0.0033,179.9091
19.8865,searching,0.0000,0.0000,0.0000,0.0000,0.0000,8.3481,-179.9989,0.0043,179.9090
19.8964,searching,0.0000,0.0000,0.0000,0.0000,0.0000,8.3601,179.9995,0.0008,179.9090
19.9067,searching,0.0000,0.0000,0.0000,0.0000,0.0000,8.3721,179.9995,0.0008,179.9090
19.9165,searching,0.0000,0.0000,0.0000,0.0000,0.0000,8.3841,179.9997,0.0012,179.9093
19.9265,searching,0.0000,0.0000,0.0000,0.0000,0.0000,8.3961,-179.9997,0.0026,179.9096
19.9365,searching,0.0000,0.0000,0.0000,0.0000,0.0000,8.4081,-179.9997,0.0026,179.9096
19.9470,searching,0.0000,0.0000,0.0000,0.0000,0.0000,8.4201,180.0000,0.0021,179.9110
19.9567,searching,0.0000,0.0000,0.0000,0.0000,0.0000,8.4321,179.9994,0.0009,179.9108
19.9667,searching,0.0000,0.0000,0.0000,0.0000,0.0000,8.4441,179.9994,0.0009,179.9108
19.9765,searching,0.0000,0.0000,0.0000,0.0000,0.0000,8.4561,-179.9995,0.0033,179.9104
19.9866,searching,0.0000,0.0000,0.0000,0.0000,0.0000,8.4681,179.9989,-0.0002,179.9100
19.9966,searching,0.0000,0.0000,0.0000,0.0000,0.0000,8.4801,179.9989,-0.0002,179.9100
20.0067,searching,0.0000,0.0000,0.0000,0.0000,0.0000,8.4921,179.9996,0.0015,179.9095
20.0165,searching,0.0000,0.0000,0.0000,0.0000,0.0000,8.5041,179.9992,0.0007,179.9080
20.0272,searching,0.0000,0.0000,0.0000,0.0000,0.0000,8.5161,179.9992,0.0007,179.9080
20.0368,searching,0.0000,0.0000,0.0000,0.0000,0.0000,8.5281,179.9993,-0.0003,179.9086
20.0465,searching,0.0000,0.0000,0.0000,0.0000,0.0000,8.5401,179.9992,-0.0006,179.9091
20.0569,searching,0.0000,0.0000,0.0000,0.0000,0.0000,8.5521,179.9992,-0.0006,179.9091
20.0671,searching,0.0000,0.0000,0.0000,0.0000,0.0000,8.5641,179.9993,-0.0003,179.9093
20.0767,searching,0.0000,0.0000,0.0000,0.0000,0.0000,8.5761,179.9996,0.0005,179.9087
20.0868,searching,0.0000,0.0000,0.0000,0.0000,0.0000,8.5881,179.9996,0.0005,179.9087
20.0965,searching,0.0000,0.0000,0.0000,0.0000,0.0000,8.6001,180.0000,0.0015,179.9086
20.1076,searching,0.0000,0.0000,0.0000,0.0000,0.0000,8.6121,179.9999,0.0014,179.9077
20.1169,searching,0.0000,0.0000,0.0000,0.0000,0.0000,8.6241,179.9999,0.0014,179.9077
20.1268,searching,0.0000,0.0000,0.0000,0.0000,0.0000,8.6361,-179.9995,0.0029,179.9080
20.1364,searching,0.0000,0.0000,0.0000,0.0000,0.0000,8.6481,179.9999,0.0015,179.9091
20.1471,searching,0.0000,0.0000,0.0000,0.0000,0.0000,8.6601,179.9999,0.0015,179.9091
20.1565,searching,0.0000,0.0000,0.0000,0.0000,0.0000,8.6721,179.9999,0.0015,179.9091
20.1664,searching,0.0000,0.0000,0.0000,0.0000,0.0000,8.6841,179.9999,0.0015,179.9091
20.1765,searching,0.0000,0.0000,0.0000,0.0000,0.0000,8.6961,179.9999,0.0015,179.9091
20.1865,searching,0.0000,0.0000,0.0000,0.0000,0.0000,8.7081,179.9992,0.0001,179.9090
20.1964,searching,0.0000,0.0000,0.0000,0.0000,0.0000,8.7201,179.9988,-0.0007,179.9090
20.2064,searching,0.0000,0.0000,0.0000,0.0000,0.0000,8.7321,179.9988,-0.0007,179.9090
20.2166,searching,0.0000,0.0000,0.0000,0.0000,0.0000,8.7441,179.9999,0.0018,179.9087
20.2267,searching,0.0000,0.0000,0.0000,0.0000,0.0000,8.7561,-179.9999,0.0023,179.9090
20.2365,searching,0.0000,0.0000,0.0000,0.0000,0.0000,8.7681,-179.9999,0.0023,179.9090
20.2465,searching,0.0000,0.0000,0.0000,0.0000,0.0000,8.7801,179.9997,0.0015,179.9091
20.2566,searching,0.0000,0.0000,0.0000,0.0000,0.0000,8.7921,179.9994,0.0010,179.9094
20.2666,searching,0.0000,0.0000,0.0000,0.0000,0.0000,8.8041,179.9994,0.0010,179.9094
20.2764,searching,0.0000,0.0000,0.0000,0.0000,0.0000,8.8161,179.9990,0.0002,179.9078
20.2865,searching,0.0000,0.0000,0.0000,0.0000,0.0000,8.8281,179.9998,0.0006,179.9075
20.2964,searching,0.0000,0.0000,0.0000,0.0000,0.0000,8.8401,179.9998,0.0006,179.9075
20.3067,searching,0.0000,0.0000,0.0000,0.0000,0.0000,8.8521,179.9996,0.0003,179.9072
20.3164,searching,0.0000,0.0000,0.0000,0.0000,0.0000,8.8641,179.9998,0.0009,179.9101
20.3265,searching,0.0000,0.0000,0.0000,0.0000,0.0000,8.8761,179.9998,0.0009,179.9101
20.3364,searching,0.0000,0.0000,0.0000,0.0000,0.0000,8.8881,180.0000,0.0013,179.9088
20.3465,searching,0.0000,0.0000,0.0000,0.0000,0.0000,8.9001,179.9998,0.0009,179.9092
20.3564,searching,0.0000,0.0000,0.0000,0.0000,0.0000,8.9121,179.9998,0.0009,179.9092
20.3665,searching,0.0000,0.0000,0.0000,0.0000,0.0000,8.9241,179.9992,-0.0004,179.9102
20.3764,searching,0.0000,0.0000,0.0000,0.0000,0.0000,8.9361,179.9996,0.0007,179.9096
20.3866,searching,0.0000,0.0000,0.0000,0.0000,0.0000,8.9481,179.9996,0.0007,179.9096
20.3965,searching,0.0000,0.0000,0.0000,0.0000,0.0000,8.9601,179.9996,0.0007,179.9096
20.4065,searching,0.0000,0.0000,0.0000,0.0000,0.0000,8.9721,179.9997,0.0010,179.9096
20.4165,searching,0.0000,0.0000,0.0000,0.0000,0.0000,8.9841,179.9997,0.0010,179.9096
20.4267,searching,0.0000,0.0000,0.0000,0.0000,0.0000,8.9961,179.9998,0.0012,179.9079
20.4365,searching,0.0000,0.0000,0.0000,0.0000,0.0000,9.0081,179.9995,0.0007,179.9073
20.4464,searching,0.0000,0.0000,0.0000,0.0000,0.0000,9.0201,179.9995,0.0007,179.9073
20.4564,searching,0.0000,0.0000,0.0000,0.0000,0.0000,9.0321,179.9996,0.0009,179.9081
20.4665,searching,0.0000,0.0000,0.0000,0.0000,0.0000,9.0441,179.9995,0.0007,179.9094
20.4765,searching,0.0000,0.0000,0.0000,0.0000,0.0000,9.0561,179.9995,0.0007,179.9094
20.4864,searching,0.0000,0.0000,0.0000,0.0000,0.0000,9.0681,179.9997,0.0014,179.9088
20.4964,searching,0.0000,0.0000,0.0000,0.0000,0.0000,9.0801,179.9998,0.0016,179.9083
20.5068,searching,0.0000,0.0000,0.0000,0.0000,0.0000,9.0921,179.9998,0.0016,179.9083
20.5165,searching,0.0000,0.0000,0.0000,0.0000,0.0000,9.1041,-179.9998,0.0024,179.9083
20.5264,searching,0.0000,0.0000,0.0000,0.0000,0.0000,9.1161,-179.9998,0.0026,179.9092
20.5366,searching,0.0000,0.0000,0.0000,0.0000,0.0000,9.1281,-179.9998,0.0026,179.9092
20.5469,searching,0.0000,0.0000,0.0000,0.0000,0.0000,9.1401,-179.9998,0.0026,179.9092
20.5565,searching,0.0000,0.0000,0.0000,0.0000,0.0000,9.1521,-179.9998,0.0027,179.9091
20.5665,searching,0.0000,0.0000,0.0000,0.0000,0.0000,9.1641,-179.9998,0.0027,179.9091
20.5765,searching,0.0000,0.0000,0.0000,0.0000,0.0000,9.1761,179.9997,0.0015,179.9095
20.5870,searching,0.0000,0.0000,0.0000,0.0000,0.0000,9.1881,-179.9997,0.0015,179.9087
20.5966,searching,0.0000,0.0000,0.0000,0.0000,0.0000,9.2001,-179.9997,0.0015,179.9087
20.6065,searching,0.0000,0.0000,0.0000,0.0000,0.0000,9.2121,-179.9993,0.0024,179.9097
20.6164,searching,0.0000,0.0000,0.0000,0.0000,0.0000,9.2241,-179.9993,0.0025,179.9087
20.6267,searching,0.0000,0.0000,0.0000,0.0000,0.0000,9.2361,-179.9993,0.0025,179.9087
20.6366,searching,0.0000,0.0000,0.0000,0.0000,0.0000,9.2481,-179.9991,0.0030,179.9083
20.6465,searching,0.0000,0.0000,0.0000,0.0000,0.0000,9.2601,-179.9993,0.0027,179.9082
20.6566,searching,0.0000,0.0000,0.0000,0.0000,0.0000,9.2721,-179.9993,0.0027,179.9082
20.6666,searching,0.0000,0.0000,0.0000,0.0000,0.0000,9.2841,179.9999,0.0008,179.9079
20.6764,searching,0.0000,0.0000,0.0000,0.0000,0.0000,9.2961,179.9997,0.0004,179.9085
20.6865,searching,0.0000,0.0000,0.0000,0.0000,0.0000,9.3081,179.9997,0.0004,179.9085
20.6966,searching,0.0000,0.0000,0.0000,0.0000,0.0000,9.3201,179.9995,0.0001,179.9087
20.7067,searching,0.0000,0.0000,0.0000,0.0000,0.0000,9.3321,179.9995,0.0001,179.9090
20.7166,searching,0.0000,0.0000,0.0000,0.0000,0.0000,9.3441,179.9995,0.0001,179.9090
20.7266,searching,0.0000,0.0000,0.0000,0.0000,0.0000,9.3561,179.9992,-0.0005,179.9098
20.7364,searching,0.0000,0.0000,0.0000,0.0000,0.0000,9.3681,179.9999,0.0010,179.9088
20.7468,searching,0.0000,0.0000,0.0000,0.0000,0.0000,9.3801,179.9999,0.0010,179.9088
20.7566,searching,0.0000,0.2015,0.0000,0.0000,0.0000,9.3921,179.9994,-0.0002,179.9096
20.7664,searching,0.0000,0.2032,0.0000,0.0000,0.0000,9.4041,179.9999,0.0010,179.9086
20.7765,searching,0.0000,0.2052,0.0000,0.0000,0.0000,9.4161,179.9999,0.0010,179.9086
20.7872,searching,0.0000,0.2075,0.0000,0.0000,0.0000,9.4281,179.9993,-0.0004,179.9092
20.7965,searching,0.0000,0.2089,0.0000,0.0000,0.0000,9.4401,179.9996,0.0005,179.9089
20.8066,searching,0.0000,0.2102,0.0000,0.0000,0.0000,9.4521,179.9996,0.0005,179.9089
20.8165,searching,0.0000,0.2113,0.0000,0.0000,0.0000,9.4641,179.9998,0.0009,179.9097
20.8268,searching,0.0000,0.2118,0.0000,0.0000,0.0000,9.4761,179.9998,0.0009,179.9097
20.8366,searching,0.0000,0.2120,0.0000,0.0000,0.0000,9.4881,-179.9998,0.0017,179.9081
20.8466,searching,0.0000,0.2132,0.0000,0.0000,0.0000,9.5001,179.9998,0.0010,179.9086
20.8564,searching,0.0000,0.2142,0.0000,0.0000,0.0000,9.5121,179.9997,0.0008,179.9084
20.8666,searching,0.0000,0.2144,0.0000,0.0000,0.0000,9.5241,179.9997,0.0008,179.9084
20.8765,searching,0.0000,0.2153,0.0000,0.0000,0.0000,9.5361,179.9993,-0.0003,179.9099
20.8864,searching,0.0000,0.2169,0.0000,0.0000,0.0000,9.5481,180.0000,0.0013,179.9096
20.8966,searching,0.0000,0.2177,0.0000,0.0000,0.0000,9.5601,180.0000,0.0013,179.9096
20.9067,searching,0.0000,0.2182,0.0000,0.0000,0.0000,9.5721,180.0000,0.0013,179.9100
20.9165,searching,0.0000,0.2193,0.0000,0.0000,0.0000,9.5841,180.0000,0.0013,179.9100
20.9266,searching,0.0000,0.2199,0.0000,0.0000,0.0000,9.5961,180.0000,0.0013,179.9100
20.9366,searching,0.0000,0.2205,0.0000,0.0000,0.0000,9.6081,-179.9993,0.0030,179.9095
20.9466,searching,0.0000,0.2222,0.0000,0.0000,0.0000,9.6201,179.9995,0.0002,179.9093
20.9566,searching,0.0000,0.2236,0.0000,0.0000,0.0000,9.6321,179.9995,0.0002,179.9093
20.9665,searching,0.0000,0.2238,0.0000,0.0000,0.0000,9.6441,179.9986,-0.0019,179.9082
20.9765,searching,0.0000,0.2234,0.0000,0.0000,0.0000,9.6561,179.9980,-0.0032,179.9091
20.9868,searching,0.0000,0.2223,0.0000,0.0000,0.0000,9.6681,179.9980,-0.0032,179.9091
20.9965,searching,0.0000,0.2205,0.0000,0.0000,0.0000,9.6801,180.0000,0.0013,179.9086
21.0067,searching,0.0000,0.2192,0.0000,0.0000,0.0000,9.6921,-179.9991,0.0034,179.9083
21.0166,searching,0.0000,0.2189,0.0000,0.0000,0.0000,9.7041,-179.9991,0.0034,179.9083
21.0268,searching,0.0000,0.2181,0.0000,0.0000,0.0000,9.7161,-179.9990,0.0037,179.9082
21.0364,searching,0.0000,0.2181,0.0000,0.0000,0.0000,9.7281,179.9996,0.0003,179.9095
21.0466,searching,0.0000,0.2194,0.0000,0.0000,0.0000,9.7401,179.9996,0.0003,179.9095
21.0565,searching,0.0000,0.2196,0.0000,0.0000,0.0000,9.7521,179.9996,0.0004,179.9089
21.0666,searching,0.0000,0.2194,0.0000,0.0000,0.0000,9.7641,179.9991,-0.0010,179.9097
21.0765,searching,0.0000,0.2192,0.0000,0.0000,0.0000,9.7761,179.9991,-0.0010,179.9097
21.0867,searching,0.0000,0.2175,0.0000,0.0000,0.0000,9.7881,179.9997,0.0005,179.9085
21.0964,searching,0.0000,0.2159,0.0000,0.0000,0.0000,9.8001,179.9995,-0.0001,179.9096
21.1069,searching,0.0000,0.2156,0.0000,0.0000,0.0000,9.8121,179.9995,-0.0001,179.9096
21.1165,searching,0.0000,0.2148,0.0000,0.0000,0.0000,9.8241,179.9994,-0.0003,179.9088
21.1264,searching,0.0000,0.2141,0.0000,0.0000,0.0000,9.8361,179.9994,-0.0003,179.9088
21.1365,searching,0.0000,0.2151,0.0000,0.0000,0.0000,9.8481,179.9994,-0.0003,179.9088
21.1466,searching,0.0000,0.2148,0.0000,0.0000,0.0000,9.8601,179.9990,-0.0013,179.9090
21.1565,searching,0.0000,0.2135,0.0000,0.0000,0.0000,9.8721,179.9999,0.0008,179.9090
21.1665,searching,0.0000,0.2134,0.0000,0.0000,0.0000,9.8841,179.9999,0.0008,179.9090
21.1766,searching,0.0000,0.2130,0.0000,0.0000,0.0000,9.8961,179.9998,0.0006,179.9088
21.1867,searching,0.0000,0.2111,0.0000,0.0000,0.0000,9.9081,-179.9995,0.0022,179.9092
21.1966,searching,0.0000,0.2100,0.0000,0.0000,0.0000,9.9201,-179.9995,0.0022,179.9092
21.2066,searching,0.0000,0.2099,0.0000,0.0000,0.0000,9.9321,179.9999,0.0007,179.9086
21.2164,searching,0.0000,0.2091,0.0000,0.0000,0.0000,9.9441,179.9998,0.0005,179.9079
21.2267,searching,0.0000,0.2087,0.0000,0.0000,0.0000,9.9561,179.9998,0.0005,179.9079
21.2365,searching,0.0000,0.2079,0.0000,0.0000,0.0000,9.9681,179.9995,-0.0003,179.9069
21.2465,searching,0.0000,0.2053,0.0000,0.0000,0.0000,9.9801,179.9993,-0.0010,179.9069
21.2568,searching,0.0000,0.2027,0.0000,0.0000,0.0000,9.9921,179.9993,-0.0010,179.9069
21.2670,searching,0.0000,0.2009,0.0000,0.0000,0.0000,10.0041,179.9997,-0.0000,179.9080
21.2768,searching,0.0000,0.0000,0.0000,0.0000,0.0000,10.0161,179.9992,-0.0013,179.9084
21.2868,searching,0.0000,0.0000,0.0000,0.0000,0.0000,10.0281,179.9992,-0.0013,179.9084
21.2968,searching,0.0000,0.0000,0.0000,0.0000,0.0000,10.0401,179.9993,-0.0011,179.9077
21.3065,searching,0.0000,0.0000,0.0000,0.0000,0.0000,10.0521,-179.9992,0.0024,179.9085
21.3165,searching,0.0000,0.0000,0.0000,0.0000,0.0000,10.0641,-179.9992,0.0024,179.9085
21.3266,searching,0.0000,0.0000,0.0000,0.0000,0.0000,10.0761,-179.9999,0.0007,179.9090
21.3365,searching,0.0000,0.0000,0.0000,0.0000,0.0000,10.0881,-179.9993,0.0022,179.9094
21.3466,searching,0.0000,0.0000,0.0000,0.0000,0.0000,10.1001,-179.9993,0.0022,179.9094
21.3565,searching,0.0000,0.0000,0.0000,0.0000,0.0000,10.1121,179.9996,-0.0005,179.9088
21.3664,searching,0.0000,0.0000,0.0000,0.0000,0.0000,10.1241,179.9996,-0.0005,179.9088
21.3766,searching,0.0000,0.0000,0.0000,0.0000,0.0000,10.1361,179.9996,-0.0005,179.9088
21.3866,searching,0.0000,0.0000,0.0000,0.0000,0.0000,10.1481,179.9993,-0.0014,179.9091
21.3964,searching,0.0000,0.0000,0.0000,0.0000,0.0000,10.1601,-179.9997,0.0009,179.9088
21.4066,searching,0.0000,0.0000,0.0000,0.0000,0.0000,10.1721,-179.9997,0.0009,179.9088
21.4166,searching,0.0000,0.0000,0.0000,0.0000,0.0000,10.1841,-179.9992,0.0019,179.9092
21.4266,searching,0.0000,0.0000,0.0000,0.0000,0.0000,10.1961,-179.9993,0.0017,179.9088
21.4366,searching,0.0000,0.0000,0.0000,0.0000,0.0000,10.2081,-179.9993,0.0017,179.9088
21.4466,searching,0.0000,0.0000,0.0000,0.0000,0.0000,10.2201,-179.9978,0.0051,179.9090
21.4564,searching,0.0000,0.0000,0.0000,0.0000,0.0000,10.2321,-179.9997,0.0006,179.9088
21.4666,searching,0.0000,0.0000,0.0000,0.0000,0.0000,10.2441,-179.9997,0.0006,179.9088
21.4765,searching,0.0000,0.0000,0.0000,0.0000,0.0000,10.2561,179.9991,-0.0021,179.9084
21.4865,searching,0.0000,0.0000,0.0000,0.0000,0.0000,10.2681,179.9996,-0.0011,179.9085
21.4966,searching,0.0000,0.0000,0.0000,0.0000,0.0000,10.2801,179.9996,-0.0011,179.9085
21.5067,searching,0.0000,0.0000,0.0000,0.0000,0.0000,10.2921,179.9997,-0.0010,179.9084
21.5165,searching,0.0000,0.0000,0.0000,0.0000,0.0000,10.3041,-179.9998,0.0001,179.9083
21.5265,searching,0.0000,0.0000,0.0000,0.0000,0.0000,10.3161,-179.9998,0.0001,179.9083
21.5365,searching,0.0000,0.0000,0.0000,0.0000,0.0000,10.3281,-179.9988,0.0023,179.9087
21.5466,searching,0.0000,0.0000,0.0000,0.0000,0.0000,10.3401,179.9997,-0.0012,179.9086
21.5565,searching,0.0000,0.0000,0.0000,0.0000,0.0000,10.3521,179.9997,-0.0012,179.9086
21.5666,searching,0.0000,0.0000,0.0000,0.0000,0.0000,10.3641,-179.9998,-0.0001,179.9088
21.5764,searching,0.0000,0.0000,0.0000,0.0000,0.0000,10.3761,179.9994,-0.0007,179.9094
21.5866,searching,0.0000,0.0000,0.0000,0.0000,0.0000,10.3881,179.9994,-0.0007,179.9094
21.5965,searching,0.0000,0.0000,0.0000,0.0000,0.0000,10.4001,179.9987,-0.0025,179.9090
21.6065,searching,0.0000,0.0000,0.0000,0.0000,0.0000,10.4121,-179.9997,0.0011,179.9083
21.6164,searching,0.0000,0.0000,0.0000,0.0000,0.0000,10.4241,-179.9997,0.0011,179.9083
21.6271,searching,0.0000,0.0000,0.0000,0.0000,0.0000,10.4361,-179.9992,0.0023,179.9090
21.6364,searching,0.0000,0.0000,0.0000,0.0000,0.0000,10.4481,-179.9996,0.0012,179.9073
21.6465,searching,0.0000,0.0000,0.0000,0.0000,0.0000,10.4601,-179.9996,0.0012,179.9073
21.6564,searching,0.0000,0.0000,0.0000,0.0000,0.0000,10.4721,-179.9986,0.0036,179.9078
21.6666,searching,0.0000,0.0000,0.0000,0.0000,0.0000,10.4841,179.9999,-0.0001,179.9074
21.6765,searching,0.0000,0.0000,0.0000,0.0000,0.0000,10.4961,179.9999,-0.0001,179.9074
21.6866,searching,0.0000,0.0000,0.0000,0.0000,0.0000,10.5081,179.9999,-0.0001,179.9074
21.6964,searching,0.0000,0.0000,0.0000,0.0000,0.0000,10.5201,179.9990,-0.0009,179.9090
21.7065,searching,0.0000,0.0000,0.0000,0.0000,0.0000,10.5321,179.9990,-0.0009,179.9090
21.7166,searching,0.0000,0.0000,0.0000,0.0000,0.0000,10.5441,179.9995,0.0004,179.9090
21.7264,searching,0.0000,0.0000,0.0000,0.0000,0.0000,10.5561,179.9998,0.0009,179.9095
21.7365,searching,0.0000,0.0000,0.0000,0.0000,0.0000,10.5681,179.9998,0.0009,179.9095
21.7467,searching,0.0000,0.0000,0.0000,0.0000,0.0000,10.5801,180.0000,0.0013,179.9083
21.7564,searching,0.0000,0.0000,0.0000,0.0000,0.0000,10.5921,-179.9997,0.0019,179.9088
21.7665,searching,0.0000,0.0000,0.0000,0.0000,0.0000,10.6041,-179.9997,0.0019,179.9088
21.7765,searching,0.0000,0.0000,0.0000,0.0000,0.0000,10.6161,-179.9998,0.0017,179.9084
21.7866,searching,0.0000,0.0000,0.0000,0.0000,0.0000,10.6281,-179.9994,0.0024,179.9092
21.7966,searching,0.0000,0.0000,0.0000,0.0000,0.0000,10.6401,-179.9994,0.0024,179.9092
21.8066,searching,0.0000,0.0000,0.0000,0.0000,0.0000,10.6521,-179.9992,0.0027,179.9096
21.8164,searching,0.0000,0.0000,0.0000,0.0000,0.0000,10.6641,-179.9987,0.0038,179.9077
21.8268,searching,0.0000,0.0000,0.0000,0.0000,0.0000,10.6761,-179.9987,0.0038,179.9077
21.8366,searching,0.0000,0.0000,0.0000,0.0000,0.0000,10.6881,-179.9990,0.0030,179.9068
21.8465,searching,0.0000,0.0000,0.0000,0.0000,0.0000,10.7001,179.9998,0.0003,179.9077
21.8566,searching,0.0000,0.0000,0.0000,0.0000,0.0000,10.7121,179.9998,0.0003,179.9077
21.8668,searching,0.0000,0.0000,0.0000,0.0000,0.0000,10.7241,179.9994,-0.0008,179.9084
21.8764,searching,0.0000,0.0000,0.0000,0.0000,0.0000,10.7361,179.9990,-0.0003,179.9098
21.8867,searching,0.0000,0.0000,0.0000,0.0000,0.0000,10.7481,179.9990,-0.0003,179.9098
21.8966,searching,0.0000,0.0000,0.0000,0.0000,0.0000,10.7601,179.9989,-0.0007,179.9084
21.9066,searching,0.0000,0.0000,0.0000,0.0000,0.0000,10.7721,179.9989,-0.0007,179.9084
21.9167,searching,0.0000,0.0000,0.0000,0.0000,0.0000,10.7841,179.9989,-0.0007,179.9084
21.9265,searching,0.0000,0.0000,0.0000,0.0000,0.0000,10.7961,179.9994,0.0004,179.9095
21.9364,searching,0.0000,0.0000,0.0000,0.0000,0.0000,10.8081,179.9999,0.0014,179.9102
21.9467,searching,0.0000,0.0000,0.0000,0.0000,0.0000,10.8201,179.9999,0.0014,179.9102
21.9565,searching,0.0000,0.0000,0.0000,0.0000,0.0000,10.8321,179.9993,-0.0000,179.9091
21.9665,searching,0.0000,0.0000,0.0000,0.0000,0.0000,10.8441,179.9993,-0.0001,179.9074
21.9765,searching,0.0000,0.0000,0.0000,0.0000,0.0000,10.8561,179.9993,-0.0001,179.9074
21.9867,searching,0.0000,0.0000,0.0000,0.0000,0.0000,10.8681,179.9989,-0.0011,179.9091
21.9965,searching,0.0000,0.0000,0.0000,0.0000,0.0000,10.8801,179.9988,-0.0012,179.9087
22.0067,searching,0.0000,0.0000,0.0000,0.0000,0.0000,10.8921,179.9988,-0.0012,179.9087
22.0165,searching,0.0000,0.0000,0.0000,0.0000,0.0000,10.9041,179.9993,-0.0002,179.9098
22.0266,searching,0.0000,0.0000,0.0000,0.0000,0.0000,10.9161,179.9995,0.0001,179.9097
22.0366,searching,0.0000,0.0000,0.0000,0.0000,0.0000,10.9281,179.9995,0.0001,179.9097
22.0466,searching,0.0000,0.0000,0.0000,0.0000,0.0000,10.9401,-179.9997,0.0018,179.9084
22.0564,searching,0.0000,0.0000,0.0000,0.0000,0.0000,10.9521,-179.9990,0.0035,179.9073
22.0668,searching,0.0000,0.0000,0.0000,0.0000,0.0000,10.9641,-179.9990,0.0035,179.9073
22.0765,searching,0.0000,0.0000,0.0000,0.0000,0.0000,10.9761,-179.9993,0.0027,179.9079
22.0865,searching,0.0000,0.0000,0.0000,0.0000,0.0000,10.9881,-179.9990,0.0034,179.9082
22.0965,searching,0.0000,0.0000,0.0000,0.0000,0.0000,11.0001,-179.9990,0.0034,179.9082
22.1067,searching,0.0000,0.0000,0.0000,0.0000,0.0000,11.0121,-179.9995,0.0023,179.9092
22.1165,searching,0.0000,0.0000,0.0000,0.0000,0.0000,11.0241,-179.9996,0.0018,179.9086
22.1268,searching,0.0000,0.0000,0.0000,0.0000,0.0000,11.0361,-179.9996,0.0018,179.9086
22.1366,searching,0.0000,0.0000,0.0000,0.0000,0.0000,11.0481,-179.9997,0.0016,179.9096
22.1466,searching,0.0000,0.0000,0.0000,0.0000,0.0000,11.0601,-179.9997,0.0015,179.9088
22.1566,searching,0.0000,0.0000,0.0000,0.0000,0.0000,11.0721,-179.9997,0.0015,179.9088
22.1666,searching,0.0000,0.0000,0.0000,0.0000,0.0000,11.0841,-179.9997,0.0016,179.9085
22.1765,searching,0.0000,0.0000,0.0000,0.0000,0.0000,11.0961,-179.9993,0.0024,179.9078
22.1867,searching,0.0000,0.0000,0.0000,0.0000,0.0000,11.1081,-179.9993,0.0024,179.9078
22.1965,searching,0.0000,0.0000,0.0000,0.0000,0.0000,11.1201,-179.9996,0.0016,179.9086
22.2065,searching,0.0000,0.0000,0.0000,0.0000,0.0000,11.1321,-179.9995,0.0019,179.9090
22.2166,searching,0.0000,0.0000,0.0000,0.0000,0.0000,11.1441,-179.9995,0.0019,179.9090
22.2272,searching,0.0000,0.0000,0.0000,0.0000,0.0000,11.1561,-179.9996,0.0030,179.9096
22.2367,searching,0.0000,0.0000,0.0000,0.0000,0.0000,11.1681,-179.9996,0.0030,179.9096
22.2468,searching,0.0000,0.0000,0.0000,0.0000,0.0000,11.1801,-179.9996,0.0030,179.9096
22.2567,searching,0.0000,0.0000,0.0000,0.0000,0.0000,11.1921,-179.9993,0.0035,179.9094
22.2666,searching,0.0000,0.0000,0.0000,0.0000,0.0000,11.2041,179.9998,0.0016,179.9088
22.2770,searching,0.0000,0.0000,0.0000,0.0000,0.0000,11.2161,179.9998,0.0016,179.9088
22.2870,searching,0.0000,0.0000,0.0000,0.0000,0.0000,11.2281,180.0000,0.0020,179.9097
22.2965,searching,0.0000,0.0000,0.0000,0.0000,0.0000,11.2401,179.9996,0.0010,179.9090
22.3068,searching,0.0000,0.0000,0.0000,0.0000,0.0000,11.2521,179.9996,0.0010,179.9090
22.3165,searching,0.0000,0.0000,0.0000,0.0000,0.0000,11.2641,-179.9996,0.0027,179.9100
22.3264,searching,0.0000,0.0000,0.0000,0.0000,0.0000,11.2761,-179.9994,0.0033,179.9088
22.3365,searching,0.0000,0.0000,0.0000,0.0000,0.0000,11.2881,-179.9994,0.0033,179.9088
22.3472,searching,0.0000,0.0000,0.0000,0.0000,0.0000,11.3001,179.9990,-0.0004,179.9092
22.3567,searching,0.0000,0.0000,0.0000,0.0000,0.0000,11.3121,179.9996,0.0009,179.9080
22.3668,searching,0.0000,0.0000,0.0000,0.0000,0.0000,11.3241,179.9996,0.0009,179.9080
22.3768,searching,0.0000,0.0000,0.0000,0.0000,0.0000,11.3361,179.9984,-0.0016,179.9091
22.3866,searching,0.0000,0.0000,0.0000,0.0000,0.0000,11.3481,179.9997,0.0012,179.9086
22.3966,searching,0.0000,0.0000,0.0000,0.0000,0.0000,11.3601,179.9997,0.0012,179.9086
22.4065,searching,0.0000,0.0000,0.0000,0.0000,0.0000,11.3721,179.9999,0.0015,179.9088
22.4165,searching,0.0000,0.0000,0.0000,0.0000,0.0000,11.3841,179.9988,-0.0008,179.9082
22.4268,searching,0.0000,0.0000,0.0000,0.0000,0.0000,11.3961,179.9988,-0.0008,179.9082
22.4366,searching,0.0000,0.0000,0.0000,0.0000,0.0000,11.4081,179.9997,0.0012,179.9081
22.4468,searching,0.0000,0.0000,0.0000,0.0000,0.0000,11.4201,179.9990,-0.0004,179.9083
22.4570,searching,0.0000,0.0000,0.0000,0.0000,0.0000,11.4321,179.9990,-0.0004,179.9083
22.4666,searching,0.0000,0.0000,0.0000,0.0000,0.0000,11.4441,179.9988,-0.0009,179.9082
22.4764,searching,0.0000,0.0000,0.0000,0.0000,0.0000,11.4561,179.9999,0.0016,179.9085
22.4865,searching,0.0000,0.0000,0.0000,0.0000,0.0000,11.4681,179.9999,0.0016,179.9085
22.4965,searching,0.0000,0.0000,0.0000,0.0000,0.0000,11.4801,179.9989,-0.0006,179.9085
22.5066,searching,0.0000,0.0000,0.0000,0.0000,0.0000,11.4921,179.9989,-0.0006,179.9085
22.5166,searching,0.0000,0.0000,0.0000,0.0000,0.0000,11.5041,179.9989,-0.0006,179.9085
22.5266,searching,0.0000,0.0000,0.0000,0.0000,0.0000,11.5161,-179.9997,0.0025,179.9075
22.5365,searching,0.0000,0.0000,0.0000,0.0000,0.0000,11.5281,-179.9997,0.0026,179.9083
22.5467,searching,0.0000,0.0000,0.0000,0.0000,0.0000,11.5401,-179.9997,0.0026,179.9083
22.5566,searching,0.0000,0.0000,0.0000,0.0000,0.0000,11.5521,-179.9997,0.0027,179.9076
22.5668,searching,0.0000,0.0000,0.0000,0.0000,0.0000,11.5641,179.9999,0.0017,179.9082
22.5768,searching,0.0000,0.0000,0.0000,0.0000,0.0000,11.5761,179.9999,0.0017,179.9082
22.5866,searching,0.0000,0.0000,0.0000,0.0000,0.0000,11.5881,179.9992,0.0003,179.9078
22.5964,searching,0.0000,0.0000,0.0000,0.0000,0.0000,11.6001,-179.9993,0.0035,179.9081
22.6068,searching,0.0000,0.0000,0.0000,0.0000,0.0000,11.6121,-179.9993,0.0035,179.9081
22.6166,searching,0.0000,0.0000,0.0000,0.0000,0.0000,11.6241,-179.9999,0.0022,179.9084
22.6266,searching,0.0000,0.0000,0.0000,0.0000,0.0000,11.6361,-179.9987,0.0049,179.9089
22.6365,searching,0.0000,0.0000,0.0000,0.0000,0.0000,11.6481,-179.9987,0.0049,179.9089
22.6466,searching,0.0000,0.0000,0.0000,0.0000,0.0000,11.6601,-179.9997,0.0027,179.9086
22.6565,searching,0.0000,0.0000,0.0000,0.0000,0.0000,11.6721,179.9993,0.0006,179.9082
22.6666,searching,0.0000,0.0000,0.0000,0.0000,0.0000,11.6841,179.9993,0.0006,179.9082
22.6765,searching,0.0000,0.0000,0.0000,0.0000,0.0000,11.6961,179.9987,-0.0007,179.9084
22.6865,searching,0.0000,0.0000,0.0000,0.0000,0.0000,11.7081,179.9995,0.0010,179.9081
22.6965,searching,0.0000,0.0000,0.0000,0.0000,0.0000,11.7201,179.9995,0.0010,179.9081
22.7067,searching,0.0000,0.0000,0.0000,0.0000,0.0000,11.7321,179.9993,0.0007,179.9088
22.7165,searching,0.0000,0.0000,0.0000,0.0000,0.0000,11.7441,-179.9997,0.0030,179.9086
22.7265,searching,0.0000,0.0000,0.0000,0.0000,0.0000,11.7561,-179.9997,0.0030,179.9086
22.7366,searching,0.0000,0.0000,0.0000,0.0000,0.0000,11.7681,179.9994,0.0009,179.9086
22.7469,searching,0.0000,0.0000,0.0000,0.0000,0.0000,11.7801,179.9998,0.0020,179.9083
22.7567,searching,0.0000,0.0000,0.0000,0.0000,0.0000,11.7921,179.9998,0.0020,179.9083
22.7666,searching,0.0000,0.0000,0.0000,0.0000,0.0000,11.8041,179.9988,-0.0003,179.9083
22.7765,searching,0.0000,0.0000,0.0000,0.0000,0.0000,11.8161,179.9991,0.0005,179.9086
22.7867,searching,0.0000,0.0000,0.0000,0.0000,0.0000,11.8281,179.9991,0.0005,179.9086
22.7966,searching,0.0000,0.0000,0.0000,0.0000,0.0000,11.8401,179.9996,0.0017,179.9092
22.8065,searching,0.0000,0.0000,0.0000,0.0000,0.0000,11.8521,-179.9999,0.0029,179.9109
22.8166,searching,0.0000,0.0000,0.0000,0.0000,0.0000,11.8641,-179.9999,0.0029,179.9109
22.8267,searching,0.0000,0.0000,0.0000,0.0000,0.0000,11.8761,-179.9998,0.0030,179.9109
22.8365,searching,0.0000,0.0000,0.0000,0.0000,0.0000,11.8881,-179.9994,0.0041,179.9105
22.8465,searching,0.0000,0.0000,0.0000,0.0000,0.0000,11.9001,-179.9994,0.0041,179.9105
22.8566,searching,0.0000,0.0000,0.0000,0.0000,0.0000,11.9121,179.9987,-0.0000,179.9103
22.8667,searching,0.0000,0.0000,0.0000,0.0000,0.0000,11.9241,179.9984,-0.0008,179.9104
22.8765,searching,0.0000,0.0000,0.0000,0.0000,0.0000,11.9361,179.9984,-0.0008,179.9104
22.8866,searching,0.0000,0.0000,0.0000,0.0000,0.0000,11.9481,179.9984,-0.0008,179.9104
22.8964,searching,0.0000,0.0000,0.0000,0.0000,0.0000,11.9601,179.9992,0.0011,179.9097
22.9067,searching,0.0000,0.0000,0.0000,0.0000,0.0000,11.9721,179.9992,0.0011,179.9097
22.9165,searching,0.0000,0.0000,0.0000,0.0000,0.0000,11.9841,179.9998,0.0026,179.9098
22.9265,searching,0.0000,0.0000,0.0000,0.0000,0.0000,11.9961,-179.9996,0.0038,179.9094
22.9366,searching,0.0000,0.0000,0.0000,0.0000,0.0000,12.0081,-179.9996,0.0038,179.9094
22.9468,searching,0.0000,0.0000,0.0000,0.0000,0.0000,12.0201,-179.9997,0.0039,179.9094
22.9565,searching,0.0000,0.0000,0.0000,0.0000,0.0000,12.0321,179.9995,0.0021,179.9097
22.9666,searching,0.0000,0.0000,0.0000,0.0000,0.0000,12.0441,179.9995,0.0021,179.9097
22.9766,searching,0.0000,0.0000,0.0000,0.0000,0.0000,12.0561,179.9995,0.0022,179.9090
22.9865,searching,0.0000,0.0000,0.0000,0.0000,0.0000,12.0681,179.9996,0.0023,179.9085
22.9966,searching,0.0000,0.0000,0.0000,0.0000,0.0000,12.0801,179.9996,0.0023,179.9085
23.0066,searching,0.0000,0.0000,0.0000,0.0000,0.0000,12.0921,180.0000,0.0035,179.9090
23.0164,searching,0.0000,0.0000,0.0000,0.0000,0.0000,12.1041,-179.9999,0.0037,179.9089
23.0271,searching,0.0000,0.0000,0.0000,0.0000,0.0000,12.1161,-179.9999,0.0037,179.9089
23.0366,searching,0.0000,0.0000,0.0000,0.0000,0.0000,12.1281,-179.9992,0.0040,179.9093
23.0465,searching,0.0000,0.0000,0.0000,0.0000,0.0000,12.1401,-179.9989,0.0047,179.9094
23.0565,searching,0.0000,0.0000,0.0000,0.0000,0.0000,12.1521,-179.9989,0.0047,179.9094
23.0666,searching,0.0000,0.0000,0.0000,0.0000,0.0000,12.1641,179.9999,0.0022,179.9096
23.0764,searching,0.0000,0.0000,0.0000,0.0000,0.0000,12.1761,179.9998,0.0022,179.9089
23.0865,searching,0.0000,0.0000,0.0000,0.0000,0.0000,12.1881,179.9998,0.0022,179.9089
23.0968,searching,0.0000,0.0000,0.0000,0.0000,0.0000,12.2001,-179.9999,0.0029,179.9101
23.1069,searching,0.0000,0.0000,0.0000,0.0000,0.0000,12.2121,179.9990,0.0005,179.9089
23.1168,searching,0.0000,0.0000,0.0000,0.0000,0.0000,12.2241,179.9990,0.0005,179.9089
23.1267,searching,0.0000,0.0000,0.0000,0.0000,0.0000,12.2361,-179.9991,0.0048,179.9087
23.1366,searching,0.0000,0.0000,0.0000,0.0000,0.0000,12.2481,-179.9996,0.0023,179.9079
23.1466,searching,0.0000,0.0000,0.0000,0.0000,0.0000,12.2601,-179.9996,0.0023,179.9079
23.1566,searching,0.0000,0.0000,0.0000,0.0000,0.0000,12.2721,179.9997,0.0008,179.9089
23.1665,searching,0.0000,0.0000,0.0000,0.0000,0.0000,12.2841,179.9996,0.0007,179.9098
23.1765,searching,0.0000,0.0000,0.0000,0.0000,0.0000,12.2961,179.9996,0.0007,179.9098
23.1872,searching,0.0000,0.0000,0.0000,0.0000,0.0000,12.3081,179.9995,0.0006,179.9109
23.1965,searching,0.0000,0.0000,0.0000,0.0000,0.0000,12.3201,179.9988,-0.0008,179.9094
23.2065,searching,0.0000,0.0000,0.0000,0.0000,0.0000,12.3321,179.9988,-0.0008,179.9094
23.2166,searching,0.0000,0.0000,0.0000,0.0000,0.0000,12.3441,179.9997,0.0012,179.9094
23.2267,searching,0.0000,0.0000,0.0000,0.0000,0.0000,12.3561,179.9993,0.0004,179.9073
23.2369,searching,0.0000,0.0000,0.0000,0.0000,0.0000,12.3681,179.9993,0.0004,179.9073
23.2465,searching,0.0000,0.0000,0.0000,0.0000,0.0000,12.3801,179.9998,0.0017,179.9082
23.2565,searching,0.0000,0.0000,0.0000,0.0000,0.0000,12.3921,179.9998,0.0017,179.9082
23.2669,searching,0.0000,0.0000,0.0000,0.0000,0.0000,12.4041,179.9998,0.0017,179.9082
23.2766,searching,0.0000,0.0000,0.0000,0.0000,0.0000,12.4161,179.9995,0.0012,179.9081
23.2865,searching,0.0000,0.0000,0.0000,0.0000,0.0000,12.4281,179.9995,0.0013,179.9085
23.2965,searching,0.0000,0.0000,0.0000,0.0000,0.0000,12.4401,179.9995,0.0013,179.9085
23.3068,searching,0.0000,0.0000,0.0000,0.0000,0.0000,12.4521,179.9996,0.0015,179.9069
23.3165,searching,0.0000,0.0000,0.0000,0.0000,0.0000,12.4641,179.9997,0.0006,179.9072
23.3265,searching,0.0000,0.0000,0.0000,0.0000,0.0000,12.4761,179.9997,0.0006,179.9072
23.3365,searching,0.0000,0.0000,0.0000,0.0000,0.0000,12.4881,179.9995,0.0002,179.9084
23.3472,searching,0.0000,0.0000,0.0000,0.0000,0.0000,12.5001,-179.9996,0.0022,179.9087
23.3568,searching,0.0000,0.0000,0.0000,0.0000,0.0000,12.5121,-179.9996,0.0022,179.9087
23.3666,searching,0.0000,0.0000,0.0000,0.0000,0.0000,12.5241,179.9999,0.0011,179.9076
23.3764,searching,0.0000,0.0000,0.0000,0.0000,0.0000,12.5361,-179.9991,0.0035,179.9088
23.3871,searching,0.0000,0.0000,0.0000,0.0000,0.0000,12.5481,-179.9991,0.0035,179.9088
23.3966,searching,0.0000,0.2003,0.0000,0.0000,0.0000,12.5601,-179.9996,0.0024,179.9084
23.4065,searching,0.0000,0.2023,0.0000,0.0000,0.0000,12.5721,-179.9997,0.0022,179.9095
23.4166,searching,0.0000,0.2035,0.2001,0.0000,0.0000,12.5881,-179.9997,0.0022,179.9095
23.4270,searching,0.0000,0.2062,0.2017,0.0000,0.0000,12.6041,179.9997,0.0011,179.9082
23.4365,searching,0.0000,0.2081,0.2027,0.0000,0.0000,12.6202,179.9999,0.0016,179.9083
23.4466,searching,0.0000,0.2089,0.2039,0.0000,0.0000,12.6363,179.9999,0.0016,179.9083
23.4566,searching,0.0000,0.2108,0.2053,0.0000,0.0000,12.6524,179.9995,0.0006,179.9074
23.4667,searching,0.0000,0.2129,0.2065,0.0000,0.0000,12.6685,179.9993,0.0004,179.9088
23.4765,searching,0.0000,0.2133,0.2076,0.0000,0.0000,12.6847,179.9993,0.0004,179.9088
23.4866,searching,0.0000,0.2152,0.2091,0.0000,0.0000,12.7008,179.9993,0.0004,179.9086
23.4965,searching,0.0000,0.2173,0.2099,0.0000,0.0000,12.7170,179.9991,-0.0000,179.9096
23.5069,searching,0.0000,0.2176,0.2102,0.0000,0.0000,12.7332,179.9991,-0.0000,179.9096
23.5165,searching,0.0000,0.2181,0.2108,0.0000,0.0000,12.7495,179.9991,0.0001,179.9089
23.5265,searching,0.0000,0.2197,0.2114,0.0000,0.0000,12.7657,179.9997,0.0003,179.9098
23.5366,searching,0.0000,0.2204,0.2119,0.0000,0.0000,12.7819,179.9997,0.0003,179.9098
23.5465,searching,0.0000,0.2209,0.2124,0.0000,0.0000,12.7982,179.9998,0.0005,179.9104
23.5565,searching,0.0000,0.2217,0.2126,0.0000,0.0000,12.8144,179.9994,-0.0003,179.9076
23.5666,searching,0.0000,0.2218,0.2124,0.0000,0.0000,12.8307,179.9994,-0.0003,179.9076
23.5765,searching,0.0000,0.2217,0.2123,0.0000,0.0000,12.8469,179.9997,0.0005,179.9076
23.5865,searching,0.0000,0.2221,0.2124,0.0000,0.0000,12.8632,179.9997,0.0007,179.9089
23.5965,searching,0.0000,0.2217,0.2120,0.0000,0.0000,12.8794,179.9997,0.0007,179.9089
23.6066,searching,0.0000,0.2216,0.2118,0.0000,0.0000,12.8956,179.9999,0.0011,179.9087
23.6164,searching,0.0000,0.2222,0.2118,0.0000,0.0000,12.9119,180.0000,0.0014,179.9081
23.6265,searching,0.0000,0.2218,0.2115,0.0000,0.0000,12.9281,180.0000,0.0014,179.9081
23.6365,searching,0.0000,0.2212,0.2112,0.0000,0.0000,12.9443,-179.9996,0.0023,179.9079
23.6464,searching,0.0000,0.2216,0.2113,0.0000,0.0000,12.9605,-179.9996,0.0023,179.9079
23.6566,searching,0.0000,0.2217,0.2111,0.0000,0.0000,12.9768,-179.9996,0.0023,179.9079
23.6665,searching,0.0000,0.2215,0.2111,0.0000,0.0000,12.9930,-179.9990,0.0038,179.9088
23.6765,searching,0.0000,0.2225,0.2116,0.0000,0.0000,13.0092,-179.9988,0.0043,179.9092
23.6865,searching,0.0000,0.2232,0.2119,0.0000,0.0000,13.0255,-179.9988,0.0043,179.9092
23.6968,searching,0.0000,0.2230,0.2119,0.0000,0.0000,13.0417,-179.9996,0.0026,179.9088
23.7065,searching,0.0000,0.2234,0.2119,0.0000,0.0000,13.0579,-179.9998,0.0023,179.9088
23.7165,searching,0.0000,0.2236,0.2114,0.0000,0.0000,13.0742,-179.9998,0.0023,179.9088
23.7265,searching,0.0000,0.2230,0.2107,0.0000,0.0000,13.0904,-179.9999,0.0019,179.9091
23.7366,searching,0.0000,0.2227,0.2103,0.0000,0.0000,13.1066,180.0000,0.0018,179.9097
23.7465,searching,0.0000,0.2227,0.2096,0.0000,0.0000,13.1228,180.0000,0.0018,179.9097
23.7565,searching,0.0000,0.2218,0.2087,0.0000,0.0000,13.1390,-179.9999,0.0021,179.9084
23.7664,searching,0.0000,0.2207,0.2075,0.0000,0.0000,13.1551,-179.9997,0.0027,179.9077
23.7766,searching,0.0000,0.2203,0.2063,0.0000,0.0000,13.1712,-179.9997,0.0027,179.9077
23.7867,searching,0.0000,0.2196,0.2049,0.0000,0.0000,13.1873,-179.9992,0.0038,179.9077
23.7964,searching,0.0000,0.2188,0.2036,0.0000,0.0000,13.2034,-179.9994,0.0034,179.9090
23.8065,searching,0.0000,0.2189,0.2027,0.0000,0.0000,13.2195,-179.9994,0.0034,179.9090
23.8169,searching,0.0000,0.2192,0.2018,0.0000,0.0000,13.2355,-179.9997,0.0028,179.9099
23.8265,searching,0.0000,0.2194,0.2009,0.0000,0.0000,13.2515,180.0000,0.0022,179.9092
23.8365,searching,0.0000,0.2197,0.0000,0.0000,0.0000,13.2635,180.0000,0.0022,179.9092
23.8466,searching,0.0000,0.2196,0.0000,0.0000,0.0000,13.2755,179.9999,0.0019,179.9092
23.8566,searching,0.0000,0.2190,0.0000,0.0000,0.0000,13.2875,-179.9998,0.0026,179.9073
23.8667,searching,0.0000,0.2183,0.0000,0.0000,0.0000,13.2995,-179.9998,0.0026,179.9073
23.8765,searching,0.0000,0.2176,0.0000,0.0000,0.0000,13.3115,-179.9995,0.0020,179.9073
23.8865,searching,0.0000,0.2164,0.0000,0.0000,0.0000,13.3235,-179.9993,0.0024,179.9087
23.8967,searching,0.0000,0.2154,0.0000,0.0000,0.0000,13.3355,-179.9993,0.0024,179.9087
23.9066,searching,0.0000,0.2147,0.0000,0.0000,0.0000,13.3475,179.9998,0.0005,179.9078
23.9165,searching,0.0000,0.2135,0.0000,0.0000,0.0000,13.3595,-179.9997,0.0015,179.9077
23.9266,searching,0.0000,0.2126,0.0000,0.0000,0.0000,13.3715,-179.9997,0.0015,179.9077
23.9368,searching,0.0000,0.2122,0.0000,0.0000,0.0000,13.3835,179.9998,0.0004,179.9085
23.9465,searching,0.0000,0.2114,0.0000,0.0000,0.0000,13.3955,-179.9998,0.0014,179.9082
23.9566,searching,0.0000,0.2103,0.0000,0.0000,0.0000,13.4075,-179.9998,0.0014,179.9082
23.9665,searching,0.0000,0.2100,0.0000,0.0000,0.0000,13.4195,179.9996,-0.0001,179.9091
23.9766,searching,0.0000,0.2093,0.0000,0.0000,0.0000,13.4315,179.9998,0.0006,179.9073
23.9866,searching,0.0000,0.2077,0.0000,0.0000,0.0000,13.4435,179.9998,0.0006,179.9073
23.9967,searching,0.0000,0.2061,0.0000,0.0000,0.0000,13.4555,179.9997,0.0003,179.9084
24.0064,searching,0.0000,0.2046,0.0000,0.0000,0.0000,13.4675,-179.9996,0.0019,179.9077
24.0169,searching,0.0000,0.2029,0.0000,0.0000,0.0000,13.4795,-179.9996,0.0019,179.9077
24.0265,searching,0.0000,0.2019,0.0000,0.0000,0.0000,13.4915,-179.9996,0.0019,179.9077
24.0365,searching,0.0000,0.2015,0.0000,0.0000,0.0000,13.5035,-179.9995,0.0022,179.9085
24.0466,searching,0.0000,0.2005,0.0000,0.0000,0.0000,13.5155,-179.9995,0.0022,179.9085
24.0571,searching,0.0000,0.0000,0.0000,0.0000,0.0000,13.5275,179.9999,0.0007,179.9088
24.0667,searching,0.0000,0.0000,0.0000,0.0000,0.0000,13.5395,179.9997,0.0002,179.9097
24.0765,searching,0.0000,0.0000,0.0000,0.0000,0.0000,13.5515,179.9997,0.0002,179.9097
24.0870,searching,0.0000,0.0000,0.0000,0.0000,0.0000,13.5635,-179.9998,0.0014,179.9106
24.0980,searching,0.0000,0.0000,0.0000,0.0000,0.0000,13.5755,179.9997,0.0002,179.9110
24.1069,searching,0.0000,0.0000,0.0000,0.0000,0.0000,13.5875,179.9997,0.0002,179.9110
24.1166,searching,0.0000,0.0000,0.0000,0.0000,0.0000,13.5995,-179.9997,0.0016,179.9103
24.1265,searching,0.0000,0.0000,0.0000,0.0000,0.0000,13.6115,179.9993,-0.0007,179.9111
24.1367,searching,0.0000,0.0000,0.0000,0.0000,0.0000,13.6235,179.9993,-0.0007,179.9111
24.1470,searching,0.0000,0.0000,0.0000,0.0000,0.0000,13.6355,-179.9998,0.0014,179.9100
24.1565,searching,0.0000,0.0000,0.0000,0.0000,0.0000,13.6475,179.9995,-0.0002,179.9106
24.1665,searching,0.0000,0.0000,0.0000,0.0000,0.0000,13.6595,179.9995,-0.0002,179.9106
24.1765,searching,0.0000,0.0000,0.0000,0.0000,0.0000,13.6715,180.0000,0.0009,179.9106
24.1878,searching,0.0000,0.0000,0.0000,0.0000,0.0000,13.6835,-179.9998,0.0013,179.9099
24.1966,searching,0.0000,0.0000,0.0000,0.0000,0.0000,13.6955,-179.9998,0.0013,179.9099
24.2066,searching,0.0000,0.0000,0.0000,0.0000,0.0000,13.7075,-179.9996,0.0018,179.9092
24.2165,searching,0.0000,0.0000,0.0000,0.0000,0.0000,13.7195,179.9996,-0.0001,179.9092
24.2265,searching,0.0000,0.0000,0.0000,0.0000,0.0000,13.7315,179.9996,-0.0001,179.9092
24.2366,searching,0.0000,0.0000,0.0000,0.0000,0.0000,13.7435,179.9995,-0.0004,179.9094
24.2466,searching,0.0000,0.0000,0.0000,0.0000,0.0000,13.7555,179.9993,-0.0010,179.9092
24.2566,searching,0.0000,0.0000,0.0000,0.0000,0.0000,13.7675,179.9993,-0.0010,179.9092
24.2673,searching,0.0000,0.0000,0.0000,0.0000,0.0000,13.7795,179.9996,-0.0002,179.9090
24.2768,searching,0.0000,0.0000,0.0000,0.0000,0.0000,13.7915,-179.9996,0.0014,179.9094
24.2870,searching,0.0000,0.0000,0.0000,0.0000,0.0000,13.8035,-179.9996,0.0014,179.9094
24.2968,searching,0.0000,0.0000,0.0000,0.0000,0.0000,13.8155,179.9990,-0.0019,179.9094
24.3065,searching,0.0000,0.2011,0.0000,0.0000,0.0000,13.8275,179.9988,-0.0022,179.9083
24.3166,searching,0.0000,0.2025,0.0000,0.0000,0.0000,13.8395,179.9988,-0.0022,179.9083
24.3271,searching,0.0000,0.2032,0.0000,0.0000,0.0000,13.8515,179.9999,0.0003,179.9084
24.3367,searching,0.0000,0.2043,0.0000,0.0000,0.0000,13.8635,-179.9995,0.0016,179.9083
24.3468,searching,0.0000,0.2068,0.0000,0.0000,0.0000,13.8755,-179.9995,0.0016,179.9083
24.3566,searching,0.0000,0.2081,0.0000,0.0000,0.0000,13.8875,179.9999,0.0001,179.9082
24.3672,searching,0.0000,0.2093,0.0000,0.0000,0.0000,13.8995,179.9999,-0.0000,179.9085
24.3765,searching,0.0000,0.2130,0.0000,0.0000,0.0000,13.9115,179.9999,-0.0000,179.9085
24.3865,searching,0.0000,0.2161,0.0000,0.0000,0.0000,13.9235,-179.9986,0.0036,179.9104
24.3965,searching,0.0000,0.2170,0.0000,0.0000,0.0000,13.9355,-179.9986,0.0036,179.9104
24.4071,searching,0.0000,0.2196,0.0000,0.0000,0.0000,13.9475,-179.9986,0.0036,179.9104
24.4168,searching,0.0000,0.2228,0.0000,0.0000,0.0000,13.9595,179.9991,-0.0020,179.9100
24.4267,searching,0.0000,0.2243,0.0000,0.0000,0.0000,13.9715,-179.9989,0.0027,179.9099
24.4365,searching,0.0000,0.2266,0.0000,0.0000,0.0000,13.9835,-179.9989,0.0027,179.9099
24.4467,searching,0.0000,0.2286,0.0000,0.0000,0.0000,13.9955,179.9997,-0.0007,179.9113
24.4565,searching,0.0000,0.2291,0.0000,0.0000,0.0000,14.0075,179.9996,-0.0011,179.9109
24.4666,searching,0.0000,0.2308,0.0000,0.0000,0.0000,14.0195,179.9996,-0.0011,179.9109
24.4766,searching,0.0000,0.2341,0.0000,0.0000,0.0000,14.0315,-179.9993,0.0015,179.9120
24.4865,searching,0.0000,0.2355,0.0000,0.0000,0.0000,14.0435,-179.9992,0.0017,179.9113
24.4965,searching,0.0000,0.2367,0.0000,0.0000,0.0000,14.0555,-179.9992,0.0017,179.9113
24.5067,searching,0.0000,0.2386,0.0000,0.0000,0.0000,14.0675,-179.9998,0.0002,179.9112
24.5169,searching,0.0000,0.2390,0.0000,0.0000,0.0000,14.0795,-179.9988,0.0024,179.9118
24.5269,searching,0.0000,0.2388,0.0000,0.0000,0.0000,14.0915,-179.9988,0.0024,179.9118
24.5370,searching,0.0000,0.2393,0.0000,0.0000,0.0000,14.1035,-179.9996,0.0005,179.9106
24.5469,searching,0.0000,0.2391,0.0000,0.0000,0.0000,14.1155,179.9999,-0.0006,179.9098
24.5568,searching,0.0000,0.2387,0.0000,0.0000,0.0000,14.1275,179.9999,-0.0006,179.9098
24.5665,searching,0.0000,0.2403,0.2009,0.0000,0.0000,14.1435,179.9997,-0.0012,179.9077
24.5767,searching,0.0000,0.2410,0.2011,0.0000,0.0000,14.1596,179.9997,-0.0012,179.9077
24.5865,searching,0.0000,0.2392,0.0000,0.0000,0.0000,14.1716,179.9997,-0.0012,179.9077
24.5965,searching,0.0000,0.2381,0.0000,0.0000,0.0000,14.1836,179.9991,-0.0014,179.9083
24.6068,searching,0.0000,0.2386,0.0000,0.0000,0.0000,14.1956,179.9992,-0.0011,179.9079
24.6167,searching,0.0000,0.2389,0.0000,0.0000,0.0000,14.2076,179.9992,-0.0011,179.9079
24.6266,searching,0.0000,0.2394,0.0000,0.0000,0.0000,14.2196,-179.9984,0.0043,179.9082
24.6364,searching,0.0000,0.2395,0.0000,0.0000,0.0000,14.2316,179.9997,-0.0001,179.9085
24.6470,searching,0.0000,0.2385,0.0000,0.0000,0.0000,14.2436,179.9997,-0.0001,179.9085
24.6565,searching,0.0000,0.2391,0.0000,0.0000,0.0000,14.2556,179.9987,-0.0027,179.9090
24.6664,searching,0.0000,0.2400,0.0000,0.0000,0.0000,14.2676,179.9990,-0.0020,179.9093
24.6766,searching,0.0000,0.2379,0.0000,0.0000,0.0000,14.2796,179.9990,-0.0020,179.9093
24.6872,searching,0.0000,0.2362,0.0000,0.0000,0.0000,14.2916,179.9986,-0.0030,179.9092
24.6965,searching,0.0000,0.2370,0.0000,0.0000,0.0000,14.3036,180.0000,0.0016,179.9095
24.7065,searching,0.0000,0.2363,0.0000,0.0000,0.0000,14.3156,180.0000,0.0016,179.9095
24.7165,searching,0.0000,0.2346,0.0000,0.0000,0.0000,14.3276,-179.9990,0.0038,179.9095
24.7265,searching,0.0000,0.2348,0.0000,0.0000,0.0000,14.3396,180.0000,0.0014,179.9093
24.7364,searching,0.0000,0.2343,0.0000,0.0000,0.0000,14.3516,180.0000,0.0014,179.9093
24.7465,searching,0.0000,0.2334,0.0000,0.0000,0.0000,14.3636,-179.9999,0.0015,179.9092
24.7565,searching,0.0000,0.2337,0.0000,0.0000,0.0000,14.3756,179.9983,-0.0027,179.9082
24.7666,searching,0.0000,0.2327,0.0000,0.0000,0.0000,14.3876,179.9983,-0.0027,179.9082
24.7765,searching,0.0000,0.2293,0.0000,0.0000,0.0000,14.3996,179.9987,-0.0020,179.9090
24.7865,searching,0.0000,0.2272,0.0000,0.0000,0.0000,14.4116,179.9998,0.0005,179.9086
24.7966,searching,0.0000,0.2256,0.0000,0.0000,0.0000,14.4236,179.9998,0.0005,179.9086
24.8066,searching,0.0000,0.2227,0.0000,0.0000,0.0000,14.4356,-179.9991,0.0029,179.9095
24.8164,searching,0.0000,0.2206,0.0000,0.0000,0.0000,14.4476,-179.9989,0.0033,179.9101
24.8265,searching,0.0000,0.2192,0.0000,0.0000,0.0000,14.4596,-179.9989,0.0033,179.9101
24.8365,searching,0.0000,0.2173,0.0000,0.0000,0.0000,14.4716,-179.9990,0.0031,179.9083
24.8465,searching,0.0000,0.2165,0.0000,0.0000,0.0000,14.4836,179.9992,-0.0012,179.9077
24.8565,searching,0.0000,0.2165,0.0000,0.0000,0.0000,14.4956,179.9992,-0.0012,179.9077
24.8666,searching,0.0000,0.2139,0.0000,0.0000,0.0000,14.5076,179.9985,-0.0029,179.9091
24.8765,searching,0.0000,0.2117,0.0000,0.0000,0.0000,14.5196,179.9989,-0.0009,179.9092
24.8867,searching,0.0000,0.2121,0.0000,0.0000,0.0000,14.5316,179.9989,-0.0009,179.9092
24.8966,searching,0.0000,0.2114,0.0000,0.0000,0.0000,14.5436,180.0000,0.0016,179.9103
24.9065,searching,0.0000,0.2091,0.0000,0.0000,0.0000,14.5556,-179.9992,0.0035,179.9087
24.9167,searching,0.0000,0.2082,0.0000,0.0000,0.0000,14.5676,-179.9992,0.0035,179.9087
24.9267,searching,0.0000,0.2070,0.0000,0.0000,0.0000,14.5796,-179.9988,0.0042,179.9092
24.9364,searching,0.0000,0.2051,0.0000,0.0000,0.0000,14.5916,180.0000,0.0015,179.9093
24.9466,searching,0.0000,0.2044,0.0000,0.0000,0.0000,14.6036,180.0000,0.0015,179.9093
24.9569,searching,0.0000,0.2032,0.0000,0.0000,0.0000,14.6156,180.0000,0.0015,179.9093
24.9665,searching,0.0000,0.2010,0.0000,0.0000,0.0000,14.6276,179.9998,0.0009,179.9111
24.9767,searching,0.0000,0.2004,0.0000,0.0000,0.0000,14.6396,179.9998,0.0009,179.9111
24.9866,searching,0.0000,0.0000,0.0000,0.0000,0.0000,14.6516,179.9996,0.0004,179.9087
24.9970,searching,0.0000,0.0000,0.0000,0.0000,0.0000,14.6636,180.0000,0.0011,179.9085
25.0066,searching,0.0000,0.0000,0.0000,0.0000,0.0000,14.6756,180.0000,0.0011,179.9085
25.0166,searching,0.0000,0.0000,0.0000,0.0000,0.0000,14.6876,-179.9993,0.0028,179.9081
25.0265,searching,0.0000,0.0000,0.0000,0.0000,0.0000,14.6996,-179.9994,0.0024,179.9095
25.0371,searching,0.0000,0.0000,0.0000,0.0000,0.0000,14.7116,-179.9994,0.0024,179.9095
25.0467,searching,0.0000,0.0000,0.0000,0.0000,0.0000,14.7236,-179.9999,0.0011,179.9087
25.0570,searching,0.0000,0.0000,0.0000,0.0000,0.0000,14.7356,179.9998,0.0004,179.9092
25.0665,searching,0.0000,0.0000,0.0000,0.0000,0.0000,14.7476,179.9998,0.0004,179.9092
25.0768,searching,0.0000,0.0000,0.0000,0.0000,0.0000,14.7596,179.9997,-0.0000,179.9094
25.0865,searching,0.0000,0.0000,0.0000,0.0000,0.0000,14.7716,179.9995,-0.0005,179.9100
25.0966,searching,0.0000,0.0000,0.0000,0.0000,0.0000,14.7836,179.9995,-0.0005,179.9100
25.1065,searching,0.0000,0.0000,0.0000,0.0000,0.0000,14.7956,179.9997,0.0012,179.9086
25.1165,searching,0.0000,0.0000,0.0000,0.0000,0.0000,14.8076,179.9999,0.0017,179.9089
25.1266,searching,0.0000,0.0000,0.0000,0.0000,0.0000,14.8196,179.9999,0.0017,179.9089
25.1366,searching,0.0000,0.0000,0.0000,0.0000,0.0000,14.8316,179.9997,0.0011,179.9087
25.1465,searching,0.0000,0.0000,0.0000,0.0000,0.0000,14.8436,179.9986,-0.0013,179.9085
25.1567,searching,0.0000,0.0000,0.0000,0.0000,0.0000,14.8556,179.9986,-0.0013,179.9085
25.1678,searching,0.0000,0.0000,0.0000,0.0000,0.0000,14.8676,179.9979,-0.0031,179.9077
25.1770,searching,0.0000,0.0000,0.0000,0.0000,0.0000,14.8796,179.9982,-0.0025,179.9083
25.1871,searching,0.0000,0.0000,0.0000,0.0000,0.0000,14.8916,179.9982,-0.0025,179.9083
25.1971,searching,0.0000,0.0000,0.0000,0.0000,0.0000,14.9036,179.9994,0.0002,179.9083
25.2068,searching,0.0000,0.0000,0.0000,0.0000,0.0000,14.9156,-179.9999,0.0017,179.9096
25.2178,searching,0.0000,0.0000,0.0000,0.0000,0.0000,14.9276,-179.9999,0.0017,179.9096
25.2266,searching,0.0000,0.0000,0.0000,0.0000,0.0000,14.9396,179.9993,-0.0001,179.9091
25.2371,searching,0.0000,0.0000,0.0000,0.0000,0.0000,14.9516,179.9993,-0.0001,179.9091
25.2469,searching,0.0000,0.0000,0.0000,0.0000,0.0000,14.9636,179.9990,-0.0008,179.9097
25.2569,searching,0.0000,0.0000,0.0000,0.0000,0.0000,14.9756,179.9991,-0.0008,179.9081
25.2675,searching,0.0000,0.0000,0.0000,0.0000,0.0000,14.9876,179.9986,-0.0018,179.9081
25.2768,searching,0.0000,0.0000,0.0000,0.0000,0.0000,14.9996,179.9986,-0.0018,179.9081
25.2873,searching,0.0000,0.0000,0.0000,0.0000,0.0000,15.0116,179.9989,-0.0012,179.9079
25.2985,searching,0.0000,0.0000,0.0000,0.0000,0.0000,15.0236,179.9995,0.0001,179.9077
25.3072,searching,0.0000,0.0000,0.0000,0.0000,0.0000,15.0356,179.9995,0.0001,179.9077
25.3168,searching,0.0000,0.0000,0.0000,0.0000,0.0000,15.0476,180.0000,0.0011,179.9086
25.3269,searching,0.0000,0.0000,0.0000,0.0000,0.0000,15.0596,180.0000,0.0011,179.9086
25.3368,searching,0.0000,0.0000,0.0000,0.0000,0.0000,15.0716,180.0000,0.0011,179.9086
25.3468,searching,0.0000,0.0000,0.0000,0.0000,0.0000,15.0836,179.9994,-0.0002,179.9094
25.3565,searching,0.0000,0.0000,0.0000,0.0000,0.0000,15.0956,179.9985,-0.0023,179.9089
25.3665,searching,0.0000,0.0000,0.0000,0.0000,0.0000,15.1076,179.9985,-0.0023,179.9089
25.3765,searching,0.0000,0.0000,0.0000,0.0000,0.0000,15.1196,179.9989,-0.0016,179.9093
25.3864,searching,0.0000,0.0000,0.0000,0.0000,0.0000,15.1316,180.0000,0.0008,179.9089
25.3966,searching,0.0000,0.0000,0.0000,0.0000,0.0000,15.1436,180.0000,0.0008,179.9089
25.4065,searching,0.0000,0.0000,0.0000,0.0000,0.0000,15.1556,179.9999,0.0007,179.9093
25.4164,searching,0.0000,0.0000,0.0000,0.0000,0.0000,15.1676,-179.9997,0.0015,179.9090
25.4266,searching,0.0000,0.0000,0.0000,0.0000,0.0000,15.1796,-179.9997,0.0015,179.9090
25.4366,searching,0.0000,0.0000,0.0000,0.0000,0.0000,15.1916,179.9989,-0.0017,179.9087
25.4465,searching,0.0000,0.0000,0.0000,0.0000,0.0000,15.2036,179.9987,-0.0007,179.9086
25.4566,searching,0.0000,0.0000,0.0000,0.0000,0.0000,15.2156,179.9987,-0.0007,179.9086
25.4666,searching,0.0000,0.0000,0.0000,0.0000,0.0000,15.2276,179.9985,-0.0012,179.9088
25.4766,searching,0.0000,0.0000,0.0000,0.0000,0.0000,15.2396,179.9988,-0.0006,179.9085
25.4866,searching,0.0000,0.0000,0.0000,0.0000,0.0000,15.2516,179.9988,-0.0006,179.9085
25.4965,searching,0.0000,0.0000,0.0000,0.0000,0.0000,15.2636,179.9999,0.0018,179.9085
25.5068,searching,0.0000,0.0000,0.0000,0.0000,0.0000,15.2756,-179.9998,0.0025,179.9076
25.5165,searching,0.0000,0.0000,0.0000,0.0000,0.0000,15.2876,-179.9998,0.0025,179.9076
25.5267,searching,0.0000,0.0000,0.0000,0.0000,0.0000,15.2996,180.0000,0.0022,179.9091
25.5364,searching,0.0000,0.0000,0.0000,0.0000,0.0000,15.3116,179.9999,0.0019,179.9092
25.5467,searching,0.0000,0.0000,0.0000,0.0000,0.0000,15.3236,179.9999,0.0019,179.9092
25.5571,searching,0.0000,0.0000,0.0000,0.0000,0.0000,15.3356,179.9986,-0.0010,179.9095
25.5671,searching,0.0000,0.0000,0.0000,0.0000,0.0000,15.3476,179.9996,0.0011,179.9093
25.5768,searching,0.0000,0.0000,0.0000,0.0000,0.0000,15.3596,179.9996,0.0011,179.9093
25.5870,searching,0.0000,0.0000,0.0000,0.0000,0.0000,15.3716,179.9997,0.0013,179.9092
25.5974,searching,0.0000,0.0000,0.0000,0.0000,0.0000,15.3836,179.9997,0.0013,179.9092
25.6069,searching,0.0000,0.0000,0.0000,0.0000,0.0000,15.3956,179.9995,0.0010,179.9082
25.6175,searching,0.0000,0.0000,0.0000,0.0000,0.0000,15.4076,-179.9997,0.0027,179.9082
25.6265,searching,0.0000,0.0000,0.0000,0.0000,0.0000,15.4196,-179.9992,0.0039,179.9091
25.6366,searching,0.0000,0.0000,0.0000,0.0000,0.0000,15.4316,-179.9992,0.0039,179.9091
25.6471,searching,0.0000,0.0000,0.0000,0.0000,0.0000,15.4436,-179.9993,0.0035,179.9085
25.6565,searching,0.0000,0.0000,0.0000,0.0000,0.0000,15.4556,179.9984,-0.0014,179.9095
25.6665,searching,0.0000,0.0000,0.0000,0.0000,0.0000,15.4676,179.9984,-0.0014,179.9095
25.6765,searching,0.0000,0.0000,0.0000,0.0000,0.0000,15.4796,179.9993,0.0006,179.9090
25.6866,searching,0.0000,0.0000,0.0000,0.0000,0.0000,15.4916,179.9995,0.0010,179.9064
25.6965,searching,0.0000,0.0000,0.0000,0.0000,0.0000,15.5036,179.9995,0.0010,179.9064
25.7067,searching,0.0000,0.0000,0.0000,0.0000,0.0000,15.5156,179.9995,0.0010,179.9064
25.7165,searching,0.0000,0.0000,0.0000,0.0000,0.0000,15.5276,179.9995,0.0010,179.9064
25.7266,searching,0.0000,0.0000,0.0000,0.0000,0.0000,15.5396,179.9995,0.0010,179.9064
25.7365,searching,0.0000,0.0000,0.0000,0.0000,0.0000,15.5516,-179.9981,0.0063,179.9071
25.7465,searching,0.0000,0.0000,0.0000,0.0000,0.0000,15.5636,180.0000,0.0023,179.9055
25.7567,searching,0.0000,0.0000,0.0000,0.0000,0.0000,15.5756,180.0000,0.0023,179.9055
25.7667,searching,0.0000,0.0000,0.0000,0.0000,0.0000,15.5876,179.9992,0.0005,179.9073
25.7765,searching,0.0000,0.0000,0.0000,0.0000,0.0000,15.5996,179.9994,0.0009,179.9075
25.7866,searching,0.0000,0.0000,0.0000,0.0000,0.0000,15.6116,179.9994,0.0009,179.9075
25.7967,searching,0.0000,0.0000,0.0000,0.0000,0.0000,15.6236,179.9977,-0.0027,179.9080
25.8068,searching,0.0000,0.0000,0.0000,0.0000,0.0000,15.6356,-179.9992,0.0042,179.9084
25.8166,searching,0.0000,0.0000,0.0000,0.0000,0.0000,15.6476,-179.9992,0.0042,179.9084
25.8267,searching,0.0000,0.0000,0.0000,0.0000,0.0000,15.6596,-179.9989,0.0049,179.9074
25.8365,searching,0.0000,0.0000,0.0000,0.0000,0.0000,15.6716,-179.9987,0.0054,179.9071
25.8469,searching,0.0000,0.0000,0.0000,0.0000,0.0000,15.6836,-179.9987,0.0054,179.9071
25.8565,searching,0.0000,0.0000,0.0000,0.0000,0.0000,15.6956,-179.9991,0.0044,179.9069
25.8664,searching,0.0000,0.0000,0.0000,0.0000,0.0000,15.7076,179.9996,0.0002,179.9074
25.8765,searching,0.0000,0.0000,0.0000,0.0000,0.0000,15.7196,179.9996,0.0002,179.9074
25.8869,searching,0.0000,0.0000,0.0000,0.0000,0.0000,15.7316,179.9989,-0.0012,179.9081
25.8967,searching,0.0000,0.0000,0.0000,0.0000,0.0000,15.7436,-179.9998,0.0018,179.9089
25.9066,searching,0.0000,0.0000,0.0000,0.0000,0.0000,15.7556,-179.9998,0.0018,179.9089
25.9166,searching,0.0000,0.0000,0.0000,0.0000,0.0000,15.7676,-179.9992,0.0032,179.9092
25.9267,searching,0.0000,0.0000,0.0000,0.0000,0.0000,15.7796,-179.9985,0.0047,179.9105
25.9373,searching,0.0000,0.0000,0.0000,0.0000,0.0000,15.7916,-179.9985,0.0047,179.9105
25.9471,searching,0.0000,0.0000,0.0000,0.0000,0.0000,15.8036,-179.9985,0.0047,179.9105
25.9566,searching,0.0000,0.0000,0.0000,0.0000,0.0000,15.8156,179.9981,-0.0027,179.9110
25.9666,searching,0.0000,0.0000,0.0000,0.0000,0.0000,15.8276,179.9981,-0.0027,179.9110
25.9766,searching,0.0000,0.0000,0.0000,0.0000,0.0000,15.8396,179.9988,-0.0010,179.9115
25.9865,searching,0.0000,0.0000,0.0000,0.0000,0.0000,15.8516,179.9988,-0.0010,179.9115
25.9969,searching,0.0000,0.0000,0.0000,0.0000,0.0000,15.8636,179.9998,0.0013,179.9122
26.0066,searching,0.0000,0.0000,0.0000,0.0000,0.0000,15.8756,179.9984,-0.0017,179.9121
26.0165,searching,0.0000,0.0000,0.0000,0.0000,0.0000,15.8876,-179.9993,0.0034,179.9114
26.0266,searching,0.0000,0.0000,0.0000,0.0000,0.0000,15.8996,-179.9993,0.0034,179.9114
26.0370,searching,0.0000,0.0000,0.0000,0.0000,0.0000,15.9116,-179.9999,0.0021,179.9112
26.0465,searching,0.0000,0.0000,0.0000,0.0000,0.0000,15.9236,179.9986,-0.0011,179.9103
26.0566,searching,0.0000,0.0000,0.0000,0.0000,0.0000,15.9356,179.9986,-0.0011,179.9103
26.0666,searching,0.0000,0.0000,0.0000,0.0000,0.0000,15.9476,-179.9994,0.0033,179.9107
26.0768,searching,0.0000,0.0000,0.0000,0.0000,0.0000,15.9596,179.9982,-0.0018,179.9107
26.0865,searching,0.0000,0.0000,0.0000,0.0000,0.0000,15.9716,179.9982,-0.0018,179.9107
26.0966,searching,0.0000,0.0000,0.0000,0.0000,0.0000,15.9836,179.9975,-0.0032,179.9121
26.1064,searching,0.0000,0.0000,0.0000,0.0000,0.0000,15.9956,-179.9995,0.0034,179.9124
26.1165,searching,0.0000,0.0000,0.0000,0.0000,0.0000,16.0076,-179.9995,0.0034,179.9124
26.1267,searching,0.0000,0.0000,0.0000,0.0000,0.0000,16.0196,179.9992,0.0005,179.9125
26.1365,searching,0.0000,0.0000,0.0000,0.0000,0.0000,16.0316,179.9991,0.0005,179.9109
26.1466,searching,0.0000,0.0000,0.0000,0.0000,0.0000,16.0436,179.9991,0.0005,179.9109
26.1567,searching,0.0000,0.0000,0.0000,0.0000,0.0000,16.0556,-179.9998,0.0029,179.9107
26.1666,searching,0.0000,0.0000,0.2005,0.0000,0.0000,16.0716,179.9967,-0.0047,179.9091
26.1765,searching,0.0000,0.0000,0.2026,0.0000,0.0000,16.0876,179.9967,-0.0047,179.9091
26.1865,searching,0.0000,0.0000,0.2039,0.0000,0.0000,16.1037,179.9994,0.0001,179.9098
26.1965,searching,0.0000,0.0000,0.2062,0.0000,0.0000,16.1198,179.9993,-0.0001,179.9092
26.2067,searching,0.0000,0.2038,0.2089,0.0000,0.0000,16.1360,179.9993,-0.0001,179.9092
26.2166,searching,0.0000,0.2060,0.2105,0.0000,0.0000,16.1522,180.0000,0.0017,179.9092
26.2264,searching,0.0000,0.2069,0.2119,0.0000,0.0000,16.1684,-179.9986,0.0048,179.9090
26.2367,searching,0.0000,0.2107,0.2140,0.0000,0.0000,16.1847,-179.9986,0.0048,179.9090
26.2476,searching,0.0000,0.2136,0.2157,0.0000,0.0000,16.2010,-179.9994,0.0032,179.9085
26.2566,searching,0.0000,0.2150,0.2173,0.0000,0.0000,16.2174,179.9995,0.0006,179.9079
26.2675,searching,0.0000,0.2177,0.2191,0.0000,0.0000,16.2338,179.9995,0.0006,179.9079
26.2766,searching,0.0000,0.2192,0.2203,0.0000,0.0000,16.2502,-179.9997,0.0027,179.9081
26.2876,searching,0.0000,0.2199,0.2221,0.0000,0.0000,16.2666,179.9989,-0.0005,179.9076
26.2965,searching,0.0000,0.2227,0.2246,0.0000,0.0000,16.2831,179.9989,-0.0005,179.9076
26.3074,searching,0.0000,0.2249,0.2265,0.0000,0.0000,16.2996,179.9999,0.0018,179.9087
26.3166,searching,0.0000,0.2247,0.2279,0.0000,0.0000,16.3162,179.9999,0.0018,179.9087
26.3266,searching,0.0000,0.2262,0.2300,0.0000,0.0000,16.3328,179.9999,0.0018,179.9087
26.3367,searching,0.0000,0.2297,0.2323,0.0000,0.0000,16.3494,179.9998,0.0017,179.9077
26.3464,searching,0.0000,0.2312,0.2339,0.0000,0.0000,16.3661,179.9999,0.0020,179.9080
26.3581,searching,0.0000,0.2325,0.2351,0.0000,0.0000,16.3828,179.9999,0.0020,179.9080
26.3667,searching,0.0000,0.2340,0.2354,0.0000,0.0000,16.3995,-179.9999,0.0026,179.9087
26.3764,searching,0.0000,0.2343,0.2354,0.0000,0.0000,16.4162,179.9987,-0.0004,179.9095
26.3866,searching,0.0000,0.2356,0.2363,0.0000,0.0000,16.4330,179.9987,-0.0004,179.9095
26.3965,searching,0.0000,0.2367,0.2369,0.0000,0.0000,16.4497,179.9991,-0.0007,179.9089
26.4068,searching,0.0000,0.2358,0.2374,0.0000,0.0000,16.4664,-179.9993,0.0030,179.9094
26.4167,searching,0.0000,0.2368,0.2391,0.0000,0.0000,16.4832,-179.9993,0.0030,179.9094
26.4268,searching,0.0000,0.2401,0.2412,0.0000,0.0000,16.5001,179.9998,0.0010,179.9069
26.4367,searching,0.0000,0.2404,0.2419,0.0000,0.0000,16.5169,180.0000,0.0017,179.9085
26.4469,searching,0.0000,0.2399,0.2425,0.0000,0.0000,16.5337,180.0000,0.0017,179.9085
26.4569,searching,0.0000,0.2414,0.2427,0.0000,0.0000,16.5506,179.9998,0.0012,179.9075
26.4665,searching,0.0000,0.2414,0.2421,0.0000,0.0000,16.5674,179.9997,0.0011,179.9075
26.4765,searching,0.0000,0.2406,0.2417,0.0000,0.0000,16.5843,179.9997,0.0011,179.9075
26.4867,searching,0.0000,0.2413,0.2415,0.0000,0.0000,16.6011,179.9999,0.0017,179.9061
26.4964,searching,0.0000,0.2409,0.2406,0.0000,0.0000,16.6179,179.9996,0.0011,179.9085
26.5065,searching,0.0000,0.2394,0.2400,0.0000,0.0000,16.6347,179.9996,0.0011,179.9085
26.5166,searching,0.0000,0.2395,0.2400,0.0000,0.0000,16.6515,179.9995,0.0010,179.9081
26.5267,searching,0.0000,0.2386,0.2392,0.0000,0.0000,16.6683,-179.9995,0.0033,179.9083
26.5366,searching,0.0000,0.2357,0.2377,0.0000,0.0000,16.6851,-179.9995,0.0033,179.9083
26.5465,searching,0.0000,0.2349,0.2366,0.0000,0.0000,16.7018,179.9999,0.0020,179.9081
26.5564,searching,0.0000,0.2348,0.2351,0.0000,0.0000,16.7185,179.9998,0.0019,179.9090
26.5667,searching,0.0000,0.2329,0.2332,0.0000,0.0000,16.7352,179.9998,0.0019,179.9090
26.5765,searching,0.0000,0.2321,0.2316,0.0000,0.0000,16.7518,-179.9998,0.0016,179.9077
26.5866,searching,0.0000,0.2317,0.2296,0.0000,0.0000,16.7684,179.9998,0.0008,179.9078
26.5967,searching,0.0000,0.2300,0.2275,0.0000,0.0000,16.7849,179.9998,0.0008,179.9078
26.6071,searching,0.0000,0.2291,0.2259,0.0000,0.0000,16.8014,-179.9998,0.0017,179.9070
26.6178,searching,0.0000,0.2290,0.2246,0.0000,0.0000,16.8179,179.9999,0.0012,179.9096
26.6285,searching,0.0000,0.2279,0.2229,0.0000,0.0000,16.8344,179.9999,0.0012,179.9096
26.6372,searching,0.0000,0.2272,0.2215,0.0000,0.0000,16.8508,179.9993,-0.0000,179.9078
26.6465,searching,0.0000,0.2269,0.2200,0.0000,0.0000,16.8672,180.0000,0.0016,179.9082
26.6586,searching,0.0000,0.2253,0.2184,0.0000,0.0000,16.8836,180.0000,0.0016,179.9082
26.6675,searching,0.0000,0.2243,0.2170,0.0000,0.0000,16.8999,179.9997,0.0011,179.9099
26.6765,searching,0.0000,0.2247,0.2159,0.0000,0.0000,16.9162,179.9997,0.0011,179.9099
26.6868,searching,0.0000,0.2241,0.2144,0.0000,0.0000,16.9325,179.9997,0.0011,179.9099
26.6969,searching,0.0000,0.2235,0.2134,0.0000,0.0000,16.9488,179.9997,0.0011,179.9099
26.7069,searching,0.0000,0.2245,0.2127,0.0000,0.0000,16.9651,179.9997,0.0011,179.9099
26.7185,searching,0.0000,0.2251,0.2118,0.0000,0.0000,16.9813,-179.9998,0.0022,179.9082
26.7268,searching,0.0000,0.2245,0.2108,0.0000,0.0000,16.9975,180.0000,0.0020,179.9077
26.7377,searching,0.0000,0.2246,0.2100,0.0000,0.0000,17.0137,-179.9996,0.0028,179.9100
26.7466,searching,0.0000,0.2242,0.2092,0.0000,0.0000,17.0299,-179.9996,0.0028,179.9100
26.7586,searching,0.0000,0.2229,0.2086,0.0000,0.0000,17.0461,-179.9998,0.0025,179.9079
26.7670,searching,0.0000,0.2225,0.2087,0.0000,0.0000,17.0622,179.9997,0.0015,179.9083
26.7765,searching,0.0000,0.2220,0.2083,0.0000,0.0000,17.0784,179.9997,0.0015,179.9083
26.7865,searching,0.0000,0.2208,0.2076,0.0000,0.0000,17.0946,-179.9996,0.0031,179.9084
26.7964,searching,0.0000,0.2206,0.2074,0.0000,0.0000,17.1107,-179.9989,0.0034,179.9095
26.8070,searching,0.0000,0.2222,0.2079,0.0000,0.0000,17.1269,-179.9989,0.0034,179.9095
26.8166,searching,0.0000,0.2243,0.2085,0.0000,0.0000,17.1430,179.9997,0.0003,179.9097
26.8266,searching,0.0000,0.2273,0.2098,0.0000,0.0000,17.1592,179.9985,-0.0024,179.9108
26.8366,searching,0.0000,0.2315,0.2122,0.0000,0.0000,17.1755,179.9985,-0.0024,179.9108
26.8468,searching,0.0000,0.2350,0.2147,0.0000,0.0000,17.1918,179.9977,-0.0042,179.9093
26.8565,searching,0.0000,0.2378,0.2171,0.0000,0.0000,17.2081,179.9973,-0.0051,179.9099
26.8665,searching,0.0000,0.2397,0.2192,0.0000,0.0000,17.2245,179.9973,-0.0051,179.9099
26.8767,searching,0.0000,0.2402,0.2207,0.0000,0.0000,17.2409,179.9982,-0.0028,179.9071
26.8868,searching,0.0000,0.2410,0.2223,0.0000,0.0000,17.2573,179.9989,-0.0012,179.9064
26.8966,searching,0.0000,0.2427,0.2242,0.0000,0.0000,17.2738,179.9989,-0.0012,179.9064
26.9066,searching,0.0000,0.2438,0.2259,0.0000,0.0000,17.2903,179.9996,0.0004,179.9076
26.9164,searching,0.0000,0.2460,0.2279,0.0000,0.0000,17.3069,179.9992,-0.0005,179.9092
26.9272,searching,0.0000,0.2500,0.2306,0.0000,0.0000,17.3235,179.9992,-0.0005,179.9092
26.9366,searching,0.0000,0.2542,0.2336,0.0000,0.0000,17.3402,179.9983,-0.0025,179.9105
26.9464,searching,0.0000,0.2583,0.2363,0.0000,0.0000,17.3569,179.9994,0.0001,179.9098
26.9566,searching,0.0000,0.2621,0.2388,0.0000,0.0000,17.3737,179.9994,0.0001,179.9098
26.9672,searching,0.0000,0.2645,0.2407,0.0000,0.0000,17.3905,179.9986,-0.0018,179.9090
26.9765,searching,0.0000,0.2649,0.2418,0.0000,0.0000,17.4073,179.9998,0.0012,179.9074
26.9878,searching,0.0000,0.2647,0.2426,0.0000,0.0000,17.4242,179.9998,0.0012,179.9074
26.9965,searching,0.0000,0.2650,0.2436,0.0000,0.0000,17.4411,180.0000,0.0015,179.9079
27.0079,searching,0.0000,0.2648,0.2447,0.0000,0.0000,17.4580,179.9997,0.0009,179.9068
27.0168,searching,0.0000,0.2650,0.2463,0.0000,0.0000,17.4749,179.9997,0.0009,179.9068
27.0267,searching,0.0000,0.2661,0.2479,0.0000,0.0000,17.4918,179.9989,-0.0008,179.9087
27.0366,searching,0.0000,0.2682,0.2497,0.0000,0.0000,17.5088,179.9989,-0.0008,179.9087
27.0465,searching,0.0000,0.2707,0.2512,0.0000,0.0000,17.5259,179.9989,-0.0008,179.9088
27.0566,searching,0.0000,0.2739,0.2528,0.0000,0.0000,17.5429,179.9989,-0.0007,179.9083
27.0682,searching,0.0000,0.2779,0.2544,0.0000,0.0000,17.5600,179.9987,-0.0011,179.9080
27.0766,searching,0.0000,0.2814,0.2560,0.0000,0.0000,17.5771,179.9987,-0.0011,179.9080
27.0866,searching,0.0000,0.2839,0.2577,0.0000,0.0000,17.5943,179.9987,-0.0011,179.9080
27.0964,searching,0.0000,0.2859,0.2599,0.0000,0.0000,17.6115,179.9993,0.0002,179.9060
27.1066,searching,0.0000,0.2876,0.2620,0.0000,0.0000,17.6287,179.9993,0.0002,179.9060
27.1166,searching,0.0000,0.2880,0.2639,0.0000,0.0000,17.6460,179.9987,-0.0013,179.9068
27.1265,searching,0.0000,0.2880,0.2654,0.0000,0.0000,17.6633,180.0000,0.0018,179.9068
27.1366,searching,0.0000,0.2887,0.2669,0.0000,0.0000,17.6806,180.0000,0.0018,179.9068
27.1465,searching,0.0000,0.2901,0.2681,0.0000,0.0000,17.6980,179.9986,-0.0013,179.9092
27.1565,searching,0.0000,0.2916,0.2692,0.0000,0.0000,17.7154,179.9996,0.0009,179.9098
27.1665,searching,0.0000,0.2942,0.2706,0.0000,0.0000,17.7328,179.9996,0.0009,179.9098
27.1766,searching,0.0000,0.2971,0.2717,0.0000,0.0000,17.7502,179.9990,-0.0005,179.9107
27.1866,searching,0.0000,0.2992,0.2726,0.0000,0.0000,17.7677,179.9998,0.0013,179.9093
27.1969,searching,0.0000,0.3009,0.2733,0.0000,0.0000,17.7852,179.9998,0.0013,179.9093
27.2068,searching,0.0000,0.3015,0.2733,0.0000,0.0000,17.8026,-179.9991,0.0040,179.9091
27.2167,searching,0.0000,0.3006,0.2728,0.0000,0.0000,17.8201,179.9999,0.0015,179.9081
27.2266,searching,0.0000,0.2993,0.2720,0.0000,0.0000,17.8375,179.9999,0.0015,179.9081
27.2365,searching,0.0000,0.2982,0.2708,0.0000,0.0000,17.8549,179.9993,0.0003,179.9091
27.2465,searching,0.0000,0.2961,0.2691,0.0000,0.0000,17.8723,179.9999,0.0015,179.9094
27.2565,searching,0.0000,0.2943,0.2673,0.0000,0.0000,17.8897,179.9999,0.0015,179.9094
27.2667,searching,0.0000,0.2942,0.2659,0.0000,0.0000,17.9070,179.9986,-0.0014,179.9099
27.2765,searching,0.0000,0.2947,0.2650,0.0000,0.0000,17.9243,-179.9990,0.0041,179.9099
27.2866,searching,0.0000,0.2956,0.2645,0.0000,0.0000,17.9416,-179.9990,0.0041,179.9099
27.2965,searching,0.0000,0.2966,0.2637,0.0000,0.0000,17.9588,-179.9997,0.0024,179.9097
27.3067,searching,0.0000,0.2963,0.2623,0.0000,0.0000,17.9761,-179.9989,0.0044,179.9095
27.3172,searching,0.0000,0.2954,0.2608,0.0000,0.0000,17.9933,-179.9989,0.0044,179.9095
27.3272,searching,0.0000,0.2953,0.2597,0.0000,0.0000,18.0105,-179.9996,0.0027,179.9086
27.3365,searching,0.0000,0.2937,0.2579,0.0000,0.0000,18.0277,-179.9999,0.0020,179.9083
27.3469,searching,0.0000,0.2913,0.2560,0.0000,0.0000,18.0448,-179.9999,0.0020,179.9083
27.3582,searching,0.0000,0.2905,0.2545,0.0000,0.0000,18.0619,179.9986,-0.0015,179.9091
27.3669,searching,0.0000,0.2887,0.2520,0.0000,0.0000,18.0789,179.9996,0.0008,179.9096
27.3766,searching,0.0000,0.2856,0.2490,0.0000,0.0000,18.0959,179.9996,0.0008,179.9096
27.3865,searching,0.0000,0.2841,0.2467,0.0000,0.0000,18.1128,179.9986,-0.0018,179.9088
27.3966,searching,0.0000,0.2834,0.2440,0.0000,0.0000,18.1297,179.9991,-0.0006,179.9086
27.4073,searching,0.0000,0.2811,0.2411,0.0000,0.0000,18.1465,179.9991,-0.0006,179.9086
27.4167,searching,0.0000,0.2794,0.2388,0.0000,0.0000,18.1633,179.9989,-0.0011,179.9085
27.4264,searching,0.0000,0.2786,0.2362,0.0000,0.0000,18.1800,179.9985,-0.0020,179.9081
27.4365,searching,0.0000,0.2761,0.2330,0.0000,0.0000,18.1967,179.9985,-0.0020,179.9081
27.4466,searching,0.0000,0.2724,0.2294,0.0000,0.0000,18.2133,179.9993,-0.0002,179.9080
27.4566,searching,0.0000,0.2690,0.2254,0.0000,0.0000,18.2298,179.9993,-0.0002,179.9080
27.4666,searching,0.0000,0.2646,0.2208,0.0000,0.0000,18.2462,179.9993,-0.0002,179.9080
27.4766,searching,0.0000,0.2615,0.2175,0.0000,0.0000,18.2625,179.9996,0.0004,179.9077
27.4866,searching,0.0000,0.2599,0.2146,0.0000,0.0000,18.2788,-179.9998,0.0018,179.9072
27.4966,searching,0.0000,0.2575,0.2118,0.0000,0.0000,18.2951,-179.9998,0.0018,179.9072
27.5066,searching,0.0000,0.2558,0.2099,0.0000,0.0000,18.3113,179.9998,0.0007,179.9066
27.5166,searching,0.0000,0.2553,0.2080,0.0000,0.0000,18.3274,179.9987,-0.0019,179.9070
27.5267,searching,0.0000,0.2523,0.2049,0.0000,0.0000,18.3435,179.9987,-0.0019,179.9070
27.5366,searching,0.0000,0.2478,0.2015,0.0000,0.0000,18.3596,179.9995,-0.0001,179.9085
27.5464,searching,0.0000,0.2455,0.0000,0.0000,0.0000,18.3716,179.9994,-0.0004,179.9082
27.5566,searching,0.0000,0.2430,0.0000,0.0000,0.0000,18.3836,179.9994,-0.0004,179.9082
27.5667,searching,0.0000,0.2391,0.0000,0.0000,0.0000,18.3956,-179.9996,0.0019,179.9087
27.5765,searching,0.0000,0.2372,0.0000,0.0000,0.0000,18.4076,179.9994,-0.0006,179.9092
27.5865,searching,0.0000,0.2352,0.0000,0.0000,0.0000,18.4196,179.9994,-0.0006,179.9092
27.5966,searching,0.0000,0.2321,0.0000,0.0000,0.0000,18.4316,179.9994,-0.0007,179.9101
27.6064,searching,0.0000,0.2310,0.0000,0.0000,0.0000,18.4436,179.9990,-0.0016,179.9085
27.6167,searching,0.0000,0.2293,0.0000,0.0000,0.0000,18.4556,179.9990,-0.0016,179.9085
27.6266,searching,0.0000,0.2256,0.0000,0.0000,0.0000,18.4676,179.9990,-0.0016,179.9085
27.6365,searching,0.0000,0.2236,0.0000,0.0000,0.0000,18.4796,179.9987,-0.0025,179.9078
27.6466,searching,0.0000,0.2229,0.0000,0.0000,0.0000,18.4916,179.9987,-0.0025,179.9078
27.6566,searching,0.0000,0.2196,0.0000,0.0000,0.0000,18.5036,179.9993,-0.0010,179.9090
27.6665,searching,0.0000,0.2161,0.0000,0.0000,0.0000,18.5156,179.9994,-0.0010,179.9083
27.6766,searching,0.0000,0.2143,0.0000,0.0000,0.0000,18.5276,179.9994,-0.0010,179.9083
27.6865,searching,0.0000,0.2112,0.0000,0.0000,0.0000,18.5396,-179.9991,0.0023,179.9086
27.6965,searching,0.0000,0.2088,0.0000,0.0000,0.0000,18.5516,-179.9999,0.0005,179.9086
27.7065,searching,0.0000,0.2074,0.0000,0.0000,0.0000,18.5636,-179.9999,0.0005,179.9086
27.7165,searching,0.0000,0.2048,0.0000,0.0000,0.0000,18.5756,179.9989,-0.0023,179.9083
27.7264,searching,0.0000,0.2018,0.0000,0.0000,0.0000,18.5876,179.9987,-0.0031,179.9085
27.7369,searching,0.0000,0.2002,0.0000,0.0000,0.0000,18.5996,179.9987,-0.0031,179.9085
27.7468,searching,0.0000,0.0000,0.0000,0.0000,0.0000,18.6116,-179.9998,0.0004,179.9091
27.7567,searching,0.0000,0.0000,0.0000,0.0000,0.0000,18.6236,-179.9996,0.0008,179.9078
27.7668,searching,0.0000,0.0000,0.0000,0.0000,0.0000,18.6356,-179.9996,0.0008,179.9078
27.7771,searching,0.0000,0.0000,0.0000,0.0000,0.0000,18.6476,-179.9984,0.0034,179.9080
27.7867,searching,0.0000,0.0000,0.0000,0.0000,0.0000,18.6596,-179.9996,0.0004,179.9068
27.7966,searching,0.0000,0.0000,0.0000,0.0000,0.0000,18.6716,-179.9996,0.0004,179.9068
27.8069,searching,0.0000,0.0000,0.0000,0.0000,0.0000,18.6836,-179.9999,-0.0002,179.9076
27.8165,searching,0.0000,0.0000,0.0000,0.0000,0.0000,18.6956,179.9989,-0.0030,179.9076
27.8274,searching,0.0000,0.0000,0.0000,0.0000,0.0000,18.7076,179.9989,-0.0030,179.9076
27.8369,searching,0.0000,0.0000,0.0000,0.0000,0.0000,18.7196,179.9989,-0.0030,179.9076
27.8468,searching,0.0000,0.0000,0.0000,0.0000,0.0000,18.7316,179.9986,-0.0038,179.9087
27.8569,searching,0.0000,0.0000,0.0000,0.0000,0.0000,18.7436,179.9986,-0.0038,179.9087
27.8668,searching,0.0000,0.0000,0.0000,0.0000,0.0000,18.7556,179.9987,-0.0023,179.9089
27.8772,searching,0.0000,0.0000,0.0000,0.0000,0.0000,18.7676,-179.9999,0.0009,179.9101
27.8870,searching,0.0000,0.0000,0.0000,0.0000,0.0000,18.7796,-179.9999,0.0009,179.9101
27.8971,searching,0.0000,0.0000,0.0000,0.0000,0.0000,18.7916,179.9993,-0.0011,179.9089
27.9064,searching,0.0000,0.0000,0.0000,0.0000,0.0000,18.8036,-179.9996,0.0014,179.9093
27.9167,searching,0.0000,0.0000,0.0000,0.0000,0.0000,18.8156,-179.9996,0.0014,179.9093
27.9266,searching,0.0000,0.0000,0.0000,0.0000,0.0000,18.8276,179.9996,-0.0007,179.9093
27.9364,searching,0.0000,0.0000,0.0000,0.0000,0.0000,18.8396,180.0000,0.0001,179.9094
27.9465,searching,0.0000,0.0000,0.0000,0.0000,0.0000,18.8516,180.0000,0.0001,179.9094
27.9567,searching,0.0000,0.0000,0.0000,0.0000,0.0000,18.8636,-179.9993,0.0031,179.9088
27.9666,searching,0.0000,0.0000,0.0000,0.0000,0.0000,18.8756,179.9989,-0.0012,179.9095
27.9766,searching,0.0000,0.0000,0.0000,0.0000,0.0000,18.8876,179.9989,-0.0012,179.9095
27.9867,searching,0.0000,0.0000,0.0000,0.0000,0.0000,18.8996,179.9996,0.0004,179.9097
27.9965,searching,0.0000,0.0000,0.0000,0.0000,0.0000,18.9116,-179.9989,0.0038,179.9088
28.0066,searching,0.0000,0.0000,0.0000,0.0000,0.0000,18.9236,-179.9989,0.0038,179.9088
28.0166,searching,0.0000,0.0000,0.0000,0.0000,0.0000,18.9356,180.0000,0.0011,179.9085
28.0269,searching,0.0000,0.0000,0.0000,0.0000,0.0000,18.9476,-179.9998,0.0014,179.9099
28.0370,searching,0.0000,0.0000,0.0000,0.0000,0.0000,18.9596,-179.9998,0.0014,179.9099
28.0470,searching,0.0000,0.0000,0.0000,0.0000,0.0000,18.9716,179.9995,-0.0002,179.9096
28.0568,searching,0.0000,0.0000,0.0000,0.0000,0.0000,18.9836,179.9996,-0.0000,179.9097
28.0665,searching,0.0000,0.0000,0.0000,0.0000,0.0000,18.9956,179.9996,-0.0000,179.9097
28.0764,searching,0.0000,0.0000,0.0000,0.0000,0.0000,19.0076,-179.9989,0.0032,179.9085
28.0867,searching,0.0000,0.0000,0.0000,0.0000,0.0000,19.0196,-179.9986,0.0039,179.9093
28.0965,searching,0.0000,0.0000,0.0000,0.0000,0.0000,19.0316,-179.9986,0.0039,179.9093
28.1067,searching,0.0000,0.0000,0.0000,0.0000,0.0000,19.0436,-179.9998,0.0009,179.9103
28.1165,searching,0.0000,0.0000,0.0000,0.0000,0.0000,19.0556,179.9992,-0.0000,179.9096
28.1269,searching,0.0000,0.0000,0.0000,0.0000,0.0000,19.0676,179.9992,-0.0000,179.9096
28.1365,searching,0.0000,0.0000,0.0000,0.0000,0.0000,19.0796,179.9983,-0.0021,179.9089
28.1464,searching,0.0000,0.0000,0.0000,0.0000,0.0000,19.0916,179.9983,-0.0023,179.9082
28.1566,searching,0.0000,0.0000,0.0000,0.0000,0.0000,19.1036,179.9983,-0.0023,179.9082
28.1668,searching,0.0000,0.0000,0.0000,0.0000,0.0000,19.1156,179.9987,-0.0014,179.9087
28.1770,searching,0.0000,0.0000,0.0000,0.0000,0.0000,19.1276,179.9996,0.0006,179.9076
28.1868,searching,0.0000,0.0000,0.0000,0.0000,0.0000,19.1396,179.9996,0.0006,179.9076
28.1968,searching,0.0000,0.0000,0.0000,0.0000,0.0000,19.1516,-179.9998,0.0019,179.9093
28.2067,searching,0.0000,0.0000,0.0000,0.0000,0.0000,19.1636,-179.9998,0.0019,179.9093
28.2170,searching,0.0000,0.0000,0.0000,0.0000,0.0000,19.1756,-179.9998,0.0019,179.9093
28.2265,searching,0.0000,0.0000,0.0000,0.0000,0.0000,19.1876,-179.9999,0.0016,179.9100
28.2365,searching,0.0000,0.0000,0.0000,0.0000,0.0000,19.1996,179.9992,-0.0006,179.9091
28.2466,searching,0.0000,0.0000,0.0000,0.0000,0.0000,19.2116,179.9992,-0.0006,179.9091
28.2568,searching,0.0000,0.0000,0.0000,0.0000,0.0000,19.2236,179.9989,-0.0014,179.9091
28.2665,searching,0.0000,0.0000,0.0000,0.0000,0.0000,19.2356,179.9990,-0.0013,179.9085
28.2766,searching,0.0000,0.0000,0.0000,0.0000,0.0000,19.2476,179.9990,-0.0013,179.9085
28.2865,searching,0.0000,0.0000,0.0000,0.0000,0.0000,19.2596,179.9993,-0.0006,179.9090
28.2965,searching,0.0000,0.0000,0.0000,0.0000,0.0000,19.2716,179.9994,-0.0005,179.9083
28.3066,searching,0.0000,0.0000,0.0000,0.0000,0.0000,19.2836,179.9994,-0.0005,179.9083
28.3166,searching,0.0000,0.0000,0.0000,0.0000,0.0000,19.2956,179.9991,-0.0011,179.9082
28.3265,searching,0.0000,0.0000,0.0000,0.0000,0.0000,19.3076,179.9995,-0.0003,179.9081
28.3367,searching,0.0000,0.0000,0.0000,0.0000,0.0000,19.3196,179.9995,-0.0003,179.9081
28.3466,searching,0.0000,0.0000,0.0000,0.0000,0.0000,19.3316,179.9997,-0.0000,179.9086
28.3564,searching,0.0000,0.0000,0.0000,0.0000,0.0000,19.3436,179.9992,-0.0012,179.9084
28.3667,searching,0.0000,0.0000,0.0000,0.0000,0.0000,19.3556,179.9992,-0.0012,179.9084
28.3772,searching,0.0000,0.0000,0.0000,0.0000,0.0000,19.3676,179.9987,-0.0010,179.9093
28.3865,searching,0.0000,0.0000,0.0000,0.0000,0.0000,19.3796,179.9992,0.0001,179.9085
28.3967,searching,0.0000,0.0000,0.0000,0.0000,0.0000,19.3916,179.9992,0.0001,179.9085
28.4066,searching,0.0000,0.0000,0.0000,0.0000,0.0000,19.4036,179.9995,0.0007,179.9088
28.4173,searching,0.0000,0.0000,0.0000,0.0000,0.0000,19.4156,179.9997,0.0012,179.9085
28.4268,searching,0.0000,0.0000,0.0000,0.0000,0.0000,19.4276,179.9997,0.0012,179.9085
28.4365,searching,0.0000,0.0000,0.0000,0.0000,0.0000,19.4396,179.9997,0.0012,179.9085
28.4473,searching,0.0000,0.0000,0.0000,0.0000,0.0000,19.4516,179.9990,-0.0006,179.9076
28.4572,searching,0.0000,0.0000,0.0000,0.0000,0.0000,19.4636,179.9990,-0.0006,179.9076
28.4665,searching,0.0000,0.0000,0.0000,0.0000,0.0000,19.4756,179.9992,-0.0002,179.9081
28.4765,searching,0.0000,0.0000,0.0000,0.0000,0.0000,19.4876,-179.9998,0.0021,179.9089
28.4866,searching,0.0000,0.0000,0.0000,0.0000,0.0000,19.4996,-179.9998,0.0021,179.9089
28.4973,searching,0.0000,0.0000,0.0000,0.0000,0.0000,19.5116,-179.9994,0.0029,179.9094
28.5066,searching,0.0000,0.0000,0.0000,0.0000,0.0000,19.5236,179.9996,0.0006,179.9105
28.5168,searching,0.0000,0.0000,0.0000,0.0000,0.0000,19.5356,179.9996,0.0006,179.9105
28.5272,searching,0.0000,0.0000,0.0000,0.0000,0.0000,19.5476,179.9996,0.0006,179.9104
28.5368,searching,0.0000,0.0000,0.0000,0.0000,0.0000,19.5596,179.9990,-0.0008,179.9100
28.5473,searching,0.0000,0.0000,0.0000,0.0000,0.0000,19.5716,179.9990,-0.0008,179.9100
28.5576,searching,0.0000,0.0000,0.0000,0.0000,0.0000,19.5836,180.0000,0.0015,179.9080
28.5678,searching,0.0000,0.0000,0.0000,0.0000,0.0000,19.5956,180.0000,0.0015,179.9080
28.5771,searching,0.0000,0.0000,0.0000,0.0000,0.0000,19.6076,-179.9996,0.0024,179.9079
28.5880,searching,0.0000,0.0000,0.0000,0.0000,0.0000,19.6196,-179.9990,0.0035,179.9087
28.5973,searching,0.0000,0.0000,0.0000,0.0000,0.0000,19.6316,-179.9990,0.0035,179.9087
28.6072,searching,0.0000,0.0000,0.0000,0.0000,0.0000,19.6436,-179.9998,0.0018,179.9095
28.6168,searching,0.0000,0.0000,0.0000,0.0000,0.0000,19.6556,179.9993,-0.0002,179.9095
28.6271,searching,0.0000,0.0000,0.0000,0.0000,0.0000,19.6676,179.9986,-0.0018,179.9102
28.6376,searching,0.0000,0.0000,0.0000,0.0000,0.0000,19.6796,179.9986,-0.0018,179.9102
28.6471,searching,0.0000,0.0000,0.0000,0.0000,0.0000,19.6916,179.9997,0.0006,179.9091
28.6569,searching,0.0000,0.0000,0.0000,0.0000,0.0000,19.7036,179.9996,0.0004,179.9093
28.6671,searching,0.0000,0.0000,0.0000,0.0000,0.0000,19.7156,179.9996,0.0004,179.9093
28.6768,searching,0.0000,0.0000,0.0000,0.0000,0.0000,19.7276,-179.9994,0.0025,179.9083
28.6867,searching,0.0000,0.0000,0.0000,0.0000,0.0000,19.7396,179.9995,0.0001,179.9087
28.6972,searching,0.0000,0.0000,0.0000,0.0000,0.0000,19.7516,179.9995,0.0001,179.9087
28.7069,searching,0.0000,0.0000,0.0000,0.0000,0.0000,19.7636,179.9997,0.0006,179.9086
28.7167,searching,0.0000,0.0000,0.0000,0.0000,0.0000,19.7756,179.9990,0.0003,179.9100
28.7271,searching,0.0000,0.0000,0.0000,0.0000,0.0000,19.7876,179.9990,0.0003,179.9100
28.7371,searching,0.0000,0.0000,0.0000,0.0000,0.0000,19.7996,179.9986,-0.0005,179.9088
28.7473,searching,0.0000,0.0000,0.0000,0.0000,0.0000,19.8116,179.9991,0.0006,179.9092
28.7572,searching,0.0000,0.0000,0.0000,0.0000,0.0000,19.8236,179.9991,0.0006,179.9092
28.7678,searching,0.0000,0.0000,0.0000,0.0000,0.0000,19.8356,179.9997,0.0020,179.9081
28.7768,searching,0.0000,0.0000,0.0000,0.0000,0.0000,19.8476,179.9993,0.0010,179.9077
28.7871,searching,0.0000,0.0000,0.0000,0.0000,0.0000,19.8596,179.9993,0.0010,179.9077
28.7974,searching,0.0000,0.0000,0.0000,0.0000,0.0000,19.8716,179.9993,0.0010,179.9077
28.8069,searching,0.0000,0.0000,0.0000,0.0000,0.0000,19.8836,179.9993,0.0012,179.9073
28.8177,searching,0.0000,0.0000,0.0000,0.0000,0.0000,19.8956,179.9993,0.0012,179.9073
28.8268,searching,0.0000,0.0000,0.0000,0.0000,0.0000,19.9076,-179.9997,0.0032,179.9073
28.8365,searching,0.0000,0.0000,0.0000,0.0000,0.0000,19.9196,179.9991,0.0007,179.9069
28.8474,searching,0.0000,0.0000,0.0000,0.0000,0.0000,19.9316,179.9991,0.0007,179.9069
28.8571,searching,0.0000,0.0000,0.0000,0.0000,0.0000,19.9436,179.9986,-0.0004,179.9065
28.8675,searching,0.0000,0.0000,0.0000,0.0000,0.0000,19.9556,179.9986,-0.0004,179.9065
28.8768,searching,0.0000,0.0000,0.0000,0.0000,0.0000,19.9676,179.9991,0.0007,179.9065
28.8867,searching,0.0000,0.0000,0.0000,0.0000,0.0000,19.9796,179.9990,0.0005,179.9067
28.8982,searching,0.0000,0.0000,0.0000,0.0000,0.0000,19.9916,-179.9997,0.0034,179.9070
28.9066,searching,0.0000,0.0000,0.0000,0.0000,0.0000,20.0036,-179.9997,0.0034,179.9070
28.9165,searching,0.0000,0.0000,0.0000,0.0000,0.0000,20.0156,179.9995,0.0016,179.9069
28.9268,searching,0.0000,0.0000,0.0000,0.0000,0.0000,20.0276,-179.9999,0.0030,179.9076
28.9365,searching,0.0000,0.0000,0.0000,0.0000,0.0000,20.0396,-179.9999,0.0030,179.9076
28.9471,searching,0.0000,0.0000,0.0000,0.0000,0.0000,20.0516,179.9992,0.0011,179.9076
28.9568,searching,0.0000,0.0000,0.0000,0.0000,0.0000,20.0636,179.9992,0.0011,179.9076
28.9665,searching,0.0000,0.0000,0.0000,0.0000,0.0000,20.0756,179.9992,0.0012,179.9077
28.9766,searching,0.0000,0.0000,0.0000,0.0000,0.0000,20.0876,-179.9999,0.0033,179.9079
28.9867,searching,0.0000,0.0000,0.0000,0.0000,0.0000,20.0996,-179.9999,0.0033,179.9079
28.9965,searching,0.0000,0.2008,0.0000,0.0000,0.0000,20.1116,-179.9999,0.0033,179.9079
29.0066,searching,0.0000,0.2041,0.0000,0.0000,0.0000,20.1236,180.0000,0.0031,179.9072
29.0165,searching,0.0000,0.2067,0.2024,0.0000,0.0000,20.1396,-179.9990,0.0053,179.9078
29.0273,searching,0.0000,0.2084,0.2056,0.0000,0.0000,20.1557,-179.9990,0.0053,179.9078
29.0374,searching,0.0000,0.2121,0.2094,0.0000,0.0000,20.1719,179.9995,0.0021,179.9086
29.0466,searching,0.0000,0.2158,0.2127,0.0000,0.0000,20.1882,179.9987,0.0004,179.9089
29.0572,searching,0.0000,0.2177,0.2154,0.0000,0.0000,20.2045,179.9987,0.0004,179.9089
29.0665,searching,0.0000,0.2211,0.2186,0.0000,0.0000,20.2208,-179.9992,0.0051,179.9093
29.0771,searching,0.0000,0.2239,0.2212,0.0000,0.0000,20.2373,-179.9999,0.0035,179.9101
29.0869,searching,0.0000,0.2255,0.2240,0.0000,0.0000,20.2537,-179.9999,0.0035,179.9101
29.0966,searching,0.0000,0.2293,0.2278,0.0000,0.0000,20.2703,179.9999,0.0032,179.9089
29.1073,searching,0.0000,0.2325,0.2305,0.0000,0.0000,20.2869,179.9999,0.0032,179.9089
29.1165,searching,0.0000,0.2331,0.2327,0.0000,0.0000,20.3036,179.9999,0.0032,179.9089
29.1267,searching,0.0000,0.2349,0.2355,0.0000,0.0000,20.3203,179.9980,-0.0008,179.9086
29.1368,searching,0.0000,0.2383,0.2380,0.0000,0.0000,20.3370,179.9996,0.0027,179.9083
29.1468,searching,0.0000,0.2390,0.2398,0.0000,0.0000,20.3538,179.9996,0.0027,179.9083
29.1566,searching,0.0000,0.2404,0.2421,0.0000,0.0000,20.3707,179.9997,0.0030,179.9082
29.1670,searching,0.0000,0.2435,0.2441,0.0000,0.0000,20.3876,179.9997,0.0030,179.9082
29.1772,searching,0.0000,0.2446,0.2457,0.0000,0.0000,20.4045,179.9997,0.0030,179.9082
29.1870,searching,0.0000,0.2460,0.2476,0.0000,0.0000,20.4214,179.9999,0.0035,179.9091
29.1965,searching,0.0000,0.2483,0.2489,0.0000,0.0000,20.4384,-179.9993,0.0053,179.9082
29.2065,searching,0.0000,0.2480,0.2492,0.0000,0.0000,20.4554,-179.9993,0.0053,179.9082
29.2165,searching,0.0000,0.2476,0.2500,0.0000,0.0000,20.4724,179.9988,0.0013,179.9085
29.2267,searching,0.0000,0.2496,0.2510,0.0000,0.0000,20.4894,-179.9995,0.0038,179.9077
29.2387,searching,0.0000,0.2496,0.2510,0.0000,0.0000,20.5064,-179.9995,0.0038,179.9077
29.2465,searching,0.0000,0.2477,0.2507,0.0000,0.0000,20.5234,-179.9994,0.0041,179.9096
29.2565,searching,0.0000,0.2479,0.2506,0.0000,0.0000,20.5404,179.9994,0.0014,179.9099
29.2676,searching,0.0000,0.2478,0.2500,0.0000,0.0000,20.5574,179.9994,0.0014,179.9099
29.2768,searching,0.0000,0.2468,0.2499,0.0000,0.0000,20.5744,179.9997,0.0024,179.9108
29.2872,searching,0.0000,0.2477,0.2499,0.0000,0.0000,20.5914,179.9988,0.0003,179.9106
29.2969,searching,0.0000,0.2486,0.2497,0.0000,0.0000,20.6084,179.9988,0.0003,179.9106
29.3066,searching,0.0000,0.2482,0.2493,0.0000,0.0000,20.6254,179.9981,-0.0010,179.9108
29.3165,searching,0.0000,0.2491,0.2493,0.0000,0.0000,20.6424,-179.9988,0.0059,179.9100
29.3265,searching,0.0000,0.2491,0.2481,0.0000,0.0000,20.6594,-179.9988,0.0059,179.9100
29.3372,searching,0.0000,0.2471,0.2469,0.0000,0.0000,20.6763,-179.9989,0.0058,179.9099
29.3475,searching,0.0000,0.2481,0.2473,0.0000,0.0000,20.6933,-179.9989,0.0058,179.9099
29.3566,searching,0.0000,0.2507,0.2481,0.0000,0.0000,20.7102,-179.9999,0.0025,179.9088
29.3668,searching,0.0000,0.2508,0.2488,0.0000,0.0000,20.7272,-179.9999,0.0025,179.9088
29.3767,searching,0.0000,0.2524,0.2504,0.0000,0.0000,20.7442,179.9975,-0.0034,179.9084
29.3884,searching,0.0000,0.2549,0.2513,0.0000,0.0000,20.7612,179.9975,-0.0034,179.9084
29.3966,searching,0.0000,0.2548,0.2516,0.0000,0.0000,20.7783,179.9998,0.0019,179.9089
29.4065,searching,0.0000,0.2558,0.2528,0.0000,0.0000,20.7953,-179.9994,0.0037,179.9080
29.4166,searching,0.0000,0.2587,0.2536,0.0000,0.0000,20.8124,-179.9994,0.0037,179.9080
29.4265,searching,0.0000,0.2598,0.2539,0.0000,0.0000,20.8295,180.0000,0.0024,179.9089
29.4374,searching,0.0000,0.2603,0.2547,0.0000,0.0000,20.8466,180.0000,0.0025,179.9085
29.4485,searching,0.0000,0.2627,0.2560,0.0000,0.0000,20.8637,180.0000,0.0025,179.9085
29.4569,searching,0.0000,0.2642,0.2574,0.0000,0.0000,20.8808,-179.9991,0.0032,179.9085
29.4669,searching,0.0000,0.2654,0.2594,0.0000,0.0000,20.8980,179.9998,0.0011,179.9072
29.4770,searching,0.0000,0.2684,0.2613,0.0000,0.0000,20.9152,179.9998,0.0011,179.9072
29.4874,searching,0.0000,0.2695,0.2623,0.0000,0.0000,20.9325,179.9996,0.0007,179.9079
29.4971,searching,0.0000,0.2704,0.2639,0.0000,0.0000,20.9498,180.0000,0.0016,179.9079
29.5070,searching,0.0000,0.2734,0.2659,0.0000,0.0000,20.9671,180.0000,0.0016,179.9079
29.5170,searching,0.0000,0.2751,0.2672,0.0000,0.0000,20.9844,179.9999,0.0015,179.9098
29.5267,searching,0.0000,0.2748,0.2686,0.0000,0.0000,21.0018,-179.9998,0.0023,179.9086
29.5367,searching,0.0000,0.2771,0.2711,0.0000,0.0000,21.0192,-179.9998,0.0023,179.9086
29.5468,searching,0.0000,0.2807,0.2739,0.0000,0.0000,21.0367,-179.9998,0.0023,179.9086
29.5564,searching,0.0000,0.2827,0.2766,0.0000,0.0000,21.0542,179.9999,0.0017,179.9089
29.5665,searching,0.0000,0.2850,0.2790,0.0000,0.0000,21.0718,179.9999,0.0017,179.9089
29.5768,searching,0.0000,0.2873,0.2811,0.0000,0.0000,21.0894,179.9995,0.0009,179.9080
29.5867,searching,0.0000,0.2890,0.2836,0.0000,0.0000,21.1071,179.9990,-0.0000,179.9087
29.5968,searching,0.0000,0.2929,0.2870,0.0000,0.0000,21.1248,179.9990,-0.0000,179.9087
29.6065,searching,0.0000,0.2966,0.2899,0.0000,0.0000,21.1426,179.9991,0.0002,179.9077
29.6167,searching,0.0000,0.2978,0.2923,0.0000,0.0000,21.1605,179.9997,0.0004,179.9070
29.6266,searching,0.0000,0.3011,0.2957,0.0000,0.0000,21.1784,179.9997,0.0004,179.9070
29.6365,searching,0.0000,0.3042,0.2989,0.0000,0.0000,21.1964,179.9996,0.0002,179.9075
29.6464,searching,0.0000,0.3045,0.3001,0.0000,0.0000,21.2144,-179.9999,0.0016,179.9089
29.6568,searching,0.0000,0.3043,0.3012,0.0000,0.0000,21.2324,-179.9999,0.0016,179.9089
29.6664,searching,0.0000,0.3041,0.3022,0.0000,0.0000,21.2504,-179.9998,0.0018,179.9083
29.6767,searching,0.0000,0.3047,0.3027,0.0000,0.0000,21.2685,-179.9993,0.0029,179.9094
29.6868,searching,0.0000,0.3051,0.3034,0.0000,0.0000,21.2866,-179.9993,0.0029,179.9094
29.6969,searching,0.0000,0.3071,0.3040,0.0000,0.0000,21.3046,-179.9997,0.0022,179.9098
29.7066,searching,0.0000,0.3090,0.3046,0.0000,0.0000,21.3227,-179.9998,0.0020,179.9099
29.7165,searching,0.0000,0.3095,0.3046,0.0000,0.0000,21.3408,-179.9998,0.0020,179.9099
29.7269,searching,0.0000,0.3096,0.3052,0.0000,0.0000,21.3589,-179.9997,0.0023,179.9082
29.7370,searching,0.0000,0.3102,0.3052,0.0000,0.0000,21.3770,-179.9998,0.0023,179.9087
29.7468,searching,0.0000,0.3107,0.3051,0.0000,0.0000,21.3951,-179.9998,0.0023,179.9087
29.7569,searching,0.0000,0.3109,0.3049,0.0000,0.0000,21.4132,179.9998,0.0013,179.9083
29.7667,searching,0.0000,0.3111,0.3046,0.0000,0.0000,21.4313,179.9999,0.0018,179.9092
29.7785,searching,0.0000,0.3108,0.3040,0.0000,0.0000,21.4494,179.9999,0.0018,179.9092
29.7868,searching,0.0000,0.3109,0.3043,0.0000,0.0000,21.4675,179.9993,0.0004,179.9086
29.7967,searching,0.0000,0.3110,0.3046,0.0000,0.0000,21.4856,179.9994,0.0009,179.9086
29.8068,searching,0.0000,0.3116,0.3046,0.0000,0.0000,21.5037,179.9994,0.0009,179.9086
29.8168,searching,0.0000,0.3121,0.3049,0.0000,0.0000,21.5218,-179.9996,0.0018,179.9103
29.8280,searching,0.0000,0.3137,0.3053,0.0000,0.0000,21.5399,180.0000,0.0010,179.9109
29.8369,searching,0.0000,0.3156,0.3055,0.0000,0.0000,21.5580,180.0000,0.0010,179.9109
29.8470,searching,0.0000,0.3163,0.3054,0.0000,0.0000,21.5761,-179.9999,0.0013,179.9078
29.8568,searching,0.0000,0.3166,0.3047,0.0000,0.0000,21.5942,179.9998,0.0006,179.9084
29.8673,searching,0.0000,0.3154,0.3037,0.0000,0.0000,21.6123,179.9998,0.0006,179.9084
29.8769,searching,0.0000,0.3144,0.3027,0.0000,0.0000,21.6303,180.0000,0.0013,179.9078
29.8868,searching,0.0000,0.3133,0.3018,0.0000,0.0000,21.6484,-179.9999,0.0015,179.9077
29.8980,searching,0.0000,0.3123,0.3005,0.0000,0.0000,21.6664,-179.9999,0.0015,179.9077
29.9072,searching,0.0000,0.3102,0.2992,0.0000,0.0000,21.6844,-179.9995,0.0024,179.9081
29.9168,searching,0.0000,0.3102,0.2982,0.0000,0.0000,21.7023,-179.9990,0.0038,179.9103
29.9269,searching,0.0000,0.3102,0.2974,0.0000,0.0000,21.7203,-179.9990,0.0038,179.9103
29.9366,searching,0.0000,0.3090,0.2959,0.0000,0.0000,21.7382,-179.9990,0.0038,179.9103
29.9473,searching,0.0000,0.3084,0.2949,0.0000,0.0000,21.7561,-179.9987,0.0043,179.9107
29.9567,searching,0.0000,0.3090,0.2942,0.0000,0.0000,21.7740,-179.9987,0.0043,179.9107
29.9666,searching,0.0000,0.3091,0.2935,0.0000,0.0000,21.7918,-179.9995,0.0026,179.9097
29.9765,searching,0.0000,0.3084,0.2928,0.0000,0.0000,21.8097,180.0000,0.0016,179.9086
29.9871,searching,0.0000,0.3086,0.2925,0.0000,0.0000,21.8275,180.0000,0.0016,179.9086
29.9967,searching,0.0000,0.3086,0.2920,0.0000,0.0000,21.8454,179.9996,0.0007,179.9096
30.0067,searching,0.0000,0.3076,0.2913,0.0000,0.0000,21.8632,179.9996,0.0008,179.9097
30.0167,searching,0.0000,0.3067,0.2906,0.0000,0.0000,21.8810,179.9996,0.0008,179.9097
30.0267,searching,0.0000,0.3057,0.2895,0.0000,0.0000,21.8988,179.9996,0.0008,179.9096
30.0365,searching,0.0000,0.3055,0.2888,0.0000,0.0000,21.9166,180.0000,0.0018,179.9086
30.0466,searching,0.0000,0.3054,0.2882,0.0000,0.0000,21.9343,180.0000,0.0018,179.9086
30.0566,searching,0.0000,0.3059,0.2876,0.0000,0.0000,21.9521,179.9999,0.0017,179.9090
30.0671,searching,0.0000,0.3059,0.2867,0.0000,0.0000,21.9698,179.9994,0.0006,179.9093
30.0767,searching,0.0000,0.3063,0.2860,0.0000,0.0000,21.9876,179.9994,0.0006,179.9093
30.0866,searching,0.0000,0.3066,0.2849,0.0000,0.0000,22.0053,179.9991,-0.0001,179.9092
30.0965,searching,0.0000,0.3062,0.2835,0.0000,0.0000,22.0229,179.9991,-0.0000,179.9083
30.1071,searching,0.0000,0.3056,0.2821,0.0000,0.0000,22.0406,179.9991,-0.0000,179.9083
30.1169,searching,0.0000,0.3050,0.2810,0.0000,0.0000,22.0582,179.9987,-0.0008,179.9080
30.1265,searching,0.0000,0.3039,0.2796,0.0000,0.0000,22.0758,179.9992,0.0004,179.9075
30.1365,searching,0.0000,0.3025,0.2780,0.0000,0.0000,22.0933,179.9992,0.0004,179.9075
30.1466,searching,0.0000,0.3009,0.2759,0.0000,0.0000,22.1109,179.9988,-0.0007,179.9078
30.1564,searching,0.0000,0.2993,0.2737,0.0000,0.0000,22.1283,-179.9999,0.0010,179.9073
30.1665,searching,0.0000,0.2985,0.2720,0.0000,0.0000,22.1458,-179.9999,0.0010,179.9073
30.1766,searching,0.0000,0.2987,0.2709,0.0000,0.0000,22.1632,179.9986,-0.0024,179.9077
30.1866,searching,0.0000,0.2991,0.2699,0.0000,0.0000,22.1806,179.9987,-0.0022,179.9073
30.1965,searching,0.0000,0.2994,0.2689,0.0000,0.0000,22.1980,179.9987,-0.0022,179.9073
30.2067,searching,0.0000,0.2993,0.2674,0.0000,0.0000,22.2153,179.9992,-0.0008,179.9077
30.2164,searching,0.0000,0.2991,0.2660,0.0000,0.0000,22.2326,179.9996,-0.0000,179.9069
30.2268,searching,0.0000,0.2980,0.2645,0.0000,0.0000,22.2499,179.9996,-0.0000,179.9069
30.2366,searching,0.0000,0.2969,0.2633,0.0000,0.0000,22.2672,179.9992,-0.0008,179.9078
30.2465,searching,0.0000,0.2965,0.2624,0.0000,0.0000,22.2844,-179.9998,0.0015,179.9071
30.2566,searching,0.0000,0.2960,0.2615,0.0000,0.0000,22.3017,-179.9998,0.0015,179.9071
30.2666,searching,0.0000,0.2950,0.2601,0.0000,0.0000,22.3189,179.9993,-0.0005,179.9082
30.2765,searching,0.0000,0.2944,0.2589,0.0000,0.0000,22.3360,-179.9993,0.0026,179.9099
30.2866,searching,0.0000,0.2937,0.2576,0.0000,0.0000,22.3532,-179.9993,0.0026,179.9099
30.2966,searching,0.0000,0.2934,0.2568,0.0000,0.0000,22.3703,-179.9993,0.0027,179.9105
30.3065,searching,0.0000,0.2946,0.2568,0.0000,0.0000,22.3875,-179.9993,0.0027,179.9105
30.3166,searching,0.0000,0.2964,0.2571,0.0000,0.0000,22.4046,-179.9993,0.0027,179.9105
30.3266,searching,0.0000,0.2981,0.2579,0.0000,0.0000,22.4218,180.0000,0.0011,179.9098
30.3372,searching,0.0000,0.3004,0.2593,0.0000,0.0000,22.4390,-179.9999,0.0012,179.9103
30.3466,searching,0.0000,0.3027,0.2604,0.0000,0.0000,22.4562,-179.9999,0.0012,179.9103
30.3565,searching,0.0000,0.3037,0.2612,0.0000,0.0000,22.4734,-179.9995,0.0021,179.9090
30.3665,searching,0.0000,0.3047,0.2622,0.0000,0.0000,22.4906,179.9989,-0.0015,179.9088
30.3767,searching,0.0000,0.3064,0.2631,0.0000,0.0000,22.5079,179.9989,-0.0015,179.9088
30.3865,searching,0.0000,0.3075,0.2643,0.0000,0.0000,22.5252,-179.9992,0.0028,179.9086
30.3964,searching,0.0000,0.3088,0.2659,0.0000,0.0000,22.5425,179.9993,-0.0008,179.9102
30.4066,searching,0.0000,0.3107,0.2673,0.0000,0.0000,22.5598,179.9993,-0.0008,179.9102
30.4171,searching,0.0000,0.3119,0.2685,0.0000,0.0000,22.5772,-179.9995,0.0021,179.9096
30.4267,searching,0.0000,0.3136,0.2702,0.0000,0.0000,22.5946,179.9995,-0.0002,179.9100
30.4367,searching,0.0000,0.3169,0.2725,0.0000,0.0000,22.6121,179.9995,-0.0002,179.9100
30.4466,searching,0.0000,0.3197,0.2745,0.0000,0.0000,22.6296,180.0000,0.0010,179.9097
30.4567,searching,0.0000,0.3214,0.2765,0.0000,0.0000,22.6471,179.9993,-0.0008,179.9099
30.4667,searching,0.0000,0.3239,0.2786,0.0000,0.0000,22.6647,179.9993,-0.0008,179.9099
30.4765,searching,0.0000,0.3258,0.2804,0.0000,0.0000,22.6823,-179.9999,0.0012,179.9091
30.4864,searching,0.0000,0.3265,0.2819,0.0000,0.0000,22.6999,179.9986,-0.0025,179.9088
30.4965,searching,0.0000,0.3286,0.2840,0.0000,0.0000,22.7176,179.9986,-0.0025,179.9088
30.5068,searching,0.0000,0.3309,0.2861,0.0000,0.0000,22.7353,179.9993,-0.0008,179.9087
30.5165,searching,0.0000,0.3328,0.2884,0.0000,0.0000,22.7531,179.9993,-0.0008,179.9088
30.5266,searching,0.0000,0.3351,0.2909,0.0000,0.0000,22.7709,179.9993,-0.0008,179.9088
30.5370,searching,0.0000,0.3386,0.2937,0.0000,0.0000,22.7888,179.9997,-0.0000,179.9089
30.5465,searching,0.0000,0.3411,0.2959,0.0000,0.0000,22.8067,179.9997,-0.0000,179.9089
30.5566,searching,0.0000,0.3421,0.2975,0.0000,0.0000,22.8246,179.9997,-0.0000,179.9089
30.5665,searching,0.0000,0.3437,0.2995,0.0000,0.0000,22.8426,-179.9991,0.0027,179.9094
30.5767,searching,0.0000,0.3473,0.3023,0.0000,0.0000,22.8607,-179.9998,0.0012,179.9088
30.5867,searching,0.0000,0.3513,0.3054,0.0000,0.0000,22.8788,-179.9998,0.0012,179.9088
30.5966,searching,0.0000,0.3529,0.3073,0.0000,0.0000,22.8969,-179.9996,0.0016,179.9082
30.6065,searching,0.0000,0.3525,0.3081,0.0000,0.0000,22.9151,179.9998,0.0001,179.9074
30.6170,searching,0.0000,0.3530,0.3091,0.0000,0.0000,22.9333,179.9998,0.0001,179.9074
30.6267,searching,0.0000,0.3532,0.3096,0.0000,0.0000,22.9515,-179.9969,0.0076,179.9071
30.6367,searching,0.0000,0.3522,0.3095,0.0000,0.0000,22.9697,-179.9990,0.0027,179.9049
30.6467,searching,0.0000,0.3518,0.3096,0.0000,0.0000,22.9878,-179.9990,0.0027,179.9049
30.6572,searching,0.0000,0.3525,0.3098,0.0000,0.0000,23.0060,-179.9998,0.0008,179.9039
30.6664,searching,0.0000,0.3529,0.3102,0.0000,0.0000,23.0242,179.9994,-0.0012,179.9023
30.6765,searching,0.0000,0.3531,0.3105,0.0000,0.0000,23.0425,179.9994,-0.0012,179.9023
30.6865,searching,0.0000,0.3537,0.3105,0.0000,0.0000,23.0607,179.9986,-0.0031,179.9026
30.6970,searching,0.0000,0.3533,0.3098,0.0000,0.0000,23.0789,179.9998,-0.0003,179.9033
30.7065,searching,0.0000,0.3525,0.3090,0.0000,0.0000,23.0970,179.9998,-0.0003,179.9033
30.7168,searching,0.0000,0.3514,0.3076,0.0000,0.0000,23.1152,-179.9986,0.0035,179.9028
30.7264,searching,0.0000,0.3490,0.3057,0.0000,0.0000,23.1333,-179.9991,0.0021,179.9041
30.7368,searching,0.0000,0.3466,0.3043,0.0000,0.0000,23.1514,-179.9991,0.0021,179.9041
30.7465,searching,0.0000,0.3453,0.3035,0.0000,0.0000,23.1695,-179.9998,0.0004,179.9047
30.7564,searching,0.0000,0.3446,0.3034,0.0000,0.0000,23.1875,179.9990,-0.0026,179.9044
30.7667,searching,0.0000,0.3440,0.3034,0.0000,0.0000,23.2056,179.9990,-0.0026,179.9044
30.7765,searching,0.0000,0.3438,0.3031,0.0000,0.0000,23.2237,179.9999,-0.0004,179.9065
30.7865,searching,0.0000,0.3431,0.3024,0.0000,0.0000,23.2417,179.9997,-0.0011,179.9062
30.7968,searching,0.0000,0.3416,0.3011,0.0000,0.0000,23.2597,179.9997,-0.0011,179.9062
30.8071,searching,0.0000,0.3401,0.2995,0.0000,0.0000,23.2777,-179.9988,0.0024,179.9068
30.8167,searching,0.0000,0.3377,0.2975,0.0000,0.0000,23.2957,-179.9992,0.0013,179.9069
30.8268,searching,0.0000,0.3355,0.2959,0.0000,0.0000,23.3136,-179.9992,0.0013,179.9069
30.8365,searching,0.0000,0.3337,0.2944,0.0000,0.0000,23.3315,-179.9989,0.0020,179.9087
30.8481,searching,0.0000,0.3315,0.2931,0.0000,0.0000,23.3493,179.9992,-0.0026,179.9087
30.8566,searching,0.0000,0.3301,0.2928,0.0000,0.0000,23.3672,179.9992,-0.0026,179.9087
30.8665,searching,0.0000,0.3306,0.2926,0.0000,0.0000,23.3850,179.9992,-0.0026,179.9087
30.8765,searching,0.0000,0.3289,0.2913,0.0000,0.0000,23.4029,179.9999,-0.0010,179.9095
30.8871,searching,0.0000,0.3263,0.2900,0.0000,0.0000,23.4207,179.9999,-0.0010,179.9095
30.8967,searching,0.0000,0.3264,0.2898,0.0000,0.0000,23.4385,179.9990,-0.0017,179.9097
30.9065,searching,0.0000,0.3266,0.2891,0.0000,0.0000,23.4562,-179.9998,0.0009,179.9088
30.9166,searching,0.0000,0.3247,0.2879,0.0000,0.0000,23.4740,-179.9998,0.0009,179.9088
30.9268,searching,0.0000,0.3236,0.2869,0.0000,0.0000,23.4917,-179.9991,0.0024,179.9070
30.9366,searching,0.0000,0.3229,0.2855,0.0000,0.0000,23.5095,179.9998,-0.0001,179.9073
30.9465,searching,0.0000,0.3207,0.2842,0.0000,0.0000,23.5271,179.9998,-0.0001,179.9073
30.9566,searching,0.0000,0.3195,0.2837,0.0000,0.0000,23.5448,179.9990,-0.0022,179.9065
30.9674,searching,0.0000,0.3190,0.2830,0.0000,0.0000,23.5625,179.9988,-0.0026,179.9075
30.9768,searching,0.0000,0.3174,0.2823,0.0000,0.0000,23.5801,179.9988,-0.0026,179.9075
30.9870,searching,0.0000,0.3163,0.2822,0.0000,0.0000,23.5978,179.9993,-0.0016,179.9086
30.9968,searching,0.0000,0.3161,0.2819,0.0000,0.0000,23.6154,179.9999,0.0012,179.9099
31.0067,searching,0.0000,0.3149,0.2816,0.0000,0.0000,23.6330,179.9999,0.0012,179.9099
31.0166,searching,0.0000,0.3145,0.2820,0.0000,0.0000,23.6507,-179.9995,0.0024,179.9085
31.0265,searching,0.0000,0.3154,0.2825,0.0000,0.0000,23.6683,-179.9992,0.0030,179.9092
31.0365,searching,0.0000,0.3140,0.2819,0.0000,0.0000,23.6860,-179.9992,0.0030,179.9092
31.0470,searching,0.0000,0.3128,0.2815,0.0000,0.0000,23.7036,179.9993,-0.0005,179.9086
31.0564,searching,0.0000,0.3127,0.2807,0.0000,0.0000,23.7212,179.9996,-0.0000,179.9090
31.0668,searching,0.0000,0.3108,0.2793,0.0000,0.0000,23.7388,179.9996,-0.0000,179.9090
31.0765,searching,0.0000,0.3090,0.2786,0.0000,0.0000,23.7564,179.9994,-0.0006,179.9084
31.0871,searching,0.0000,0.3096,0.2785,0.0000,0.0000,23.7739,179.9994,-0.0006,179.9084
31.0965,searching,0.0000,0.3091,0.2783,0.0000,0.0000,23.7915,179.9992,-0.0010,179.9088
31.1065,searching,0.0000,0.3083,0.2789,0.0000,0.0000,23.8091,179.9996,-0.0002,179.9087
31.1165,searching,0.0000,0.3100,0.2803,0.0000,0.0000,23.8267,179.9996,-0.0002,179.9087
31.1266,searching,0.0000,0.3108,0.2811,0.0000,0.0000,23.8443,179.9996,-0.0002,179.9087
31.1369,searching,0.0000,0.3091,0.2816,0.0000,0.0000,23.8619,-179.9998,0.0024,179.9102
31.1465,searching,0.0000,0.3095,0.2827,0.0000,0.0000,23.8796,-179.9998,0.0023,179.9065
31.1570,searching,0.0000,0.3116,0.2842,0.0000,0.0000,23.8973,-179.9998,0.0023,179.9065
31.1671,searching,0.0000,0.3110,0.2845,0.0000,0.0000,23.9150,-179.9998,0.0022,179.9090
31.1764,searching,0.0000,0.3104,0.2850,0.0000,0.0000,23.9327,179.9997,0.0011,179.9087
31.1877,searching,0.0000,0.3117,0.2855,0.0000,0.0000,23.9504,179.9997,0.0011,179.9087
31.1978,searching,0.0000,0.3117,0.2858,0.0000,0.0000,23.9681,-179.9992,0.0033,179.9102
31.2067,searching,0.0000,0.3113,0.2867,0.0000,0.0000,23.9858,179.9994,-0.0000,179.9081
31.2168,searching,0.0000,0.3121,0.2883,0.0000,0.0000,24.0036,179.9994,-0.0000,179.9081
31.2276,searching,0.0000,0.3128,0.2899,0.0000,0.0000,24.0214,179.9989,-0.0012,179.9083
31.2365,searching,0.0000,0.3130,0.2916,0.0000,0.0000,24.0392,179.9991,-0.0009,179.9079
